family,seed,policy,day,leverage,lcr,equity,violation,action
liquidity_drain,30000,none,0,2.3976827525097297,1.322314049586777,100.09664529170279,0.0,0.0
liquidity_drain,30000,none,1,2.381525987339715,1.322314049586777,100.77572164899705,0.0,0.0
liquidity_drain,30000,none,2,2.4627762052720055,1.322314049586777,97.45099838395296,0.0,0.0
liquidity_drain,30000,none,3,2.5138198424616682,1.322314049586777,95.47223549837965,0.0,0.0
liquidity_drain,30000,none,4,2.4786684920329196,1.322314049586777,96.8261793666325,0.0,0.0
liquidity_drain,30000,none,5,2.4597018595202464,1.322314049586777,97.57280097629837,0.0,0.0
liquidity_drain,30000,none,6,2.4079632112040033,1.322314049586777,99.66929680790174,0.0,0.0
liquidity_drain,30000,none,7,2.4096565078441596,1.322314049586777,99.59925791029863,0.0,0.0
liquidity_drain,30000,none,8,2.390573568008129,1.322314049586777,100.39431674967132,0.0,0.0
liquidity_drain,30000,none,9,2.3568180675526578,1.322314049586777,101.83221323028056,0.0,0.0
liquidity_drain,30000,none,10,2.369749422669279,1.322314049586777,101.27653063405528,0.0,0.0
liquidity_drain,30000,none,11,2.318540870105715,1.322314049586777,103.51337908011821,0.0,0.0
liquidity_drain,30000,none,12,2.3195916218124415,1.322314049586777,103.46648855908224,0.0,0.0
liquidity_drain,30000,none,13,2.3113478006979307,1.322314049586777,103.83551965979764,0.0,0.0
liquidity_drain,30000,none,14,2.27765866322639,1.322314049586777,105.37136396901144,0.0,0.0
liquidity_drain,30000,none,15,2.2984486994817908,1.322314049586777,104.41825395281197,0.0,0.0
liquidity_drain,30000,none,16,2.2455285817716213,1.322314049586777,106.87906711508022,0.0,0.0
liquidity_drain,30000,none,17,2.2529004933572447,1.322314049586777,106.52933882683604,0.0,0.0
liquidity_drain,30000,none,18,2.2066988281591557,1.322314049586777,108.75974416509287,0.0,0.0
liquidity_drain,30000,none,19,2.2255523268220503,1.322314049586777,107.83839908302897,0.0,0.0
liquidity_drain,30000,none,20,2.22555201236019,1.322314049586777,107.83841432017616,0.0,0.0
liquidity_drain,30000,none,21,2.1929682708481586,1.322314049586777,109.44070791647931,0.0,0.0
liquidity_drain,30000,none,22,2.197855627331936,1.322314049586777,109.19734536492076,0.0,0.0
liquidity_drain,30000,none,23,2.17614489527662,1.322314049586777,110.28677388207299,0.0,0.0
liquidity_drain,30000,none,24,2.183098786643768,1.322314049586777,109.9354740464901,0.0,0.0
liquidity_drain,30000,none,25,2.130813709673222,1.322314049586777,112.63302789468443,0.0,0.0
liquidity_drain,30000,none,26,2.1126130437789845,1.322314049586777,113.60338832836824,0.0,0.0
liquidity_drain,30000,none,27,2.100140828602616,1.322314049586777,114.2780506580077,0.0,0.0
liquidity_drain,30000,none,28,2.0853585989628804,1.322314049586777,115.08811967369073,0.0,0.0
liquidity_drain,30000,none,29,2.1146289522047113,1.322314049586777,113.4950884644685,0.0,0.0
liquidity_drain,30000,none,30,2.12473438137872,0.8554054054054053,112.95529554346754,0.14459459459459467,0.0
liquidity_drain,30000,none,31,2.0462254440370082,0.8459459459459459,117.28912896640696,0.15405405405405415,0.0
liquidity_drain,30000,none,32,2.149434869768411,0.8364864864864864,111.6572562284051,0.16351351351351362,0.0
liquidity_drain,30000,none,33,2.1235219223498123,0.8270270270270269,113.01978918796596,0.1729729729729731,0.0
liquidity_drain,30000,none,34,2.1670835928069243,0.8175675675675673,110.7479198294972,0.18243243243243268,0.0
liquidity_drain,30000,none,35,2.15053257170013,0.8081081081081078,111.60026272481196,0.19189189189189215,0.0
liquidity_drain,30000,none,36,2.1145109746495745,0.7986486486486484,113.50142083787189,0.20135135135135163,0.0
liquidity_drain,30000,none,37,2.0942552792219553,0.7891891891891889,114.59920974350524,0.2108108108108111,0.0
liquidity_drain,30000,none,38,2.087507616137887,0.7797297297297294,114.96964041933688,0.22027027027027057,0.0
liquidity_drain,30000,none,39,2.076062542853483,0.7702702702702698,115.60345367540205,0.22972972972973016,0.0
liquidity_drain,30000,none,40,2.0706064536466395,0.7608108108108104,115.90807107614536,0.23918918918918963,0.0
liquidity_drain,30000,none,41,2.105292229889017,0.7513513513513509,113.99842577324854,0.2486486486486491,0.0
liquidity_drain,30000,none,42,2.110409884899715,0.7418918918918914,113.72198439612815,0.2581081081081086,0.0
liquidity_drain,30000,none,43,2.083760224021789,0.732432432432432,115.1763994884137,0.26756756756756805,0.0
liquidity_drain,30000,none,44,2.1159374975563288,0.7229729729729724,113.42490044113929,0.27702702702702764,0.0
liquidity_drain,30000,none,45,2.148244505995556,0.7135135135135129,111.71912663115475,0.2864864864864871,0.0
liquidity_drain,30000,none,46,2.1646611197567966,0.7040540540540534,110.87185786704775,0.2959459459459466,0.0
liquidity_drain,30000,none,47,2.1416004884055755,0.6945945945945939,112.06571967990179,0.30540540540540606,0.0
liquidity_drain,30000,none,48,2.118463116425268,0.6851351351351344,113.28967596328995,0.31486486486486565,0.0
liquidity_drain,30000,none,49,2.115918695973621,0.6756756756756749,113.4259083095658,0.3243243243243251,0.0
liquidity_drain,30000,none,50,2.0906228585501125,0.6662162162162154,114.79832386719653,0.3337837837837846,0.0
liquidity_drain,30000,none,51,2.0827881038406435,0.6567567567567559,115.23015690239542,0.34324324324324407,0.0
liquidity_drain,30000,none,52,2.0538205863378973,0.6472972972972965,116.8553872701882,0.35270270270270354,0.0
liquidity_drain,30000,none,53,2.0650796163031493,0.6378378378378369,116.21827948195123,0.3621621621621631,0.0
liquidity_drain,30000,none,54,2.083218505948886,0.6283783783783774,115.20634984503573,0.3716216216216226,0.0
liquidity_drain,30000,none,55,2.0948771861243114,0.6189189189189179,114.565188637153,0.3810810810810821,0.0
liquidity_drain,30000,none,56,2.159146190992281,0.6094594594594585,111.15504869529144,0.39054054054054155,0.0
liquidity_drain,30000,none,57,2.1608612553000506,0.599999999999999,111.06682551290149,0.400000000000001,0.0
liquidity_drain,30000,none,58,2.1767746495720686,0.5905405405405394,110.25486724001564,0.4094594594594606,0.0
liquidity_drain,30000,none,59,2.228280046107253,0.5810810810810799,107.7063901457421,0.4189189189189201,0.0
liquidity_drain,30000,none,60,2.3120440009872025,0.888429752066114,103.80425281591708,0.11157024793388604,0.0
liquidity_drain,30000,none,61,2.343863668602951,0.888429752066114,102.39503398380285,0.11157024793388604,0.0
liquidity_drain,30000,none,62,2.3240747925706584,0.888429752066114,103.26690034555044,0.11157024793388604,0.0
liquidity_drain,30000,none,63,2.344130652314781,0.888429752066114,102.38337174722105,0.11157024793388604,0.0
liquidity_drain,30000,none,64,2.306950551394316,0.888429752066114,104.03343923212594,0.11157024793388604,0.0
liquidity_drain,30000,none,65,2.3242099879841702,0.888429752066114,103.26089348241567,0.11157024793388604,0.0
liquidity_drain,30000,none,66,2.332952563787458,0.888429752066114,102.87393053992031,0.11157024793388604,0.0
liquidity_drain,30000,none,67,2.3677609219147198,0.888429752066114,101.36158502266393,0.11157024793388604,0.0
liquidity_drain,30000,none,68,2.355973951090147,0.888429752066114,101.86869845863454,0.11157024793388604,0.0
liquidity_drain,30000,none,69,2.2928380837925517,0.888429752066114,104.6737672827814,0.11157024793388604,0.0
liquidity_drain,30000,none,70,2.3429102652876965,0.888429752066114,102.43670171914557,0.11157024793388604,0.0
liquidity_drain,30000,none,71,2.382970687802896,0.888429752066114,100.71462533233279,0.11157024793388604,0.0
liquidity_drain,30000,none,72,2.4402418474741676,0.888429752066114,98.35090741043471,0.11157024793388604,0.0
liquidity_drain,30000,none,73,2.373679717828505,0.888429752066114,101.10883881990503,0.11157024793388604,0.0
liquidity_drain,30000,none,74,2.3784919981058583,0.888429752066114,100.90427051725504,0.11157024793388604,0.0
liquidity_drain,30000,none,75,2.3540870319183584,0.888429752066114,101.9503513446666,0.11157024793388604,0.0
liquidity_drain,30000,none,76,2.4022357760961657,0.888429752066114,99.90692936478538,0.11157024793388604,0.0
liquidity_drain,30000,none,77,2.4682490567162563,0.888429752066114,97.23492017426092,0.11157024793388604,0.0
liquidity_drain,30000,none,78,2.5389129586800707,0.888429752066114,94.52864430798412,0.11157024793388604,0.0
liquidity_drain,30000,none,79,2.626595378951881,0.888429752066114,91.37303823924712,0.11157024793388604,0.0
liquidity_drain,30000,none,80,2.633577625493353,0.888429752066114,91.13078637848784,0.11157024793388604,0.0
liquidity_drain,30000,none,81,2.5882853840973925,0.888429752066114,92.72547821603324,0.11157024793388604,0.0
liquidity_drain,30000,none,82,2.5584269250512928,0.888429752066114,93.80764314587111,0.11157024793388604,0.0
liquidity_drain,30000,none,83,2.619480022470081,0.888429752066114,91.6212370169894,0.11157024793388604,0.0
liquidity_drain,30000,none,84,2.6477651814304526,0.888429752066114,90.64247905486098,0.11157024793388604,0.0
liquidity_drain,30000,none,85,2.6415967826452667,0.888429752066114,90.85413851831943,0.11157024793388604,0.0
liquidity_drain,30000,none,86,2.6416871631673993,0.888429752066114,90.85103010919677,0.11157024793388604,0.0
liquidity_drain,30000,none,87,2.613686186610753,0.888429752066114,91.82433653644371,0.11157024793388604,0.0
liquidity_drain,30000,none,88,2.731256294268805,0.888429752066114,87.87165104337134,0.11157024793388604,0.0
liquidity_drain,30000,none,89,2.856435895216036,0.888429752066114,84.02078982481366,0.11157024793388604,0.0
liquidity_drain,30000,none,90,2.83610388725538,0.888429752066114,84.62313425064917,0.11157024793388604,0.0
liquidity_drain,30000,none,91,2.8564603489168947,0.888429752066114,84.02007053625043,0.11157024793388604,0.0
liquidity_drain,30000,none,92,2.829228877829004,0.888429752066114,84.82876796597769,0.11157024793388604,0.0
liquidity_drain,30000,none,93,2.8872203578886295,0.888429752066114,83.12493341364063,0.11157024793388604,0.0
liquidity_drain,30000,none,94,2.8440856550832865,0.888429752066114,84.38564414227244,0.11157024793388604,0.0
liquidity_drain,30000,none,95,2.8881772401246892,0.888429752066114,83.09739328519834,0.11157024793388604,0.0
liquidity_drain,30000,none,96,2.8422874437067014,0.888429752066114,84.43903185492377,0.11157024793388604,0.0
liquidity_drain,30000,none,97,2.674957062289921,0.888429752066114,89.72106632416218,0.11157024793388604,0.0
liquidity_drain,30000,none,98,2.709903501785467,0.888429752066114,88.56403921463323,0.11157024793388604,0.0
liquidity_drain,30000,none,99,2.7114143136481004,0.888429752066114,88.5146909463237,0.11157024793388604,0.0
liquidity_drain,30000,none,100,2.7256285277485865,0.888429752066114,88.05308484140497,0.11157024793388604,0.0
liquidity_drain,30000,none,101,2.717843096522335,0.888429752066114,88.30531840012999,0.11157024793388604,0.0
liquidity_drain,30000,none,102,2.7748507433772795,0.888429752066114,86.49113851359633,0.11157024793388604,0.0
liquidity_drain,30000,none,103,2.722798095772775,0.888429752066114,88.14461871873905,0.11157024793388604,0.0
liquidity_drain,30000,none,104,2.81064629586555,0.888429752066114,85.38961318364359,0.11157024793388604,0.0
liquidity_drain,30000,none,105,2.770275987599758,0.888429752066114,86.63396754485191,0.11157024793388604,0.0
liquidity_drain,30000,none,106,2.850672874791598,0.888429752066114,84.19064920507425,0.11157024793388604,0.0
liquidity_drain,30000,none,107,2.9388843786735523,0.888429752066114,81.66364139453576,0.11157024793388604,0.0
liquidity_drain,30000,none,108,3.02537381495849,0.888429752066114,79.32903987380249,0.13694406289237615,0.0
liquidity_drain,30000,none,109,3.031084271967921,0.888429752066114,79.1795867305863,0.142654519901807,0.0
liquidity_drain,30000,none,110,3.190488197090385,0.888429752066114,75.2235975105226,0.30205844502427115,0.0
liquidity_drain,30000,none,111,3.1713685004253915,0.888429752066114,75.67710909905537,0.28293874835927757,0.0
liquidity_drain,30000,none,112,3.2297688470899484,0.888429752066114,74.30872342961702,0.3413390950238344,0.0
liquidity_drain,30000,none,113,3.1716344181709677,0.888429752066114,75.67076414134901,0.28320466610485373,0.0
liquidity_drain,30000,none,114,3.0638992112337537,0.888429752066114,78.3315584011519,0.17546945916763979,0.0
liquidity_drain,30000,none,115,3.229562695620986,0.888429752066114,74.31346675059744,0.3411329435548722,0.0
liquidity_drain,30000,none,116,3.245957306083661,0.888429752066114,73.9381259113253,0.3575275540175469,0.0
liquidity_drain,30000,none,117,3.30604706493192,0.888429752066114,72.59424783928242,0.41761731286580583,0.0
liquidity_drain,30000,none,118,3.3611863756892744,0.888429752066114,71.4033597588838,0.4727566236231604,0.0
liquidity_drain,30000,none,119,3.458696558666953,0.888429752066114,69.39030236653676,0.570266806600839,0.0
liquidity_drain,30000,proportional,0,2.3976827525097297,1.322314049586777,100.09664529170279,0.0,0.0
liquidity_drain,30000,proportional,1,2.381525987339715,1.322314049586777,100.77572164899705,0.0,0.0
liquidity_drain,30000,proportional,2,2.4627762052720055,1.322314049586777,97.45099838395296,0.0,0.0
liquidity_drain,30000,proportional,3,2.5138198424616682,1.322314049586777,95.47223549837965,0.0,0.0
liquidity_drain,30000,proportional,4,2.4786684920329196,1.322314049586777,96.8261793666325,0.0,0.0
liquidity_drain,30000,proportional,5,2.4597018595202464,1.322314049586777,97.57280097629837,0.0,0.0
liquidity_drain,30000,proportional,6,2.4079632112040033,1.322314049586777,99.66929680790174,0.0,0.0
liquidity_drain,30000,proportional,7,2.4096565078441596,1.322314049586777,99.59925791029863,0.0,0.0
liquidity_drain,30000,proportional,8,2.390573568008129,1.322314049586777,100.39431674967132,0.0,0.0
liquidity_drain,30000,proportional,9,2.3568180675526578,1.322314049586777,101.83221323028056,0.0,0.0
liquidity_drain,30000,proportional,10,2.369749422669279,1.322314049586777,101.27653063405528,0.0,0.0
liquidity_drain,30000,proportional,11,2.318540870105715,1.322314049586777,103.51337908011821,0.0,0.0
liquidity_drain,30000,proportional,12,2.3195916218124415,1.322314049586777,103.46648855908224,0.0,0.0
liquidity_drain,30000,proportional,13,2.3113478006979307,1.322314049586777,103.83551965979764,0.0,0.0
liquidity_drain,30000,proportional,14,2.27765866322639,1.322314049586777,105.37136396901144,0.0,0.0
liquidity_drain,30000,proportional,15,2.2984486994817908,1.322314049586777,104.41825395281197,0.0,0.0
liquidity_drain,30000,proportional,16,2.2455285817716213,1.322314049586777,106.87906711508022,0.0,0.0
liquidity_drain,30000,proportional,17,2.2529004933572447,1.322314049586777,106.52933882683604,0.0,0.0
liquidity_drain,30000,proportional,18,2.2066988281591557,1.322314049586777,108.75974416509287,0.0,0.0
liquidity_drain,30000,proportional,19,2.2255523268220503,1.322314049586777,107.83839908302897,0.0,0.0
liquidity_drain,30000,proportional,20,2.22555201236019,1.322314049586777,107.83841432017616,0.0,0.0
liquidity_drain,30000,proportional,21,2.1929682708481586,1.322314049586777,109.44070791647931,0.0,0.0
liquidity_drain,30000,proportional,22,2.197855627331936,1.322314049586777,109.19734536492076,0.0,0.0
liquidity_drain,30000,proportional,23,2.17614489527662,1.322314049586777,110.28677388207299,0.0,0.0
liquidity_drain,30000,proportional,24,2.183098786643768,1.322314049586777,109.9354740464901,0.0,0.0
liquidity_drain,30000,proportional,25,2.130813709673222,1.322314049586777,112.63302789468443,0.0,0.0
liquidity_drain,30000,proportional,26,2.1126130437789845,1.322314049586777,113.60338832836824,0.0,0.0
liquidity_drain,30000,proportional,27,2.100140828602616,1.322314049586777,114.2780506580077,0.0,0.0
liquidity_drain,30000,proportional,28,2.0853585989628804,1.322314049586777,115.08811967369073,0.0,0.0
liquidity_drain,30000,proportional,29,2.1146289522047113,1.322314049586777,113.4950884644685,0.0,0.0
liquidity_drain,30000,proportional,30,2.12473438137872,0.8554054054054053,112.81837554346755,0.14459459459459467,34.22999999999999
liquidity_drain,30000,proportional,31,1.7657493137896472,1.1232735232457758,116.53409597446023,0.0,0.0
liquidity_drain,30000,proportional,32,1.8420763252164924,1.1124830435318775,111.70546908571589,0.0,0.0
liquidity_drain,30000,proportional,33,1.8230115010396315,1.1016925638179795,112.87367078191937,0.0,0.0
liquidity_drain,30000,proportional,34,1.8550233606845437,1.0909020841040813,110.92582679070223,0.0,0.0
liquidity_drain,30000,proportional,35,1.8428824817467806,1.080111604390183,111.65660428057271,0.0,0.0
liquidity_drain,30000,proportional,36,1.8163664753730022,1.069321124676285,113.28660971775747,0.0,0.0
liquidity_drain,30000,proportional,37,1.8013999420248292,1.0585306449623868,114.22782648072487,0.0,0.0
liquidity_drain,30000,proportional,38,1.7964052333961569,1.0477401652484886,114.54542448141603,0.0,0.0
liquidity_drain,30000,proportional,39,1.7879231364411057,1.0369496855345903,115.0888401218349,0.0,0.0
liquidity_drain,30000,proportional,40,1.7838749852314801,1.0261592058206923,115.3500114657972,0.0,0.0
liquidity_drain,30000,proportional,41,1.809559943049943,1.015368726106794,113.71272932422603,0.0,0.0
liquidity_drain,30000,proportional,42,1.8133395262356586,1.0045782463928958,113.47571539851744,0.0,0.0
liquidity_drain,30000,proportional,43,1.7936294194289992,0.9937877666789977,114.68154053826575,0.006212233321002292,10.288500000000013
liquidity_drain,30000,proportional,44,1.726030767546019,1.076086781568493,113.2549336173917,0.0,0.0
liquidity_drain,30000,proportional,45,1.747467962406561,1.0648197925586358,111.86557018807298,0.0,0.0
liquidity_drain,30000,proportional,46,1.7583151184193537,1.0535528035487787,111.17546448427805,0.0,0.0
liquidity_drain,30000,proportional,47,1.7430691802682912,1.0422858145389218,112.147872392484,0.0,0.0
liquidity_drain,30000,proportional,48,1.7277109780571531,1.0310188255290647,113.14479243503044,0.0,0.0
liquidity_drain,30000,proportional,49,1.7260182567046738,1.0197518365192075,113.25575453252428,0.0,0.0
liquidity_drain,30000,proportional,50,1.7091488556042778,1.0084848475093506,114.37359558181174,0.0,0.0
liquidity_drain,30000,proportional,51,1.70390886062403,0.9972178584994935,114.68622998793771,0.0027821415005064853,9.77407500000001
liquidity_drain,30000,proportional,52,1.601702043327999,1.0783877233250627,115.94380226558188,0.0,0.0
liquidity_drain,30000,proportional,53,1.6085414062047536,1.0666273618585926,115.45082040391132,0.0,0.0
liquidity_drain,30000,proportional,54,1.6195253695283112,1.0548670003921226,114.66780854077481,0.0,0.0
liquidity_drain,30000,proportional,55,1.6265628076605365,1.0431066389256525,114.17169022025068,0.0,0.0
liquidity_drain,30000,proportional,56,1.665044815588295,1.0313462774591824,111.53298893903084,0.0,0.0
liquidity_drain,30000,proportional,57,1.6660645550601205,1.0195859159927123,111.4647235222519,0.0,0.0
liquidity_drain,30000,proportional,58,1.6755086636544982,1.0078255545262422,110.8364456886474,0.0,0.0
liquidity_drain,30000,proportional,59,1.705858700701703,0.9960651930597721,108.82734120844314,0.003934806940227853,9.285371249999997
liquidity_drain,30000,proportional,60,1.6650043957371938,1.6237875203630063,105.95891170118368,0.0,0.0
liquidity_drain,30000,proportional,61,1.6814429919716298,1.6237875203630063,104.92300636558048,0.0,0.0
liquidity_drain,30000,proportional,62,1.6712345787647351,1.6237875203630063,105.56390825780986,0.0,0.0
liquidity_drain,30000,proportional,63,1.6815803868001562,1.6237875203630063,104.91443355004265,0.0,0.0
liquidity_drain,30000,proportional,64,1.662361266325435,1.6237875203630063,106.12738477718023,0.0,0.0
liquidity_drain,30000,proportional,65,1.6713044871847882,1.6237875203630063,105.55949266143139,0.0,0.0
liquidity_drain,30000,proportional,66,1.6758203545239188,1.6237875203630063,105.27503934043067,0.0,0.0
liquidity_drain,30000,proportional,67,1.6937060270841204,1.6237875203630063,104.16332641487243,0.0,0.0
liquidity_drain,30000,proportional,68,1.6876662837561054,1.6237875203630063,104.53610138928141,0.0,0.0
liquidity_drain,30000,proportional,69,1.6550208588579625,1.6237875203630063,106.59808473455676,0.0,0.0
liquidity_drain,30000,proportional,70,1.680952280526365,1.6237875203630063,104.95363597993162,0.0,0.0
liquidity_drain,30000,proportional,71,1.7014743886296937,1.6237875203630063,103.68775159294874,0.0,0.0
liquidity_drain,30000,proportional,72,1.7304728267238427,1.6237875203630063,101.95020171683649,0.0,0.0
liquidity_drain,30000,proportional,73,1.6967324163502793,1.6237875203630063,103.97753473083809,0.0,0.0
liquidity_drain,30000,proportional,74,1.699189853182428,1.6237875203630063,103.82715823048116,0.0,0.0
liquidity_drain,30000,proportional,75,1.6866978182542554,1.6237875203630063,104.59612376364969,0.0,0.0
liquidity_drain,30000,proportional,76,1.711273382466499,1.6237875203630063,103.09402083711412,0.0,0.0
liquidity_drain,30000,proportional,77,1.744510214149826,1.6237875203630063,101.12984854948411,0.0,0.0
liquidity_drain,30000,proportional,78,1.7795157044233354,1.6237875203630063,99.14048710638988,0.0,0.0
liquidity_drain,30000,proportional,79,1.8221498391222724,1.6237875203630063,96.82082667525428,0.0,0.0
liquidity_drain,30000,proportional,80,1.825507397435145,1.6237875203630063,96.64274929692131,0.0,0.0
liquidity_drain,30000,proportional,81,1.803629954179015,1.6237875203630063,97.81499433474681,0.0,0.0
liquidity_drain,30000,proportional,82,1.7890800735013932,1.6237875203630063,98.6104849989894,0.0,0.0
liquidity_drain,30000,proportional,83,1.818722643001498,1.6237875203630063,97.00327558403565,0.0,0.0
liquidity_drain,30000,proportional,84,1.8323129791234989,1.6237875203630063,96.2837985431904,0.0,0.0
liquidity_drain,30000,proportional,85,1.8293568422667765,1.6237875203630063,96.43938769835275,0.0,0.0
liquidity_drain,30000,proportional,86,1.8294001867751435,1.6237875203630063,96.43710273201394,0.0,0.0
liquidity_drain,30000,proportional,87,1.8159277660186968,1.6237875203630063,97.15257239377635,0.0,0.0
liquidity_drain,30000,proportional,88,1.8719119037123884,1.6237875203630063,94.24698534162778,0.0,0.0
liquidity_drain,30000,proportional,89,1.9298763257963614,1.6237875203630063,91.41624848794372,0.0,0.0
liquidity_drain,30000,proportional,90,1.9205739438954348,1.6237875203630063,91.85902699073858,0.0,0.0
liquidity_drain,30000,proportional,91,1.9298874880884416,1.6237875203630063,91.41571974475387,0.0,0.0
liquidity_drain,30000,proportional,92,1.917418713515876,1.6237875203630063,92.01018666731566,0.0,0.0
liquidity_drain,30000,proportional,93,1.9438794834712037,1.6237875203630063,90.75771170492602,0.0,0.0
liquidity_drain,30000,proportional,94,1.9242309232303343,1.6237875203630063,91.6844499379672,0.0,0.0
liquidity_drain,30000,proportional,95,1.9443131843247525,1.6237875203630063,90.73746717984132,0.0,0.0
liquidity_drain,30000,proportional,96,1.9234076223210794,1.6237875203630063,91.72369481259621,0.0,0.0
liquidity_drain,30000,proportional,97,1.8452939803094173,1.6237875203630063,95.60647551693509,0.0,0.0
liquidity_drain,30000,proportional,98,1.8618571793866363,1.6237875203630063,94.75595427148707,0.0,0.0
liquidity_drain,30000,proportional,99,1.8625702289140378,1.6237875203630063,94.71967875963635,0.0,0.0
liquidity_drain,30000,proportional,100,1.8692666726175609,1.6237875203630063,94.3803558552476,0.0,0.0
liquidity_drain,30000,proportional,101,1.8656016066521663,1.6237875203630063,94.56577069880984,0.0,0.0
liquidity_drain,30000,proportional,102,1.8922870878825235,1.6237875203630063,93.23218177608396,0.0,0.0
liquidity_drain,30000,proportional,103,1.8679349810927957,1.6237875203630063,94.44764166619335,0.0,0.0
liquidity_drain,30000,proportional,104,1.9088656028135642,1.6237875203630063,92.42245943871768,0.0,0.0
liquidity_drain,30000,proportional,105,1.8901585053218801,1.6237875203630063,93.33717423870577,0.0,0.0
liquidity_drain,30000,proportional,106,1.927243970736936,1.6237875203630063,91.54111074091988,0.0,0.0
liquidity_drain,30000,proportional,107,1.9671622882573345,1.6237875203630063,89.683527791847,0.0,0.0
liquidity_drain,30000,proportional,108,2.005539456232763,1.6237875203630063,87.96738114611517,0.0,0.0
liquidity_drain,30000,proportional,109,2.00804729123009,1.6237875203630063,87.85751935250853,0.0,0.0
liquidity_drain,30000,proportional,110,2.0767873377312007,1.6237875203630063,84.94950375743979,0.0,0.0
liquidity_drain,30000,proportional,111,2.068669129102239,1.6237875203630063,85.2828764484747,0.0,0.0
liquidity_drain,30000,proportional,112,2.093359759626701,1.6237875203630063,84.27698723962311,0.0,0.0
liquidity_drain,30000,proportional,113,2.0687822709609396,1.6237875203630063,85.2782123215184,0.0,0.0
liquidity_drain,30000,proportional,114,2.0223968795636496,1.6237875203630063,87.23414060452104,0.0,0.0
liquidity_drain,30000,proportional,115,2.0932731550091717,1.6237875203630063,84.28047401641045,0.0,0.0
liquidity_drain,30000,proportional,116,2.1001484363467715,1.6237875203630063,84.00456400924112,0.0,0.0
liquidity_drain,30000,proportional,117,2.1251395768722166,1.6237875203630063,83.01669013649364,0.0,0.0
liquidity_drain,30000,proportional,118,2.1477880320188203,1.6237875203630063,82.14127796595064,0.0,0.0
liquidity_drain,30000,proportional,119,2.187190455582612,1.6237875203630063,80.66149580147362,0.0,0.0
liquidity_drain,30000,vol_target,0,2.3976827525097297,1.322314049586777,100.09664529170279,0.0,0.0
liquidity_drain,30000,vol_target,1,2.381525987339715,1.322314049586777,100.77572164899705,0.0,0.0
liquidity_drain,30000,vol_target,2,2.4627762052720055,1.322314049586777,97.45099838395296,0.0,0.0
liquidity_drain,30000,vol_target,3,2.5138198424616682,1.322314049586777,95.47223549837965,0.0,0.0
liquidity_drain,30000,vol_target,4,2.4786684920329196,1.322314049586777,96.8261793666325,0.0,0.0
liquidity_drain,30000,vol_target,5,2.4597018595202464,1.322314049586777,97.57280097629837,0.0,0.0
liquidity_drain,30000,vol_target,6,2.4079632112040033,1.322314049586777,99.66929680790174,0.0,0.0
liquidity_drain,30000,vol_target,7,2.4096565078441596,1.322314049586777,99.59925791029863,0.0,0.0
liquidity_drain,30000,vol_target,8,2.390573568008129,1.322314049586777,100.39431674967132,0.0,0.0
liquidity_drain,30000,vol_target,9,2.3568180675526578,1.322314049586777,101.83221323028056,0.0,0.0
liquidity_drain,30000,vol_target,10,2.369749422669279,1.322314049586777,101.27653063405528,0.0,0.0
liquidity_drain,30000,vol_target,11,2.318540870105715,1.322314049586777,103.51337908011821,0.0,0.0
liquidity_drain,30000,vol_target,12,2.3195916218124415,1.322314049586777,103.46648855908224,0.0,0.0
liquidity_drain,30000,vol_target,13,2.3113478006979307,1.322314049586777,103.83551965979764,0.0,0.0
liquidity_drain,30000,vol_target,14,2.27765866322639,1.322314049586777,105.37136396901144,0.0,0.0
liquidity_drain,30000,vol_target,15,2.2984486994817908,1.322314049586777,104.41825395281197,0.0,0.0
liquidity_drain,30000,vol_target,16,2.2455285817716213,1.322314049586777,106.87906711508022,0.0,0.0
liquidity_drain,30000,vol_target,17,2.2529004933572447,1.322314049586777,106.52933882683604,0.0,0.0
liquidity_drain,30000,vol_target,18,2.2066988281591557,1.322314049586777,108.75974416509287,0.0,0.0
liquidity_drain,30000,vol_target,19,2.2255523268220503,1.322314049586777,107.49256176624608,0.0,86.45932919572334
liquidity_drain,30000,vol_target,20,1.4283840142750428,2.601876952841112,107.27101215160623,0.0,55.38984066183977
liquidity_drain,30000,vol_target,21,0.909424673455507,4.145432631082381,107.78476463113056,0.0,35.381095336697136
liquidity_drain,30000,vol_target,22,0.5827059489863979,5.845839367145241,107.66684922043964,0.0,13.566558065460601
liquidity_drain,30000,vol_target,23,0.4560486340980589,6.78354963327324,107.8901964865869,0.0,0.0
liquidity_drain,30000,vol_target,24,0.45635326855859715,6.78354963327324,107.818175370341,0.0,0.0
liquidity_drain,30000,vol_target,25,0.4540244306121622,6.78354963327324,108.37120961517068,0.0,0.0
liquidity_drain,30000,vol_target,26,0.45319250636809677,6.78354963327324,108.57014634817202,0.0,0.0
liquidity_drain,30000,vol_target,27,0.45261588897846466,6.78354963327324,108.7084610558606,0.0,0.0
liquidity_drain,30000,vol_target,28,0.4519254784562414,6.78354963327324,108.87453592648758,0.0,0.0
liquidity_drain,30000,vol_target,29,0.45328520448949056,6.78354963327324,108.54794344257033,0.0,0.0
liquidity_drain,30000,vol_target,30,0.45374780064559,5.213435575967693,108.43727874884048,0.0,0.0
liquidity_drain,30000,vol_target,31,0.4500601811990258,5.183159868678867,109.32577196497306,0.0,0.0
liquidity_drain,30000,vol_target,32,0.45486407971106857,5.152884161390041,108.17116350786195,0.0,0.0
liquidity_drain,30000,vol_target,33,0.45369248069390344,5.122608454101216,108.45050079962748,0.0,0.0
liquidity_drain,30000,vol_target,34,0.4556493618910357,5.0923327468123905,107.9847375097293,0.0,0.0
liquidity_drain,30000,vol_target,35,0.4549132184845711,5.062057039523564,108.15947908523552,0.0,0.0
liquidity_drain,30000,vol_target,36,0.45327978331772656,5.031781332234739,108.54924166293596,0.0,0.0
liquidity_drain,30000,vol_target,37,0.45234191734370754,5.001505624945913,108.77430291938343,0.0,0.0
liquidity_drain,30000,vol_target,38,0.45202632514084684,4.971229917657087,108.85024611110411,0.0,0.0
liquidity_drain,30000,vol_target,39,0.4514873615819332,4.940954210368262,108.98018621801455,0.0,0.0
liquidity_drain,30000,vol_target,40,0.45122878698136404,4.910678503079436,109.04263681721012,0.0,0.0
liquidity_drain,30000,vol_target,41,0.4528546993866836,4.88040279579061,108.65113425325313,0.0,0.0
liquidity_drain,30000,vol_target,42,0.4530910388025408,4.850127088501785,108.59446011184988,0.0,0.0
liquidity_drain,30000,vol_target,43,0.45185036605668916,4.819851381212959,108.89263445701428,0.0,0.0
liquidity_drain,30000,vol_target,44,0.45334530143964763,4.7895756739241335,108.53355396874981,0.0,0.0
liquidity_drain,30000,vol_target,45,0.4548107481786109,4.759299966635307,108.1838477593681,0.0,0.0
liquidity_drain,30000,vol_target,46,0.4555421722717737,4.729024259346482,108.01014644792279,0.0,0.0
liquidity_drain,30000,vol_target,47,0.4545122203029786,4.698748552057657,108.25490392201166,0.0,0.0
liquidity_drain,30000,vol_target,48,0.453461129359176,4.66847284476883,108.50583116090301,0.0,0.0
liquidity_drain,30000,vol_target,49,0.4533444383617207,4.638197137480005,108.53376059511783,0.0,0.0
liquidity_drain,30000,vol_target,50,0.4521722252759006,4.607921430191179,108.81512395029789,0.0,0.0
liquidity_drain,30000,vol_target,51,0.45180463908389173,4.5776457229023535,108.90365543843615,0.0,0.0
liquidity_drain,30000,vol_target,52,0.45042654664065057,4.547370015613528,109.23684917606188,0.0,0.0
liquidity_drain,30000,vol_target,53,0.45096577066090293,4.517094308324702,109.10623364644842,0.0,0.0
liquidity_drain,30000,vol_target,54,0.45182488863092013,4.486818601035877,108.89877467655725,0.0,0.0
liquidity_drain,30000,vol_target,55,0.45237092406943386,4.45654289374705,108.76732814226365,0.0,0.0
liquidity_drain,30000,vol_target,56,0.4552974397200048,4.426267186458225,108.0682043161449,0.0,0.0
liquidity_drain,30000,vol_target,57,0.4553736536902869,4.3959914791694,108.05011739599605,0.0,0.0
liquidity_drain,30000,vol_target,58,0.4560762855861892,4.3657157718805735,107.8836552026355,0.0,0.0
liquidity_drain,30000,vol_target,59,0.45829577376430986,4.335440064591748,107.36118366560177,0.0,0.0
liquidity_drain,30000,vol_target,60,0.46173635032365107,5.608560668499483,106.56119386266752,0.0,0.0
liquidity_drain,30000,vol_target,61,0.4629916123348663,5.608560668499483,106.27228534907483,0.0,0.0
liquidity_drain,30000,vol_target,62,0.4622141934590479,5.608560668499483,106.45102949362055,0.0,0.0
liquidity_drain,30000,vol_target,63,0.46300202895011205,5.608560668499483,106.26989443620934,0.0,0.0
liquidity_drain,30000,vol_target,64,0.461532845685699,5.608560668499483,106.60818011159752,0.0,0.0
liquidity_drain,30000,vol_target,65,0.46221954067931337,5.608560668499483,106.44979800716858,0.0,0.0
liquidity_drain,30000,vol_target,66,0.462564270235582,5.608560668499483,106.37046548195384,0.0,0.0
liquidity_drain,30000,vol_target,67,0.4639165037266032,5.608560668499483,106.06041463287912,0.0,0.0
liquidity_drain,30000,vol_target,68,0.46346219820471685,5.608560668499483,106.16437959961841,0.0,0.0
liquidity_drain,30000,vol_target,69,0.46096521997568896,5.608560668499483,106.73945583763151,0.0,0.0
liquidity_drain,30000,vol_target,70,0.46295439887981105,5.608560668499483,106.28082778635165,0.0,0.0
liquidity_drain,30000,vol_target,71,0.46449738727773093,5.608560668499483,105.92777933293245,0.0,0.0
liquidity_drain,30000,vol_target,72,0.4666321140951512,5.608560668499483,105.44318587178529,0.0,0.0
liquidity_drain,30000,vol_target,73,0.4641432631122547,5.608560668499483,106.00859831585919,0.0,0.0
liquidity_drain,30000,vol_target,74,0.4643269605303927,5.608560668499483,105.96665910606441,0.0,0.0
liquidity_drain,30000,vol_target,75,0.46338913134234705,5.608560668499483,106.1811195220467,0.0,0.0
liquidity_drain,30000,vol_target,76,0.46522463547388765,5.608560668499483,105.76219096858392,0.0,0.0
liquidity_drain,30000,vol_target,77,0.46764682095460447,5.608560668499483,105.21439371669632,0.0,0.0
liquidity_drain,30000,vol_target,78,0.47012591499311246,5.608560668499483,104.65957134271144,0.0,0.0
liquidity_drain,30000,vol_target,79,0.47305001887092546,5.608560668499483,104.01263032969993,0.0,0.0
liquidity_drain,30000,vol_target,80,0.47327600273395964,5.608560668499483,103.96296549169743,0.0,0.0
liquidity_drain,30000,vol_target,81,0.47179235460663776,5.608560668499483,104.2898984264017,0.0,0.0
liquidity_drain,30000,vol_target,82,0.4707908311880516,5.608560668499483,104.51175656100564,0.0,0.0
liquidity_drain,30000,vol_target,83,0.47281871115734275,5.608560668499483,104.06351436439982,0.0,0.0
liquidity_drain,30000,vol_target,84,0.4737321755096841,5.608560668499483,103.86285602691416,0.0,0.0
liquidity_drain,30000,vol_target,85,0.4735343370108722,5.608560668499483,103.90624901853623,0.0,0.0
liquidity_drain,30000,vol_target,86,0.473537241251182,5.608560668499483,103.90561175352188,0.0,0.0
liquidity_drain,30000,vol_target,87,0.4726296017089693,5.608560668499483,104.10515245419805,0.0,0.0
liquidity_drain,30000,vol_target,88,0.47633740446430745,5.608560668499483,103.29479960872148,0.0,0.0
liquidity_drain,30000,vol_target,89,0.48000606932750545,5.608560668499483,102.50532208730905,0.0,0.0
liquidity_drain,30000,vol_target,90,0.4794284998556103,5.608560668499483,102.62881066748783,0.0,0.0
liquidity_drain,30000,vol_target,91,0.4800067598629821,5.608560668499483,102.50517462363278,0.0,0.0
liquidity_drain,30000,vol_target,92,0.47923164215261044,5.608560668499483,102.67096830098394,0.0,0.0
liquidity_drain,30000,vol_target,93,0.4808676569684963,5.608560668499483,102.3216596650888,0.0,0.0
liquidity_drain,30000,vol_target,94,0.47965605573617714,5.608560668499483,102.58012205175228,0.0,0.0
liquidity_drain,30000,vol_target,95,0.48089419262395855,5.608560668499483,102.31601357422548,0.0,0.0
liquidity_drain,30000,vol_target,96,0.4796048824154446,5.608560668499483,102.59106723950788,0.0,0.0
liquidity_drain,30000,vol_target,97,0.4745953514557087,5.608560668499483,103.67395422091698,0.0,0.0
liquidity_drain,30000,vol_target,98,0.47568371517703184,5.608560668499483,103.43674834856928,0.0,0.0
liquidity_drain,30000,vol_target,99,0.475730245891731,5.608560668499483,103.42663130037153,0.0,0.0
liquidity_drain,30000,vol_target,100,0.47616593769654647,5.608560668499483,103.3319959388519,0.0,0.0
liquidity_drain,30000,vol_target,101,0.47592776553785465,5.608560668499483,103.3837071570593,0.0,0.0
liquidity_drain,30000,vol_target,102,0.47764613448379817,5.608560668499483,103.01177626707691,0.0,0.0
liquidity_drain,30000,vol_target,103,0.4760794790555599,5.608560668499483,103.35076159528604,0.0,0.0
liquidity_drain,30000,vol_target,104,0.478695553446335,5.608560668499483,102.78594899418708,0.0,0.0
liquidity_drain,30000,vol_target,105,0.477510398701619,5.608560668499483,103.04105810902904,0.0,0.0
liquidity_drain,30000,vol_target,106,0.4798430555782296,5.608560668499483,102.54014550859218,0.0,0.0
liquidity_drain,30000,vol_target,107,0.48227970778834606,5.608560668499483,102.02207545890055,0.0,0.0
liquidity_drain,30000,vol_target,108,0.48455292918275134,5.608560668499483,101.54345124538902,0.0,0.0
liquidity_drain,30000,vol_target,109,0.484699183037899,5.608560668499483,101.51281137280546,0.0,0.0
liquidity_drain,30000,vol_target,110,0.4886028444025086,5.608560668499483,100.70178121956616,0.0,0.0
liquidity_drain,30000,vol_target,111,0.48815214359214243,5.608560668499483,100.79475709808426,0.0,0.0
liquidity_drain,30000,vol_target,112,0.4895145858746425,5.608560668499483,100.51421992332493,0.0,0.0
liquidity_drain,30000,vol_target,113,0.4881584434898257,5.608560668499483,100.79345629776995,0.0,0.0
liquidity_drain,30000,vol_target,114,0.4855307325848028,5.608560668499483,101.33895434041412,0.0,0.0
liquidity_drain,30000,vol_target,115,0.4895098500202123,5.608560668499483,100.5151923669105,0.0,0.0
liquidity_drain,30000,vol_target,116,0.4898848835114112,5.608560668499483,100.43824252669154,0.0,0.0
liquidity_drain,30000,vol_target,117,0.491232386248354,5.608560668499483,100.16272973379107,0.0,0.0
liquidity_drain,30000,vol_target,118,0.49243269667819584,5.608560668499483,99.91858191421713,0.0,0.0
liquidity_drain,30000,vol_target,119,0.49447507504531757,5.608560668499483,99.50587850311723,0.0,0.0
liquidity_drain,30000,liquidate,0,2.3976827525097297,1.322314049586777,100.09664529170279,0.0,0.0
liquidity_drain,30000,liquidate,1,2.381525987339715,1.322314049586777,100.77572164899705,0.0,0.0
liquidity_drain,30000,liquidate,2,2.4627762052720055,1.322314049586777,97.45099838395296,0.0,0.0
liquidity_drain,30000,liquidate,3,2.5138198424616682,1.322314049586777,95.47223549837965,0.0,0.0
liquidity_drain,30000,liquidate,4,2.4786684920329196,1.322314049586777,96.8261793666325,0.0,0.0
liquidity_drain,30000,liquidate,5,2.4597018595202464,1.322314049586777,97.57280097629837,0.0,0.0
liquidity_drain,30000,liquidate,6,2.4079632112040033,1.322314049586777,99.66929680790174,0.0,0.0
liquidity_drain,30000,liquidate,7,2.4096565078441596,1.322314049586777,99.59925791029863,0.0,0.0
liquidity_drain,30000,liquidate,8,2.390573568008129,1.322314049586777,100.39431674967132,0.0,0.0
liquidity_drain,30000,liquidate,9,2.3568180675526578,1.322314049586777,101.83221323028056,0.0,0.0
liquidity_drain,30000,liquidate,10,2.369749422669279,1.322314049586777,101.27653063405528,0.0,0.0
liquidity_drain,30000,liquidate,11,2.318540870105715,1.322314049586777,103.51337908011821,0.0,0.0
liquidity_drain,30000,liquidate,12,2.3195916218124415,1.322314049586777,103.46648855908224,0.0,0.0
liquidity_drain,30000,liquidate,13,2.3113478006979307,1.322314049586777,103.83551965979764,0.0,0.0
liquidity_drain,30000,liquidate,14,2.27765866322639,1.322314049586777,105.37136396901144,0.0,0.0
liquidity_drain,30000,liquidate,15,2.2984486994817908,1.322314049586777,104.41825395281197,0.0,0.0
liquidity_drain,30000,liquidate,16,2.2455285817716213,1.322314049586777,106.87906711508022,0.0,0.0
liquidity_drain,30000,liquidate,17,2.2529004933572447,1.322314049586777,106.52933882683604,0.0,0.0
liquidity_drain,30000,liquidate,18,2.2066988281591557,1.322314049586777,108.75974416509287,0.0,0.0
liquidity_drain,30000,liquidate,19,2.2255523268220503,1.322314049586777,107.83839908302897,0.0,0.0
liquidity_drain,30000,liquidate,20,2.22555201236019,1.322314049586777,107.83841432017616,0.0,0.0
liquidity_drain,30000,liquidate,21,2.1929682708481586,1.322314049586777,109.44070791647931,0.0,0.0
liquidity_drain,30000,liquidate,22,2.197855627331936,1.322314049586777,109.19734536492076,0.0,0.0
liquidity_drain,30000,liquidate,23,2.17614489527662,1.322314049586777,110.28677388207299,0.0,0.0
liquidity_drain,30000,liquidate,24,2.183098786643768,1.322314049586777,109.9354740464901,0.0,0.0
liquidity_drain,30000,liquidate,25,2.130813709673222,1.322314049586777,112.63302789468443,0.0,0.0
liquidity_drain,30000,liquidate,26,2.1126130437789845,1.322314049586777,113.60338832836824,0.0,0.0
liquidity_drain,30000,liquidate,27,2.100140828602616,1.322314049586777,114.2780506580077,0.0,0.0
liquidity_drain,30000,liquidate,28,2.0853585989628804,1.322314049586777,115.08811967369073,0.0,0.0
liquidity_drain,30000,liquidate,29,2.1146289522047113,1.322314049586777,113.4950884644685,0.0,0.0
liquidity_drain,30000,liquidate,30,2.12473438137872,0.8554054054054053,112.09129554346754,0.14459459459459467,216.0
liquidity_drain,30000,liquidate,31,0.21328654511749853,7.7682926829268295,112.52467888576147,0.0,0.0
liquidity_drain,30000,liquidate,32,0.21435941638916128,7.725609756097561,111.96149161196129,0.0,0.0
liquidity_drain,30000,liquidate,33,0.2140988654117421,7.682926829268292,112.09774490791737,0.0,0.0
liquidity_drain,30000,liquidate,34,0.21453365778323746,7.640243902439024,111.8705579720705,0.0,0.0
liquidity_drain,30000,liquidate,35,0.2143703288162197,7.597560975609755,111.95579226160197,0.0,0.0
liquidity_drain,30000,liquidate,36,0.21400691663575627,7.554878048780487,112.14590807290796,0.0,0.0
liquidity_drain,30000,liquidate,37,0.21379763154279882,7.512195121951218,112.25568696347129,0.0,0.0
liquidity_drain,30000,liquidate,38,0.21372710409091328,7.4695121951219505,112.29273003105446,0.0,0.0
liquidity_drain,30000,liquidate,39,0.21360653826666254,7.426829268292682,112.35611135666097,0.0,0.0
liquidity_drain,30000,liquidate,40,0.21354864143194674,7.384146341463413,112.3865730967353,0.0,0.0
liquidity_drain,30000,liquidate,41,0.21391211569378382,7.341463414634145,112.19560856644563,0.0,0.0
liquidity_drain,30000,liquidate,42,0.21396483498858987,7.298780487804876,112.16796442873358,0.0,0.0
liquidity_drain,30000,liquidate,43,0.21368775881711513,7.256097560975608,112.31340593796214,0.0,0.0
liquidity_drain,30000,liquidate,44,0.21402151994308755,7.213414634146339,112.13825603323471,0.0,0.0
liquidity_drain,30000,liquidate,45,0.2143475714499924,7.170731707317071,111.96767865223626,0.0,0.0
liquidity_drain,30000,liquidate,46,0.214509892875258,7.128048780487802,111.88295177582556,0.0,0.0
liquidity_drain,30000,liquidate,47,0.21428124124685966,7.0853658536585336,112.00233795711097,0.0,0.0
liquidity_drain,30000,liquidate,48,0.21404733132952955,7.042682926829265,112.12473358544979,0.0,0.0
liquidity_drain,30000,liquidate,49,0.21402132758648568,6.999999999999997,112.13835682007738,0.0,0.0
liquidity_drain,30000,liquidate,50,0.21375971579915748,6.957317073170729,112.27559837584045,0.0,0.0
liquidity_drain,30000,liquidate,51,0.21367753140800166,6.91463414634146,112.31878167936034,0.0,0.0
liquidity_drain,30000,liquidate,52,0.21336879102324557,6.871951219512192,112.48130471613962,0.0,0.0
liquidity_drain,30000,liquidate,53,0.21348971419351323,6.829268292682923,112.41759393731591,0.0,0.0
liquidity_drain,30000,liquidate,54,0.21368206060694556,6.786585365853655,112.31640097362437,0.0,0.0
liquidity_drain,30000,liquidate,55,0.2138041112612028,6.743902439024386,112.2522848528361,0.0,0.0
liquidity_drain,30000,liquidate,56,0.21445561127005083,6.7012195121951175,111.91127085864994,0.0,0.0
liquidity_drain,30000,liquidate,57,0.21447251881475107,6.658536585365849,111.90244854041094,0.0,0.0
liquidity_drain,30000,liquidate,58,0.21462825194394886,6.61585365853658,111.82125271312236,0.0,0.0
liquidity_drain,30000,liquidate,59,0.21511852066224715,6.573170731707313,111.56640500369501,0.0,0.0
liquidity_drain,30000,liquidate,60,0.2158735582293904,7.789017341040456,111.17619127071251,0.0,0.0
liquidity_drain,30000,liquidate,61,0.2161475370158521,7.789017341040456,111.03526938750109,0.0,0.0
liquidity_drain,30000,liquidate,62,0.21597794774160264,7.789017341040456,111.12245602367585,0.0,0.0
liquidity_drain,30000,liquidate,63,0.21614980727664712,7.789017341040456,111.03410316384291,0.0,0.0
liquidity_drain,30000,liquidate,64,0.2158290657085385,7.789017341040456,111.1991099123334,0.0,0.0
liquidity_drain,30000,liquidate,65,0.21597911524368246,7.789017341040456,111.12185533736238,0.0,0.0
liquidity_drain,30000,liquidate,66,0.21605435249357,7.789017341040456,111.08315904311284,0.0,0.0
liquidity_drain,30000,liquidate,67,0.2163489014549943,7.789017341040456,110.9319244913872,0.0,0.0
liquidity_drain,30000,liquidate,68,0.21625004505826173,7.789017341040456,110.98263583498426,0.0,0.0
liquidity_drain,30000,liquidate,69,0.21570485440051265,7.789017341040456,111.26314271739895,0.0,0.0
liquidity_drain,30000,liquidate,70,0.21613942604313938,7.789017341040456,111.03943616103537,0.0,0.0
liquidity_drain,30000,liquidate,71,0.2164751506813476,7.789017341040456,110.8672285223541,0.0,0.0
liquidity_drain,30000,liquidate,72,0.21693766738639228,7.789017341040456,110.6308567301643,0.0,0.0
liquidity_drain,30000,liquidate,73,0.21639820540870433,7.789017341040456,110.90664987111133,0.0,0.0
liquidity_drain,30000,liquidate,74,0.2164381276139519,7.789017341040456,110.88619304084632,0.0,0.0
liquidity_drain,30000,liquidate,75,0.21623413613598635,7.789017341040456,110.99080112358747,0.0,0.0
liquidity_drain,30000,liquidate,76,0.2166329733141632,7.789017341040456,110.78645892559935,0.0,0.0
liquidity_drain,30000,liquidate,77,0.21715672393112062,7.789017341040456,110.5192580065469,0.0,0.0
liquidity_drain,30000,liquidate,78,0.21768977908013804,7.789017341040456,110.24863041991922,0.0,0.0
liquidity_drain,30000,liquidate,79,0.21831465309587827,7.789017341040456,109.93306981304552,0.0,0.0
liquidity_drain,30000,liquidate,80,0.21836277218140135,7.789017341040456,109.9088446269696,0.0,0.0
liquidity_drain,30000,liquidate,81,0.21804640381128143,7.789017341040456,110.06831381072413,0.0,0.0
liquidity_drain,30000,liquidate,82,0.21783223644675162,7.789017341040456,110.17653030370792,0.0,0.0
liquidity_drain,30000,liquidate,83,0.21826537474921848,7.789017341040456,109.95788969081975,0.0,0.0
liquidity_drain,30000,liquidate,84,0.21845983037125916,7.789017341040456,109.86001389460691,0.0,0.0
liquidity_drain,30000,liquidate,85,0.2184177493792726,7.789017341040456,109.88117984095275,0.0,0.0
liquidity_drain,30000,liquidate,86,0.2184183672591009,7.789017341040456,109.88086900004049,0.0,0.0
liquidity_drain,30000,liquidate,87,0.21822506713110043,7.789017341040456,109.97819964276519,0.0,0.0
liquidity_drain,30000,liquidate,88,0.21901221075690672,7.789017341040456,109.58293109345796,0.0,0.0
liquidity_drain,30000,liquidate,89,0.21978455716082493,7.789017341040456,109.1978449716022,0.0,0.0
liquidity_drain,30000,liquidate,90,0.21966338900227741,7.789017341040456,109.25807941418574,0.0,0.0
liquidity_drain,30000,liquidate,91,0.21978470193348276,7.789017341040456,109.19777304274587,0.0,0.0
liquidity_drain,30000,liquidate,92,0.21962205411958605,7.789017341040456,109.27864278571859,0.0,0.0
liquidity_drain,30000,liquidate,93,0.21996501591419296,7.789017341040456,109.10825933048488,0.0,0.0
liquidity_drain,30000,liquidate,94,0.21971114677391196,7.789017341040456,109.23433040334807,0.0,0.0
liquidity_drain,30000,liquidate,95,0.21997056821402736,7.789017341040456,109.10550531764066,0.0,0.0
liquidity_drain,30000,liquidate,96,0.21970040903032584,7.789017341040456,109.23966917461321,0.0,0.0
liquidity_drain,30000,liquidate,97,0.21864320977366805,7.789017341040456,109.76787262153705,0.0,0.0
liquidity_drain,30000,liquidate,98,0.21887391758476643,7.789017341040456,109.65216991058415,0.0,0.0
liquidity_drain,30000,liquidate,99,0.21888376831087245,7.789017341040456,109.6472350837532,0.0,0.0
liquidity_drain,30000,liquidate,100,0.21897595543969894,7.789017341040456,109.60107447326133,0.0,0.0
liquidity_drain,30000,liquidate,101,0.21892557237869123,7.789017341040456,109.62629782913383,0.0,0.0
liquidity_drain,30000,liquidate,102,0.21928846771983115,7.789017341040456,109.44487984048047,0.0,0.0
liquidity_drain,30000,liquidate,103,0.21895766908208847,7.789017341040456,109.61022786099474,0.0,0.0
liquidity_drain,30000,liquidate,104,0.21950939642904227,7.789017341040456,109.3347273074852,0.0,0.0
liquidity_drain,30000,liquidate,105,0.21925985361515057,7.789017341040456,109.45916274360603,0.0,0.0
liquidity_drain,30000,liquidate,106,0.21975037456093507,7.789017341040456,109.21483090962826,0.0,0.0
liquidity_drain,30000,liquidate,107,0.2202600111770961,7.789017341040456,108.96213012857442,0.0,0.0
liquidity_drain,30000,liquidate,108,0.22073294932410178,7.789017341040456,108.72866997650108,0.0,0.0
liquidity_drain,30000,liquidate,109,0.22076329437316564,7.789017341040456,108.71372466217946,0.0,0.0
liquidity_drain,30000,liquidate,110,0.221569564982778,7.789017341040456,108.31812574017309,0.0,0.0
liquidity_drain,30000,liquidate,111,0.221476835985646,7.789017341040456,108.36347689902637,0.0,0.0
liquidity_drain,30000,liquidate,112,0.22175686475965758,7.789017341040456,108.22663833208253,0.0,0.0
liquidity_drain,30000,liquidate,113,0.221478132796551,7.789017341040456,108.36284240325573,0.0,0.0
liquidity_drain,30000,liquidate,114,0.2209356366228862,7.789017341040456,108.62892182923602,0.0,0.0
liquidity_drain,30000,liquidate,115,0.22175589285533223,7.789017341040456,108.22711266418058,0.0,0.0
liquidity_drain,30000,liquidate,116,0.2218328263678111,7.789017341040456,108.18957858025337,0.0,0.0
liquidity_drain,30000,liquidate,117,0.22210871896388373,7.789017341040456,108.05519077304908,0.0,0.0
liquidity_drain,30000,liquidate,118,0.22235377749495097,7.789017341040456,107.93610196500921,0.0,0.0
liquidity_drain,30000,liquidate,119,0.2227692522822838,7.789017341040456,107.73479622577452,0.0,0.0
liquidity_drain,30000,immune,0,2.3976827525097297,1.322314049586777,100.09664529170279,0.0,0.0
liquidity_drain,30000,immune,1,2.381525987339715,1.322314049586777,100.77572164899705,0.0,0.0
liquidity_drain,30000,immune,2,2.4627762052720055,1.322314049586777,97.45099838395296,0.0,0.0
liquidity_drain,30000,immune,3,2.5138198424616682,1.322314049586777,95.47223549837965,0.0,0.0
liquidity_drain,30000,immune,4,2.4786684920329196,1.322314049586777,96.8261793666325,0.0,0.0
liquidity_drain,30000,immune,5,2.4597018595202464,1.322314049586777,97.57280097629837,0.0,0.0
liquidity_drain,30000,immune,6,2.4079632112040033,1.322314049586777,99.66929680790174,0.0,0.0
liquidity_drain,30000,immune,7,2.4096565078441596,1.322314049586777,99.59925791029863,0.0,0.0
liquidity_drain,30000,immune,8,2.390573568008129,1.322314049586777,100.39431674967132,0.0,0.0
liquidity_drain,30000,immune,9,2.3568180675526578,1.322314049586777,101.83221323028056,0.0,0.0
liquidity_drain,30000,immune,10,2.369749422669279,1.322314049586777,101.27653063405528,0.0,0.0
liquidity_drain,30000,immune,11,2.318540870105715,1.322314049586777,103.51337908011821,0.0,0.0
liquidity_drain,30000,immune,12,2.3195916218124415,1.322314049586777,103.46648855908224,0.0,0.0
liquidity_drain,30000,immune,13,2.3113478006979307,1.322314049586777,103.83551965979764,0.0,0.0
liquidity_drain,30000,immune,14,2.27765866322639,1.322314049586777,105.37136396901144,0.0,0.0
liquidity_drain,30000,immune,15,2.2984486994817908,1.322314049586777,104.41825395281197,0.0,0.0
liquidity_drain,30000,immune,16,2.2455285817716213,1.322314049586777,106.87906711508022,0.0,0.0
liquidity_drain,30000,immune,17,2.2529004933572447,1.322314049586777,106.52933882683604,0.0,0.0
liquidity_drain,30000,immune,18,2.2066988281591557,1.322314049586777,108.75974416509287,0.0,0.0
liquidity_drain,30000,immune,19,2.2255523268220503,1.322314049586777,107.83839908302897,0.0,0.0
liquidity_drain,30000,immune,20,2.22555201236019,1.322314049586777,107.83841432017616,0.0,0.0
liquidity_drain,30000,immune,21,2.1929682708481586,1.322314049586777,109.44070791647931,0.0,0.0
liquidity_drain,30000,immune,22,2.197855627331936,1.322314049586777,109.19734536492076,0.0,0.0
liquidity_drain,30000,immune,23,2.17614489527662,1.322314049586777,110.28677388207299,0.0,0.0
liquidity_drain,30000,immune,24,2.183098786643768,1.322314049586777,109.9354740464901,0.0,0.0
liquidity_drain,30000,immune,25,2.130813709673222,1.322314049586777,112.63302789468443,0.0,0.0
liquidity_drain,30000,immune,26,2.1126130437789845,1.322314049586777,113.60338832836824,0.0,0.0
liquidity_drain,30000,immune,27,2.100140828602616,1.322314049586777,114.2780506580077,0.0,0.0
liquidity_drain,30000,immune,28,2.0853585989628804,1.322314049586777,115.08811967369073,0.0,0.0
liquidity_drain,30000,immune,29,2.1146289522047113,1.322314049586777,113.4950884644685,0.0,0.0
liquidity_drain,30000,immune,30,2.12473438137872,0.8554054054054053,112.79529554346756,0.14459459459459467,40.0
liquidity_drain,30000,immune,31,1.7310486851269817,1.103550295857988,115.53690067667215,0.0,0.0
liquidity_drain,30000,immune,32,1.7969447805427863,1.093195266272189,111.30002555759553,0.0,0.0
liquidity_drain,30000,immune,33,1.790509129265792,1.0828402366863903,111.70007275082205,0.0,0.0
liquidity_drain,30000,immune,34,1.8243154911274442,1.0724852071005915,109.63016044795964,0.0,0.0
liquidity_drain,30000,immune,35,1.8102787706340362,1.0621301775147924,110.48022174504733,0.0,0.0
liquidity_drain,30000,immune,36,1.7803175908791982,1.0517751479289936,112.33950674004817,0.0,0.0
liquidity_drain,30000,immune,37,1.7536329543594475,1.0414201183431948,114.00895163654947,0.0,10.0
liquidity_drain,30000,immune,38,1.6675194919664271,1.2197986577181203,113.94169658307379,0.0,0.0
liquidity_drain,30000,immune,39,1.6583540067635028,1.2080536912751672,114.57143602939769,0.0,0.0
liquidity_drain,30000,immune,40,1.6616308964698412,1.1963087248322142,114.34549056812662,0.0,0.0
liquidity_drain,30000,immune,41,1.6536620665943673,1.184563758389261,114.89650989654453,0.0,0.0
liquidity_drain,30000,immune,42,1.658969058229861,1.172818791946308,114.52895945071583,0.0,0.0
liquidity_drain,30000,immune,43,1.6469025600235006,1.1610738255033548,115.36808832047039,0.0,0.0
liquidity_drain,30000,immune,44,1.6632150333316138,1.1493288590604018,114.2365816760373,0.0,0.0
liquidity_drain,30000,immune,45,1.6878175434137301,1.1375838926174489,112.5714095942572,0.0,0.0
liquidity_drain,30000,immune,46,1.690151043191805,1.1258389261744957,112.41598836112901,0.0,0.0
liquidity_drain,30000,immune,47,1.675318358094528,1.1140939597315427,113.41128035873852,0.0,0.0
liquidity_drain,30000,immune,48,1.6580486573820603,1.1023489932885895,114.59253572207969,0.0,0.0
liquidity_drain,30000,immune,49,1.6564932316317575,1.0906040268456365,114.70013663311934,0.0,0.0
liquidity_drain,30000,immune,50,1.6433356049528915,1.0788590604026835,115.61850143534534,0.0,0.0
liquidity_drain,30000,immune,51,1.6412275366281337,1.0671140939597303,115.76700716973764,0.0,0.0
liquidity_drain,30000,immune,52,1.6329783025864897,1.0553691275167774,116.35182151474837,0.0,0.0
liquidity_drain,30000,immune,53,1.6335243589589838,1.0436241610738242,116.27492729609716,0.0,9.5
liquidity_drain,30000,immune,54,1.5673320757139715,1.2374999999999983,115.16385250890517,0.0,0.0
liquidity_drain,30000,immune,55,1.57554537900062,1.2240384615384596,114.56350442568178,0.0,0.0
liquidity_drain,30000,immune,56,1.6094403900912826,1.2105769230769212,112.15078303693036,0.0,0.0
liquidity_drain,30000,immune,57,1.6229288693673238,1.1971153846153828,111.21867594256636,0.0,0.0
liquidity_drain,30000,immune,58,1.6355248680939016,1.1836538461538442,110.36212504085069,0.0,0.0
liquidity_drain,30000,immune,59,1.673998748185207,1.1701923076923058,107.82564813485149,0.0,0.0
liquidity_drain,30000,immune,60,1.7195075237335335,1.5650720164609029,104.97191638224638,0.0,0.0
liquidity_drain,30000,immune,61,1.7366199121522707,1.5650720164609029,103.93753908781241,0.0,0.0
liquidity_drain,30000,immune,62,1.724382954852766,1.5650720164609029,104.67512421880309,0.0,0.0
liquidity_drain,30000,immune,63,1.7390789338034383,1.5650720164609029,103.79057355679593,0.0,0.0
liquidity_drain,30000,immune,64,1.6933937643910077,1.5650720164609029,106.59068421981164,0.0,0.0
liquidity_drain,30000,immune,65,1.7097917176212305,1.5650720164609029,105.56841405871525,0.0,0.0
liquidity_drain,30000,immune,66,1.7134321637718304,1.5650720164609029,105.34411797351805,0.0,0.0
liquidity_drain,30000,immune,67,1.7332993637986096,1.5650720164609029,104.13665623486153,0.0,0.0
liquidity_drain,30000,immune,68,1.725117265646043,1.5650720164609029,104.63056836452458,0.0,0.0
liquidity_drain,30000,immune,69,1.6935966923368633,1.5650720164609029,106.57791244912151,0.0,0.0
liquidity_drain,30000,immune,70,1.7164508136589016,1.5650720164609029,105.15885370186291,0.0,0.0
liquidity_drain,30000,immune,71,1.7434156100422815,1.5650720164609029,103.5323986778015,0.0,0.0
liquidity_drain,30000,immune,72,1.78336755591965,1.5650720164609029,101.21301096953032,0.0,0.0
liquidity_drain,30000,immune,73,1.751762941277072,1.5650720164609029,103.03905611133187,0.0,0.0
liquidity_drain,30000,immune,74,1.7598445074019113,1.5650720164609029,102.5658796790378,0.0,0.0
liquidity_drain,30000,immune,75,1.7418880993667363,1.5650720164609029,103.62318915068127,0.0,0.0
liquidity_drain,30000,immune,76,1.7693660158766908,1.5650720164609029,102.01394080159571,0.0,0.0
liquidity_drain,30000,immune,77,1.801329171392913,1.5650720164609029,100.20378444236533,0.0,0.0
liquidity_drain,30000,immune,78,1.8305533552329096,1.5650720164609029,98.60406389358378,0.0,0.0
liquidity_drain,30000,immune,79,1.8829402737841996,1.5650720164609029,95.86071449693087,0.0,0.0
liquidity_drain,30000,immune,80,1.9027454689808863,1.5650720164609029,94.8629246226381,0.0,0.0
liquidity_drain,30000,immune,81,1.8808584061618074,1.5650720164609029,95.96681994171966,0.0,0.0
liquidity_drain,30000,immune,82,1.87093924113602,1.5650720164609029,96.47560756190126,0.0,0.0
liquidity_drain,30000,immune,83,1.895925212796654,1.5650720164609029,95.20417724375682,0.0,0.0
liquidity_drain,30000,immune,84,1.9153424888619024,1.5650720164609029,94.23902046221154,0.0,0.0
liquidity_drain,30000,immune,85,1.9079533400241462,1.5650720164609029,94.60399068130025,0.0,0.0
liquidity_drain,30000,immune,86,1.9176320600184764,1.5650720164609029,94.12650307810398,0.0,0.0
liquidity_drain,30000,immune,87,1.9004055233202617,1.5650720164609029,94.97972816067302,0.0,0.0
liquidity_drain,30000,immune,88,1.9536382373041392,1.5650720164609029,92.39172153442043,0.0,0.0
liquidity_drain,30000,immune,89,2.043376993660133,1.5650720164609029,88.33416474787904,0.0,0.0
liquidity_drain,30000,immune,90,2.0333894375161097,1.5650720164609029,88.76804249582906,0.0,0.0
liquidity_drain,30000,immune,91,2.0425076803074496,1.5650720164609029,88.37176072347995,0.0,0.0
liquidity_drain,30000,immune,92,2.0294154883872872,1.5650720164609029,88.9418657898574,0.0,0.0
liquidity_drain,30000,immune,93,2.069273674590186,1.5650720164609029,87.22867459073414,0.0,0.0
liquidity_drain,30000,immune,94,2.056211846276129,1.5650720164609029,87.78278382497005,0.0,0.0
liquidity_drain,30000,immune,95,2.075988641979817,1.5650720164609029,86.9465257901709,0.0,0.0
liquidity_drain,30000,immune,96,2.0442010306080918,1.5650720164609029,88.29855640289271,0.0,0.0
liquidity_drain,30000,immune,97,1.9671687104538853,1.5650720164609029,91.75623780552772,0.0,0.0
liquidity_drain,30000,immune,98,1.9883274656006924,1.5650720164609029,90.77981525818196,0.0,0.0
liquidity_drain,30000,immune,99,1.963894828144831,1.5650720164609029,91.90919870719712,0.0,0.0
liquidity_drain,30000,immune,100,1.9603436938456695,1.5650720164609029,92.07569089372656,0.0,0.0
liquidity_drain,30000,immune,101,1.9578015559930022,1.5650720164609029,92.19524800533215,0.0,0.0
liquidity_drain,30000,immune,102,1.9877268939382309,1.5650720164609029,90.80724346511211,0.0,0.0
liquidity_drain,30000,immune,103,1.948968064583873,1.5650720164609029,92.61311320590511,0.0,0.0
liquidity_drain,30000,immune,104,2.000044761539919,1.5650720164609029,90.24798018071627,0.0,0.0
liquidity_drain,30000,immune,105,1.97464133737931,1.5650720164609029,91.40900505990352,0.0,0.0
liquidity_drain,30000,immune,106,2.0027082299239263,1.5650720164609029,90.12795638576688,0.0,0.0
liquidity_drain,30000,immune,107,2.0367531139377184,1.5650720164609029,88.62144300397495,0.0,0.0
liquidity_drain,30000,immune,108,2.0916423056067703,1.5650720164609029,86.29582578061226,0.0,0.0
liquidity_drain,30000,immune,109,2.0931883500181288,1.5650720164609029,86.23208704483604,0.0,0.0
liquidity_drain,30000,immune,110,2.185425288652695,1.5650720164609029,82.59261981510127,0.0,0.0
liquidity_drain,30000,immune,111,2.1560088886397666,1.5650720164609029,83.71950642275787,0.0,0.0
liquidity_drain,30000,immune,112,2.177757016738468,1.5650720164609029,82.88344319988784,0.0,0.0
liquidity_drain,30000,immune,113,2.1501521055008053,1.5650720164609029,83.94754935626223,0.0,0.0
liquidity_drain,30000,immune,114,2.1109198139055017,1.5650720164609029,85.50774823892972,0.0,0.0
liquidity_drain,30000,immune,115,2.17139963759365,1.5650720164609029,83.12610763812714,0.0,0.0
liquidity_drain,30000,immune,116,2.183223402603679,1.5650720164609029,82.67591845375898,0.0,0.0
liquidity_drain,30000,immune,117,2.199324012338158,1.5650720164609029,82.07067216444648,0.0,0.0
liquidity_drain,30000,immune,118,2.2133700080604246,1.5650720164609029,81.5498535458028,0.0,0.0
liquidity_drain,30000,immune,119,2.2641156286890154,1.5650720164609029,79.72207678479496,0.0,0.0
leverage_cancer,30000,none,0,2.3423446892562083,1.322314049586777,102.46143580012982,0.0,0.0
leverage_cancer,30000,none,1,2.3202539782147538,1.322314049586777,103.43695227048396,0.0,0.0
leverage_cancer,30000,none,2,2.3228295430373627,1.322314049586777,103.32226086903167,0.0,0.0
leverage_cancer,30000,none,3,2.291350992676699,1.322314049586777,104.74170075516801,0.0,0.0
leverage_cancer,30000,none,4,2.3030078871255086,1.322314049586777,104.21154062983048,0.0,0.0
leverage_cancer,30000,none,5,2.313985260234634,1.322314049586777,103.71716887067137,0.0,0.0
leverage_cancer,30000,none,6,2.3263507400805654,1.322314049586777,103.16587084873039,0.0,0.0
leverage_cancer,30000,none,7,2.3536857287645545,1.322314049586777,101.96773386818111,0.0,0.0
leverage_cancer,30000,none,8,2.3839049184953613,1.322314049586777,100.67515618512157,0.0,0.0
leverage_cancer,30000,none,9,2.309529421373633,1.322314049586777,103.91727326740693,0.0,0.0
leverage_cancer,30000,none,10,2.347707659726132,1.322314049586777,102.22737869671423,0.0,0.0
leverage_cancer,30000,none,11,2.396177045360749,1.322314049586777,100.15954391377934,0.0,0.0
leverage_cancer,30000,none,12,2.3912653955091803,1.322314049586777,100.36527122866511,0.0,0.0
leverage_cancer,30000,none,13,2.397326217759132,1.322314049586777,100.11153184831755,0.0,0.0
leverage_cancer,30000,none,14,2.4142461181717603,1.322314049586777,99.40991442154422,0.0,0.0
leverage_cancer,30000,none,15,2.399810695522931,1.322314049586777,100.00788830874961,0.0,0.0
leverage_cancer,30000,none,16,2.4024450195677005,1.322314049586777,99.89822786587055,0.0,0.0
leverage_cancer,30000,none,17,2.3649435897017685,1.322314049586777,101.4823360037375,0.0,0.0
leverage_cancer,30000,none,18,2.357266977386388,1.322314049586777,101.81282065305102,0.0,0.0
leverage_cancer,30000,none,19,2.3890054660343174,1.322314049586777,100.46021384722627,0.0,0.0
leverage_cancer,30000,none,20,2.3740552946372704,1.1927338652926374,101.29502903458814,0.0,0.0
leverage_cancer,30000,none,21,2.4984260130514975,1.189632231381756,96.4470265444011,0.0,0.0
leverage_cancer,30000,none,22,2.4645759849222353,1.1865097575133918,97.97115227819552,0.0,0.0
leverage_cancer,30000,none,23,2.4676388241952405,1.183366457331076,98.05115519218968,0.0,0.0
leverage_cancer,30000,none,24,2.4000368469119167,1.1802023476439873,101.02273874216553,0.0,0.0
leverage_cancer,30000,none,25,2.4140097921138537,1.1770174484650904,100.64905109133039,0.0,0.0
leverage_cancer,30000,none,26,2.4110938226501455,1.1738117830486714,100.98462621111626,0.0,0.0
leverage_cancer,30000,none,27,2.43012519740033,1.1705853779272388,100.4084931930949,0.0,0.0
leverage_cancer,30000,none,28,2.390250387854796,1.167338262947766,102.30445860239013,0.0,0.0
leverage_cancer,30000,none,29,2.3724864703475865,1.1640704713072354,103.29570860734029,0.0,0.0
leverage_cancer,30000,none,30,2.341186398703394,1.1607820395874577,104.90770120025307,0.0,0.0
leverage_cancer,30000,none,31,2.3484515704278133,1.1574730077891358,104.81620658775675,0.0,0.0
leverage_cancer,30000,none,32,2.3285399618093097,1.1541434193651359,105.95036307438507,0.0,0.0
leverage_cancer,30000,none,33,2.3768818716328592,1.1507933212529413,104.03132490117632,0.0,0.0
leverage_cancer,30000,none,34,2.383146392305171,1.1474227639062518,103.99588253690969,0.0,0.0
leverage_cancer,30000,none,35,2.434106198283612,1.1440318013256994,102.05448776433127,0.0,0.0
leverage_cancer,30000,none,36,2.414514070949543,1.1406204910886477,103.1231922647921,0.0,0.0
leverage_cancer,30000,none,37,2.3866157810596014,1.1371888943780437,104.57498418071414,0.0,0.0
leverage_cancer,30000,none,38,2.434968316352089,1.1337370760102907,102.74272135710737,0.0,0.0
leverage_cancer,30000,none,39,2.397775885785919,1.130265104462109,104.58749542934635,0.0,0.0
leverage_cancer,30000,none,40,2.4611355748028334,1.1267730518963555,102.14256604263403,0.0,0.0
leverage_cancer,30000,none,41,2.4172741389128043,1.12326099418677,104.25104019785934,0.0,0.0
leverage_cancer,30000,none,42,2.447164666781574,1.1197290109416147,103.2326867804903,0.0,0.0
leverage_cancer,30000,none,43,2.472662229236825,1.116177185526181,102.42357777546752,0.0,0.0
leverage_cancer,30000,none,44,2.4968048636960876,1.1126056050841289,101.68917194379026,0.0,0.0
leverage_cancer,30000,none,45,2.5325341509040613,1.1090143605576295,100.50991621682572,0.0,0.0
leverage_cancer,30000,none,46,2.4891191740793515,1.1054035467062844,102.52595999622672,0.0,0.0
leverage_cancer,30000,none,47,2.4719303264892623,1.1017732621247855,103.50685135421915,0.0,0.0
leverage_cancer,30000,none,48,2.447810139544499,1.0981236092592943,104.8006385037649,0.0,0.0
leverage_cancer,30000,none,49,2.4057881074859493,1.094454694422503,106.91317724392678,0.0,0.0
leverage_cancer,30000,none,50,2.419928526823884,1.0907666278073598,106.57214578548965,0.0,0.0
leverage_cancer,30000,none,51,2.4391745284848567,1.0870595234994191,106.01608718043778,0.0,0.0
leverage_cancer,30000,none,52,2.4889851203043474,1.0833334994878008,104.17693469455924,0.0,0.0
leverage_cancer,30000,none,53,2.463238670571594,1.079588677674722,105.5546835651721,0.0,0.0
leverage_cancer,30000,none,54,2.4994269906963296,1.0758251838835837,104.31449125307506,0.0,0.0
leverage_cancer,30000,none,55,2.4383661611489313,1.0720431478655803,107.2255580741005,0.0,0.0
leverage_cancer,30000,none,56,2.465434793301838,1.0682427033048134,106.34742204480396,0.0,0.0
leverage_cancer,30000,none,57,2.577406771552916,1.0644239878218809,102.01686012589995,0.0,0.0
leverage_cancer,30000,none,58,2.5554598063487894,1.0605871429759222,103.18855839530386,0.0,0.0
leverage_cancer,30000,none,59,2.5704043628028757,1.0567323142650955,102.88596916609208,0.0,0.0
leverage_cancer,30000,none,60,2.6224132848180295,1.0528596511254649,101.1404449784575,0.0,0.0
leverage_cancer,30000,none,61,2.5059522422217775,1.0489693069282795,106.15319263490517,0.0,0.0
leverage_cancer,30000,none,62,2.524443783549179,1.0450614389756223,105.68942387006119,0.0,0.0
leverage_cancer,30000,none,63,2.5425357988020365,1.0411362084944122,105.25267463713473,0.0,0.0
leverage_cancer,30000,none,64,2.5176404223056768,1.0371937806287401,106.61570060786194,0.0,0.0
leverage_cancer,30000,none,65,2.5321047194810817,1.0332343244305215,106.33092517911493,0.0,0.0
leverage_cancer,30000,none,66,2.532492085403511,1.0292580128484552,106.64275378355984,0.0,0.0
leverage_cancer,30000,none,67,2.5591966423325814,1.025265022715265,105.85852943080098,0.0,0.0
leverage_cancer,30000,none,68,2.584800443019972,1.0212555347332202,105.13915971053926,0.0,0.0
leverage_cancer,30000,none,69,2.5282928751192895,1.0172297334579143,107.82964040306015,0.0,0.0
leverage_cancer,30000,none,70,2.6291669381246283,1.193584798398647,103.69250716053581,0.0,0.0
leverage_cancer,30000,none,71,2.6750537760205417,1.193584798398647,101.91380599581582,0.0,0.0
leverage_cancer,30000,none,72,2.696495684082,1.193584798398647,101.10341105572545,0.0,0.0
leverage_cancer,30000,none,73,2.714023109060018,1.193584798398647,100.4504754022355,0.0,0.0
leverage_cancer,30000,none,74,2.6967363898416763,1.193584798398647,101.09438675010341,0.0,0.0
leverage_cancer,30000,none,75,2.720241124631772,1.193584798398647,100.22086244087504,0.0,0.0
leverage_cancer,30000,none,76,2.702072155108604,1.193584798398647,100.89475628631925,0.0,0.0
leverage_cancer,30000,none,77,2.6927194090247135,1.193584798398647,101.24519868056922,0.0,0.0
leverage_cancer,30000,none,78,2.8052762991358655,1.193584798398647,97.18290909230979,0.0,0.0
leverage_cancer,30000,none,79,2.9073218447589886,1.193584798398647,93.77183748995363,0.0,0.0
leverage_cancer,30000,none,80,2.9335560913605665,1.193584798398647,92.9332533850717,0.0,0.0
leverage_cancer,30000,none,81,2.8636805817309643,1.193584798398647,95.20088004820101,0.0,0.0
leverage_cancer,30000,none,82,2.9291722206708988,1.193584798398647,93.0723395619565,0.0,0.0
leverage_cancer,30000,none,83,2.9421332286924606,1.193584798398647,92.66232708261539,0.0,0.0
leverage_cancer,30000,none,84,2.9483395162389936,1.193584798398647,92.46727185120866,0.0,0.0
leverage_cancer,30000,none,85,2.885450996809328,1.193584798398647,94.4825997250326,0.0,0.0
leverage_cancer,30000,none,86,2.901453183687669,1.193584798398647,93.96150628604425,0.0,0.0
leverage_cancer,30000,none,87,2.8253225167566205,1.193584798398647,96.49337728377172,0.0,0.0
leverage_cancer,30000,none,88,2.858513092226752,1.193584798398647,95.37297985413811,0.0,0.0
leverage_cancer,30000,none,89,2.9022096720999366,1.193584798398647,93.93701433034997,0.0,0.0
leverage_cancer,30000,none,90,2.838448079489838,1.193584798398647,96.04717223037304,0.0,0.0
leverage_cancer,30000,none,91,2.8430975672309646,1.193584798398647,95.89010053680822,0.0,0.0
leverage_cancer,30000,none,92,2.72136552436917,1.193584798398647,100.17945370309204,0.0,0.0
leverage_cancer,30000,none,93,2.705143858791252,1.193584798398647,100.78018981199392,0.0,0.0
leverage_cancer,30000,none,94,2.7147898766904435,1.193584798398647,100.42210408198689,0.0,0.0
leverage_cancer,30000,none,95,2.717741900114868,1.193584798398647,100.31302514275151,0.0,0.0
leverage_cancer,30000,none,96,2.6710075312142516,1.193584798398647,102.06819275938005,0.0,0.0
leverage_cancer,30000,none,97,2.720456180658539,1.193584798398647,100.21293983560432,0.0,0.0
leverage_cancer,30000,none,98,2.7021878328964104,1.193584798398647,100.89043708908716,0.0,0.0
leverage_cancer,30000,none,99,2.6758382427425964,1.193584798398647,101.8839282595444,0.0,0.0
leverage_cancer,30000,none,100,2.6971668481303106,1.193584798398647,101.07825244356573,0.0,0.0
leverage_cancer,30000,none,101,2.6922505151578684,1.193584798398647,101.26283197748626,0.0,0.0
leverage_cancer,30000,none,102,2.700229211265232,1.193584798398647,100.96361835519498,0.0,0.0
leverage_cancer,30000,none,103,2.6652873347286135,1.193584798398647,102.28724986062016,0.0,0.0
leverage_cancer,30000,none,104,2.711179905175916,1.193584798398647,100.55581742740996,0.0,0.0
leverage_cancer,30000,none,105,2.707142293511559,1.193584798398647,100.705793046474,0.0,0.0
leverage_cancer,30000,none,106,2.7298224846325287,1.193584798398647,99.86909884890595,0.0,0.0
leverage_cancer,30000,none,107,2.74288779484114,1.193584798398647,99.39338826418224,0.0,0.0
leverage_cancer,30000,none,108,2.73449388946592,1.193584798398647,99.69848995017466,0.0,0.0
leverage_cancer,30000,none,109,2.720853664875462,1.193584798398647,100.19829992224537,0.0,0.0
leverage_cancer,30000,none,110,2.7526414754528443,1.193584798398647,99.04119878629737,0.0,0.0
leverage_cancer,30000,none,111,2.75751334869141,1.193584798398647,98.86621643630751,0.0,0.0
leverage_cancer,30000,none,112,2.7204920430824546,1.193584798398647,100.2116187955596,0.0,0.0
leverage_cancer,30000,none,113,2.7419926395055265,1.193584798398647,99.42583638988013,0.0,0.0
leverage_cancer,30000,none,114,2.752982862834563,1.193584798398647,99.02891704782657,0.0,0.0
leverage_cancer,30000,none,115,2.751712680652551,1.193584798398647,99.0746284939461,0.0,0.0
leverage_cancer,30000,none,116,2.805016650902566,1.193584798398647,97.1919048929745,0.0,0.0
leverage_cancer,30000,none,117,2.798933312437436,1.193584798398647,97.40314652953204,0.0,0.0
leverage_cancer,30000,none,118,2.7779045306175263,1.193584798398647,98.140489909899,0.0,0.0
leverage_cancer,30000,none,119,2.766244915734573,1.193584798398647,98.55414826323751,0.0,0.0
leverage_cancer,30000,proportional,0,2.3423446892562083,1.322314049586777,102.46143580012982,0.0,0.0
leverage_cancer,30000,proportional,1,2.3202539782147538,1.322314049586777,103.43695227048396,0.0,0.0
leverage_cancer,30000,proportional,2,2.3228295430373627,1.322314049586777,103.32226086903167,0.0,0.0
leverage_cancer,30000,proportional,3,2.291350992676699,1.322314049586777,104.74170075516801,0.0,0.0
leverage_cancer,30000,proportional,4,2.3030078871255086,1.322314049586777,104.21154062983048,0.0,0.0
leverage_cancer,30000,proportional,5,2.313985260234634,1.322314049586777,103.71716887067137,0.0,0.0
leverage_cancer,30000,proportional,6,2.3263507400805654,1.322314049586777,103.16587084873039,0.0,0.0
leverage_cancer,30000,proportional,7,2.3536857287645545,1.322314049586777,101.96773386818111,0.0,0.0
leverage_cancer,30000,proportional,8,2.3839049184953613,1.322314049586777,100.67515618512157,0.0,0.0
leverage_cancer,30000,proportional,9,2.309529421373633,1.322314049586777,103.91727326740693,0.0,0.0
leverage_cancer,30000,proportional,10,2.347707659726132,1.322314049586777,102.22737869671423,0.0,0.0
leverage_cancer,30000,proportional,11,2.396177045360749,1.322314049586777,100.15954391377934,0.0,0.0
leverage_cancer,30000,proportional,12,2.3912653955091803,1.322314049586777,100.36527122866511,0.0,0.0
leverage_cancer,30000,proportional,13,2.397326217759132,1.322314049586777,100.11153184831755,0.0,0.0
leverage_cancer,30000,proportional,14,2.4142461181717603,1.322314049586777,99.40991442154422,0.0,0.0
leverage_cancer,30000,proportional,15,2.399810695522931,1.322314049586777,100.00788830874961,0.0,0.0
leverage_cancer,30000,proportional,16,2.4024450195677005,1.322314049586777,99.89822786587055,0.0,0.0
leverage_cancer,30000,proportional,17,2.3649435897017685,1.322314049586777,101.4823360037375,0.0,0.0
leverage_cancer,30000,proportional,18,2.357266977386388,1.322314049586777,101.81282065305102,0.0,0.0
leverage_cancer,30000,proportional,19,2.3890054660343174,1.322314049586777,100.46021384722627,0.0,0.0
leverage_cancer,30000,proportional,20,2.3740552946372704,1.1927338652926374,101.29502903458814,0.0,0.0
leverage_cancer,30000,proportional,21,2.4984260130514975,1.189632231381756,96.4470265444011,0.0,0.0
leverage_cancer,30000,proportional,22,2.4645759849222353,1.1865097575133918,97.97115227819552,0.0,0.0
leverage_cancer,30000,proportional,23,2.4676388241952405,1.183366457331076,98.05115519218968,0.0,0.0
leverage_cancer,30000,proportional,24,2.4000368469119167,1.1802023476439873,101.02273874216553,0.0,0.0
leverage_cancer,30000,proportional,25,2.4140097921138537,1.1770174484650904,100.64905109133039,0.0,0.0
leverage_cancer,30000,proportional,26,2.4110938226501455,1.1738117830486714,100.98462621111626,0.0,0.0
leverage_cancer,30000,proportional,27,2.43012519740033,1.1705853779272388,100.4084931930949,0.0,0.0
leverage_cancer,30000,proportional,28,2.390250387854796,1.167338262947766,102.30445860239013,0.0,0.0
leverage_cancer,30000,proportional,29,2.3724864703475865,1.1640704713072354,103.29570860734029,0.0,0.0
leverage_cancer,30000,proportional,30,2.341186398703394,1.1607820395874577,104.90770120025307,0.0,0.0
leverage_cancer,30000,proportional,31,2.3484515704278133,1.1574730077891358,104.81620658775675,0.0,0.0
leverage_cancer,30000,proportional,32,2.3285399618093097,1.1541434193651359,105.95036307438507,0.0,0.0
leverage_cancer,30000,proportional,33,2.3768818716328592,1.1507933212529413,104.03132490117632,0.0,0.0
leverage_cancer,30000,proportional,34,2.383146392305171,1.1474227639062518,103.99588253690969,0.0,0.0
leverage_cancer,30000,proportional,35,2.434106198283612,1.1440318013256994,102.05448776433127,0.0,0.0
leverage_cancer,30000,proportional,36,2.414514070949543,1.1406204910886477,103.1231922647921,0.0,0.0
leverage_cancer,30000,proportional,37,2.3866157810596014,1.1371888943780437,104.57498418071414,0.0,0.0
leverage_cancer,30000,proportional,38,2.434968316352089,1.1337370760102907,102.74272135710737,0.0,0.0
leverage_cancer,30000,proportional,39,2.397775885785919,1.130265104462109,104.58749542934635,0.0,0.0
leverage_cancer,30000,proportional,40,2.4611355748028334,1.1267730518963555,102.14256604263403,0.0,0.0
leverage_cancer,30000,proportional,41,2.4172741389128043,1.12326099418677,104.25104019785934,0.0,0.0
leverage_cancer,30000,proportional,42,2.447164666781574,1.1197290109416147,103.2326867804903,0.0,0.0
leverage_cancer,30000,proportional,43,2.472662229236825,1.116177185526181,102.42357777546752,0.0,0.0
leverage_cancer,30000,proportional,44,2.4968048636960876,1.1126056050841289,101.68917194379026,0.0,0.0
leverage_cancer,30000,proportional,45,2.5325341509040613,1.1090143605576295,100.50991621682572,0.0,0.0
leverage_cancer,30000,proportional,46,2.4891191740793515,1.1054035467062844,102.52595999622672,0.0,0.0
leverage_cancer,30000,proportional,47,2.4719303264892623,1.1017732621247855,103.50685135421915,0.0,0.0
leverage_cancer,30000,proportional,48,2.447810139544499,1.0981236092592943,104.8006385037649,0.0,0.0
leverage_cancer,30000,proportional,49,2.4057881074859493,1.094454694422503,106.91317724392678,0.0,0.0
leverage_cancer,30000,proportional,50,2.419928526823884,1.0907666278073598,106.57214578548965,0.0,0.0
leverage_cancer,30000,proportional,51,2.4391745284848567,1.0870595234994191,106.01608718043778,0.0,0.0
leverage_cancer,30000,proportional,52,2.4889851203043474,1.0833334994878008,104.17693469455924,0.0,0.0
leverage_cancer,30000,proportional,53,2.463238670571594,1.079588677674722,105.5546835651721,0.0,0.0
leverage_cancer,30000,proportional,54,2.4994269906963296,1.0758251838835837,104.31449125307506,0.0,0.0
leverage_cancer,30000,proportional,55,2.4383661611489313,1.0720431478655803,107.2255580741005,0.0,0.0
leverage_cancer,30000,proportional,56,2.465434793301838,1.0682427033048134,106.34742204480396,0.0,0.0
leverage_cancer,30000,proportional,57,2.577406771552916,1.0644239878218809,102.01686012589995,0.0,0.0
leverage_cancer,30000,proportional,58,2.5554598063487894,1.0605871429759222,103.18855839530386,0.0,0.0
leverage_cancer,30000,proportional,59,2.5704043628028757,1.0567323142650955,102.88596916609208,0.0,0.0
leverage_cancer,30000,proportional,60,2.6224132848180295,1.0528596511254649,101.1404449784575,0.0,0.0
leverage_cancer,30000,proportional,61,2.5059522422217775,1.0489693069282795,106.15319263490517,0.0,0.0
leverage_cancer,30000,proportional,62,2.524443783549179,1.0450614389756223,105.68942387006119,0.0,0.0
leverage_cancer,30000,proportional,63,2.5425357988020365,1.0411362084944122,105.25267463713473,0.0,0.0
leverage_cancer,30000,proportional,64,2.5176404223056768,1.0371937806287401,106.61570060786194,0.0,0.0
leverage_cancer,30000,proportional,65,2.5321047194810817,1.0332343244305215,106.33092517911493,0.0,0.0
leverage_cancer,30000,proportional,66,2.532492085403511,1.0292580128484552,106.64275378355984,0.0,0.0
leverage_cancer,30000,proportional,67,2.5591966423325814,1.025265022715265,105.85852943080098,0.0,0.0
leverage_cancer,30000,proportional,68,2.584800443019972,1.0212555347332202,105.13915971053926,0.0,0.0
leverage_cancer,30000,proportional,69,2.5282928751192895,1.0172297334579143,107.82964040306015,0.0,0.0
leverage_cancer,30000,proportional,70,2.6291669381246283,1.193584798398647,103.69250716053581,0.0,0.0
leverage_cancer,30000,proportional,71,2.6750537760205417,1.193584798398647,101.91380599581582,0.0,0.0
leverage_cancer,30000,proportional,72,2.696495684082,1.193584798398647,101.10341105572545,0.0,0.0
leverage_cancer,30000,proportional,73,2.714023109060018,1.193584798398647,100.4504754022355,0.0,0.0
leverage_cancer,30000,proportional,74,2.6967363898416763,1.193584798398647,101.09438675010341,0.0,0.0
leverage_cancer,30000,proportional,75,2.720241124631772,1.193584798398647,100.22086244087504,0.0,0.0
leverage_cancer,30000,proportional,76,2.702072155108604,1.193584798398647,100.89475628631925,0.0,0.0
leverage_cancer,30000,proportional,77,2.6927194090247135,1.193584798398647,101.24519868056922,0.0,0.0
leverage_cancer,30000,proportional,78,2.8052762991358655,1.193584798398647,97.18290909230979,0.0,0.0
leverage_cancer,30000,proportional,79,2.9073218447589886,1.193584798398647,93.77183748995363,0.0,0.0
leverage_cancer,30000,proportional,80,2.9335560913605665,1.193584798398647,92.9332533850717,0.0,0.0
leverage_cancer,30000,proportional,81,2.8636805817309643,1.193584798398647,95.20088004820101,0.0,0.0
leverage_cancer,30000,proportional,82,2.9291722206708988,1.193584798398647,93.0723395619565,0.0,0.0
leverage_cancer,30000,proportional,83,2.9421332286924606,1.193584798398647,92.66232708261539,0.0,0.0
leverage_cancer,30000,proportional,84,2.9483395162389936,1.193584798398647,92.46727185120866,0.0,0.0
leverage_cancer,30000,proportional,85,2.885450996809328,1.193584798398647,94.4825997250326,0.0,0.0
leverage_cancer,30000,proportional,86,2.901453183687669,1.193584798398647,93.96150628604425,0.0,0.0
leverage_cancer,30000,proportional,87,2.8253225167566205,1.193584798398647,96.49337728377172,0.0,0.0
leverage_cancer,30000,proportional,88,2.858513092226752,1.193584798398647,95.37297985413811,0.0,0.0
leverage_cancer,30000,proportional,89,2.9022096720999366,1.193584798398647,93.93701433034997,0.0,0.0
leverage_cancer,30000,proportional,90,2.838448079489838,1.193584798398647,96.04717223037304,0.0,0.0
leverage_cancer,30000,proportional,91,2.8430975672309646,1.193584798398647,95.89010053680822,0.0,0.0
leverage_cancer,30000,proportional,92,2.72136552436917,1.193584798398647,100.17945370309204,0.0,0.0
leverage_cancer,30000,proportional,93,2.705143858791252,1.193584798398647,100.78018981199392,0.0,0.0
leverage_cancer,30000,proportional,94,2.7147898766904435,1.193584798398647,100.42210408198689,0.0,0.0
leverage_cancer,30000,proportional,95,2.717741900114868,1.193584798398647,100.31302514275151,0.0,0.0
leverage_cancer,30000,proportional,96,2.6710075312142516,1.193584798398647,102.06819275938005,0.0,0.0
leverage_cancer,30000,proportional,97,2.720456180658539,1.193584798398647,100.21293983560432,0.0,0.0
leverage_cancer,30000,proportional,98,2.7021878328964104,1.193584798398647,100.89043708908716,0.0,0.0
leverage_cancer,30000,proportional,99,2.6758382427425964,1.193584798398647,101.8839282595444,0.0,0.0
leverage_cancer,30000,proportional,100,2.6971668481303106,1.193584798398647,101.07825244356573,0.0,0.0
leverage_cancer,30000,proportional,101,2.6922505151578684,1.193584798398647,101.26283197748626,0.0,0.0
leverage_cancer,30000,proportional,102,2.700229211265232,1.193584798398647,100.96361835519498,0.0,0.0
leverage_cancer,30000,proportional,103,2.6652873347286135,1.193584798398647,102.28724986062016,0.0,0.0
leverage_cancer,30000,proportional,104,2.711179905175916,1.193584798398647,100.55581742740996,0.0,0.0
leverage_cancer,30000,proportional,105,2.707142293511559,1.193584798398647,100.705793046474,0.0,0.0
leverage_cancer,30000,proportional,106,2.7298224846325287,1.193584798398647,99.86909884890595,0.0,0.0
leverage_cancer,30000,proportional,107,2.74288779484114,1.193584798398647,99.39338826418224,0.0,0.0
leverage_cancer,30000,proportional,108,2.73449388946592,1.193584798398647,99.69848995017466,0.0,0.0
leverage_cancer,30000,proportional,109,2.720853664875462,1.193584798398647,100.19829992224537,0.0,0.0
leverage_cancer,30000,proportional,110,2.7526414754528443,1.193584798398647,99.04119878629737,0.0,0.0
leverage_cancer,30000,proportional,111,2.75751334869141,1.193584798398647,98.86621643630751,0.0,0.0
leverage_cancer,30000,proportional,112,2.7204920430824546,1.193584798398647,100.2116187955596,0.0,0.0
leverage_cancer,30000,proportional,113,2.7419926395055265,1.193584798398647,99.42583638988013,0.0,0.0
leverage_cancer,30000,proportional,114,2.752982862834563,1.193584798398647,99.02891704782657,0.0,0.0
leverage_cancer,30000,proportional,115,2.751712680652551,1.193584798398647,99.0746284939461,0.0,0.0
leverage_cancer,30000,proportional,116,2.805016650902566,1.193584798398647,97.1919048929745,0.0,0.0
leverage_cancer,30000,proportional,117,2.798933312437436,1.193584798398647,97.40314652953204,0.0,0.0
leverage_cancer,30000,proportional,118,2.7779045306175263,1.193584798398647,98.140489909899,0.0,0.0
leverage_cancer,30000,proportional,119,2.766244915734573,1.193584798398647,98.55414826323751,0.0,0.0
leverage_cancer,30000,vol_target,0,2.3423446892562083,1.322314049586777,102.46143580012982,0.0,0.0
leverage_cancer,30000,vol_target,1,2.3202539782147538,1.322314049586777,103.43695227048396,0.0,0.0
leverage_cancer,30000,vol_target,2,2.3228295430373627,1.322314049586777,103.32226086903167,0.0,0.0
leverage_cancer,30000,vol_target,3,2.291350992676699,1.322314049586777,104.74170075516801,0.0,0.0
leverage_cancer,30000,vol_target,4,2.3030078871255086,1.322314049586777,104.21154062983048,0.0,0.0
leverage_cancer,30000,vol_target,5,2.313985260234634,1.322314049586777,103.71716887067137,0.0,0.0
leverage_cancer,30000,vol_target,6,2.3263507400805654,1.322314049586777,103.16587084873039,0.0,0.0
leverage_cancer,30000,vol_target,7,2.3536857287645545,1.322314049586777,101.96773386818111,0.0,0.0
leverage_cancer,30000,vol_target,8,2.3839049184953613,1.322314049586777,100.67515618512157,0.0,0.0
leverage_cancer,30000,vol_target,9,2.309529421373633,1.322314049586777,103.91727326740693,0.0,0.0
leverage_cancer,30000,vol_target,10,2.347707659726132,1.322314049586777,102.22737869671423,0.0,0.0
leverage_cancer,30000,vol_target,11,2.396177045360749,1.322314049586777,100.15954391377934,0.0,0.0
leverage_cancer,30000,vol_target,12,2.3912653955091803,1.322314049586777,100.36527122866511,0.0,0.0
leverage_cancer,30000,vol_target,13,2.397326217759132,1.322314049586777,100.11153184831755,0.0,0.0
leverage_cancer,30000,vol_target,14,2.4142461181717603,1.322314049586777,99.40991442154422,0.0,0.0
leverage_cancer,30000,vol_target,15,2.399810695522931,1.322314049586777,100.00788830874961,0.0,0.0
leverage_cancer,30000,vol_target,16,2.4024450195677005,1.322314049586777,99.89822786587055,0.0,0.0
leverage_cancer,30000,vol_target,17,2.3649435897017685,1.322314049586777,101.4823360037375,0.0,0.0
leverage_cancer,30000,vol_target,18,2.357266977386388,1.322314049586777,101.81282065305102,0.0,0.0
leverage_cancer,30000,vol_target,19,2.3890054660343174,1.322314049586777,100.16830045976808,0.0,72.97834686454803
leverage_cancer,30000,vol_target,20,1.6611107925961137,2.126982507879802,100.58967226607804,0.0,39.89893660559656
leverage_cancer,30000,vol_target,21,1.3029379563317152,2.946493197544892,97.87116937472994,0.0,37.25349949546168
leverage_cancer,30000,vol_target,22,0.9207861595869765,4.115407827102545,98.33519547549254,0.0,27.03610881287959
leverage_cancer,30000,vol_target,23,0.6480543920046133,5.420312731863668,98.2871733604436,0.0,17.27449019754532
leverage_cancer,30000,vol_target,24,0.4710036816727911,6.614824869280136,98.80608990781923,0.0,12.938789191738193
leverage_cancer,30000,vol_target,25,0.3411931144264853,7.81327507316614,98.71688868150885,0.0,9.344747070335583
leverage_cancer,30000,vol_target,26,0.24709948474410082,8.92114362146971,98.72353273197241,0.0,6.746579160493351
leverage_cancer,30000,vol_target,27,0.1792880321173799,9.897981247758842,98.66303005588735,0.0,4.682029945578639
leverage_cancer,30000,vol_target,28,0.13201741958550056,10.689657000595032,98.75119825016898,0.0,3.2313073268134804
leverage_cancer,30000,vol_target,29,0.09948998096614511,11.302608513523504,98.7909534282687,0.0,0.0
leverage_cancer,30000,vol_target,30,0.0996443249138004,11.296630308213206,98.85560417460577,0.0,0.0
leverage_cancer,30000,vol_target,31,0.099870074549331,11.290586799298454,98.85193468194822,0.0,0.0
leverage_cancer,30000,vol_target,32,0.10004875257156429,11.284477347927476,98.89742128259759,0.0,0.0
leverage_cancer,30000,vol_target,33,0.10035415872651747,11.278301310716529,98.82045613356853,0.0,0.0
leverage_cancer,30000,vol_target,34,0.10058581974916918,11.27205803975908,98.81903467833861,0.0,0.0
leverage_cancer,30000,vol_target,35,0.10089829993052606,11.265746882636277,98.74117289315801,0.0,0.0
leverage_cancer,30000,vol_target,36,0.10109038038622528,11.259367182428678,98.78403446949052,0.0,0.0
leverage_cancer,30000,vol_target,37,0.10126937944936058,11.252918277729302,98.84226019044182,0.0,0.0
leverage_cancer,30000,vol_target,38,0.10158631615304338,11.246399502658042,98.76877526281085,0.0,0.0
leverage_cancer,30000,vol_target,39,0.10175458320686234,11.239810186877431,98.84276196790981,0.0,0.0
leverage_cancer,30000,vol_target,40,0.10210311330268626,11.233149655609852,98.74470536995312,0.0,0.0
leverage_cancer,30000,vol_target,41,0.10226598947715795,11.226417229656152,98.82926805861997,0.0,0.0
leverage_cancer,30000,vol_target,42,0.10256161708953405,11.219612225415768,98.78842586817984,0.0,0.0
leverage_cancer,30000,vol_target,43,0.10285178990480923,11.212733954908346,98.75597565639056,0.0,0.0
leverage_cancer,30000,vol_target,44,0.10314210200736358,11.205781725796903,98.72652149801478,0.0,0.0
leverage_cancer,30000,vol_target,45,0.10345440500985541,11.19875484141257,98.67922614243702,0.0,0.0
leverage_cancer,30000,vol_target,46,0.10363551135533955,11.191652600780948,98.76008180862279,0.0,0.0
leverage_cancer,30000,vol_target,47,0.10386313384597068,11.184474298650104,98.79942154172616,0.0,0.0
leverage_cancer,30000,vol_target,48,0.10408058595172587,11.177219225520261,98.85131030671627,0.0,0.0
leverage_cancer,30000,vol_target,49,0.10426645423877862,11.169886667675193,98.93603601005879,0.0,0.0
leverage_cancer,30000,vol_target,50,0.10455920867630511,11.16247590721537,98.92235856612429,0.0,0.0
leverage_cancer,30000,vol_target,51,0.10486452779420855,11.15498622209291,98.90005722058349,0.0,0.0
leverage_cancer,30000,vol_target,52,0.10522813118724982,11.147416886148337,98.82629597542486,0.0,0.0
leverage_cancer,30000,vol_target,53,0.10545792654276404,11.13976716914921,98.88155211812787,0.0,0.0
leverage_cancer,30000,vol_target,54,0.10580320876696746,11.132036336830641,98.8318128333873,0.0,0.0
leverage_cancer,30000,vol_target,55,0.1059737350482159,11.124223650937772,98.94856438884968,0.0,0.0
leverage_cancer,30000,vol_target,56,0.10631048415197528,11.116328369270184,98.91334577188512,0.0,0.0
leverage_cancer,30000,vol_target,57,0.1068006201937934,11.108349745728365,98.73966379509007,0.0,0.0
leverage_cancer,30000,vol_target,58,0.107056444530481,11.100287030362178,98.78665605047131,0.0,0.0
leverage_cancer,30000,vol_target,59,0.1073799442037988,11.092139469421465,98.77452037466975,0.0,0.0
leverage_cancer,30000,vol_target,60,0.10777039680383538,11.083906305408721,98.70451419599614,0.0,0.0
leverage_cancer,30000,vol_target,61,0.10786875414183492,11.075586777133982,98.905555986519,0.0,0.0
leverage_cancer,30000,vol_target,62,0.10821033133090066,11.06718011977188,98.8869560271229,0.0,0.0
leverage_cancer,30000,vol_target,63,0.10855470340431457,11.058685564920955,98.86943971594692,0.0,0.0
leverage_cancer,30000,vol_target,64,0.10882363727188392,11.050102340665239,98.92410538046161,0.0,0.0
leverage_cancer,30000,vol_target,65,0.10916910981487163,11.04142967163816,98.91268414683566,0.0,0.0
leverage_cancer,30000,vol_target,66,0.10949216774067355,11.032666779088807,98.92519037800275,0.0,0.0
leverage_cancer,30000,vol_target,67,0.10986800058806756,11.02381288095058,98.89373819272319,0.0,0.0
leverage_cancer,30000,vol_target,68,0.11024526543954798,11.014867191912293,98.86488707423065,0.0,0.0
leverage_cancer,30000,vol_target,69,0.1104740352883023,11.005828923491734,98.97279177896795,0.0,0.0
leverage_cancer,30000,vol_target,70,0.11065955202489608,11.355059393398763,98.80686747323536,0.0,0.0
leverage_cancer,30000,vol_target,71,0.1107395039514792,11.355059393398763,98.735530695191,0.0,0.0
leverage_cancer,30000,vol_target,72,0.11077596921155111,11.355059393398763,98.70302890955317,0.0,0.0
leverage_cancer,30000,vol_target,73,0.11080536676578522,11.355059393398763,98.67684220280663,0.0,0.0
leverage_cancer,30000,vol_target,74,0.11077637541253099,11.355059393398763,98.70266697979233,0.0,0.0
leverage_cancer,30000,vol_target,75,0.11081570849078479,11.355059393398763,98.66763332096319,0.0,0.0
leverage_cancer,30000,vol_target,76,0.11078536191731453,11.355059393398763,98.69466057918477,0.0,0.0
leverage_cancer,30000,vol_target,77,0.11076958747478266,11.355059393398763,98.70871545911166,0.0,0.0
leverage_cancer,30000,vol_target,78,0.11095271930299618,11.355059393398763,98.54579284093526,0.0,0.0
leverage_cancer,30000,vol_target,79,0.11110696196841793,11.355059393398763,98.40898804054655,0.0,0.0
leverage_cancer,30000,vol_target,80,0.11114494696434556,11.355059393398763,98.37535569726818,0.0,0.0
leverage_cancer,30000,vol_target,81,0.11104229100791525,11.355059393398763,98.46630137333996,0.0,0.0
leverage_cancer,30000,vol_target,82,0.11113864503902098,11.355059393398763,98.38093390226757,0.0,0.0
leverage_cancer,30000,vol_target,83,0.11115722455217542,11.355059393398763,98.36448989817384,0.0,0.0
leverage_cancer,30000,vol_target,84,0.11116606556447238,11.355059393398763,98.35666699232252,0.0,0.0
leverage_cancer,30000,vol_target,85,0.11107478718966222,11.355059393398763,98.43749394632309,0.0,0.0
leverage_cancer,30000,vol_target,86,0.11109837421974042,11.355059393398763,98.41659491745034,0.0,0.0
leverage_cancer,30000,vol_target,87,0.11098386417568912,11.355059393398763,98.51813840490304,0.0,0.0
leverage_cancer,30000,vol_target,88,0.11103450775347694,11.355059393398763,98.47320362645652,0.0,0.0
leverage_cancer,30000,vol_target,89,0.11109948308217099,11.355059393398763,98.415612640471,0.0,0.0
leverage_cancer,30000,vol_target,90,0.11100402775026713,11.355059393398763,98.50024285758575,0.0,0.0
leverage_cancer,30000,vol_target,91,0.11101112741171042,11.355059393398763,98.49394332354196,0.0,0.0
leverage_cancer,30000,vol_target,92,0.11081757373808349,11.355059393398763,98.66597257772263,0.0,0.0
leverage_cancer,30000,vol_target,93,0.11079051986569646,11.355059393398763,98.69006576398347,0.0,0.0
leverage_cancer,30000,vol_target,94,0.11080664450024445,11.355059393398763,98.67570433961998,0.0,0.0
leverage_cancer,30000,vol_target,95,0.11081155726795483,11.355059393398763,98.67132960808448,0.0,0.0
leverage_cancer,30000,vol_target,96,0.11073255974799126,11.355059393398763,98.74172254714672,0.0,0.0
leverage_cancer,30000,vol_target,97,0.11081606535790332,11.355059393398763,98.66731557611381,0.0,0.0
leverage_cancer,30000,vol_target,98,0.11078555636510933,11.355059393398763,98.69448735300135,0.0,0.0
leverage_cancer,30000,vol_target,99,0.11074084793074924,11.355059393398763,98.7343324155232,0.0,0.0
leverage_cancer,30000,vol_target,100,0.11077710165545732,11.355059393398763,98.70201989557877,0.0,0.0
leverage_cancer,30000,vol_target,101,0.1107687938669457,11.355059393398763,98.70942266199282,0.0,0.0
leverage_cancer,30000,vol_target,102,0.11078226187845695,11.355059393398763,98.69742236864134,0.0,0.0
leverage_cancer,30000,vol_target,103,0.11072270821450392,11.355059393398763,98.75050807454176,0.0,0.0
leverage_cancer,30000,vol_target,104,0.11080062282649217,11.355059393398763,98.68106706126949,0.0,0.0
leverage_cancer,30000,vol_target,105,0.1107938695729047,11.355059393398763,98.68708199939482,0.0,0.0
leverage_cancer,30000,vol_target,106,0.11083155560200651,11.355059393398763,98.65352545294014,0.0,0.0
leverage_cancer,30000,vol_target,107,0.11085299379283954,11.355059393398763,98.63444655364616,0.0,0.0
leverage_cancer,30000,vol_target,108,0.11083924324351141,11.355059393398763,98.64668299430652,0.0,0.0
leverage_cancer,30000,vol_target,109,0.1108167248065863,11.355059393398763,98.66672842619197,0.0,0.0
leverage_cancer,30000,vol_target,110,0.11086887077254737,11.355059393398763,98.62032160499724,0.0,0.0
leverage_cancer,30000,vol_target,111,0.11087676080629909,11.355059393398763,98.6133037442624,0.0,0.0
leverage_cancer,30000,vol_target,112,0.11081612486326924,11.355059393398763,98.66726259434131,0.0,0.0
leverage_cancer,30000,vol_target,113,0.11085153123449135,11.355059393398763,98.63574792162565,0.0,0.0
leverage_cancer,30000,vol_target,114,0.11086942452507931,11.355059393398763,98.6198290322882,0.0,0.0
leverage_cancer,30000,vol_target,115,0.11086736353957909,11.355059393398763,98.62166234040683,0.0,0.0
leverage_cancer,30000,vol_target,116,0.11095231309487939,11.355059393398763,98.54615362747329,0.0,0.0
leverage_cancer,30000,vol_target,117,0.1109427752693876,11.355059393398763,98.55462570701071,0.0,0.0
leverage_cancer,30000,vol_target,118,0.1109094961361911,11.355059393398763,98.5841976790266,0.0,0.0
leverage_cancer,30000,vol_target,119,0.11089083488981683,11.355059393398763,98.60078790493054,0.0,0.0
leverage_cancer,30000,liquidate,0,2.3423446892562083,1.322314049586777,102.46143580012982,0.0,0.0
leverage_cancer,30000,liquidate,1,2.3202539782147538,1.322314049586777,103.43695227048396,0.0,0.0
leverage_cancer,30000,liquidate,2,2.3228295430373627,1.322314049586777,103.32226086903167,0.0,0.0
leverage_cancer,30000,liquidate,3,2.291350992676699,1.322314049586777,104.74170075516801,0.0,0.0
leverage_cancer,30000,liquidate,4,2.3030078871255086,1.322314049586777,104.21154062983048,0.0,0.0
leverage_cancer,30000,liquidate,5,2.313985260234634,1.322314049586777,103.71716887067137,0.0,0.0
leverage_cancer,30000,liquidate,6,2.3263507400805654,1.322314049586777,103.16587084873039,0.0,0.0
leverage_cancer,30000,liquidate,7,2.3536857287645545,1.322314049586777,101.96773386818111,0.0,0.0
leverage_cancer,30000,liquidate,8,2.3839049184953613,1.322314049586777,100.67515618512157,0.0,0.0
leverage_cancer,30000,liquidate,9,2.309529421373633,1.322314049586777,103.91727326740693,0.0,0.0
leverage_cancer,30000,liquidate,10,2.347707659726132,1.322314049586777,102.22737869671423,0.0,0.0
leverage_cancer,30000,liquidate,11,2.396177045360749,1.322314049586777,100.15954391377934,0.0,0.0
leverage_cancer,30000,liquidate,12,2.3912653955091803,1.322314049586777,100.36527122866511,0.0,0.0
leverage_cancer,30000,liquidate,13,2.397326217759132,1.322314049586777,100.11153184831755,0.0,0.0
leverage_cancer,30000,liquidate,14,2.4142461181717603,1.322314049586777,99.40991442154422,0.0,0.0
leverage_cancer,30000,liquidate,15,2.399810695522931,1.322314049586777,100.00788830874961,0.0,0.0
leverage_cancer,30000,liquidate,16,2.4024450195677005,1.322314049586777,99.89822786587055,0.0,0.0
leverage_cancer,30000,liquidate,17,2.3649435897017685,1.322314049586777,101.4823360037375,0.0,0.0
leverage_cancer,30000,liquidate,18,2.357266977386388,1.322314049586777,101.81282065305102,0.0,0.0
leverage_cancer,30000,liquidate,19,2.3890054660343174,1.322314049586777,100.46021384722627,0.0,0.0
leverage_cancer,30000,liquidate,20,2.3740552946372704,1.1927338652926374,101.29502903458814,0.0,0.0
leverage_cancer,30000,liquidate,21,2.4984260130514975,1.189632231381756,96.4470265444011,0.0,0.0
leverage_cancer,30000,liquidate,22,2.4645759849222353,1.1865097575133918,97.97115227819552,0.0,0.0
leverage_cancer,30000,liquidate,23,2.4676388241952405,1.183366457331076,98.05115519218968,0.0,0.0
leverage_cancer,30000,liquidate,24,2.4000368469119167,1.1802023476439873,101.02273874216553,0.0,0.0
leverage_cancer,30000,liquidate,25,2.4140097921138537,1.1770174484650904,100.64905109133039,0.0,0.0
leverage_cancer,30000,liquidate,26,2.4110938226501455,1.1738117830486714,100.98462621111626,0.0,0.0
leverage_cancer,30000,liquidate,27,2.43012519740033,1.1705853779272388,100.4084931930949,0.0,0.0
leverage_cancer,30000,liquidate,28,2.390250387854796,1.167338262947766,102.30445860239013,0.0,0.0
leverage_cancer,30000,liquidate,29,2.3724864703475865,1.1640704713072354,103.29570860734029,0.0,0.0
leverage_cancer,30000,liquidate,30,2.341186398703394,1.1607820395874577,104.90770120025307,0.0,0.0
leverage_cancer,30000,liquidate,31,2.3484515704278133,1.1574730077891358,104.81620658775675,0.0,0.0
leverage_cancer,30000,liquidate,32,2.3285399618093097,1.1541434193651359,105.95036307438507,0.0,0.0
leverage_cancer,30000,liquidate,33,2.3768818716328592,1.1507933212529413,104.03132490117632,0.0,0.0
leverage_cancer,30000,liquidate,34,2.383146392305171,1.1474227639062518,103.99588253690969,0.0,0.0
leverage_cancer,30000,liquidate,35,2.434106198283612,1.1440318013256994,102.05448776433127,0.0,0.0
leverage_cancer,30000,liquidate,36,2.414514070949543,1.1406204910886477,103.1231922647921,0.0,0.0
leverage_cancer,30000,liquidate,37,2.3866157810596014,1.1371888943780437,104.57498418071414,0.0,0.0
leverage_cancer,30000,liquidate,38,2.434968316352089,1.1337370760102907,102.74272135710737,0.0,0.0
leverage_cancer,30000,liquidate,39,2.397775885785919,1.130265104462109,104.58749542934635,0.0,0.0
leverage_cancer,30000,liquidate,40,2.4611355748028334,1.1267730518963555,102.14256604263403,0.0,0.0
leverage_cancer,30000,liquidate,41,2.4172741389128043,1.12326099418677,104.25104019785934,0.0,0.0
leverage_cancer,30000,liquidate,42,2.447164666781574,1.1197290109416147,103.2326867804903,0.0,0.0
leverage_cancer,30000,liquidate,43,2.472662229236825,1.116177185526181,102.42357777546752,0.0,0.0
leverage_cancer,30000,liquidate,44,2.4968048636960876,1.1126056050841289,101.68917194379026,0.0,0.0
leverage_cancer,30000,liquidate,45,2.5325341509040613,1.1090143605576295,100.50991621682572,0.0,0.0
leverage_cancer,30000,liquidate,46,2.4891191740793515,1.1054035467062844,102.52595999622672,0.0,0.0
leverage_cancer,30000,liquidate,47,2.4719303264892623,1.1017732621247855,103.50685135421915,0.0,0.0
leverage_cancer,30000,liquidate,48,2.447810139544499,1.0981236092592943,104.8006385037649,0.0,0.0
leverage_cancer,30000,liquidate,49,2.4057881074859493,1.094454694422503,106.91317724392678,0.0,0.0
leverage_cancer,30000,liquidate,50,2.419928526823884,1.0907666278073598,106.57214578548965,0.0,0.0
leverage_cancer,30000,liquidate,51,2.4391745284848567,1.0870595234994191,106.01608718043778,0.0,0.0
leverage_cancer,30000,liquidate,52,2.4889851203043474,1.0833334994878008,104.17693469455924,0.0,0.0
leverage_cancer,30000,liquidate,53,2.463238670571594,1.079588677674722,105.5546835651721,0.0,0.0
leverage_cancer,30000,liquidate,54,2.4994269906963296,1.0758251838835837,104.31449125307506,0.0,0.0
leverage_cancer,30000,liquidate,55,2.4383661611489313,1.0720431478655803,107.2255580741005,0.0,0.0
leverage_cancer,30000,liquidate,56,2.465434793301838,1.0682427033048134,106.34742204480396,0.0,0.0
leverage_cancer,30000,liquidate,57,2.577406771552916,1.0644239878218809,102.01686012589995,0.0,0.0
leverage_cancer,30000,liquidate,58,2.5554598063487894,1.0605871429759222,103.18855839530386,0.0,0.0
leverage_cancer,30000,liquidate,59,2.5704043628028757,1.0567323142650955,102.88596916609208,0.0,0.0
leverage_cancer,30000,liquidate,60,2.6224132848180295,1.0528596511254649,101.1404449784575,0.0,0.0
leverage_cancer,30000,liquidate,61,2.5059522422217775,1.0489693069282795,106.15319263490517,0.0,0.0
leverage_cancer,30000,liquidate,62,2.524443783549179,1.0450614389756223,105.68942387006119,0.0,0.0
leverage_cancer,30000,liquidate,63,2.5425357988020365,1.0411362084944122,105.25267463713473,0.0,0.0
leverage_cancer,30000,liquidate,64,2.5176404223056768,1.0371937806287401,106.61570060786194,0.0,0.0
leverage_cancer,30000,liquidate,65,2.5321047194810817,1.0332343244305215,106.33092517911493,0.0,0.0
leverage_cancer,30000,liquidate,66,2.532492085403511,1.0292580128484552,106.64275378355984,0.0,0.0
leverage_cancer,30000,liquidate,67,2.5591966423325814,1.025265022715265,105.85852943080098,0.0,0.0
leverage_cancer,30000,liquidate,68,2.584800443019972,1.0212555347332202,105.13915971053926,0.0,0.0
leverage_cancer,30000,liquidate,69,2.5282928751192895,1.0172297334579143,107.82964040306015,0.0,0.0
leverage_cancer,30000,liquidate,70,2.6291669381246283,1.193584798398647,103.69250716053581,0.0,0.0
leverage_cancer,30000,liquidate,71,2.6750537760205417,1.193584798398647,101.91380599581582,0.0,0.0
leverage_cancer,30000,liquidate,72,2.696495684082,1.193584798398647,101.10341105572545,0.0,0.0
leverage_cancer,30000,liquidate,73,2.714023109060018,1.193584798398647,100.4504754022355,0.0,0.0
leverage_cancer,30000,liquidate,74,2.6967363898416763,1.193584798398647,101.09438675010341,0.0,0.0
leverage_cancer,30000,liquidate,75,2.720241124631772,1.193584798398647,100.22086244087504,0.0,0.0
leverage_cancer,30000,liquidate,76,2.702072155108604,1.193584798398647,100.89475628631925,0.0,0.0
leverage_cancer,30000,liquidate,77,2.6927194090247135,1.193584798398647,101.24519868056922,0.0,0.0
leverage_cancer,30000,liquidate,78,2.8052762991358655,1.193584798398647,97.18290909230979,0.0,0.0
leverage_cancer,30000,liquidate,79,2.9073218447589886,1.193584798398647,93.77183748995363,0.0,0.0
leverage_cancer,30000,liquidate,80,2.9335560913605665,1.193584798398647,92.9332533850717,0.0,0.0
leverage_cancer,30000,liquidate,81,2.8636805817309643,1.193584798398647,95.20088004820101,0.0,0.0
leverage_cancer,30000,liquidate,82,2.9291722206708988,1.193584798398647,93.0723395619565,0.0,0.0
leverage_cancer,30000,liquidate,83,2.9421332286924606,1.193584798398647,92.66232708261539,0.0,0.0
leverage_cancer,30000,liquidate,84,2.9483395162389936,1.193584798398647,92.46727185120866,0.0,0.0
leverage_cancer,30000,liquidate,85,2.885450996809328,1.193584798398647,94.4825997250326,0.0,0.0
leverage_cancer,30000,liquidate,86,2.901453183687669,1.193584798398647,93.96150628604425,0.0,0.0
leverage_cancer,30000,liquidate,87,2.8253225167566205,1.193584798398647,96.49337728377172,0.0,0.0
leverage_cancer,30000,liquidate,88,2.858513092226752,1.193584798398647,95.37297985413811,0.0,0.0
leverage_cancer,30000,liquidate,89,2.9022096720999366,1.193584798398647,93.93701433034997,0.0,0.0
leverage_cancer,30000,liquidate,90,2.838448079489838,1.193584798398647,96.04717223037304,0.0,0.0
leverage_cancer,30000,liquidate,91,2.8430975672309646,1.193584798398647,95.89010053680822,0.0,0.0
leverage_cancer,30000,liquidate,92,2.72136552436917,1.193584798398647,100.17945370309204,0.0,0.0
leverage_cancer,30000,liquidate,93,2.705143858791252,1.193584798398647,100.78018981199392,0.0,0.0
leverage_cancer,30000,liquidate,94,2.7147898766904435,1.193584798398647,100.42210408198689,0.0,0.0
leverage_cancer,30000,liquidate,95,2.717741900114868,1.193584798398647,100.31302514275151,0.0,0.0
leverage_cancer,30000,liquidate,96,2.6710075312142516,1.193584798398647,102.06819275938005,0.0,0.0
leverage_cancer,30000,liquidate,97,2.720456180658539,1.193584798398647,100.21293983560432,0.0,0.0
leverage_cancer,30000,liquidate,98,2.7021878328964104,1.193584798398647,100.89043708908716,0.0,0.0
leverage_cancer,30000,liquidate,99,2.6758382427425964,1.193584798398647,101.8839282595444,0.0,0.0
leverage_cancer,30000,liquidate,100,2.6971668481303106,1.193584798398647,101.07825244356573,0.0,0.0
leverage_cancer,30000,liquidate,101,2.6922505151578684,1.193584798398647,101.26283197748626,0.0,0.0
leverage_cancer,30000,liquidate,102,2.700229211265232,1.193584798398647,100.96361835519498,0.0,0.0
leverage_cancer,30000,liquidate,103,2.6652873347286135,1.193584798398647,102.28724986062016,0.0,0.0
leverage_cancer,30000,liquidate,104,2.711179905175916,1.193584798398647,100.55581742740996,0.0,0.0
leverage_cancer,30000,liquidate,105,2.707142293511559,1.193584798398647,100.705793046474,0.0,0.0
leverage_cancer,30000,liquidate,106,2.7298224846325287,1.193584798398647,99.86909884890595,0.0,0.0
leverage_cancer,30000,liquidate,107,2.74288779484114,1.193584798398647,99.39338826418224,0.0,0.0
leverage_cancer,30000,liquidate,108,2.73449388946592,1.193584798398647,99.69848995017466,0.0,0.0
leverage_cancer,30000,liquidate,109,2.720853664875462,1.193584798398647,100.19829992224537,0.0,0.0
leverage_cancer,30000,liquidate,110,2.7526414754528443,1.193584798398647,99.04119878629737,0.0,0.0
leverage_cancer,30000,liquidate,111,2.75751334869141,1.193584798398647,98.86621643630751,0.0,0.0
leverage_cancer,30000,liquidate,112,2.7204920430824546,1.193584798398647,100.2116187955596,0.0,0.0
leverage_cancer,30000,liquidate,113,2.7419926395055265,1.193584798398647,99.42583638988013,0.0,0.0
leverage_cancer,30000,liquidate,114,2.752982862834563,1.193584798398647,99.02891704782657,0.0,0.0
leverage_cancer,30000,liquidate,115,2.751712680652551,1.193584798398647,99.0746284939461,0.0,0.0
leverage_cancer,30000,liquidate,116,2.805016650902566,1.193584798398647,97.1919048929745,0.0,0.0
leverage_cancer,30000,liquidate,117,2.798933312437436,1.193584798398647,97.40314652953204,0.0,0.0
leverage_cancer,30000,liquidate,118,2.7779045306175263,1.193584798398647,98.140489909899,0.0,0.0
leverage_cancer,30000,liquidate,119,2.766244915734573,1.193584798398647,98.55414826323751,0.0,0.0
leverage_cancer,30000,immune,0,2.3423446892562083,1.322314049586777,102.46143580012982,0.0,0.0
leverage_cancer,30000,immune,1,2.3202539782147538,1.322314049586777,103.43695227048396,0.0,0.0
leverage_cancer,30000,immune,2,2.3228295430373627,1.322314049586777,103.32226086903167,0.0,0.0
leverage_cancer,30000,immune,3,2.291350992676699,1.322314049586777,104.74170075516801,0.0,0.0
leverage_cancer,30000,immune,4,2.3030078871255086,1.322314049586777,104.21154062983048,0.0,0.0
leverage_cancer,30000,immune,5,2.313985260234634,1.322314049586777,103.71716887067137,0.0,0.0
leverage_cancer,30000,immune,6,2.3263507400805654,1.322314049586777,103.16587084873039,0.0,0.0
leverage_cancer,30000,immune,7,2.3536857287645545,1.322314049586777,101.96773386818111,0.0,0.0
leverage_cancer,30000,immune,8,2.3839049184953613,1.322314049586777,100.67515618512157,0.0,0.0
leverage_cancer,30000,immune,9,2.309529421373633,1.322314049586777,103.91727326740693,0.0,0.0
leverage_cancer,30000,immune,10,2.347707659726132,1.322314049586777,102.22737869671423,0.0,0.0
leverage_cancer,30000,immune,11,2.396177045360749,1.322314049586777,100.15954391377934,0.0,0.0
leverage_cancer,30000,immune,12,2.3912653955091803,1.322314049586777,100.36527122866511,0.0,0.0
leverage_cancer,30000,immune,13,2.397326217759132,1.322314049586777,100.11153184831755,0.0,0.0
leverage_cancer,30000,immune,14,2.4142461181717603,1.322314049586777,99.40991442154422,0.0,0.0
leverage_cancer,30000,immune,15,2.399810695522931,1.322314049586777,100.00788830874961,0.0,0.0
leverage_cancer,30000,immune,16,2.4024450195677005,1.322314049586777,99.89822786587055,0.0,0.0
leverage_cancer,30000,immune,17,2.3649435897017685,1.322314049586777,101.4823360037375,0.0,0.0
leverage_cancer,30000,immune,18,2.357266977386388,1.322314049586777,101.81282065305102,0.0,0.0
leverage_cancer,30000,immune,19,2.3890054660343174,1.322314049586777,100.46021384722627,0.0,0.0
leverage_cancer,30000,immune,20,2.3740552946372704,1.1927338652926374,101.29502903458814,0.0,0.0
leverage_cancer,30000,immune,21,2.4984260130514975,1.189632231381756,96.4470265444011,0.0,0.0
leverage_cancer,30000,immune,22,2.4645759849222353,1.1865097575133918,97.97115227819552,0.0,0.0
leverage_cancer,30000,immune,23,2.4676388241952405,1.183366457331076,98.05115519218968,0.0,0.0
leverage_cancer,30000,immune,24,2.4000368469119167,1.1802023476439873,101.02273874216553,0.0,0.0
leverage_cancer,30000,immune,25,2.4140097921138537,1.1770174484650904,100.64905109133039,0.0,0.0
leverage_cancer,30000,immune,26,2.4110938226501455,1.1738117830486714,100.98462621111626,0.0,0.0
leverage_cancer,30000,immune,27,2.43012519740033,1.1705853779272388,100.4084931930949,0.0,0.0
leverage_cancer,30000,immune,28,2.390250387854796,1.167338262947766,102.30445860239013,0.0,0.0
leverage_cancer,30000,immune,29,2.3724864703475865,1.1640704713072354,103.29570860734029,0.0,0.0
leverage_cancer,30000,immune,30,2.341186398703394,1.1607820395874577,104.90770120025307,0.0,0.0
leverage_cancer,30000,immune,31,2.3484515704278133,1.1574730077891358,104.81620658775675,0.0,0.0
leverage_cancer,30000,immune,32,2.3285399618093097,1.1541434193651359,105.95036307438507,0.0,0.0
leverage_cancer,30000,immune,33,2.3768818716328592,1.1507933212529413,104.03132490117632,0.0,0.0
leverage_cancer,30000,immune,34,2.383146392305171,1.1474227639062518,103.99588253690969,0.0,0.0
leverage_cancer,30000,immune,35,2.434106198283612,1.1440318013256994,102.05448776433127,0.0,0.0
leverage_cancer,30000,immune,36,2.414514070949543,1.1406204910886477,103.1231922647921,0.0,0.0
leverage_cancer,30000,immune,37,2.3866157810596014,1.1371888943780437,104.57498418071414,0.0,0.0
leverage_cancer,30000,immune,38,2.434968316352089,1.1337370760102907,102.74272135710737,0.0,0.0
leverage_cancer,30000,immune,39,2.397775885785919,1.130265104462109,104.58749542934635,0.0,0.0
leverage_cancer,30000,immune,40,2.4611355748028334,1.1267730518963555,102.14256604263403,0.0,0.0
leverage_cancer,30000,immune,41,2.4172741389128043,1.12326099418677,104.25104019785934,0.0,0.0
leverage_cancer,30000,immune,42,2.447164666781574,1.1197290109416147,103.2326867804903,0.0,0.0
leverage_cancer,30000,immune,43,2.472662229236825,1.116177185526181,102.42357777546752,0.0,0.0
leverage_cancer,30000,immune,44,2.4968048636960876,1.1126056050841289,101.68917194379026,0.0,0.0
leverage_cancer,30000,immune,45,2.5325341509040613,1.1090143605576295,100.50991621682572,0.0,0.0
leverage_cancer,30000,immune,46,2.4891191740793515,1.1054035467062844,102.52595999622672,0.0,0.0
leverage_cancer,30000,immune,47,2.4719303264892623,1.1017732621247855,103.50685135421915,0.0,0.0
leverage_cancer,30000,immune,48,2.447810139544499,1.0981236092592943,104.8006385037649,0.0,0.0
leverage_cancer,30000,immune,49,2.4057881074859493,1.094454694422503,106.91317724392678,0.0,0.0
leverage_cancer,30000,immune,50,2.419928526823884,1.0907666278073598,106.57214578548965,0.0,0.0
leverage_cancer,30000,immune,51,2.4391745284848567,1.0870595234994191,106.01608718043778,0.0,0.0
leverage_cancer,30000,immune,52,2.4889851203043474,1.0833334994878008,104.17693469455924,0.0,0.0
leverage_cancer,30000,immune,53,2.463238670571594,1.079588677674722,105.5546835651721,0.0,0.0
leverage_cancer,30000,immune,54,2.4994269906963296,1.0758251838835837,104.31449125307506,0.0,0.0
leverage_cancer,30000,immune,55,2.4383661611489313,1.0720431478655803,107.2255580741005,0.0,0.0
leverage_cancer,30000,immune,56,2.465434793301838,1.0682427033048134,106.34742204480396,0.0,0.0
leverage_cancer,30000,immune,57,2.577406771552916,1.0644239878218809,102.01686012589995,0.0,0.0
leverage_cancer,30000,immune,58,2.5554598063487894,1.0605871429759222,103.18855839530386,0.0,0.0
leverage_cancer,30000,immune,59,2.5704043628028757,1.0567323142650955,102.88596916609208,0.0,0.0
leverage_cancer,30000,immune,60,2.6224132848180295,1.0528596511254649,101.1404449784575,0.0,0.0
leverage_cancer,30000,immune,61,2.5059522422217775,1.0489693069282795,106.09998966868469,0.0,13.300741555122045
leverage_cancer,30000,immune,62,2.397641826982397,1.150187397662139,105.73150028818267,0.0,0.0
leverage_cancer,30000,immune,63,2.4120634868554633,1.1457123927523736,105.43169904743678,0.0,0.0
leverage_cancer,30000,immune,64,2.3877111843908785,1.1412189996197084,106.84678181157567,0.0,0.0
leverage_cancer,30000,immune,65,2.402667651927463,1.1367074263346852,106.52338691636557,0.0,0.0
leverage_cancer,30000,immune,66,2.4058528676662423,1.1321778852520954,106.72771881368423,0.0,0.0
leverage_cancer,30000,immune,67,2.4322892179564253,1.1276305929881962,105.91341260924987,0.0,0.0
leverage_cancer,30000,immune,68,2.4578064871676917,1.1230657703959448,105.16003045515313,0.0,0.0
leverage_cancer,30000,immune,69,2.41243433161942,1.1184836425382427,107.49480995345094,0.0,0.0
leverage_cancer,30000,immune,70,2.510449995347084,1.3204070111092263,103.29788304218224,0.0,0.0
leverage_cancer,30000,immune,71,2.5457184542049314,1.3204070111092263,101.86679111127437,0.0,0.0
leverage_cancer,30000,immune,72,2.56196238895357,1.3204070111092263,101.22091218853943,0.0,0.0
leverage_cancer,30000,immune,73,2.577597567044473,1.3204070111092263,100.60692689897147,0.0,0.0
leverage_cancer,30000,immune,74,2.5625735490987305,1.3204070111092263,101.19677154000733,0.0,0.0
leverage_cancer,30000,immune,75,2.5820161473669376,1.3204070111092263,100.43475919663051,0.0,0.0
leverage_cancer,30000,immune,76,2.559711212492644,1.3204070111092263,101.30993243963658,0.0,0.0
leverage_cancer,30000,immune,77,2.5588427624517953,1.3204070111092263,101.34431619164222,0.0,0.0
leverage_cancer,30000,immune,78,2.6625457893177398,1.3204070111092263,97.39707427494051,0.0,0.0
leverage_cancer,30000,immune,79,2.7480730026763562,1.3204070111092263,94.36582279657543,0.0,0.0
leverage_cancer,30000,immune,80,2.7696280061431966,1.3204070111092263,93.6314080545885,0.0,0.0
leverage_cancer,30000,immune,81,2.708670193813423,1.3204070111092263,95.73855488014152,0.0,0.0
leverage_cancer,30000,immune,82,2.7727689121647634,1.3204070111092263,93.5253453199422,0.0,0.0
leverage_cancer,30000,immune,83,2.782705581504444,1.3204070111092263,93.19137882434863,0.0,0.0
leverage_cancer,30000,immune,84,2.784559114390351,1.3204070111092263,93.12934628051026,0.0,0.0
leverage_cancer,30000,immune,85,2.72419542850318,1.3204070111092263,95.19293927642214,0.0,0.0
leverage_cancer,30000,immune,86,2.7367012604692125,1.3204070111092263,94.7579385987305,0.0,0.0
leverage_cancer,30000,immune,87,2.6667087918347265,1.3204070111092263,97.24502757730512,0.0,0.0
leverage_cancer,30000,immune,88,2.6997452596955003,1.3204070111092263,96.05505151691932,0.0,0.0
leverage_cancer,30000,immune,89,2.736039456058243,1.3204070111092263,94.78085903637263,0.0,0.0
leverage_cancer,30000,immune,90,2.6862982729828926,1.3204070111092263,96.53588084790519,0.0,0.0
leverage_cancer,30000,immune,91,2.6841724950398484,1.3204070111092263,96.61233414835367,0.0,0.0
leverage_cancer,30000,immune,92,2.5770771728141812,1.3204070111092263,100.62724265235204,0.0,0.0
leverage_cancer,30000,immune,93,2.5607443730735358,1.3204070111092263,101.26905782921078,0.0,0.0
leverage_cancer,30000,immune,94,2.5725656634987875,1.3204070111092263,100.80371268343808,0.0,0.0
leverage_cancer,30000,immune,95,2.57517912810607,1.3204070111092263,100.70141031056407,0.0,0.0
leverage_cancer,30000,immune,96,2.532186329306934,1.3204070111092263,102.41117211685908,0.0,0.0
leverage_cancer,30000,immune,97,2.57751535274085,1.3204070111092263,100.61013593065613,0.0,0.0
leverage_cancer,30000,immune,98,2.566819927572401,1.3204070111092263,101.02935824090659,0.0,0.0
leverage_cancer,30000,immune,99,2.5379816842585696,1.3204070111092263,102.1773212986631,0.0,0.0
leverage_cancer,30000,immune,100,2.5581535231087424,1.3204070111092263,101.37162123384672,0.0,0.0
leverage_cancer,30000,immune,101,2.5581640965244077,1.3204070111092263,101.3712022441934,0.0,0.0
leverage_cancer,30000,immune,102,2.5660189440987735,1.3204070111092263,101.06089458107596,0.0,0.0
leverage_cancer,30000,immune,103,2.533135602307116,1.3204070111092263,102.37279432116627,0.0,0.0
leverage_cancer,30000,immune,104,2.577100715342566,1.3204070111092263,100.62632339463647,0.0,0.0
leverage_cancer,30000,immune,105,2.5743959501679616,1.3204070111092263,100.73204550593348,0.0,0.0
leverage_cancer,30000,immune,106,2.595344706724176,1.3204070111092263,99.91897004306875,0.0,0.0
leverage_cancer,30000,immune,107,2.606904900444772,1.3204070111092263,99.47588420213023,0.0,0.0
leverage_cancer,30000,immune,108,2.59899190521237,1.3204070111092263,99.77875247803821,0.0,0.0
leverage_cancer,30000,immune,109,2.5843256725106487,1.3204070111092263,100.3450040221436,0.0,0.0
leverage_cancer,30000,immune,110,2.6157445349488717,1.3204070111092263,99.1397158773683,0.0,0.0
leverage_cancer,30000,immune,111,2.6184944458059616,1.3204070111092263,99.03560055969152,0.0,0.0
leverage_cancer,30000,immune,112,2.59056567692922,1.3204070111092263,100.10329879380059,0.0,0.0
leverage_cancer,30000,immune,113,2.609752486777481,1.3204070111092263,99.36734280990116,0.0,0.0
leverage_cancer,30000,immune,114,2.6203617021390584,1.3204070111092263,98.96502829777967,0.0,0.0
leverage_cancer,30000,immune,115,2.617152831919458,1.3204070111092263,99.08636852988744,0.0,0.0
leverage_cancer,30000,immune,116,2.670472512308762,1.3204070111092263,97.1079720189334,0.0,0.0
leverage_cancer,30000,immune,117,2.6641226014817376,1.3204070111092263,97.33942794463682,0.0,0.0
leverage_cancer,30000,immune,118,2.642748774526521,1.3204070111092263,98.12668252928088,0.0,0.0
leverage_cancer,30000,immune,119,2.631274816910883,1.3204070111092263,98.55457451117046,0.0,0.0
systemic_correlation,30000,none,0,2.402402274797245,1.322314049586777,99.9000053062534,0.0,0.0
systemic_correlation,30000,none,1,2.369831238361271,1.322314049586777,101.27303417856835,0.0,0.0
systemic_correlation,30000,none,2,2.360052259593526,1.322314049586777,101.69266338251995,0.0,0.0
systemic_correlation,30000,none,3,2.4505400362336927,1.322314049586777,97.93759597940016,0.0,0.0
systemic_correlation,30000,none,4,2.403711528121305,1.322314049586777,99.84559178262936,0.0,0.0
systemic_correlation,30000,none,5,2.4090854546955387,1.322314049586777,99.622867064436,0.0,0.0
systemic_correlation,30000,none,6,2.483989262116258,1.322314049586777,96.61877515345205,0.0,0.0
systemic_correlation,30000,none,7,2.5463334284125523,1.322314049586777,94.25317097989873,0.0,0.0
systemic_correlation,30000,none,8,2.5700927032682768,1.322314049586777,93.38184560222372,0.0,0.0
systemic_correlation,30000,none,9,2.561173888162171,1.322314049586777,93.70703063516608,0.0,0.0
systemic_correlation,30000,none,10,2.5482696077799294,1.322314049586777,94.18155726822394,0.0,0.0
systemic_correlation,30000,none,11,2.5630531655350453,1.322314049586777,93.6383229295594,0.0,0.0
systemic_correlation,30000,none,12,2.553335732857648,1.322314049586777,93.99468973529629,0.0,0.0
systemic_correlation,30000,none,13,2.510030295053537,1.322314049586777,95.61637581544846,0.0,0.0
systemic_correlation,30000,none,14,2.5333699807734256,1.322314049586777,94.73547165295184,0.0,0.0
systemic_correlation,30000,none,15,2.537760964836419,1.322314049586777,94.57155473879318,0.0,0.0
systemic_correlation,30000,none,16,2.509957800608159,1.322314049586777,95.6191374778685,0.0,0.0
systemic_correlation,30000,none,17,2.5096167998182572,1.322314049586777,95.63212997991583,0.0,0.0
systemic_correlation,30000,none,18,2.496552223624343,1.322314049586777,96.13257745178771,0.0,0.0
systemic_correlation,30000,none,19,2.4999459769632844,1.322314049586777,96.00207452943883,0.0,0.0
systemic_correlation,30000,none,20,2.438906076003253,1.322314049586777,98.40477350128177,0.0,0.0
systemic_correlation,30000,none,21,2.4510706497908625,1.322314049586777,97.91639421755468,0.0,0.0
systemic_correlation,30000,none,22,2.5707272033780026,1.322314049586777,93.35879734132573,0.0,0.0
systemic_correlation,30000,none,23,2.6679566206887575,1.322314049586777,89.9564851013364,0.0,0.0
systemic_correlation,30000,none,24,2.6245540137426775,1.322314049586777,91.44410773918659,0.0,0.0
systemic_correlation,30000,none,25,2.6327908896715195,1.322314049586777,91.15801826173275,0.0,0.0
systemic_correlation,30000,none,26,2.6515745953419443,1.322314049586777,90.5122565367805,0.0,0.0
systemic_correlation,30000,none,27,2.5972484753474228,1.322314049586777,92.40548306333926,0.0,0.0
systemic_correlation,30000,none,28,2.6116348828203595,1.322314049586777,91.89645979181398,0.0,0.0
systemic_correlation,30000,none,29,2.59494060170185,1.322314049586777,92.48766613100888,0.0,0.0
systemic_correlation,30000,none,30,2.6148386963794397,1.322314049586777,91.78386427136367,0.0,0.0
systemic_correlation,30000,none,31,2.698483875655913,1.322314049586777,88.93883049112675,0.0,0.0
systemic_correlation,30000,none,32,2.703228184110836,1.322314049586777,88.78273813904556,0.0,0.0
systemic_correlation,30000,none,33,2.712014278614372,1.322314049586777,88.49510929662999,0.0,0.0
systemic_correlation,30000,none,34,2.707388741620556,1.322314049586777,88.64630199220808,0.0,0.0
systemic_correlation,30000,none,35,2.748055319688814,1.322314049586777,87.33448642044705,0.0,0.0
systemic_correlation,30000,none,36,2.6876523641697148,1.322314049586777,89.29726299410832,0.0,0.0
systemic_correlation,30000,none,37,2.660455824176473,1.322314049586777,90.21010528310143,0.0,0.0
systemic_correlation,30000,none,38,2.644247980299462,1.322314049586777,90.76304559484618,0.0,0.0
systemic_correlation,30000,none,39,2.614888195070117,1.322314049586777,91.7821268429278,0.0,0.0
systemic_correlation,30000,none,40,3.115002082638811,1.2572907876102757,77.0464974446145,0.11500208263881095,0.0
systemic_correlation,30000,none,41,3.030167406162312,1.253158556205317,79.20354483119416,0.03016740616231184,0.0
systemic_correlation,30000,none,42,3.0598663325813047,1.2458496881040242,78.43479875068134,0.05986633258130469,0.0
systemic_correlation,30000,none,43,3.0094127956150403,1.2417174566990656,79.74977721557494,0.00941279561504027,0.0
systemic_correlation,30000,none,44,2.926789431042901,1.2375852252941069,82.00111612213966,0.0,0.0
systemic_correlation,30000,none,45,3.041356327681956,1.2206887162689493,78.91216093805156,0.041356327681956184,0.0
systemic_correlation,30000,none,46,2.3006280715385596,1.2165564848639905,104.31933912703172,0.0,0.0
systemic_correlation,30000,none,47,2.3538104318593573,1.202684553325976,101.96233169483219,0.0,0.0
systemic_correlation,30000,none,48,2.3172516474977183,1.1985523219210172,103.57096962652449,0.0,0.0
systemic_correlation,30000,none,49,2.3292186211966097,1.192221234666712,103.03884651098261,0.0,0.0
systemic_correlation,30000,none,50,2.293704937330199,1.1880890032617533,104.63420821657755,0.0,0.0
systemic_correlation,30000,none,51,2.3490286224186754,1.1737736458384123,102.16989172012906,0.0,0.0
systemic_correlation,30000,none,52,2.4081448134084216,1.1592773188151873,99.66178058050862,0.0,0.0
systemic_correlation,30000,none,53,2.505199234070247,1.139190472457867,95.80076376203709,0.0,0.0
systemic_correlation,30000,none,54,2.4040002023885565,1.1350582410529082,99.83360224410205,0.0,0.0
systemic_correlation,30000,none,55,2.4438377776582354,1.1242011705306023,98.20619117770401,0.0,0.0
systemic_correlation,30000,none,56,2.366177805225687,1.1200689391256435,101.42940208041918,0.0,0.0
systemic_correlation,30000,none,57,2.37663680368802,1.1140922199489358,100.98303603965593,0.0,0.0
systemic_correlation,30000,none,58,2.2108277546846535,1.109959988543977,108.55662522394603,0.0,0.0
systemic_correlation,30000,none,59,2.212033720260327,1.1055831978654962,108.49744187975362,0.0,0.0
systemic_correlation,30000,none,60,2.2073364110261435,1.1014509664605374,108.72832922120337,0.0,0.0
systemic_correlation,30000,none,61,2.3182035368348637,1.075831597051677,103.52844182425915,0.0,0.0
systemic_correlation,30000,none,62,2.4890657574264656,1.0423327440078656,96.42171938765676,0.0,0.0
systemic_correlation,30000,none,63,2.5003847578833187,1.0363968274093003,95.985227570804,0.0,0.0
systemic_correlation,30000,none,64,2.4983254330765887,1.0322645960043417,96.06434647084768,0.0,0.0
systemic_correlation,30000,none,65,2.531565469484066,1.022920187135563,94.8029995246033,0.0,0.0
systemic_correlation,30000,none,66,2.604103935513472,1.0078756439506775,92.16222007386095,0.0,0.0
systemic_correlation,30000,none,67,2.578354172515362,1.0037434125457187,93.08263486775499,0.0,0.0
systemic_correlation,30000,none,68,2.5800461556172998,0.9993589365578368,93.02159167868754,0.0006410634421631922,0.0
systemic_correlation,30000,none,69,2.7878214801455177,0.9665785005491554,86.08872616458662,0.033421499450844605,0.0
systemic_correlation,30000,none,70,2.7559424851640135,0.9665785005491554,87.08454595550711,0.033421499450844605,0.0
systemic_correlation,30000,none,71,2.7606875057089626,0.9665785005491554,86.9348665880119,0.033421499450844605,0.0
systemic_correlation,30000,none,72,2.708229677319624,0.9665785005491554,88.61877632089596,0.033421499450844605,0.0
systemic_correlation,30000,none,73,2.6778146414839594,0.9665785005491554,89.62532218697544,0.033421499450844605,0.0
systemic_correlation,30000,none,74,2.750797298522998,0.9665785005491554,87.24743190960113,0.033421499450844605,0.0
systemic_correlation,30000,none,75,2.7131516434223406,0.9665785005491554,88.45801176718105,0.033421499450844605,0.0
systemic_correlation,30000,none,76,2.657131209088245,0.9665785005491554,90.3229765918682,0.033421499450844605,0.0
systemic_correlation,30000,none,77,2.6257746684518235,0.9665785005491554,91.40159773934668,0.033421499450844605,0.0
systemic_correlation,30000,none,78,2.67464390555436,0.9665785005491554,89.73157118283991,0.033421499450844605,0.0
systemic_correlation,30000,none,79,2.659946921892437,0.9665785005491554,90.22736432246188,0.033421499450844605,0.0
systemic_correlation,30000,none,80,2.5919156363255054,0.9665785005491554,92.5956063678994,0.033421499450844605,0.0
systemic_correlation,30000,none,81,2.5878317030228817,0.9665785005491554,92.74173421697118,0.033421499450844605,0.0
systemic_correlation,30000,none,82,2.6534783472545294,0.9665785005491554,90.44731804513138,0.033421499450844605,0.0
systemic_correlation,30000,none,83,2.6749776384069013,0.9665785005491554,89.72037618338126,0.033421499450844605,0.0
systemic_correlation,30000,none,84,2.6793860779443905,0.9665785005491554,89.57275772072632,0.033421499450844605,0.0
systemic_correlation,30000,none,85,2.6782978617034536,0.9665785005491554,89.60915192881309,0.033421499450844605,0.0
systemic_correlation,30000,none,86,2.6923126471798025,0.9665785005491554,89.1426930863323,0.033421499450844605,0.0
systemic_correlation,30000,none,87,2.6558556335696175,0.9665785005491554,90.36635763120402,0.033421499450844605,0.0
systemic_correlation,30000,none,88,2.574338762610002,0.9665785005491554,93.22782358164673,0.033421499450844605,0.0
systemic_correlation,30000,none,89,2.7143213500499535,0.9665785005491554,88.4198917698463,0.033421499450844605,0.0
systemic_correlation,30000,none,90,2.8430226559067675,0.9665785005491554,84.4171957270081,0.033421499450844605,0.0
systemic_correlation,30000,none,91,2.8302118034370487,0.9665785005491554,84.79930714321121,0.033421499450844605,0.0
systemic_correlation,30000,none,92,2.7854082734864396,0.9665785005491554,86.16331124040097,0.033421499450844605,0.0
systemic_correlation,30000,none,93,2.797494714836603,0.9665785005491554,85.79104679882049,0.033421499450844605,0.0
systemic_correlation,30000,none,94,2.700190221643057,0.9665785005491554,88.88262688913849,0.033421499450844605,0.0
systemic_correlation,30000,none,95,2.726468626780958,0.9665785005491554,88.02595329452195,0.033421499450844605,0.0
systemic_correlation,30000,none,96,2.764909413228736,0.9665785005491554,86.8021204787823,0.033421499450844605,0.0
systemic_correlation,30000,none,97,2.785392075845515,0.9665785005491554,86.16381229818326,0.033421499450844605,0.0
systemic_correlation,30000,none,98,2.7765971251785015,0.9665785005491554,86.43673863365068,0.033421499450844605,0.0
systemic_correlation,30000,none,99,2.7662091913658333,0.9665785005491554,86.76133415690752,0.033421499450844605,0.0
systemic_correlation,30000,none,100,2.7530748405860384,0.9665785005491554,87.1752545415409,0.033421499450844605,0.0
systemic_correlation,30000,none,101,2.8373780917734535,0.9665785005491554,84.58513184966202,0.033421499450844605,0.0
systemic_correlation,30000,none,102,2.8513689442554235,0.9665785005491554,84.17009678229174,0.033421499450844605,0.0
systemic_correlation,30000,none,103,3.0233910303281433,0.9665785005491554,79.38106503344082,0.056812529778987875,0.0
systemic_correlation,30000,none,104,2.938752086003328,0.9665785005491554,81.6673176152118,0.033421499450844605,0.0
systemic_correlation,30000,none,105,2.876912050925175,0.9665785005491554,83.42277961636655,0.033421499450844605,0.0
systemic_correlation,30000,none,106,2.84087929343214,0.9665785005491554,84.4808860956742,0.033421499450844605,0.0
systemic_correlation,30000,none,107,2.819737509706563,0.9665785005491554,85.11430555994401,0.033421499450844605,0.0
systemic_correlation,30000,none,108,2.7941493282132708,0.9665785005491554,85.89376293409089,0.033421499450844605,0.0
systemic_correlation,30000,none,109,2.786115092662774,0.9665785005491554,86.14145217189315,0.033421499450844605,0.0
systemic_correlation,30000,none,110,2.8273468225819256,0.9665785005491554,84.8852351905072,0.033421499450844605,0.0
systemic_correlation,30000,none,111,2.871255596129144,0.9665785005491554,83.58712485351487,0.033421499450844605,0.0
systemic_correlation,30000,none,112,2.8802341202311053,0.9665785005491554,83.32655957174161,0.033421499450844605,0.0
systemic_correlation,30000,none,113,2.944512860485949,0.9665785005491554,81.50754008267143,0.033421499450844605,0.0
systemic_correlation,30000,none,114,2.9355295693027315,0.9665785005491554,81.75696900133987,0.033421499450844605,0.0
systemic_correlation,30000,none,115,2.8519494914833716,0.9665785005491554,84.15296298784376,0.033421499450844605,0.0
systemic_correlation,30000,none,116,2.8477891781858222,0.9665785005491554,84.27590140394152,0.033421499450844605,0.0
systemic_correlation,30000,none,117,2.7869852482319737,0.9665785005491554,86.11455699388894,0.033421499450844605,0.0
systemic_correlation,30000,none,118,2.7405067654300748,0.9665785005491554,87.57504379389341,0.033421499450844605,0.0
systemic_correlation,30000,none,119,2.711282688089842,0.9665785005491554,88.51898809898175,0.033421499450844605,0.0
systemic_correlation,30000,proportional,0,2.402402274797245,1.322314049586777,99.9000053062534,0.0,0.0
systemic_correlation,30000,proportional,1,2.369831238361271,1.322314049586777,101.27303417856835,0.0,0.0
systemic_correlation,30000,proportional,2,2.360052259593526,1.322314049586777,101.69266338251995,0.0,0.0
systemic_correlation,30000,proportional,3,2.4505400362336927,1.322314049586777,97.93759597940016,0.0,0.0
systemic_correlation,30000,proportional,4,2.403711528121305,1.322314049586777,99.84559178262936,0.0,0.0
systemic_correlation,30000,proportional,5,2.4090854546955387,1.322314049586777,99.622867064436,0.0,0.0
systemic_correlation,30000,proportional,6,2.483989262116258,1.322314049586777,96.61877515345205,0.0,0.0
systemic_correlation,30000,proportional,7,2.5463334284125523,1.322314049586777,94.25317097989873,0.0,0.0
systemic_correlation,30000,proportional,8,2.5700927032682768,1.322314049586777,93.38184560222372,0.0,0.0
systemic_correlation,30000,proportional,9,2.561173888162171,1.322314049586777,93.70703063516608,0.0,0.0
systemic_correlation,30000,proportional,10,2.5482696077799294,1.322314049586777,94.18155726822394,0.0,0.0
systemic_correlation,30000,proportional,11,2.5630531655350453,1.322314049586777,93.6383229295594,0.0,0.0
systemic_correlation,30000,proportional,12,2.553335732857648,1.322314049586777,93.99468973529629,0.0,0.0
systemic_correlation,30000,proportional,13,2.510030295053537,1.322314049586777,95.61637581544846,0.0,0.0
systemic_correlation,30000,proportional,14,2.5333699807734256,1.322314049586777,94.73547165295184,0.0,0.0
systemic_correlation,30000,proportional,15,2.537760964836419,1.322314049586777,94.57155473879318,0.0,0.0
systemic_correlation,30000,proportional,16,2.509957800608159,1.322314049586777,95.6191374778685,0.0,0.0
systemic_correlation,30000,proportional,17,2.5096167998182572,1.322314049586777,95.63212997991583,0.0,0.0
systemic_correlation,30000,proportional,18,2.496552223624343,1.322314049586777,96.13257745178771,0.0,0.0
systemic_correlation,30000,proportional,19,2.4999459769632844,1.322314049586777,96.00207452943883,0.0,0.0
systemic_correlation,30000,proportional,20,2.438906076003253,1.322314049586777,98.40477350128177,0.0,0.0
systemic_correlation,30000,proportional,21,2.4510706497908625,1.322314049586777,97.91639421755468,0.0,0.0
systemic_correlation,30000,proportional,22,2.5707272033780026,1.322314049586777,93.35879734132573,0.0,0.0
systemic_correlation,30000,proportional,23,2.6679566206887575,1.322314049586777,89.9564851013364,0.0,0.0
systemic_correlation,30000,proportional,24,2.6245540137426775,1.322314049586777,91.44410773918659,0.0,0.0
systemic_correlation,30000,proportional,25,2.6327908896715195,1.322314049586777,91.15801826173275,0.0,0.0
systemic_correlation,30000,proportional,26,2.6515745953419443,1.322314049586777,90.5122565367805,0.0,0.0
systemic_correlation,30000,proportional,27,2.5972484753474228,1.322314049586777,92.40548306333926,0.0,0.0
systemic_correlation,30000,proportional,28,2.6116348828203595,1.322314049586777,91.89645979181398,0.0,0.0
systemic_correlation,30000,proportional,29,2.59494060170185,1.322314049586777,92.48766613100888,0.0,0.0
systemic_correlation,30000,proportional,30,2.6148386963794397,1.322314049586777,91.78386427136367,0.0,0.0
systemic_correlation,30000,proportional,31,2.698483875655913,1.322314049586777,88.93883049112675,0.0,0.0
systemic_correlation,30000,proportional,32,2.703228184110836,1.322314049586777,88.78273813904556,0.0,0.0
systemic_correlation,30000,proportional,33,2.712014278614372,1.322314049586777,88.49510929662999,0.0,0.0
systemic_correlation,30000,proportional,34,2.707388741620556,1.322314049586777,88.64630199220808,0.0,0.0
systemic_correlation,30000,proportional,35,2.748055319688814,1.322314049586777,87.33448642044705,0.0,0.0
systemic_correlation,30000,proportional,36,2.6876523641697148,1.322314049586777,89.29726299410832,0.0,0.0
systemic_correlation,30000,proportional,37,2.660455824176473,1.322314049586777,90.21010528310143,0.0,0.0
systemic_correlation,30000,proportional,38,2.644247980299462,1.322314049586777,90.76304559484618,0.0,0.0
systemic_correlation,30000,proportional,39,2.614888195070117,1.322314049586777,91.7821268429278,0.0,0.0
systemic_correlation,30000,proportional,40,3.115002082638811,1.2572907876102757,76.9060974446145,0.11500208263881095,23.39999999999999
systemic_correlation,30000,proportional,41,2.7468892689479363,1.5154262388108504,78.85283271100265,0.0,0.0
systemic_correlation,30000,proportional,42,2.7712725455257146,1.507840277964994,78.15903937333982,0.0,0.0
systemic_correlation,30000,proportional,43,2.729822872739745,1.5033615964888205,79.3458074379063,0.0,0.0
systemic_correlation,30000,proportional,44,2.661664775087985,1.498882915012647,81.37764080108097,0.0,0.0
systemic_correlation,30000,proportional,45,2.7560807902209334,1.4819186456932296,78.58985874744145,0.0,0.0
systemic_correlation,30000,proportional,46,2.133573164283088,1.4774399642170561,101.51983706299605,0.0,0.0
systemic_correlation,30000,proportional,47,2.179235853615628,1.4634342350538527,99.39263785543596,0.0,0.0
systemic_correlation,30000,proportional,48,2.1478627257030998,1.4589555535776793,100.84443358878826,0.0,0.0
systemic_correlation,30000,proportional,49,2.1581402156910885,1.4523260251300951,100.36419247701171,0.0,0.0
systemic_correlation,30000,proportional,50,2.1276176412375074,1.4478473436539216,101.80400641631114,0.0,0.0
systemic_correlation,30000,proportional,51,2.1751364261159014,1.433407870176473,99.57996077826638,0.0,0.0
systemic_correlation,30000,proportional,52,2.225729899591578,1.4187913783119646,97.31639047475893,0.0,0.0
systemic_correlation,30000,proportional,53,2.3083852955804405,1.3987064281208568,93.83182279608839,0.0,0.0
systemic_correlation,30000,proportional,54,2.2221889469284624,1.3942277466446833,97.47145952615202,0.0,0.0
systemic_correlation,30000,proportional,55,2.256186050316458,1.38317105331154,96.00272103872778,0.0,0.0
systemic_correlation,30000,proportional,56,2.189832630022873,1.3786923718353665,98.91166887842822,0.0,0.0
systemic_correlation,30000,proportional,57,2.1987878064691904,1.3724094743443738,98.50882352663939,0.0,0.0
systemic_correlation,30000,proportional,58,2.0561211379451496,1.3679307928682003,105.3439877654612,0.0,0.0
systemic_correlation,30000,proportional,59,2.0571641898330455,1.3632128917210593,105.29057479732755,0.0,0.0
systemic_correlation,30000,proportional,60,2.053100990303192,1.3587342102448858,105.49895062298594,0.0,0.0
systemic_correlation,30000,proportional,61,2.148680512443361,1.3332375317437117,100.80605224724378,0.0,0.0
systemic_correlation,30000,proportional,62,2.2946802714273806,1.3000334068824002,94.39223524821014,0.0,0.0
systemic_correlation,30000,proportional,63,2.3042969586897204,1.2937904211035145,93.99830138350053,0.0,0.0
systemic_correlation,30000,proportional,64,2.3025478527667236,1.289311739627341,94.06970619078996,0.0,0.0
systemic_correlation,30000,proportional,65,2.330752991049792,1.2797346811403043,92.9313405718044,0.0,0.0
systemic_correlation,30000,proportional,66,2.392100446295767,1.2645819426312799,90.54803711750944,0.0,0.0
systemic_correlation,30000,proportional,67,2.3703551573222157,1.2601032611551064,91.3787114689988,0.0,0.0
systemic_correlation,30000,proportional,68,2.371785087162174,1.255377842496322,91.32361999086542,0.0,0.0
systemic_correlation,30000,proportional,69,2.546236981441199,1.2228764490599369,85.06670886438934,0.0,0.0
systemic_correlation,30000,proportional,70,2.519617296320521,1.2228764490599369,85.96543622569509,0.0,0.0
systemic_correlation,30000,proportional,71,2.5235828409718177,1.2228764490599369,85.83035059653066,0.0,0.0
systemic_correlation,30000,proportional,72,2.479677204144314,1.2228764490599369,87.35007913045852,0.0,0.0
systemic_correlation,30000,proportional,73,2.454154925102876,1.2228764490599369,88.25848677459526,0.0,0.0
systemic_correlation,30000,proportional,74,2.515315998357451,1.2228764490599369,86.11244079926495,0.0,0.0
systemic_correlation,30000,proportional,75,2.483802844125448,1.2228764490599369,87.20498912073083,0.0,0.0
systemic_correlation,30000,proportional,76,2.4367710814962633,1.2228764490599369,88.88811987501097,0.0,0.0
systemic_correlation,30000,proportional,77,2.4103739433651916,1.2228764490599369,89.86157546061031,0.0,0.0
systemic_correlation,30000,proportional,78,2.4514914664840703,1.2228764490599369,88.35437649336295,0.0,0.0
systemic_correlation,30000,proportional,79,2.4391389285926004,1.2228764490599369,88.80182980187178,0.0,0.0
systemic_correlation,30000,proportional,80,2.3818119757770213,1.2228764490599369,90.93916824787915,0.0,0.0
systemic_correlation,30000,proportional,81,2.3783628634389715,1.2228764490599369,91.07104863166643,0.0,0.0
systemic_correlation,30000,proportional,82,2.4336986215824576,1.2228764490599369,89.00033803658101,0.0,0.0
systemic_correlation,30000,proportional,83,2.451771831145495,1.2228764490599369,88.34427300635153,0.0,0.0
systemic_correlation,30000,proportional,84,2.455474756532415,1.2228764490599369,88.21104734380543,0.0,0.0
systemic_correlation,30000,proportional,85,2.454560789989048,1.2228764490599369,88.24389311660374,0.0,0.0
systemic_correlation,30000,proportional,86,2.4663267262142683,1.2228764490599369,87.82291401126483,0.0,0.0
systemic_correlation,30000,proportional,87,2.435698261328442,1.2228764490599369,88.92727126301156,0.0,0.0
systemic_correlation,30000,proportional,88,2.366961045475909,1.2228764490599369,91.50974428328611,0.0,0.0
systemic_correlation,30000,proportional,89,2.484783117546877,1.2228764490599369,87.17058582313622,0.0,0.0
systemic_correlation,30000,proportional,90,2.5922066626053226,1.2228764490599369,83.55815264447475,0.0,0.0
systemic_correlation,30000,proportional,91,2.581552254835611,1.2228764490599369,83.90300819759804,0.0,0.0
systemic_correlation,30000,proportional,92,2.5442237448425753,1.2228764490599369,85.1340218953118,0.0,0.0
systemic_correlation,30000,proportional,93,2.5543039224636215,1.2228764490599369,84.79805323678542,0.0,0.0
systemic_correlation,30000,proportional,94,2.4729357315799936,1.2228764490599369,87.58820426829742,0.0,0.0
systemic_correlation,30000,proportional,95,2.4949589288852168,1.2228764490599369,86.815056349156,0.0,0.0
systemic_correlation,30000,proportional,96,2.527110221467928,1.2228764490599369,85.71054723295096,0.0,0.0
systemic_correlation,30000,proportional,97,2.54421023081296,1.2228764490599369,85.13447409996031,0.0,0.0
systemic_correlation,30000,proportional,98,2.536870409624466,1.2228764490599369,85.38079011771966,0.0,0.0
systemic_correlation,30000,proportional,99,2.5281959924319697,1.2228764490599369,85.67373757745897,0.0,0.0
systemic_correlation,30000,proportional,100,2.5172201588666465,1.2228764490599369,86.04730072459057,0.0,0.0
systemic_correlation,30000,proportional,101,2.5875132893774393,1.2228764490599369,83.70971499516989,0.0,0.0
systemic_correlation,30000,proportional,102,2.599143468207417,1.2228764490599369,83.33514584686822,0.0,0.0
systemic_correlation,30000,proportional,103,2.7413194978137025,1.2228764490599369,79.01304469353026,0.0,0.0
systemic_correlation,30000,proportional,104,2.671554644723955,1.2228764490599369,81.07638764857857,0.0,0.0
systemic_correlation,30000,proportional,105,2.620350670737876,1.2228764490599369,82.66069210462074,0.0,0.0
systemic_correlation,30000,proportional,106,2.5904246814256227,1.2228764490599369,83.61563320219588,0.0,0.0
systemic_correlation,30000,proportional,107,2.5728347951019885,1.2228764490599369,84.18729426869939,0.0,0.0
systemic_correlation,30000,proportional,108,2.551514604282558,1.2228764490599369,84.89075454886695,0.0,0.0
systemic_correlation,30000,proportional,109,2.5448134455675335,1.2228764490599369,85.11429408598349,0.0,0.0
systemic_correlation,30000,proportional,110,2.5791683752409353,1.2228764490599369,83.98055826028268,0.0,0.0
systemic_correlation,30000,proportional,111,2.6156572862226075,1.2228764490599369,82.80901368114709,0.0,0.0
systemic_correlation,30000,proportional,112,2.6231063560860335,1.2228764490599369,82.57385351434674,0.0,0.0
systemic_correlation,30000,proportional,113,2.676314630976402,1.2228764490599369,80.9321884254609,0.0,0.0
systemic_correlation,30000,proportional,114,2.668891218315995,1.2228764490599369,81.15729802455917,0.0,0.0
systemic_correlation,30000,proportional,115,2.5996258416713385,1.2228764490599369,83.31968259737894,0.0,0.0
systemic_correlation,30000,proportional,116,2.5961686765490195,1.2228764490599369,83.43063451790717,0.0,0.0
systemic_correlation,30000,proportional,117,2.545539382601155,1.2228764490599369,85.09002118783472,0.0,0.0
systemic_correlation,30000,proportional,118,2.5067091351075943,1.2228764490599369,86.40811052483876,0.0,0.0
systemic_correlation,30000,proportional,119,2.48223641656476,1.2228764490599369,87.26002026018098,0.0,0.0
systemic_correlation,30000,vol_target,0,2.402402274797245,1.322314049586777,99.9000053062534,0.0,0.0
systemic_correlation,30000,vol_target,1,2.369831238361271,1.322314049586777,101.27303417856835,0.0,0.0
systemic_correlation,30000,vol_target,2,2.360052259593526,1.322314049586777,101.69266338251995,0.0,0.0
systemic_correlation,30000,vol_target,3,2.4505400362336927,1.322314049586777,97.93759597940016,0.0,0.0
systemic_correlation,30000,vol_target,4,2.403711528121305,1.322314049586777,99.84559178262936,0.0,0.0
systemic_correlation,30000,vol_target,5,2.4090854546955387,1.322314049586777,99.622867064436,0.0,0.0
systemic_correlation,30000,vol_target,6,2.483989262116258,1.322314049586777,96.61877515345205,0.0,0.0
systemic_correlation,30000,vol_target,7,2.5463334284125523,1.322314049586777,94.25317097989873,0.0,0.0
systemic_correlation,30000,vol_target,8,2.5700927032682768,1.322314049586777,93.38184560222372,0.0,0.0
systemic_correlation,30000,vol_target,9,2.561173888162171,1.322314049586777,93.70703063516608,0.0,0.0
systemic_correlation,30000,vol_target,10,2.5482696077799294,1.322314049586777,94.18155726822394,0.0,0.0
systemic_correlation,30000,vol_target,11,2.5630531655350453,1.322314049586777,93.6383229295594,0.0,0.0
systemic_correlation,30000,vol_target,12,2.553335732857648,1.322314049586777,93.99468973529629,0.0,0.0
systemic_correlation,30000,vol_target,13,2.510030295053537,1.322314049586777,95.61637581544846,0.0,0.0
systemic_correlation,30000,vol_target,14,2.5333699807734256,1.322314049586777,94.73547165295184,0.0,0.0
systemic_correlation,30000,vol_target,15,2.537760964836419,1.322314049586777,94.57155473879318,0.0,0.0
systemic_correlation,30000,vol_target,16,2.509957800608159,1.322314049586777,95.6191374778685,0.0,0.0
systemic_correlation,30000,vol_target,17,2.5096167998182572,1.322314049586777,95.63212997991583,0.0,0.0
systemic_correlation,30000,vol_target,18,2.496552223624343,1.322314049586777,96.13257745178771,0.0,0.0
systemic_correlation,30000,vol_target,19,2.4999459769632844,1.322314049586777,95.6597786625087,0.0,85.57396673253241
systemic_correlation,30000,vol_target,20,1.5886508005535718,2.5836050158740864,96.9712150011818,0.0,58.640156329151
systemic_correlation,30000,vol_target,21,0.9897658612546898,4.235384063999022,96.63729424754021,0.0,34.751190524664075
systemic_correlation,30000,vol_target,22,0.6392522773392886,5.954278788642399,95.38868608657931,0.0,22.390065093893973
systemic_correlation,30000,vol_target,23,0.4074681111709308,7.687421484997547,94.8021418128329,0.0,9.676622472052255
systemic_correlation,30000,vol_target,24,0.30498506029014216,8.699053354008125,94.95962877491219,0.0,5.5172707917012875
systemic_correlation,30000,vol_target,25,0.24702743483148196,9.377813348710509,94.91377018697618,0.0,4.4760985095712575
systemic_correlation,30000,vol_target,26,0.20002199406738605,9.996026666635945,94.86271564736687,0.0,0.0
systemic_correlation,30000,vol_target,27,0.19970688410967086,9.996026666635945,95.01239594732075,0.0,0.0
systemic_correlation,30000,vol_target,28,0.19979150867641873,9.996026666635945,94.97215208062198,0.0,0.0
systemic_correlation,30000,vol_target,29,0.1996932279847917,9.996026666635945,95.01889341925417,0.0,0.0
systemic_correlation,30000,vol_target,30,0.19981023724703426,9.996026666635945,94.96325017108393,0.0,0.0
systemic_correlation,30000,vol_target,31,0.2002846338296365,9.996026666635945,94.7383190793044,0.0,0.0
systemic_correlation,30000,vol_target,32,0.2003107267218629,9.996026666635945,94.72597826865535,0.0,0.0
systemic_correlation,30000,vol_target,33,0.20035882548132666,9.996026666635945,94.70323805727325,0.0,0.0
systemic_correlation,30000,vol_target,34,0.20033353938957477,9.996026666635945,94.71519149639292,0.0,0.0
systemic_correlation,30000,vol_target,35,0.20055314563265333,9.996026666635945,94.61147810261205,0.0,0.0
systemic_correlation,30000,vol_target,36,0.20022474283597555,9.996026666635945,94.76665709581056,0.0,0.0
systemic_correlation,30000,vol_target,37,0.20007237637345918,9.996026666635945,94.8388272802604,0.0,0.0
systemic_correlation,30000,vol_target,38,0.19998019543391113,9.996026666635945,94.8825432701631,0.0,0.0
systemic_correlation,30000,vol_target,39,0.19981052626962031,9.996026666635945,94.96311280833004,0.0,0.0
systemic_correlation,30000,vol_target,40,0.2022922593944564,9.962810606524966,93.79809985430282,0.0,0.0
systemic_correlation,30000,vol_target,41,0.2019251309092776,9.947468407278912,93.96863808377971,0.0,0.0
systemic_correlation,30000,vol_target,42,0.20205581821556476,9.931193742909574,93.9078602833922,0.0,0.0
systemic_correlation,30000,vol_target,43,0.20183237375765634,9.91585154366352,94.01182373852926,0.0,0.0
systemic_correlation,30000,vol_target,44,0.20145096574134447,9.900509344417463,94.18981674576067,0.0,0.0
systemic_correlation,30000,vol_target,45,0.20197464645040153,9.881420338456474,93.94560099449563,0.0,0.0
systemic_correlation,30000,vol_target,46,0.1977464920672592,9.866078139210419,95.95431680264618,0.0,0.0
systemic_correlation,30000,vol_target,47,0.19813127121137727,9.847876963142813,95.7679695407121,0.0,0.0
systemic_correlation,30000,vol_target,48,0.19786850062374078,9.832534763896758,95.89514999416295,0.0,0.0
systemic_correlation,30000,vol_target,49,0.19795534561590644,9.81654711583592,95.85307983170253,0.0,0.0
systemic_correlation,30000,vol_target,50,0.19769520312927244,9.801204916589864,95.97921065402016,0.0,0.0
systemic_correlation,30000,vol_target,51,0.19809732712569744,9.782873577959663,95.78437943483152,0.0,0.0
systemic_correlation,30000,vol_target,52,0.1985082807160473,9.76448911778728,95.5860857692666,0.0,0.0
systemic_correlation,30000,vol_target,53,0.19914425104354364,9.744463625039122,95.28083008675391,0.0,0.0
systemic_correlation,30000,vol_target,54,0.19848007337057452,9.729121425793066,95.59967015432801,0.0,0.0
systemic_correlation,30000,vol_target,55,0.19874756164193677,9.71180522746054,95.47100547889188,0.0,0.0
systemic_correlation,30000,vol_target,56,0.1982184791012236,9.696463028214483,95.72583561567957,0.0,0.0
systemic_correlation,30000,vol_target,57,0.19829158094308644,9.68057940082228,95.69054548957294,0.0,0.0
systemic_correlation,30000,vol_target,58,0.19705850461543542,9.665237201576224,96.28932069419287,0.0,0.0
systemic_correlation,30000,vol_target,59,0.19706808095925518,9.649823214771523,96.2846416023955,0.0,0.0
systemic_correlation,30000,vol_target,60,0.19703072678605324,9.634481015525466,96.3028957764412,0.0,0.0
systemic_correlation,30000,vol_target,61,0.19787543855913764,9.612831514342455,95.89178770544042,0.0,0.0
systemic_correlation,30000,vol_target,62,0.19904169502332728,9.588869081470545,95.32992343242434,0.0,0.0
systemic_correlation,30000,vol_target,63,0.19911377426859184,9.572997431205316,95.29541397190421,0.0,0.0
systemic_correlation,30000,vol_target,64,0.19910070524619838,9.55765523195926,95.30166918781443,0.0,0.0
systemic_correlation,30000,vol_target,65,0.1993092616824406,9.540783058036848,95.20194589183728,0.0,0.0
systemic_correlation,30000,vol_target,66,0.1997473173725069,9.52223767532291,94.99316334270532,0.0,0.0
systemic_correlation,30000,vol_target,67,0.19959441940983177,9.506895476076853,95.0659322166353,0.0,0.0
systemic_correlation,30000,vol_target,68,0.19960455256771575,9.491479233338072,95.06110608372327,0.0,0.0
systemic_correlation,30000,vol_target,69,0.2007621399723258,9.467727683514264,94.51298710528448,0.0,0.0
systemic_correlation,30000,vol_target,70,0.20059504186835234,9.467727683514264,94.5917175704,0.0,0.0
systemic_correlation,30000,vol_target,71,0.20062014023281302,9.467727683514264,94.57988377644597,0.0,0.0
systemic_correlation,30000,vol_target,72,0.20033814242147258,9.467727683514264,94.71301529049225,0.0,0.0
systemic_correlation,30000,vol_target,73,0.20016995834715948,9.467727683514264,94.79259376936872,0.0,0.0
systemic_correlation,30000,vol_target,74,0.2005677361465512,9.467727683514264,94.60459548972187,0.0,0.0
systemic_correlation,30000,vol_target,75,0.20036503080088092,9.467727683514264,94.70030509111335,0.0,0.0
systemic_correlation,30000,vol_target,76,0.20005355264203117,9.467727683514264,94.84775099388655,0.0,0.0
systemic_correlation,30000,vol_target,77,0.19987384773738537,9.467727683514264,94.93302781344636,0.0,0.0
systemic_correlation,30000,vol_target,78,0.20015222164364493,9.467727683514264,94.80099391660293,0.0,0.0
systemic_correlation,30000,vol_target,79,0.20006949782602698,9.467727683514264,94.84019179641956,0.0,0.0
systemic_correlation,30000,vol_target,80,0.19967529470201895,9.467727683514264,95.0274272776215,0.0,0.0
systemic_correlation,30000,vol_target,81,0.199651022028086,9.467727683514264,95.03898028513214,0.0,0.0
systemic_correlation,30000,vol_target,82,0.20003282011581486,9.467727683514264,94.8575815481071,0.0,0.0
systemic_correlation,30000,vol_target,83,0.20015409033561757,9.467727683514264,94.80010882923834,0.0,0.0
systemic_correlation,30000,vol_target,84,0.20017873437222644,9.467727683514264,94.78843797239213,0.0,0.0
systemic_correlation,30000,vol_target,85,0.20017265800899275,9.467727683514264,94.79131533329247,0.0,0.0
systemic_correlation,30000,vol_target,86,0.2002505657472092,9.467727683514264,94.75443665106442,0.0,0.0
systemic_correlation,30000,vol_target,87,0.20004631885791893,9.467727683514264,94.85118074034796,0.0,0.0
systemic_correlation,30000,vol_target,88,0.1995703222438295,9.467727683514264,95.07741097522039,0.0,0.0
systemic_correlation,30000,vol_target,89,0.20037140754949387,9.467727683514264,94.69729128766444,0.0,0.0
systemic_correlation,30000,vol_target,90,0.2010432487180304,9.467727683514264,94.38083431016514,0.0,0.0
systemic_correlation,30000,vol_target,91,0.20097891794521883,9.467727683514264,94.41104440419812,0.0,0.0
systemic_correlation,30000,vol_target,92,0.2007496149868444,9.467727683514264,94.51888387271477,0.0,0.0
systemic_correlation,30000,vol_target,93,0.20081214449434623,9.467727683514264,94.48945228991352,0.0,0.0
systemic_correlation,30000,vol_target,94,0.20029402821864278,9.467727683514264,94.73387556877566,0.0,0.0
systemic_correlation,30000,vol_target,95,0.20043732972259815,9.467727683514264,94.6661461350254,0.0,0.0
systemic_correlation,30000,vol_target,96,0.2006424044696134,9.467727683514264,94.56938874208612,0.0,0.0
systemic_correlation,30000,vol_target,97,0.20074953085007546,9.467727683514264,94.51892348682226,0.0,0.0
systemic_correlation,30000,vol_target,98,0.20070371200414172,9.467727683514264,94.54050130394293,0.0,0.0
systemic_correlation,30000,vol_target,99,0.20064924616220414,9.467727683514264,94.56616413646888,0.0,0.0
systemic_correlation,30000,vol_target,100,0.2005798348307732,9.467727683514264,94.59888907796945,0.0,0.0
systemic_correlation,30000,vol_target,101,0.20101497058218915,9.467727683514264,94.39411150064356,0.0,0.0
systemic_correlation,30000,vol_target,102,0.2010848712542503,9.467727683514264,94.36129843125968,0.0,0.0
systemic_correlation,30000,vol_target,103,0.20189497638868856,9.467727683514264,93.98267300075737,0.0,0.0
systemic_correlation,30000,vol_target,104,0.20150742478983158,9.467727683514264,94.16342631654355,0.0,0.0
systemic_correlation,30000,vol_target,105,0.20121085790380486,9.467727683514264,94.30221482135502,0.0,0.0
systemic_correlation,30000,vol_target,106,0.20103252319849596,9.467727683514264,94.38586973162812,0.0,0.0
systemic_correlation,30000,vol_target,107,0.20092591700279627,9.467727683514264,94.43594848030321,0.0,0.0
systemic_correlation,30000,vol_target,108,0.20079488730543066,9.467727683514264,94.49757312581018,0.0,0.0
systemic_correlation,30000,vol_target,109,0.20075328559303154,9.467727683514264,94.51715567385158,0.0,0.0
systemic_correlation,30000,vol_target,110,0.20096445710728844,9.467727683514264,94.41783795780267,0.0,0.0
systemic_correlation,30000,vol_target,111,0.20118313818172232,9.467727683514264,94.3152081129909,0.0,0.0
systemic_correlation,30000,vol_target,112,0.20122709065653702,9.467727683514264,94.29460757259794,0.0,0.0
systemic_correlation,30000,vol_target,113,0.20153446093933056,9.467727683514264,94.15079415200273,0.0,0.0
systemic_correlation,30000,vol_target,114,0.2014922579470983,9.467727683514264,94.17051424087732,0.0,0.0
systemic_correlation,30000,vol_target,115,0.20108775799205741,9.467727683514264,94.35994381708313,0.0,0.0
systemic_correlation,30000,vol_target,116,0.20106704690456845,9.467727683514264,94.36966344584347,0.0,0.0
systemic_correlation,30000,vol_target,117,0.20075780205414526,9.467727683514264,94.51502931535485,0.0,0.0
systemic_correlation,30000,vol_target,118,0.20051283876074072,9.467727683514264,94.63049679863627,0.0,0.0
systemic_correlation,30000,vol_target,119,0.20035483146720567,9.467727683514264,94.70512593822593,0.0,0.0
systemic_correlation,30000,liquidate,0,2.402402274797245,1.322314049586777,99.9000053062534,0.0,0.0
systemic_correlation,30000,liquidate,1,2.369831238361271,1.322314049586777,101.27303417856835,0.0,0.0
systemic_correlation,30000,liquidate,2,2.360052259593526,1.322314049586777,101.69266338251995,0.0,0.0
systemic_correlation,30000,liquidate,3,2.4505400362336927,1.322314049586777,97.93759597940016,0.0,0.0
systemic_correlation,30000,liquidate,4,2.403711528121305,1.322314049586777,99.84559178262936,0.0,0.0
systemic_correlation,30000,liquidate,5,2.4090854546955387,1.322314049586777,99.622867064436,0.0,0.0
systemic_correlation,30000,liquidate,6,2.483989262116258,1.322314049586777,96.61877515345205,0.0,0.0
systemic_correlation,30000,liquidate,7,2.5463334284125523,1.322314049586777,94.25317097989873,0.0,0.0
systemic_correlation,30000,liquidate,8,2.5700927032682768,1.322314049586777,93.38184560222372,0.0,0.0
systemic_correlation,30000,liquidate,9,2.561173888162171,1.322314049586777,93.70703063516608,0.0,0.0
systemic_correlation,30000,liquidate,10,2.5482696077799294,1.322314049586777,94.18155726822394,0.0,0.0
systemic_correlation,30000,liquidate,11,2.5630531655350453,1.322314049586777,93.6383229295594,0.0,0.0
systemic_correlation,30000,liquidate,12,2.553335732857648,1.322314049586777,93.99468973529629,0.0,0.0
systemic_correlation,30000,liquidate,13,2.510030295053537,1.322314049586777,95.61637581544846,0.0,0.0
systemic_correlation,30000,liquidate,14,2.5333699807734256,1.322314049586777,94.73547165295184,0.0,0.0
systemic_correlation,30000,liquidate,15,2.537760964836419,1.322314049586777,94.57155473879318,0.0,0.0
systemic_correlation,30000,liquidate,16,2.509957800608159,1.322314049586777,95.6191374778685,0.0,0.0
systemic_correlation,30000,liquidate,17,2.5096167998182572,1.322314049586777,95.63212997991583,0.0,0.0
systemic_correlation,30000,liquidate,18,2.496552223624343,1.322314049586777,96.13257745178771,0.0,0.0
systemic_correlation,30000,liquidate,19,2.4999459769632844,1.322314049586777,96.00207452943883,0.0,0.0
systemic_correlation,30000,liquidate,20,2.438906076003253,1.322314049586777,98.40477350128177,0.0,0.0
systemic_correlation,30000,liquidate,21,2.4510706497908625,1.322314049586777,97.91639421755468,0.0,0.0
systemic_correlation,30000,liquidate,22,2.5707272033780026,1.322314049586777,93.35879734132573,0.0,0.0
systemic_correlation,30000,liquidate,23,2.6679566206887575,1.322314049586777,89.9564851013364,0.0,0.0
systemic_correlation,30000,liquidate,24,2.6245540137426775,1.322314049586777,91.44410773918659,0.0,0.0
systemic_correlation,30000,liquidate,25,2.6327908896715195,1.322314049586777,91.15801826173275,0.0,0.0
systemic_correlation,30000,liquidate,26,2.6515745953419443,1.322314049586777,90.5122565367805,0.0,0.0
systemic_correlation,30000,liquidate,27,2.5972484753474228,1.322314049586777,92.40548306333926,0.0,0.0
systemic_correlation,30000,liquidate,28,2.6116348828203595,1.322314049586777,91.89645979181398,0.0,0.0
systemic_correlation,30000,liquidate,29,2.59494060170185,1.322314049586777,92.48766613100888,0.0,0.0
systemic_correlation,30000,liquidate,30,2.6148386963794397,1.322314049586777,91.78386427136367,0.0,0.0
systemic_correlation,30000,liquidate,31,2.698483875655913,1.322314049586777,88.93883049112675,0.0,0.0
systemic_correlation,30000,liquidate,32,2.703228184110836,1.322314049586777,88.78273813904556,0.0,0.0
systemic_correlation,30000,liquidate,33,2.712014278614372,1.322314049586777,88.49510929662999,0.0,0.0
systemic_correlation,30000,liquidate,34,2.707388741620556,1.322314049586777,88.64630199220808,0.0,0.0
systemic_correlation,30000,liquidate,35,2.748055319688814,1.322314049586777,87.33448642044705,0.0,0.0
systemic_correlation,30000,liquidate,36,2.6876523641697148,1.322314049586777,89.29726299410832,0.0,0.0
systemic_correlation,30000,liquidate,37,2.660455824176473,1.322314049586777,90.21010528310143,0.0,0.0
systemic_correlation,30000,liquidate,38,2.644247980299462,1.322314049586777,90.76304559484618,0.0,0.0
systemic_correlation,30000,liquidate,39,2.614888195070117,1.322314049586777,91.7821268429278,0.0,0.0
systemic_correlation,30000,liquidate,40,3.115002082638811,1.2572907876102757,75.7504974446145,0.11500208263881095,216.0
systemic_correlation,30000,liquidate,41,0.3159299703057254,9.064514026035935,75.96620218327246,0.0,0.0
systemic_correlation,30000,liquidate,42,0.31625000203370235,9.048952254243286,75.88932757522117,0.0,0.0
systemic_correlation,30000,liquidate,43,0.31570296516598884,9.034501387191263,76.02082542171054,0.0,0.0
systemic_correlation,30000,liquidate,44,0.3147707788904064,9.02005052013924,76.24595931236702,0.0,0.0
systemic_correlation,30000,liquidate,45,0.31605119820170763,9.001135845017725,75.9370637939582,0.0,0.0
systemic_correlation,30000,liquidate,46,0.30581904211303956,8.986684977965702,78.47778161285622,0.0,0.0
systemic_correlation,30000,liquidate,47,0.30674030819793524,8.968828030809345,78.24208086963627,0.0,0.0
systemic_correlation,30000,liquidate,48,0.3061109516130922,8.95437716375732,78.4029446628055,0.0,0.0
systemic_correlation,30000,liquidate,49,0.3063188511277244,8.939157332665497,78.3497323512513,0.0,0.0
systemic_correlation,30000,liquidate,50,0.3056963903992115,8.924706465613474,78.5092685218108,0.0,0.0
systemic_correlation,30000,liquidate,51,0.30665895793173786,8.906694447555022,78.26283687216595,0.0,0.0
systemic_correlation,30000,liquidate,52,0.30764487611675834,8.888619142439964,78.0120257582039,0.0,0.0
systemic_correlation,30000,liquidate,53,0.3091750634284546,8.868588771315006,77.62592407635675,0.0,0.0
systemic_correlation,30000,liquidate,54,0.30757713218366406,8.854137904262982,78.02920792456325,0.0,0.0
systemic_correlation,30000,liquidate,55,0.308219969144351,8.837335287115007,77.86646681792345,0.0,0.0
systemic_correlation,30000,liquidate,56,0.30694938036614017,8.822884420062984,78.18878790819497,0.0,0.0
systemic_correlation,30000,liquidate,57,0.3071247124637345,8.8077885153798,78.14415130411864,0.0,0.0
systemic_correlation,30000,liquidate,58,0.30417668726880126,8.793337648327777,78.90151022254764,0.0,0.0
systemic_correlation,30000,liquidate,59,0.30419950501203263,8.778801256211892,78.89559188812841,0.0,0.0
systemic_correlation,30000,liquidate,60,0.30411050730651,8.764350389159869,78.91868062227338,0.0,0.0
systemic_correlation,30000,liquidate,61,0.30612755677028153,8.742385233961972,78.39869188257896,0.0,0.0
systemic_correlation,30000,liquidate,62,0.3089279416768261,8.717664536799251,77.68801963891872,0.0,0.0
systemic_correlation,30000,liquidate,63,0.30910161108485273,8.702582901225766,77.64437045723344,0.0,0.0
systemic_correlation,30000,liquidate,64,0.30907011712391363,8.688132034173742,77.6522823472378,0.0,0.0
systemic_correlation,30000,liquidate,65,0.3095729728186871,8.671858411419054,77.52614765261336,0.0,0.0
systemic_correlation,30000,liquidate,66,0.3106310779771683,8.65359138909139,77.26206970753913,0.0,0.0
systemic_correlation,30000,liquidate,67,0.3102614668017228,8.639140522039368,77.35411118692853,0.0,0.0
systemic_correlation,30000,liquidate,68,0.3102859526936613,8.62460144228638,77.34800686802178,0.0,0.0
systemic_correlation,30000,liquidate,69,0.3130922649103843,8.600131983450975,76.65472031661169,0.0,0.0
systemic_correlation,30000,liquidate,70,0.3126860551417374,8.600131983450975,76.75430229570374,0.0,0.0
systemic_correlation,30000,liquidate,71,0.3127470442698672,8.600131983450975,76.73933435895422,0.0,0.0
systemic_correlation,30000,liquidate,72,0.3120622784813828,8.600131983450975,76.90772533224263,0.0,0.0
systemic_correlation,30000,liquidate,73,0.31165439430475717,8.600131983450975,77.00837991885058,0.0,0.0
systemic_correlation,30000,liquidate,74,0.3126197118117819,8.600131983450975,76.77059089111314,0.0,0.0
systemic_correlation,30000,liquidate,75,0.31212752425730794,8.600131983450975,76.89164887687113,0.0,0.0
systemic_correlation,30000,liquidate,76,0.3113723077807792,8.600131983450975,77.07814535933984,0.0,0.0
systemic_correlation,30000,liquidate,77,0.31093718648496105,8.600131983450975,77.18600747408769,0.0,0.0
systemic_correlation,30000,liquidate,78,0.31161140106363483,8.600131983450975,77.01900481843701,0.0,0.0
systemic_correlation,30000,liquidate,79,0.3114109370268103,8.600131983450975,77.06858413239921,0.0,0.0
systemic_correlation,30000,liquidate,80,0.31045693330269625,8.600131983450975,77.30540833694296,0.0,0.0
systemic_correlation,30000,liquidate,81,0.3103982597492819,8.600131983450975,77.32002112185013,0.0,0.0
systemic_correlation,30000,liquidate,82,0.3113220857101914,8.600131983450975,77.09057950466615,0.0,0.0
systemic_correlation,30000,liquidate,83,0.31161593051734787,8.600131983450975,77.01788531849114,0.0,0.0
systemic_correlation,30000,liquidate,84,0.31167566869747293,8.600131983450975,77.00312347222564,0.0,0.0
systemic_correlation,30000,liquidate,85,0.3116609385767458,8.600131983450975,77.00676289303432,0.0,0.0
systemic_correlation,30000,liquidate,86,0.31184983771867203,8.600131983450975,76.96011700878624,0.0,0.0
systemic_correlation,30000,liquidate,87,0.3113547841441175,8.600131983450975,77.08248346327342,0.0,0.0
systemic_correlation,30000,liquidate,88,0.31020324363905194,8.600131983450975,77.36863005831769,0.0,0.0
systemic_correlation,30000,liquidate,89,0.31214299913717986,8.600131983450975,76.88783687713764,0.0,0.0
systemic_correlation,30000,liquidate,90,0.31377648493362176,8.600131983450975,76.48756727285382,0.0,0.0
systemic_correlation,30000,liquidate,91,0.31361980887032215,8.600131983450975,76.52577841447413,0.0,0.0
systemic_correlation,30000,liquidate,92,0.3130618039834013,8.600131983450975,76.6621788241931,0.0,0.0
systemic_correlation,30000,liquidate,93,0.3132138977518412,8.600131983450975,76.62495238003505,0.0,0.0
systemic_correlation,30000,liquidate,94,0.3119552546799924,8.600131983450975,76.93411038906686,0.0,0.0
systemic_correlation,30000,liquidate,95,0.3123030090636216,8.600131983450975,76.8484430296052,0.0,0.0
systemic_correlation,30000,liquidate,96,0.31280115359522065,8.600131983450975,76.72605974803125,0.0,0.0
systemic_correlation,30000,liquidate,97,0.31306159936887934,8.600131983450975,76.66222892997135,0.0,0.0
systemic_correlation,30000,liquidate,98,0.31295018551031123,8.600131983450975,76.68952156351808,0.0,0.0
systemic_correlation,30000,liquidate,99,0.3128177824782966,8.600131983450975,76.72198111584378,0.0,0.0
systemic_correlation,30000,liquidate,100,0.31264910612716323,8.600131983450975,76.76337315430712,0.0,0.0
systemic_correlation,30000,liquidate,101,0.3137076072831845,8.600131983450975,76.50436088511923,0.0,0.0
systemic_correlation,30000,liquidate,102,0.31387788558874014,8.600131983450975,76.4628573783822,0.0,0.0
systemic_correlation,30000,liquidate,103,0.3158561600482674,8.600131983450975,75.9839542034971,0.0,0.0
systemic_correlation,30000,liquidate,104,0.31490864329121837,8.600131983450975,76.21257946167421,0.0,0.0
systemic_correlation,30000,liquidate,105,0.3141849573094723,8.600131983450975,76.38812566178969,0.0,0.0
systemic_correlation,30000,liquidate,106,0.3137503592810951,8.600131983450975,76.49393630972045,0.0,0.0
systemic_correlation,30000,liquidate,107,0.3134907685680797,8.600131983450975,76.55727825614744,0.0,0.0
systemic_correlation,30000,liquidate,108,0.3131719168983725,8.600131983450975,76.63522399356214,0.0,0.0
systemic_correlation,30000,liquidate,109,0.31307073072492564,8.600131983450975,76.65999291734236,0.0,0.0
systemic_correlation,30000,liquidate,110,0.31358459758245183,8.600131983450975,76.53437121920378,0.0,0.0
systemic_correlation,30000,liquidate,111,0.31411737652477545,8.600131983450975,76.40456018550455,0.0,0.0
systemic_correlation,30000,liquidate,112,0.31422453767458175,8.600131983450975,76.37850365732723,0.0,0.0
systemic_correlation,30000,liquidate,113,0.3149746768476664,8.600131983450975,76.1966017084202,0.0,0.0
systemic_correlation,30000,liquidate,114,0.3148716038996357,8.600131983450975,76.22154460028705,0.0,0.0
systemic_correlation,30000,liquidate,115,0.31388491912092664,8.600131983450975,76.46114399893743,0.0,0.0
systemic_correlation,30000,liquidate,116,0.31383445909731145,8.600131983450975,76.4734378405472,0.0,0.0
systemic_correlation,30000,liquidate,117,0.3130817147964457,8.600131983450975,76.65730339954195,0.0,0.0
systemic_correlation,30000,liquidate,118,0.3124863609487264,8.600131983450975,76.80335207954239,0.0,0.0
systemic_correlation,30000,liquidate,119,0.31210277399823394,8.600131983450975,76.89774651005122,0.0,0.0
systemic_correlation,30000,immune,0,2.402402274797245,1.322314049586777,99.9000053062534,0.0,0.0
systemic_correlation,30000,immune,1,2.369831238361271,1.322314049586777,101.27303417856835,0.0,0.0
systemic_correlation,30000,immune,2,2.360052259593526,1.322314049586777,101.69266338251995,0.0,0.0
systemic_correlation,30000,immune,3,2.4505400362336927,1.322314049586777,97.93759597940016,0.0,0.0
systemic_correlation,30000,immune,4,2.403711528121305,1.322314049586777,99.84559178262936,0.0,0.0
systemic_correlation,30000,immune,5,2.4090854546955387,1.322314049586777,99.622867064436,0.0,0.0
systemic_correlation,30000,immune,6,2.483989262116258,1.322314049586777,96.61877515345205,0.0,0.0
systemic_correlation,30000,immune,7,2.5463334284125523,1.322314049586777,94.25317097989873,0.0,0.0
systemic_correlation,30000,immune,8,2.5700927032682768,1.322314049586777,93.38184560222372,0.0,0.0
systemic_correlation,30000,immune,9,2.561173888162171,1.322314049586777,93.70703063516608,0.0,0.0
systemic_correlation,30000,immune,10,2.5482696077799294,1.322314049586777,94.18155726822394,0.0,0.0
systemic_correlation,30000,immune,11,2.5630531655350453,1.322314049586777,93.6383229295594,0.0,0.0
systemic_correlation,30000,immune,12,2.553335732857648,1.322314049586777,93.99468973529629,0.0,0.0
systemic_correlation,30000,immune,13,2.510030295053537,1.322314049586777,95.61637581544846,0.0,0.0
systemic_correlation,30000,immune,14,2.5333699807734256,1.322314049586777,94.73547165295184,0.0,0.0
systemic_correlation,30000,immune,15,2.537760964836419,1.322314049586777,94.57155473879318,0.0,0.0
systemic_correlation,30000,immune,16,2.509957800608159,1.322314049586777,95.6191374778685,0.0,0.0
systemic_correlation,30000,immune,17,2.5096167998182572,1.322314049586777,95.63212997991583,0.0,0.0
systemic_correlation,30000,immune,18,2.496552223624343,1.322314049586777,96.13257745178771,0.0,0.0
systemic_correlation,30000,immune,19,2.4999459769632844,1.322314049586777,96.00207452943883,0.0,0.0
systemic_correlation,30000,immune,20,2.438906076003253,1.322314049586777,98.40477350128177,0.0,0.0
systemic_correlation,30000,immune,21,2.4510706497908625,1.322314049586777,97.91639421755468,0.0,0.0
systemic_correlation,30000,immune,22,2.5707272033780026,1.322314049586777,93.35879734132573,0.0,0.0
systemic_correlation,30000,immune,23,2.6679566206887575,1.322314049586777,89.9564851013364,0.0,0.0
systemic_correlation,30000,immune,24,2.6245540137426775,1.322314049586777,91.44410773918659,0.0,0.0
systemic_correlation,30000,immune,25,2.6327908896715195,1.322314049586777,91.15801826173275,0.0,0.0
systemic_correlation,30000,immune,26,2.6515745953419443,1.322314049586777,90.5122565367805,0.0,0.0
systemic_correlation,30000,immune,27,2.5972484753474228,1.322314049586777,92.40548306333926,0.0,0.0
systemic_correlation,30000,immune,28,2.6116348828203595,1.322314049586777,91.89645979181398,0.0,0.0
systemic_correlation,30000,immune,29,2.59494060170185,1.322314049586777,92.48766613100888,0.0,0.0
systemic_correlation,30000,immune,30,2.6148386963794397,1.322314049586777,91.78386427136367,0.0,0.0
systemic_correlation,30000,immune,31,2.698483875655913,1.322314049586777,88.93883049112675,0.0,0.0
systemic_correlation,30000,immune,32,2.703228184110836,1.322314049586777,88.78273813904556,0.0,0.0
systemic_correlation,30000,immune,33,2.712014278614372,1.322314049586777,88.49510929662999,0.0,0.0
systemic_correlation,30000,immune,34,2.707388741620556,1.322314049586777,88.64630199220808,0.0,0.0
systemic_correlation,30000,immune,35,2.748055319688814,1.322314049586777,87.33448642044705,0.0,0.0
systemic_correlation,30000,immune,36,2.6876523641697148,1.322314049586777,89.29726299410832,0.0,0.0
systemic_correlation,30000,immune,37,2.660455824176473,1.322314049586777,90.21010528310143,0.0,0.0
systemic_correlation,30000,immune,38,2.644247980299462,1.322314049586777,90.76304559484618,0.0,0.0
systemic_correlation,30000,immune,39,2.614888195070117,1.322314049586777,91.7821268429278,0.0,0.0
systemic_correlation,30000,immune,40,3.115002082638811,1.2572907876102757,76.9060974446145,0.11500208263881095,23.4
systemic_correlation,30000,immune,41,2.73624143657585,1.5154262388108506,79.15968127105576,0.0,0.0
systemic_correlation,30000,immune,42,2.760256361880314,1.5078630483895248,78.47097211378218,0.0,0.0
systemic_correlation,30000,immune,43,2.724310864818107,1.5033843669133513,79.50634518152232,0.0,0.0
systemic_correlation,30000,immune,44,2.6529327396508786,1.4989056854371778,81.64549246299556,0.0,0.0
systemic_correlation,30000,immune,45,2.744949143153631,1.4821691810829591,78.90856577078566,0.0,0.0
systemic_correlation,30000,immune,46,2.1164385354454183,1.4776904996067857,102.3417389035657,0.0,0.0
systemic_correlation,30000,immune,47,2.1612107033296173,1.4637164024352958,100.2216024871154,0.0,0.0
systemic_correlation,30000,immune,48,2.126152131790567,1.4592377209591223,101.87417765707454,0.0,0.0
systemic_correlation,30000,immune,49,2.1314504945689023,1.4536248627503816,101.62093867622693,0.0,0.0
systemic_correlation,30000,immune,50,2.105443122932221,1.4491461812742081,102.87620579288992,0.0,0.0
systemic_correlation,30000,immune,51,2.1513350870252594,1.4348388536508554,100.68166568114772,0.0,0.0
systemic_correlation,30000,immune,52,2.1964701887991853,1.4210942279591705,98.61276565670835,0.0,0.0
systemic_correlation,30000,immune,53,2.2783383676110467,1.4007454260971186,95.0692851769494,0.0,0.0
systemic_correlation,30000,immune,54,2.1931683195570564,1.3962667446209451,98.76122961859382,0.0,0.0
systemic_correlation,30000,immune,55,2.2259602861615986,1.3852719785143677,97.3063182423172,0.0,0.0
systemic_correlation,30000,immune,56,2.1625569002136937,1.3807932970381942,100.1592142979436,0.0,0.0
systemic_correlation,30000,immune,57,2.1632481103092136,1.3761712830127457,100.12721100634143,0.0,0.0
systemic_correlation,30000,immune,58,2.0214271514044886,1.3716926015365722,107.15201873562756,0.0,0.0
systemic_correlation,30000,immune,59,2.025401626513161,1.3662722057694865,106.94175276875268,0.0,0.0
systemic_correlation,30000,immune,60,2.020854733666457,1.361793524293313,107.18237010882048,0.0,0.0
systemic_correlation,30000,immune,61,2.1131025881061523,1.3363588025279205,102.50330543304366,0.0,0.0
systemic_correlation,30000,immune,62,2.251834570482793,1.3035969463097212,96.1882381766441,0.0,0.0
systemic_correlation,30000,immune,63,2.260390629577469,1.2974876085668337,95.82414524541215,0.0,0.0
systemic_correlation,30000,immune,64,2.2555014788057695,1.2930089270906602,96.03185900577826,0.0,0.0
systemic_correlation,30000,immune,65,2.282033352995698,1.2835297683806963,94.91535244901756,0.0,0.0
systemic_correlation,30000,immune,66,2.3436143833774485,1.2678812344141914,92.42134778497632,0.0,0.0
systemic_correlation,30000,immune,67,2.324206044235547,1.263402552938018,93.19311449912426,0.0,0.0
systemic_correlation,30000,immune,68,2.33463953824237,1.2570585918759205,92.77663487317918,0.0,0.0
systemic_correlation,30000,immune,69,2.50607757970472,1.2241548446434871,86.42988619112143,0.0,0.0
systemic_correlation,30000,immune,70,2.4788171159466765,1.2241548446434871,87.38038744632398,0.0,0.0
systemic_correlation,30000,immune,71,2.4924127885410443,1.2241548446434871,86.90374282936845,0.0,0.0
systemic_correlation,30000,immune,72,2.452908049561737,1.2241548446434871,88.3033508079115,0.0,0.0
systemic_correlation,30000,immune,73,2.424211988658069,1.2241548446434871,89.34862174322457,0.0,0.0
systemic_correlation,30000,immune,74,2.4924403176968535,1.2241548446434871,86.90278297221168,0.0,0.0
systemic_correlation,30000,immune,75,2.465576108103494,1.2241548446434871,87.8496507522566,0.0,0.0
systemic_correlation,30000,immune,76,2.4205541588253174,1.2241548446434871,89.48364126052643,0.0,0.0
systemic_correlation,30000,immune,77,2.3864896725950606,1.2241548446434871,90.76092073110458,0.0,0.0
systemic_correlation,30000,immune,78,2.4239679779855305,1.2241548446434871,89.3576160935955,0.0,0.0
systemic_correlation,30000,immune,79,2.397754650477971,1.2241548446434871,90.33451356535696,0.0,0.0
systemic_correlation,30000,immune,80,2.3549157683513497,1.2241548446434871,91.97781207760107,0.0,0.0
systemic_correlation,30000,immune,81,2.3515957492532213,1.2241548446434871,92.10766776933664,0.0,0.0
systemic_correlation,30000,immune,82,2.404528475341222,1.2241548446434871,90.08003116671875,0.0,0.0
systemic_correlation,30000,immune,83,2.420519500251095,1.2241548446434871,89.48492254556544,0.0,0.0
systemic_correlation,30000,immune,84,2.428958331934901,1.2241548446434871,89.17402869873732,0.0,0.0
systemic_correlation,30000,immune,85,2.427584615229471,1.2241548446434871,89.22449031896076,0.0,0.0
systemic_correlation,30000,immune,86,2.4325561317467734,1.2241548446434871,89.04213850328031,0.0,0.0
systemic_correlation,30000,immune,87,2.4035317244178542,1.2241548446434871,90.11738759240278,0.0,0.0
systemic_correlation,30000,immune,88,2.3340988752585887,1.2241548446434871,92.79812534762627,0.0,0.0
systemic_correlation,30000,immune,89,2.4437720272494663,1.2241548446434871,88.63347218348733,0.0,0.0
systemic_correlation,30000,immune,90,2.552624824799709,1.2241548446434871,84.85383276682481,0.0,0.0
systemic_correlation,30000,immune,91,2.5391203280456023,1.2241548446434871,85.30513406850638,0.0,0.0
systemic_correlation,30000,immune,92,2.50821416768215,1.2241548446434871,86.35626207317091,0.0,0.0
systemic_correlation,30000,immune,93,2.514321715307931,1.2241548446434871,86.14649377654237,0.0,0.0
systemic_correlation,30000,immune,94,2.4367778199755445,1.2241548446434871,88.88787407059286,0.0,0.0
systemic_correlation,30000,immune,95,2.459476640427596,1.2241548446434871,88.06751665766693,0.0,0.0
systemic_correlation,30000,immune,96,2.488124864103204,1.2241548446434871,87.05350889938927,0.0,0.0
systemic_correlation,30000,immune,97,2.5007298409862013,1.2241548446434871,86.61471401268217,0.0,0.0
systemic_correlation,30000,immune,98,2.4915491456138374,1.2241548446434871,86.93386617771762,0.0,0.0
systemic_correlation,30000,immune,99,2.4833651201491644,1.2241548446434871,87.22036008421904,0.0,0.0
systemic_correlation,30000,immune,100,2.4791874004408867,1.2241548446434871,87.36733655611549,0.0,0.0
systemic_correlation,30000,immune,101,2.56066614361754,1.2241548446434871,84.5873643230983,0.0,0.0
systemic_correlation,30000,immune,102,2.576815311168188,1.2241548446434871,84.05724657923012,0.0,0.0
systemic_correlation,30000,immune,103,2.7331656277593135,1.2241548446434871,79.24876480228959,0.0,0.0
systemic_correlation,30000,immune,104,2.6652235431424045,1.2241548446434871,81.2689804415505,0.0,0.0
systemic_correlation,30000,immune,105,2.623958142702317,1.2241548446434871,82.5470484742305,0.0,0.0
systemic_correlation,30000,immune,106,2.586262113861871,1.2241548446434871,83.75021187491606,0.0,0.0
systemic_correlation,30000,immune,107,2.5746677130874684,1.2241548446434871,84.12736094020437,0.0,0.0
systemic_correlation,30000,immune,108,2.558566403051645,1.2241548446434871,84.65678269739553,0.0,0.0
systemic_correlation,30000,immune,109,2.552008774000601,1.2241548446434871,84.87431634510085,0.0,0.0
systemic_correlation,30000,immune,110,2.5849660137055412,1.2241548446434871,83.79220417273669,0.0,0.0
systemic_correlation,30000,immune,111,2.627584843492518,1.2241548446434871,82.43311363910169,0.0,0.0
systemic_correlation,30000,immune,112,2.6299295937034435,1.2241548446434871,82.3596192531473,0.0,0.0
systemic_correlation,30000,immune,113,2.677836439894594,1.2241548446434871,80.88619482992989,0.0,0.0
systemic_correlation,30000,immune,114,2.6652234506632175,1.2241548446434871,81.26898326146012,0.0,0.0
systemic_correlation,30000,immune,115,2.6033659843476356,1.2241548446434871,83.19998083338125,0.0,0.0
systemic_correlation,30000,immune,116,2.596984870857338,1.2241548446434871,83.40441349144025,0.0,0.0
systemic_correlation,30000,immune,117,2.544244290025901,1.2241548446434871,85.13333442434293,0.0,0.0
systemic_correlation,30000,immune,118,2.5006458357908783,1.2241548446434871,86.61762369539868,0.0,0.0
systemic_correlation,30000,immune,119,2.471207475896887,1.2241548446434871,87.64945967209343,0.0,0.0
combined,30000,none,0,2.4206818186163446,1.322314049586777,99.14562011176808,0.0,0.0
combined,30000,none,1,2.446469708512468,1.322314049586777,98.1005402049011,0.0,0.0
combined,30000,none,2,2.526347427933583,1.322314049586777,94.99881027698045,0.0,0.0
combined,30000,none,3,2.4771353841716217,1.322314049586777,96.88610543192348,0.0,0.0
combined,30000,none,4,2.449722378192236,1.322314049586777,97.97028517864426,0.0,0.0
combined,30000,none,5,2.4776831324521957,1.322314049586777,96.86468655193565,0.0,0.0
combined,30000,none,6,2.4859856980586734,1.322314049586777,96.54118291485666,0.0,0.0
combined,30000,none,7,2.379095230453668,1.322314049586777,100.87868569861097,0.0,0.0
combined,30000,none,8,2.4114742289848357,1.322314049586777,99.52418197769146,0.0,0.0
combined,30000,none,9,2.4078472733420706,1.322314049586777,99.67409588519381,0.0,0.0
combined,30000,none,10,2.406016312052692,1.322314049586777,99.74994716276221,0.0,0.0
combined,30000,none,11,2.3840135649614207,1.322314049586777,100.67056812400469,0.0,0.0
combined,30000,none,12,2.3471334891128754,1.322314049586777,102.25238620352633,0.0,0.0
combined,30000,none,13,2.309363210250748,1.322314049586777,103.92475247492189,0.0,0.0
combined,30000,none,14,2.3378914638128228,1.322314049586777,102.65660477180089,0.0,0.0
combined,30000,none,15,2.3545755563746935,1.322314049586777,101.92919881047462,0.0,0.0
combined,30000,none,16,2.3497903615989046,1.322314049586777,102.13677097419577,0.0,0.0
combined,30000,none,17,2.3512807989224376,1.322314049586777,102.07202819416081,0.0,0.0
combined,30000,none,18,2.3209585068136276,1.322314049586777,103.40555391034914,0.0,0.0
combined,30000,none,19,2.3366440434826283,1.322314049586777,102.71140812799811,0.0,0.0
combined,30000,none,20,2.3520987583721418,1.322314049586777,102.03653190400092,0.0,0.0
combined,30000,none,21,2.385977773185166,1.322314049586777,100.58769310311365,0.0,0.0
combined,30000,none,22,2.3720531723437275,1.322314049586777,101.1781703708041,0.0,0.0
combined,30000,none,23,2.3364212412119483,1.322314049586777,102.72120273804188,0.0,0.0
combined,30000,none,24,2.307197536234764,1.322314049586777,104.02230248202696,0.0,0.0
combined,30000,none,25,2.301678517751816,1.322314049586777,104.271729587337,0.0,0.0
combined,30000,none,26,2.4120428713809914,1.322314049586777,99.5007190160722,0.0,0.0
combined,30000,none,27,2.438372907990147,1.322314049586777,98.42629042242041,0.0,0.0
combined,30000,none,28,2.4306182050707403,1.322314049586777,98.74031203226961,0.0,0.0
combined,30000,none,29,2.4100835080186056,1.322314049586777,99.58161167507032,0.0,0.0
combined,30000,none,30,2.2419939683308354,1.322314049586777,107.04756720584757,0.0,0.0
combined,30000,none,31,2.202889488767619,1.322314049586777,108.94781659440628,0.0,0.0
combined,30000,none,32,2.1965835494158656,1.322314049586777,109.26058335628657,0.0,0.0
combined,30000,none,33,2.1954457661628632,1.322314049586777,109.31720732936395,0.0,0.0
combined,30000,none,34,2.2859091756114047,1.322314049586777,104.99104800863664,0.0,0.0
combined,30000,none,35,2.3025959147457877,1.322314049586777,104.23018579293215,0.0,0.0
combined,30000,none,36,2.2985608858834983,1.322314049586777,104.41315758653535,0.0,0.0
combined,30000,none,37,2.148841244133701,1.322314049586777,111.68810197365478,0.0,0.0
combined,30000,none,38,2.1656282681798573,1.322314049586777,110.82234357871236,0.0,0.0
combined,30000,none,39,2.2307206196159357,1.322314049586777,107.58855138090799,0.0,0.0
combined,30000,none,40,2.2565900210815912,1.322314049586777,106.35516321434727,0.0,0.0
combined,30000,none,41,2.222738737610285,1.322314049586777,107.97490318544106,0.0,0.0
combined,30000,none,42,2.2295488287564487,1.322314049586777,107.64509702793198,0.0,0.0
combined,30000,none,43,2.1818676348531802,1.322314049586777,109.99750679932966,0.0,0.0
combined,30000,none,44,2.189227819820929,1.322314049586777,109.62769512934068,0.0,0.0
combined,30000,none,45,2.2137347109087697,0.9387170989012308,108.41407455795665,0.061282901098769216,0.0
combined,30000,none,46,2.223592466957951,0.9328572544783101,107.93344714300945,0.06714274552168986,0.0
combined,30000,none,47,2.189987424540877,0.928419384655825,109.58967038375351,0.07158061534417504,0.0
combined,30000,none,48,2.3275589328149158,0.9048177543957896,103.1123193558616,0.0951822456042104,0.0
combined,30000,none,49,2.207100050348838,0.9003798845733044,108.73997305290595,0.09962011542669558,0.0
combined,30000,none,50,2.2601422339034327,0.8883918201726899,106.18800728549824,0.11160817982731008,0.0
combined,30000,none,51,2.1881122159960062,0.8839539503502047,109.68358854975564,0.11604604964979526,0.0
combined,30000,none,52,2.007408839557553,0.8795160805277197,119.55711027600022,0.12048391947228032,0.0
combined,30000,none,53,2.0574959370756085,0.8664673693377914,116.6466458938045,0.13353263066220855,0.0
combined,30000,none,54,2.0378866482749625,0.8620294995153063,117.76906247614706,0.13797050048469373,0.0
combined,30000,none,55,2.100627561344597,0.84718485162895,114.25157149055862,0.15281514837105004,0.0
combined,30000,none,56,2.032936821984513,0.8427469818064648,118.05580842680428,0.1572530181935352,0.0
combined,30000,none,57,2.0543579282495537,0.834667141326607,116.82482234461234,0.16533285867339298,0.0
combined,30000,none,58,2.0624337177027763,0.8288758800911662,116.36737604703335,0.1711241199088338,0.0
combined,30000,none,59,2.011588510010913,0.824438010268681,119.30869499682018,0.17556198973131898,0.0
combined,30000,none,60,1.9362324970273355,0.8200001404461958,123.95205656782844,0.17999985955380415,0.0
combined,30000,none,61,2.070486942309039,0.7917832909807464,115.91476144850654,0.2082167090192536,0.0
combined,30000,none,62,2.0963197959516315,0.7831193491430515,114.48634910736564,0.21688065085694852,0.0
combined,30000,none,63,2.0657923020543607,0.7786814793205663,116.1781848839925,0.2213185206794337,0.0
combined,30000,none,64,2.102890448543517,0.7681798293056504,114.12862717895095,0.23182017069434957,0.0
combined,30000,none,65,2.1131660172038758,0.7621000464865736,113.57366058610296,0.2378999535134264,0.0
combined,30000,none,66,2.0886881000501467,0.7576621766640884,114.90466192354805,0.24233782333591158,0.0
combined,30000,none,67,2.093638507891016,0.7524204842068125,114.63296987298878,0.2475795157931875,0.0
combined,30000,none,68,2.2496238306192966,0.7244664398006957,106.68450286372128,0.2755335601993043,0.0
combined,30000,none,69,2.1714452184084134,0.7200285699782105,110.52546846008431,0.2799714300217895,0.0
combined,30000,none,70,2.0254044189167226,0.7155907001557253,118.49485355046416,0.28440929984427465,0.0
combined,30000,none,71,1.9664861906854887,0.7111528303332402,122.04509807228266,0.28884716966675983,0.0
combined,30000,none,72,2.003071121324219,0.7001200408895231,119.81601524030627,0.29987995911047693,0.0
combined,30000,none,73,2.003987074825919,0.695520148061938,119.7612514645825,0.30447985193806204,0.0
combined,30000,none,74,2.3167335548526786,0.6432505616886823,103.59413127042208,0.35674943831131767,0.0
combined,30000,none,75,2.3069298027392775,0.8984243382263414,104.03437491466839,0.10157566177365862,0.0
combined,30000,none,76,2.276767509128161,0.8984243382263414,105.41260758411948,0.10157566177365862,0.0
combined,30000,none,77,2.264954934082436,0.8984243382263414,105.96237319716352,0.10157566177365862,0.0
combined,30000,none,78,2.322595200295407,0.8984243382263414,103.33268576869305,0.10157566177365862,0.0
combined,30000,none,79,2.3078265901563144,0.8984243382263414,103.99394868907557,0.10157566177365862,0.0
combined,30000,none,80,2.3293618481977374,0.8984243382263414,103.03251089378477,0.10157566177365862,0.0
combined,30000,none,81,2.350217513898723,0.8984243382263414,102.11820760448228,0.10157566177365862,0.0
combined,30000,none,82,2.318751798457796,0.8984243382263414,103.50396284743552,0.10157566177365862,0.0
combined,30000,none,83,2.341600868986379,0.8984243382263414,102.4939831457656,0.10157566177365862,0.0
combined,30000,none,84,2.3567917173245685,0.8984243382263414,101.83335177045181,0.10157566177365862,0.0
combined,30000,none,85,2.3717035939360054,0.8984243382263414,101.19308357656256,0.10157566177365862,0.0
combined,30000,none,86,2.398924324563333,0.8984243382263414,100.0448399070222,0.10157566177365862,0.0
combined,30000,none,87,2.3881161280799965,0.8984243382263414,100.49762537844246,0.10157566177365862,0.0
combined,30000,none,88,2.4020479584930094,0.8984243382263414,99.91474114886972,0.10157566177365862,0.0
combined,30000,none,89,2.4162393154675037,0.8984243382263414,99.327909476369,0.10157566177365862,0.0
combined,30000,none,90,2.3780911959876305,0.8984243382263414,100.92127686479537,0.10157566177365862,0.0
combined,30000,none,91,2.3777399008357625,0.8984243382263414,100.93618730780491,0.10157566177365862,0.0
combined,30000,none,92,2.3631162588474597,0.8984243382263414,101.560809419107,0.10157566177365862,0.0
combined,30000,none,93,2.4146998835477826,0.8984243382263414,99.39123351734358,0.10157566177365862,0.0
combined,30000,none,94,2.3857117053956554,0.8984243382263414,100.5989112000427,0.10157566177365862,0.0
combined,30000,none,95,2.393572933634335,0.8984243382263414,100.26851349609416,0.10157566177365862,0.0
combined,30000,none,96,2.5285303076873156,0.8984243382263414,94.91679782138448,0.10157566177365862,0.0
combined,30000,none,97,2.6090845144931514,0.8984243382263414,91.98628816614747,0.10157566177365862,0.0
combined,30000,none,98,2.592576510075347,0.8984243382263414,92.57200281932083,0.10157566177365862,0.0
combined,30000,none,99,2.628975476555875,0.8984243382263414,91.29031523504939,0.10157566177365862,0.0
combined,30000,none,100,2.5434562938624152,0.8984243382263414,94.35978930683464,0.10157566177365862,0.0
combined,30000,none,101,2.5720931916437695,0.8984243382263414,93.30921631444511,0.10157566177365862,0.0
combined,30000,none,102,2.651658232443438,0.8984243382263414,90.50940165047058,0.10157566177365862,0.0
combined,30000,none,103,2.6702444935324343,0.8984243382263414,89.87941013689982,0.10157566177365862,0.0
combined,30000,none,104,2.6605240688225416,0.8984243382263414,90.20779131918019,0.10157566177365862,0.0
combined,30000,none,105,2.7688586538749327,0.8984243382263414,86.67831406421826,0.10157566177365862,0.0
combined,30000,none,106,2.7410920870515834,0.8984243382263414,87.55634337631925,0.10157566177365862,0.0
combined,30000,none,107,2.7069886940148313,0.8984243382263414,88.65940243143294,0.10157566177365862,0.0
combined,30000,none,108,2.7197279848131877,0.8984243382263414,88.24411902225035,0.10157566177365862,0.0
combined,30000,none,109,2.82864305643677,0.8984243382263414,84.84633628617922,0.10157566177365862,0.0
combined,30000,none,110,2.809457776269864,0.8984243382263414,85.42573660553447,0.10157566177365862,0.0
combined,30000,none,111,2.9023774478076927,0.8984243382263414,82.69082995434785,0.10157566177365862,0.0
combined,30000,none,112,2.872022677003833,0.8984243382263414,83.56479979133525,0.10157566177365862,0.0
combined,30000,none,113,2.81994729612229,0.8984243382263414,85.10797358873482,0.10157566177365862,0.0
combined,30000,none,114,2.7980091032259655,0.8984243382263414,85.7752748993175,0.10157566177365862,0.0
combined,30000,none,115,2.801421434399713,0.8984243382263414,85.67079449487652,0.10157566177365862,0.0
combined,30000,none,116,2.8035755795349675,0.8984243382263414,85.60496879481633,0.10157566177365862,0.0
combined,30000,none,117,2.8734946675779325,0.8984243382263414,83.52199247416593,0.10157566177365862,0.0
combined,30000,none,118,2.8625596521939745,0.8984243382263414,83.84104757993597,0.10157566177365862,0.0
combined,30000,none,119,2.863555512821605,0.8984243382263414,83.811890122401,0.10157566177365862,0.0
combined,30000,proportional,0,2.4206818186163446,1.322314049586777,99.14562011176808,0.0,0.0
combined,30000,proportional,1,2.446469708512468,1.322314049586777,98.1005402049011,0.0,0.0
combined,30000,proportional,2,2.526347427933583,1.322314049586777,94.99881027698045,0.0,0.0
combined,30000,proportional,3,2.4771353841716217,1.322314049586777,96.88610543192348,0.0,0.0
combined,30000,proportional,4,2.449722378192236,1.322314049586777,97.97028517864426,0.0,0.0
combined,30000,proportional,5,2.4776831324521957,1.322314049586777,96.86468655193565,0.0,0.0
combined,30000,proportional,6,2.4859856980586734,1.322314049586777,96.54118291485666,0.0,0.0
combined,30000,proportional,7,2.379095230453668,1.322314049586777,100.87868569861097,0.0,0.0
combined,30000,proportional,8,2.4114742289848357,1.322314049586777,99.52418197769146,0.0,0.0
combined,30000,proportional,9,2.4078472733420706,1.322314049586777,99.67409588519381,0.0,0.0
combined,30000,proportional,10,2.406016312052692,1.322314049586777,99.74994716276221,0.0,0.0
combined,30000,proportional,11,2.3840135649614207,1.322314049586777,100.67056812400469,0.0,0.0
combined,30000,proportional,12,2.3471334891128754,1.322314049586777,102.25238620352633,0.0,0.0
combined,30000,proportional,13,2.309363210250748,1.322314049586777,103.92475247492189,0.0,0.0
combined,30000,proportional,14,2.3378914638128228,1.322314049586777,102.65660477180089,0.0,0.0
combined,30000,proportional,15,2.3545755563746935,1.322314049586777,101.92919881047462,0.0,0.0
combined,30000,proportional,16,2.3497903615989046,1.322314049586777,102.13677097419577,0.0,0.0
combined,30000,proportional,17,2.3512807989224376,1.322314049586777,102.07202819416081,0.0,0.0
combined,30000,proportional,18,2.3209585068136276,1.322314049586777,103.40555391034914,0.0,0.0
combined,30000,proportional,19,2.3366440434826283,1.322314049586777,102.71140812799811,0.0,0.0
combined,30000,proportional,20,2.3520987583721418,1.322314049586777,102.03653190400092,0.0,0.0
combined,30000,proportional,21,2.385977773185166,1.322314049586777,100.58769310311365,0.0,0.0
combined,30000,proportional,22,2.3720531723437275,1.322314049586777,101.1781703708041,0.0,0.0
combined,30000,proportional,23,2.3364212412119483,1.322314049586777,102.72120273804188,0.0,0.0
combined,30000,proportional,24,2.307197536234764,1.322314049586777,104.02230248202696,0.0,0.0
combined,30000,proportional,25,2.301678517751816,1.322314049586777,104.271729587337,0.0,0.0
combined,30000,proportional,26,2.4120428713809914,1.322314049586777,99.5007190160722,0.0,0.0
combined,30000,proportional,27,2.438372907990147,1.322314049586777,98.42629042242041,0.0,0.0
combined,30000,proportional,28,2.4306182050707403,1.322314049586777,98.74031203226961,0.0,0.0
combined,30000,proportional,29,2.4100835080186056,1.322314049586777,99.58161167507032,0.0,0.0
combined,30000,proportional,30,2.2419939683308354,1.322314049586777,107.04756720584757,0.0,0.0
combined,30000,proportional,31,2.202889488767619,1.322314049586777,108.94781659440628,0.0,0.0
combined,30000,proportional,32,2.1965835494158656,1.322314049586777,109.26058335628657,0.0,0.0
combined,30000,proportional,33,2.1954457661628632,1.322314049586777,109.31720732936395,0.0,0.0
combined,30000,proportional,34,2.2859091756114047,1.322314049586777,104.99104800863664,0.0,0.0
combined,30000,proportional,35,2.3025959147457877,1.322314049586777,104.23018579293215,0.0,0.0
combined,30000,proportional,36,2.2985608858834983,1.322314049586777,104.41315758653535,0.0,0.0
combined,30000,proportional,37,2.148841244133701,1.322314049586777,111.68810197365478,0.0,0.0
combined,30000,proportional,38,2.1656282681798573,1.322314049586777,110.82234357871236,0.0,0.0
combined,30000,proportional,39,2.2307206196159357,1.322314049586777,107.58855138090799,0.0,0.0
combined,30000,proportional,40,2.2565900210815912,1.322314049586777,106.35516321434727,0.0,0.0
combined,30000,proportional,41,2.222738737610285,1.322314049586777,107.97490318544106,0.0,0.0
combined,30000,proportional,42,2.2295488287564487,1.322314049586777,107.64509702793198,0.0,0.0
combined,30000,proportional,43,2.1818676348531802,1.322314049586777,109.99750679932966,0.0,0.0
combined,30000,proportional,44,2.189227819820929,1.322314049586777,109.62769512934068,0.0,0.0
combined,30000,proportional,45,2.2137347109087697,0.9387170989012308,108.29239455795665,0.061282901098769216,23.39999999999999
combined,30000,proportional,46,2.008184262880485,1.1307841158577248,107.8586283159668,0.0,0.0
combined,30000,proportional,47,1.9807345710012578,1.1259441571587059,109.35336979073833,0.0,0.0
combined,30000,proportional,48,2.092600762482209,1.1022418814015025,103.50756048806586,0.0,0.0
combined,30000,proportional,49,1.9947227712047777,1.0974019227024834,108.5865179496484,0.0,0.0
combined,30000,proportional,50,2.0379481978668994,1.0851305329726,106.28336884456294,0.0,0.0
combined,30000,proportional,51,1.979200468322591,1.0802905742735809,109.43813093555525,0.0,0.0
combined,30000,proportional,52,1.8301804725493758,1.0754506155745618,118.34898429349099,0.0,0.0
combined,30000,proportional,53,1.8717223764502866,1.062135262886992,115.72229018855936,0.0,0.0
combined,30000,proportional,54,1.855480334765547,1.057295304187973,116.73527115412351,0.0,0.0
combined,30000,proportional,55,1.9073493929987082,1.0422122646471446,113.56073553962995,0.0,0.0
combined,30000,proportional,56,1.851376054116474,1.0373723059481255,116.99405937459166,0.0,0.0
combined,30000,proportional,57,1.8691250959018906,1.0289476643013191,115.88309443541344,0.0,0.0
combined,30000,proportional,58,1.8758078517277779,1.022775602854607,115.47024915184839,0.0,0.0
combined,30000,proportional,59,1.833654061179161,1.0179356441555878,118.12478950403101,0.0,0.0
combined,30000,proportional,60,1.7708314627667978,1.0130956854565687,122.31542332186596,0.0,0.0
combined,30000,proportional,61,1.8824672208455746,0.9848507872725599,115.00544847667796,0.015149212727440076,10.829999999999998
combined,30000,proportional,62,1.8084779339542256,1.0734910985993928,113.78076344569227,0.0,0.0
combined,30000,proportional,63,1.7857127182973243,1.0684393008329611,115.23130114467773,0.0,0.0
combined,30000,proportional,64,1.8133659541691272,1.0574693572199154,113.47406160731774,0.0,0.0
combined,30000,proportional,65,1.8210016990156062,1.050815080426719,112.9982471247747,0.0,0.0
combined,30000,proportional,66,1.802795301588387,1.0457632826602872,114.13941439646668,0.0,0.0
combined,30000,proportional,67,1.8064820691921215,1.0399269677384613,113.90647242461843,0.0,0.0
combined,30000,proportional,68,1.921438220335253,1.011923785435681,107.09165552254771,0.0,0.0
combined,30000,proportional,69,1.8641152917851755,1.0068719876692493,110.38480340072947,0.0,0.0
combined,30000,proportional,70,1.7554537807990778,1.0018201899028176,117.21755494259388,0.0,0.0
combined,30000,proportional,71,1.7110221697703487,0.9967683921363858,120.207945639488,0.0032316078636142054,10.288500000000013
combined,30000,proportional,72,1.6511329518699176,1.0825918471795473,118.39234374107554,0.0,0.0
combined,30000,proportional,73,1.6517552663214712,1.077164138350536,118.34773830347493,0.0,0.0
combined,30000,proportional,74,1.8585510180666016,1.0256203410387117,105.17951786083006,0.0,0.0
combined,30000,proportional,75,1.8522363178795775,1.4141943331597726,105.53809906059145,0.0,0.0
combined,30000,proportional,76,1.8327419563479357,1.4141943331597726,106.66067818381354,0.0,0.0
combined,30000,proportional,77,1.825079826334361,1.4141943331597726,107.10846571167299,0.0,0.0
combined,30000,proportional,78,1.862321519247013,1.4141943331597726,104.96656886563737,0.0,0.0
combined,30000,proportional,79,1.8528143876558576,1.4141943331597726,105.50517164718218,0.0,0.0
combined,30000,proportional,80,1.8666694756827753,1.4141943331597726,104.7220745539316,0.0,0.0
combined,30000,proportional,81,1.880038918434808,1.4141943331597726,103.97736881039917,0.0,0.0
combined,30000,proportional,82,1.8598496783640102,1.4141943331597726,105.10607511675485,0.0,0.0
combined,30000,proportional,83,1.8745210108871546,1.4141943331597726,104.28344033737156,0.0,0.0
combined,30000,proportional,84,1.8842434511005524,1.4141943331597726,103.74535195323239,0.0,0.0
combined,30000,proportional,85,1.8937629330084633,1.4141943331597726,103.22384950763337,0.0,0.0
combined,30000,proportional,86,1.9110781072902492,1.4141943331597726,102.28859786226981,0.0,0.0
combined,30000,proportional,87,1.9042125609250453,1.4141943331597726,102.65739445865081,0.0,0.0
combined,30000,proportional,88,1.9130599488264701,1.4141943331597726,102.18263161063739,0.0,0.0
combined,30000,proportional,89,1.9220506946831701,1.4141943331597726,101.7046535456876,0.0,0.0
combined,30000,proportional,90,1.897833290997981,1.4141943331597726,103.00246124210706,0.0,0.0
combined,30000,proportional,91,1.8976095506941553,1.4141943331597726,103.0146058911286,0.0,0.0
combined,30000,proportional,92,1.88828387615993,1.4141943331597726,103.52336450467234,0.0,0.0
combined,30000,proportional,93,1.9210764526425148,1.4141943331597726,101.75623137283665,0.0,0.0
combined,30000,proportional,94,1.9026835189930043,1.4141943331597726,102.73989239338061,0.0,0.0
combined,30000,proportional,95,1.9076803878340138,1.4141943331597726,102.47078139852887,0.0,0.0
combined,30000,proportional,96,1.9924366768160442,1.4141943331597726,98.11177553325487,0.0,0.0
combined,30000,proportional,97,2.0421184832784642,1.4141943331597726,95.72485710337898,0.0,0.0
combined,30000,proportional,98,2.0319915562045257,1.4141943331597726,96.20192534910527,0.0,0.0
combined,30000,proportional,99,2.0542837736320636,1.4141943331597726,95.15798280116879,0.0,0.0
combined,30000,proportional,100,2.0016928732544317,1.4141943331597726,97.65808861685082,0.0,0.0
combined,30000,proportional,101,2.019387117366705,1.4141943331597726,96.80239034846834,0.0,0.0
combined,30000,proportional,102,2.0681075048957562,1.4141943331597726,94.52192380581943,0.0,0.0
combined,30000,proportional,103,2.0793959405018603,1.4141943331597726,94.00879178056908,0.0,0.0
combined,30000,proportional,104,2.0734965447895193,1.4141943331597726,94.27626030591884,0.0,0.0
combined,30000,proportional,105,2.138712656409392,1.4141943331597726,91.4014790225195,0.0,0.0
combined,30000,proportional,106,2.12210846276297,1.4141943331597726,92.11663938490895,0.0,0.0
combined,30000,proportional,107,2.1016106575463986,1.4141943331597726,93.01508787941815,0.0,0.0
combined,30000,proportional,108,2.109281093738059,1.4141943331597726,92.67683694711762,0.0,0.0
combined,30000,proportional,109,2.1742072608685805,1.4141943331597726,89.90932167244559,0.0,0.0
combined,30000,proportional,110,2.1628546496618095,1.4141943331597726,90.38124685381243,0.0,0.0
combined,30000,proportional,111,2.2175089038822975,1.4141943331597726,88.15364829325435,0.0,0.0
combined,30000,proportional,112,2.1997456289270185,1.4141943331597726,88.86550218779207,0.0,0.0
combined,30000,proportional,113,2.1690660887025777,1.4141943331597726,90.12242689061026,0.0,0.0
combined,30000,proportional,114,2.1560630463588826,1.4141943331597726,90.66594797871304,0.0,0.0
combined,30000,proportional,115,2.158088649398334,1.4141943331597726,90.58084803629333,0.0,0.0
combined,30000,proportional,116,2.1593667938643946,1.4141943331597726,90.52723259218368,0.0,0.0
combined,30000,proportional,117,2.2006090489713857,1.4141943331597726,88.83063536041192,0.0,0.0
combined,30000,proportional,118,2.1941899868225625,1.4141943331597726,89.09050773815603,0.0,0.0
combined,30000,proportional,119,2.194775049849058,1.4141943331597726,89.06675880675968,0.0,0.0
combined,30000,vol_target,0,2.4206818186163446,1.322314049586777,99.14562011176808,0.0,0.0
combined,30000,vol_target,1,2.446469708512468,1.322314049586777,98.1005402049011,0.0,0.0
combined,30000,vol_target,2,2.526347427933583,1.322314049586777,94.99881027698045,0.0,0.0
combined,30000,vol_target,3,2.4771353841716217,1.322314049586777,96.88610543192348,0.0,0.0
combined,30000,vol_target,4,2.449722378192236,1.322314049586777,97.97028517864426,0.0,0.0
combined,30000,vol_target,5,2.4776831324521957,1.322314049586777,96.86468655193565,0.0,0.0
combined,30000,vol_target,6,2.4859856980586734,1.322314049586777,96.54118291485666,0.0,0.0
combined,30000,vol_target,7,2.379095230453668,1.322314049586777,100.87868569861097,0.0,0.0
combined,30000,vol_target,8,2.4114742289848357,1.322314049586777,99.52418197769146,0.0,0.0
combined,30000,vol_target,9,2.4078472733420706,1.322314049586777,99.67409588519381,0.0,0.0
combined,30000,vol_target,10,2.406016312052692,1.322314049586777,99.74994716276221,0.0,0.0
combined,30000,vol_target,11,2.3840135649614207,1.322314049586777,100.67056812400469,0.0,0.0
combined,30000,vol_target,12,2.3471334891128754,1.322314049586777,102.25238620352633,0.0,0.0
combined,30000,vol_target,13,2.309363210250748,1.322314049586777,103.92475247492189,0.0,0.0
combined,30000,vol_target,14,2.3378914638128228,1.322314049586777,102.65660477180089,0.0,0.0
combined,30000,vol_target,15,2.3545755563746935,1.322314049586777,101.92919881047462,0.0,0.0
combined,30000,vol_target,16,2.3497903615989046,1.322314049586777,102.13677097419577,0.0,0.0
combined,30000,vol_target,17,2.3512807989224376,1.322314049586777,102.07202819416081,0.0,0.0
combined,30000,vol_target,18,2.3209585068136276,1.322314049586777,103.40555391034914,0.0,0.0
combined,30000,vol_target,19,2.3366440434826283,1.322314049586777,102.30946985995025,0.0,100.4845670119632
combined,30000,vol_target,20,1.3689102041455257,2.912691146632723,101.6858929204399,0.0,57.81543424811399
combined,30000,vol_target,21,0.8073706069225688,4.832264274976912,101.05939211166921,0.0,33.32298531054416
combined,30000,vol_target,22,0.47813571069106126,6.848065945639261,101.11671734643494,0.0,15.424448296904895
combined,30000,vol_target,23,0.3252050443454026,8.257650690504647,101.2901648595411,0.0,9.603616080668935
combined,30000,vol_target,24,0.23022774963892018,9.391154224163639,101.39026547875545,0.0,6.619961481432734
combined,30000,vol_target,25,0.16496770520423243,10.332495383440724,101.3900816196646,0.0,4.392488673175715
combined,30000,vol_target,26,0.12196864103695249,11.049007860504465,101.13194662768703,0.0,3.223782733017405
combined,30000,vol_target,27,0.09014355933833568,11.630806675208778,101.09115094930108,0.0,0.0
combined,30000,vol_target,28,0.09013292852534793,11.630806675208778,101.1030742401343,0.0,0.0
combined,30000,vol_target,29,0.09010445972073587,11.630806675208778,101.13501809369208,0.0,0.0
combined,30000,vol_target,30,0.08985260440952655,11.630806675208778,101.41849781721857,0.0,0.0
combined,30000,vol_target,31,0.08978872633148897,11.630806675208778,101.49064962271477,0.0,0.0
combined,30000,vol_target,32,0.08977822118387174,11.630806675208778,101.50252526740896,0.0,0.0
combined,30000,vol_target,33,0.0897763195719534,11.630806675208778,101.50467525988705,0.0,0.0
combined,30000,vol_target,34,0.089921838082397,11.630806675208778,101.34041250167536,0.0,0.0
combined,30000,vol_target,35,0.08994747990856505,11.630806675208778,101.31152282912635,0.0,0.0
combined,30000,vol_target,36,0.08994131223864367,11.630806675208778,101.3184702042145,0.0,0.0
combined,30000,vol_target,37,0.08969676967637187,11.630806675208778,101.59469730133954,0.0,0.0
combined,30000,vol_target,38,0.08972580185455382,11.630806675208778,101.56182475750677,0.0,0.0
combined,30000,vol_target,39,0.08983440963377036,11.630806675208778,101.43903879737124,0.0,0.0
combined,30000,vol_target,40,0.08987590260345024,11.630806675208778,101.39220747952905,0.0,0.0
combined,30000,vol_target,41,0.08982142007681845,11.630806675208778,101.45370844043052,0.0,0.0
combined,30000,vol_target,42,0.08983250827452714,11.630806675208778,101.44118581583643,0.0,0.0
combined,30000,vol_target,43,0.08975347926263931,11.630806675208778,101.53050599312222,0.0,0.0
combined,30000,vol_target,44,0.08976589384239085,11.630806675208778,101.51646437319384,0.0,0.0
combined,30000,vol_target,45,0.08980665923116146,10.909690901178653,101.47038362403538,0.0,0.0
combined,30000,vol_target,46,0.08982281369296867,10.884775125483618,101.45213436898064,0.0,0.0
combined,30000,vol_target,47,0.08976717052802459,10.860158835755088,101.51502058688655,0.0,0.0
combined,30000,vol_target,48,0.08998517967534499,10.831506413936191,101.26907783099934,0.0,0.0
combined,30000,vol_target,49,0.08979570869870734,10.80689012420766,101.48275787604707,0.0,0.0
combined,30000,vol_target,50,0.089881528921254,10.780683667313108,101.38586062730087,0.0,0.0
combined,30000,vol_target,51,0.08976401727966411,10.756067377584579,101.51858662684253,0.0,0.0
combined,30000,vol_target,52,0.08943375074467824,10.731451087856048,101.8934807978097,0.0,0.0
combined,30000,vol_target,53,0.08953085208168088,10.705021245235253,101.78297148188928,0.0,0.0
combined,30000,vol_target,54,0.08949338011719703,10.680404955506722,101.82558924744284,0.0,0.0
combined,30000,vol_target,55,0.0896109168416883,10.65359686573781,101.69203134343564,0.0,0.0
combined,30000,vol_target,56,0.08948381211116059,10.62898057600928,101.83647689102436,0.0,0.0
combined,30000,vol_target,57,0.08952490155191593,10.60359724086238,101.78973677948657,0.0,0.0
combined,30000,vol_target,58,0.08954018040279953,10.578695909660365,101.77236770336077,0.0,0.0
combined,30000,vol_target,59,0.0894420303599473,10.554079619931835,101.88404855643464,0.0,0.0
combined,30000,vol_target,60,0.08928752139701274,10.529463330203304,102.0603553732857,0.0,0.0
combined,30000,vol_target,61,0.0895553030070982,10.49983888442284,101.7551820851602,0.0,0.0
combined,30000,vol_target,62,0.08960306214859215,10.47433253008865,101.70094576753425,0.0,0.0
combined,30000,vol_target,63,0.08954650097200399,10.449716240360122,101.7651841809876,0.0,0.0
combined,30000,vol_target,64,0.08961503060192566,10.4238228412718,101.68736319087031,0.0,0.0
combined,30000,vol_target,65,0.0896336046822264,10.398860743748568,101.66629130319855,0.0,0.0
combined,30000,vol_target,66,0.08958907053471374,10.374244454020038,101.71682895904138,0.0,0.0
combined,30000,vol_target,67,0.08959815751947561,10.349458869004094,101.706512906788,0.0,0.0
combined,30000,vol_target,68,0.0898648193887117,10.319889773317204,101.4047123909722,0.0,0.0
combined,30000,vol_target,69,0.08973576153626919,10.295273483588675,101.55055251295566,0.0,0.0
combined,30000,vol_target,70,0.0894691662206348,10.270657193860146,101.8531472810043,0.0,0.0
combined,30000,vol_target,71,0.08935091125114135,10.246040904131617,101.98794882534081,0.0,0.0
combined,30000,vol_target,72,0.08942512314217343,10.220035640312988,101.90331132886479,0.0,0.0
combined,30000,vol_target,73,0.08942694792042917,10.195385226475445,101.90123196743042,0.0,0.0
combined,30000,vol_target,74,0.0899689268143191,10.160694967875457,101.28737206109062,0.0,0.0
combined,30000,vol_target,75,0.0899540812994042,10.8071690456131,101.30408795847853,0.0,0.0
combined,30000,vol_target,76,0.08990763739138644,10.8071690456131,101.35641897149898,0.0,0.0
combined,30000,vol_target,77,0.08988912467844734,10.8071690456131,101.37729337978438,0.0,0.0
combined,30000,vol_target,78,0.08997774537238694,10.8071690456131,101.27744506671704,0.0,0.0
combined,30000,vol_target,79,0.08995544431328582,10.8071690456131,101.3025529888143,0.0,0.0
combined,30000,vol_target,80,0.08998787240449783,10.8071690456131,101.26604753157264,0.0,0.0
combined,30000,vol_target,81,0.0900187324041957,10.8071690456131,101.23133175505852,0.0,0.0
combined,30000,vol_target,82,0.08997196800038915,10.8071690456131,101.28394839756709,0.0,0.0
combined,30000,vol_target,83,0.09000604648776196,10.8071690456131,101.24559982109668,0.0,0.0
combined,30000,vol_target,84,0.090028351318752,10.8071690456131,101.22051587854507,0.0,0.0
combined,30000,vol_target,85,0.09004997918127387,10.8071690456131,101.19620511887896,0.0,0.0
combined,30000,vol_target,86,0.09008879218010411,10.8071690456131,101.15260670784632,0.0,0.0
combined,30000,vol_target,87,0.09007348310467485,10.8071690456131,101.16979881403097,0.0,0.0
combined,30000,vol_target,88,0.09009319189614066,10.8071690456131,101.14766690344483,0.0,0.0
combined,30000,vol_target,89,0.09011304287525719,10.8071690456131,101.12538510982962,0.0,0.0
combined,30000,vol_target,90,0.09005916378581648,10.8071690456131,101.18588471297957,0.0,0.0
combined,30000,vol_target,91,0.09005865989934804,10.8071690456131,101.18645085729219,0.0,0.0
combined,30000,vol_target,92,0.09003755636030673,10.8071690456131,101.21016754066788,0.0,0.0
combined,30000,vol_target,93,0.09011090036769488,10.8071690456131,101.12778950154532,0.0,0.0
combined,30000,vol_target,94,0.09007005925397105,10.8071690456131,101.17364460129636,0.0,0.0
combined,30000,vol_target,95,0.09008122892878923,10.8071690456131,101.16109951589061,0.0,0.0
combined,30000,vol_target,96,0.09026253971536673,10.8071690456131,100.95789674116138,0.0,0.0
combined,30000,vol_target,97,0.09036213205462351,10.8071690456131,100.84662631322571,0.0,0.0
combined,30000,vol_target,98,0.0903422091790249,10.8071690456131,100.86886569400725,0.0,0.0
combined,30000,vol_target,99,0.09038581675325703,10.8071690456131,100.82020046414635,0.0,0.0
combined,30000,vol_target,100,0.09028145255234936,10.8071690456131,100.93674732243588,0.0,0.0
combined,30000,vol_target,101,0.09031714560822222,10.8071690456131,100.89685743289672,0.0,0.0
combined,30000,vol_target,102,0.09041240685833422,10.8071690456131,100.79054944812545,0.0,0.0
combined,30000,vol_target,103,0.09043386947169388,10.8071690456131,100.76662889042123,0.0,0.0
combined,30000,vol_target,104,0.09042268087773878,10.8071690456131,100.77909740920364,0.0,0.0
combined,30000,vol_target,105,0.090543082350655,10.8071690456131,100.64508439073533,0.0,0.0
combined,30000,vol_target,106,0.09051310008224686,10.8071690456131,100.6784228570062,0.0,0.0
combined,30000,vol_target,107,0.09047546180207781,10.8071690456131,100.72030562401278,0.0,0.0
combined,30000,vol_target,108,0.09048962831467956,10.8071690456131,100.70453745803123,0.0,0.0
combined,30000,vol_target,109,0.0906057033177749,10.8071690456131,100.5755248344422,0.0,0.0
combined,30000,vol_target,110,0.09058588879694987,10.8071690456131,100.59752446217436,0.0,0.0
combined,30000,vol_target,111,0.09067949419718303,10.8071690456131,100.49368101197524,0.0,0.0
combined,30000,vol_target,112,0.0906495605252561,10.8071690456131,100.52686534139407,0.0,0.0
combined,30000,vol_target,113,0.09059675468681933,10.8071690456131,100.58545911142616,0.0,0.0
combined,30000,vol_target,114,0.09057393936316209,10.8071690456131,100.61079630909002,0.0,0.0
combined,30000,vol_target,115,0.09057751083509986,10.8071690456131,100.60682922463006,0.0,0.0
combined,30000,vol_target,116,0.09057976111114728,10.8071690456131,100.60432984579275,0.0,0.0
combined,30000,vol_target,117,0.0906510262256233,10.8071690456131,100.52523996251445,0.0,0.0
combined,30000,vol_target,118,0.09064010308378796,10.8071690456131,100.53735437342951,0.0,0.0
combined,30000,vol_target,119,0.09064110120658286,10.8071690456131,100.53624727495207,0.0,0.0
combined,30000,liquidate,0,2.4206818186163446,1.322314049586777,99.14562011176808,0.0,0.0
combined,30000,liquidate,1,2.446469708512468,1.322314049586777,98.1005402049011,0.0,0.0
combined,30000,liquidate,2,2.526347427933583,1.322314049586777,94.99881027698045,0.0,0.0
combined,30000,liquidate,3,2.4771353841716217,1.322314049586777,96.88610543192348,0.0,0.0
combined,30000,liquidate,4,2.449722378192236,1.322314049586777,97.97028517864426,0.0,0.0
combined,30000,liquidate,5,2.4776831324521957,1.322314049586777,96.86468655193565,0.0,0.0
combined,30000,liquidate,6,2.4859856980586734,1.322314049586777,96.54118291485666,0.0,0.0
combined,30000,liquidate,7,2.379095230453668,1.322314049586777,100.87868569861097,0.0,0.0
combined,30000,liquidate,8,2.4114742289848357,1.322314049586777,99.52418197769146,0.0,0.0
combined,30000,liquidate,9,2.4078472733420706,1.322314049586777,99.67409588519381,0.0,0.0
combined,30000,liquidate,10,2.406016312052692,1.322314049586777,99.74994716276221,0.0,0.0
combined,30000,liquidate,11,2.3840135649614207,1.322314049586777,100.67056812400469,0.0,0.0
combined,30000,liquidate,12,2.3471334891128754,1.322314049586777,102.25238620352633,0.0,0.0
combined,30000,liquidate,13,2.309363210250748,1.322314049586777,103.92475247492189,0.0,0.0
combined,30000,liquidate,14,2.3378914638128228,1.322314049586777,102.65660477180089,0.0,0.0
combined,30000,liquidate,15,2.3545755563746935,1.322314049586777,101.92919881047462,0.0,0.0
combined,30000,liquidate,16,2.3497903615989046,1.322314049586777,102.13677097419577,0.0,0.0
combined,30000,liquidate,17,2.3512807989224376,1.322314049586777,102.07202819416081,0.0,0.0
combined,30000,liquidate,18,2.3209585068136276,1.322314049586777,103.40555391034914,0.0,0.0
combined,30000,liquidate,19,2.3366440434826283,1.322314049586777,102.71140812799811,0.0,0.0
combined,30000,liquidate,20,2.3520987583721418,1.322314049586777,102.03653190400092,0.0,0.0
combined,30000,liquidate,21,2.385977773185166,1.322314049586777,100.58769310311365,0.0,0.0
combined,30000,liquidate,22,2.3720531723437275,1.322314049586777,101.1781703708041,0.0,0.0
combined,30000,liquidate,23,2.3364212412119483,1.322314049586777,102.72120273804188,0.0,0.0
combined,30000,liquidate,24,2.307197536234764,1.322314049586777,104.02230248202696,0.0,0.0
combined,30000,liquidate,25,2.301678517751816,1.322314049586777,104.271729587337,0.0,0.0
combined,30000,liquidate,26,2.4120428713809914,1.322314049586777,99.5007190160722,0.0,0.0
combined,30000,liquidate,27,2.438372907990147,1.322314049586777,98.42629042242041,0.0,0.0
combined,30000,liquidate,28,2.4306182050707403,1.322314049586777,98.74031203226961,0.0,0.0
combined,30000,liquidate,29,2.4100835080186056,1.322314049586777,99.58161167507032,0.0,0.0
combined,30000,liquidate,30,2.2419939683308354,1.322314049586777,107.04756720584757,0.0,0.0
combined,30000,liquidate,31,2.202889488767619,1.322314049586777,108.94781659440628,0.0,0.0
combined,30000,liquidate,32,2.1965835494158656,1.322314049586777,109.26058335628657,0.0,0.0
combined,30000,liquidate,33,2.1954457661628632,1.322314049586777,109.31720732936395,0.0,0.0
combined,30000,liquidate,34,2.2859091756114047,1.322314049586777,104.99104800863664,0.0,0.0
combined,30000,liquidate,35,2.3025959147457877,1.322314049586777,104.23018579293215,0.0,0.0
combined,30000,liquidate,36,2.2985608858834983,1.322314049586777,104.41315758653535,0.0,0.0
combined,30000,liquidate,37,2.148841244133701,1.322314049586777,111.68810197365478,0.0,0.0
combined,30000,liquidate,38,2.1656282681798573,1.322314049586777,110.82234357871236,0.0,0.0
combined,30000,liquidate,39,2.2307206196159357,1.322314049586777,107.58855138090799,0.0,0.0
combined,30000,liquidate,40,2.2565900210815912,1.322314049586777,106.35516321434727,0.0,0.0
combined,30000,liquidate,41,2.222738737610285,1.322314049586777,107.97490318544106,0.0,0.0
combined,30000,liquidate,42,2.2295488287564487,1.322314049586777,107.64509702793198,0.0,0.0
combined,30000,liquidate,43,2.1818676348531802,1.322314049586777,109.99750679932966,0.0,0.0
combined,30000,liquidate,44,2.189227819820929,1.322314049586777,109.62769512934068,0.0,0.0
combined,30000,liquidate,45,2.2137347109087697,0.9387170989012308,107.29087455795666,0.061282901098769216,216.0
combined,30000,liquidate,46,0.22379122286605285,8.118506556943165,107.24281181646194,0.0,0.0
combined,30000,liquidate,47,0.22344613988690773,8.09947102394824,107.40843414053634,0.0,0.0
combined,30000,liquidate,48,0.22480182516896385,8.072215502339242,106.76069903774714,0.0,0.0
combined,30000,liquidate,49,0.2236230458316593,8.053179969344317,107.32346440745158,0.0,0.0
combined,30000,liquidate,50,0.2241560500254585,8.030905901111566,107.06826783071081,0.0,0.0
combined,30000,liquidate,51,0.22342660341661388,8.011870368116643,107.41782595713654,0.0,0.0
combined,30000,liquidate,52,0.2213916384259062,7.992834835121719,108.405178129761,0.0,0.0
combined,30000,liquidate,53,0.2219876312605829,7.970105819408273,108.11413169154143,0.0,0.0
combined,30000,liquidate,54,0.22175740771091582,7.951070286413349,108.22637334977568,0.0,0.0
combined,30000,liquidate,55,0.22248049684149213,7.927570932370724,107.87462425121684,0.0,0.0
combined,30000,liquidate,56,0.22169866861292775,7.9085353993758005,108.25504794484141,0.0,0.0
combined,30000,liquidate,57,0.22195105283163208,7.8879377013019525,108.13194933662221,0.0,0.0
combined,30000,liquidate,58,0.22204498774926285,7.868321652700964,108.08620470686431,0.0,0.0
combined,30000,liquidate,59,0.2214423829312215,7.849286119706041,108.380336601843,0.0,0.0
combined,30000,liquidate,60,0.22049769999448968,7.830250586711117,108.84467275894383,0.0,0.0
combined,30000,liquidate,61,0.22213800878366385,7.801015440620607,108.04094324701164,0.0,0.0
combined,30000,liquidate,62,0.22243208686962046,7.780167201609007,107.89810201289755,0.0,0.0
combined,30000,liquidate,63,0.22208386070628225,7.761131668614084,108.06728559056023,0.0,0.0
combined,30000,liquidate,64,0.22250585575185125,7.739495174064539,107.86232982005608,0.0,0.0
combined,30000,liquidate,65,0.22262039702259906,7.719755368743665,107.80683316077128,0.0,0.0
combined,30000,liquidate,66,0.22234588504437583,7.700719835748742,107.93993329451578,0.0,0.0
combined,30000,liquidate,67,0.22240186508524573,7.681339515887626,107.91276408945986,0.0,0.0
combined,30000,liquidate,68,0.2240521528527139,7.652217095825104,107.1179173885331,0.0,0.0
combined,30000,liquidate,69,0.223251631467772,7.63318156283018,107.5020139481694,0.0,0.0
combined,30000,liquidate,70,0.22160879173307996,7.614146029835257,108.29895245720739,0.0,0.0
combined,30000,liquidate,71,0.22088468993651772,7.595110496840333,108.65397690938924,0.0,0.0
combined,30000,liquidate,72,0.2213387759069155,7.5732461785256415,108.4310686261916,0.0,0.0
combined,30000,liquidate,73,0.2213499553220622,7.554141148353404,108.42559224861922,0.0,0.0
combined,30000,liquidate,74,0.22470041768528937,7.51458896536589,106.80888022920318,0.0,0.0
combined,30000,liquidate,75,0.2246078390781643,8.557075295821273,106.85290459362781,0.0,0.0
combined,30000,liquidate,76,0.22431850385461508,8.557075295821273,106.99072786057292,0.0,0.0
combined,30000,liquidate,77,0.22420329829783467,8.557075295821273,107.04570442187732,0.0,0.0
combined,30000,liquidate,78,0.22475543305183426,8.557075295821273,106.78273567903027,0.0,0.0
combined,30000,liquidate,79,0.22461633710706702,8.557075295821273,106.84886197106852,0.0,0.0
combined,30000,liquidate,80,0.2248186313807801,8.557075295821273,106.75271819153943,0.0,0.0
combined,30000,liquidate,81,0.22501134648696997,8.557075295821273,106.66128786260919,0.0,0.0
combined,30000,liquidate,82,0.22471938857313942,8.557075295821273,106.7998633869045,0.0,0.0
combined,30000,liquidate,83,0.2249321012577065,8.557075295821273,106.69886541673752,0.0,0.0
combined,30000,liquidate,84,0.22507145537785517,8.557075295821273,106.63280227920615,0.0,0.0
combined,30000,liquidate,85,0.22520667893992485,8.557075295821273,106.56877545981722,0.0,0.0
combined,30000,liquidate,86,0.22544959349666632,8.557075295821273,106.45395109286318,0.0,0.0
combined,30000,liquidate,87,0.22535374275594455,8.557075295821273,106.49922964000521,0.0,0.0
combined,30000,liquidate,88,0.22547714935234037,8.557075295821273,106.44094121704794,0.0,0.0
combined,30000,liquidate,89,0.22560152829962984,8.557075295821273,106.38225804979787,0.0,0.0
combined,30000,liquidate,90,0.22526413320179514,8.557075295821273,106.54159478864051,0.0,0.0
combined,30000,liquidate,91,0.22526098068561456,8.557075295821273,106.54308583294146,0.0,0.0
combined,30000,liquidate,92,0.22512899600758293,8.557075295821273,106.60554804407167,0.0,0.0
combined,30000,liquidate,93,0.22558810016757075,8.557075295821273,106.38859045389533,0.0,0.0
combined,30000,liquidate,94,0.22533231258364164,8.557075295821273,106.50935822216525,0.0,0.0
combined,30000,liquidate,95,0.2254022335574183,8.557075295821273,106.4763184517704,0.0,0.0
combined,30000,liquidate,96,0.22654087392702016,8.557075295821273,105.94114688429943,0.0,0.0
combined,30000,liquidate,97,0.227169262174414,8.557075295821273,105.64809591877572,0.0,0.0
combined,30000,liquidate,98,0.2270433889736984,8.557075295821273,105.70666738409307,0.0,0.0
combined,30000,liquidate,99,0.22731901203760485,8.557075295821273,105.57849862566593,0.0,0.0
combined,30000,liquidate,100,0.2266600453527435,8.557075295821273,105.88544603284446,0.0,0.0
combined,30000,liquidate,101,0.22688515600411488,8.557075295821273,105.7803887336055,0.0,0.0
combined,30000,liquidate,102,0.2274872734776613,8.557075295821273,105.50040726720805,0.0,0.0
combined,30000,liquidate,103,0.22762319777084838,8.557075295821273,105.43740811585097,0.0,0.0
combined,30000,liquidate,104,0.22755232738088785,8.557075295821273,105.47024623407901,0.0,0.0
combined,30000,liquidate,105,0.22831636981272307,8.557075295821273,105.11729850858282,0.0,0.0
combined,30000,liquidate,106,0.2281258196755296,8.557075295821273,105.20510143979291,0.0,0.0
combined,30000,liquidate,107,0.22788688383751565,8.557075295821273,105.31540734530428,0.0,0.0
combined,30000,liquidate,108,0.2279767804414245,8.557075295821273,105.27387900438602,0.0,0.0
combined,30000,liquidate,109,0.22871497285305656,8.557075295821273,104.93410073077891,0.0,0.0
combined,30000,liquidate,110,0.2285887561157213,8.557075295821273,104.99204076271444,0.0,0.0
combined,30000,liquidate,111,0.22918575531873234,8.557075295821273,104.71855009759578,0.0,0.0
combined,30000,liquidate,112,0.22899463883842383,8.557075295821273,104.80594708129452,0.0,0.0
combined,30000,liquidate,113,0.22865796045045003,8.557075295821273,104.96026446103448,0.0,0.0
combined,30000,liquidate,114,0.22851267993730545,8.557075295821273,105.02699459209275,0.0,0.0
combined,30000,liquidate,115,0.2285354145424736,8.557075295821273,105.01654655164864,0.0,0.0
combined,30000,liquidate,116,0.22854974032936123,8.557075295821273,105.00996398164263,0.0,0.0
combined,30000,liquidate,117,0.2290039923596762,8.557075295821273,104.80166634957759,0.0,0.0
combined,30000,liquidate,118,0.22893429627691605,8.557075295821273,104.83357186015459,0.0,0.0
combined,30000,liquidate,119,0.2289406638246062,8.557075295821273,104.8306561144011,0.0,0.0
combined,30000,immune,0,2.4206818186163446,1.322314049586777,99.14562011176808,0.0,0.0
combined,30000,immune,1,2.446469708512468,1.322314049586777,98.1005402049011,0.0,0.0
combined,30000,immune,2,2.526347427933583,1.322314049586777,94.99881027698045,0.0,0.0
combined,30000,immune,3,2.4771353841716217,1.322314049586777,96.88610543192348,0.0,0.0
combined,30000,immune,4,2.449722378192236,1.322314049586777,97.97028517864426,0.0,0.0
combined,30000,immune,5,2.4776831324521957,1.322314049586777,96.86468655193565,0.0,0.0
combined,30000,immune,6,2.4859856980586734,1.322314049586777,96.54118291485666,0.0,0.0
combined,30000,immune,7,2.379095230453668,1.322314049586777,100.87868569861097,0.0,0.0
combined,30000,immune,8,2.4114742289848357,1.322314049586777,99.52418197769146,0.0,0.0
combined,30000,immune,9,2.4078472733420706,1.322314049586777,99.67409588519381,0.0,0.0
combined,30000,immune,10,2.406016312052692,1.322314049586777,99.74994716276221,0.0,0.0
combined,30000,immune,11,2.3840135649614207,1.322314049586777,100.67056812400469,0.0,0.0
combined,30000,immune,12,2.3471334891128754,1.322314049586777,102.25238620352633,0.0,0.0
combined,30000,immune,13,2.309363210250748,1.322314049586777,103.92475247492189,0.0,0.0
combined,30000,immune,14,2.3378914638128228,1.322314049586777,102.65660477180089,0.0,0.0
combined,30000,immune,15,2.3545755563746935,1.322314049586777,101.92919881047462,0.0,0.0
combined,30000,immune,16,2.3497903615989046,1.322314049586777,102.13677097419577,0.0,0.0
combined,30000,immune,17,2.3512807989224376,1.322314049586777,102.07202819416081,0.0,0.0
combined,30000,immune,18,2.3209585068136276,1.322314049586777,103.40555391034914,0.0,0.0
combined,30000,immune,19,2.3366440434826283,1.322314049586777,102.71140812799811,0.0,0.0
combined,30000,immune,20,2.3520987583721418,1.322314049586777,102.03653190400092,0.0,0.0
combined,30000,immune,21,2.385977773185166,1.322314049586777,100.58769310311365,0.0,0.0
combined,30000,immune,22,2.3720531723437275,1.322314049586777,101.1781703708041,0.0,0.0
combined,30000,immune,23,2.3364212412119483,1.322314049586777,102.72120273804188,0.0,0.0
combined,30000,immune,24,2.307197536234764,1.322314049586777,104.02230248202696,0.0,0.0
combined,30000,immune,25,2.301678517751816,1.322314049586777,104.271729587337,0.0,0.0
combined,30000,immune,26,2.4120428713809914,1.322314049586777,99.5007190160722,0.0,0.0
combined,30000,immune,27,2.438372907990147,1.322314049586777,98.42629042242041,0.0,0.0
combined,30000,immune,28,2.4306182050707403,1.322314049586777,98.74031203226961,0.0,0.0
combined,30000,immune,29,2.4100835080186056,1.322314049586777,99.58161167507032,0.0,0.0
combined,30000,immune,30,2.2419939683308354,1.322314049586777,107.04756720584757,0.0,0.0
combined,30000,immune,31,2.202889488767619,1.322314049586777,108.94781659440628,0.0,0.0
combined,30000,immune,32,2.1965835494158656,1.322314049586777,109.26058335628657,0.0,0.0
combined,30000,immune,33,2.1954457661628632,1.322314049586777,109.31720732936395,0.0,0.0
combined,30000,immune,34,2.2859091756114047,1.322314049586777,104.99104800863664,0.0,0.0
combined,30000,immune,35,2.3025959147457877,1.322314049586777,104.23018579293215,0.0,0.0
combined,30000,immune,36,2.2985608858834983,1.322314049586777,104.41315758653535,0.0,0.0
combined,30000,immune,37,2.148841244133701,1.322314049586777,111.68810197365478,0.0,0.0
combined,30000,immune,38,2.1656282681798573,1.322314049586777,110.82234357871236,0.0,0.0
combined,30000,immune,39,2.2307206196159357,1.322314049586777,107.58855138090799,0.0,0.0
combined,30000,immune,40,2.2565900210815912,1.322314049586777,106.35516321434727,0.0,0.0
combined,30000,immune,41,2.222738737610285,1.322314049586777,107.97490318544106,0.0,0.0
combined,30000,immune,42,2.2295488287564487,1.322314049586777,107.64509702793198,0.0,0.0
combined,30000,immune,43,2.1818676348531802,1.322314049586777,109.99750679932966,0.0,0.0
combined,30000,immune,44,2.189227819820929,1.322314049586777,109.62769512934068,0.0,0.0
combined,30000,immune,45,2.2137347109087697,0.9387170989012308,108.29239455795665,0.061282901098769216,23.4
combined,30000,immune,46,2.0135483748747802,1.0967341417452003,107.57129190574825,0.0,0.0
combined,30000,immune,47,1.9853015584579006,1.0920360710862178,109.10181331255582,0.0,0.0
combined,30000,immune,48,2.0913941518514765,1.0700035758188615,103.56727822359434,0.0,0.0
combined,30000,immune,49,2.0030844392146787,1.065305505159879,108.13323480507857,0.0,0.0
combined,30000,immune,50,2.0530114675770825,1.0523711408380092,105.50355096439202,0.0,0.0
combined,30000,immune,51,2.000151250979641,1.0476730701790267,108.23549437879656,0.0,10.829999999999998
combined,30000,immune,52,1.7612960140645308,1.124365962625105,116.82874335538067,0.0,0.0
combined,30000,immune,53,1.7975552193201856,1.1119499914339162,114.47214404785842,0.0,0.0
combined,30000,immune,54,1.7879763289161648,1.1071208776728738,115.08541621730174,0.0,0.0
combined,30000,immune,55,1.8394433269354797,1.0919251029443922,111.86536545423972,0.0,0.0
combined,30000,immune,56,1.7816569839521204,1.0870959891833496,115.49361176333468,0.0,0.0
combined,30000,immune,57,1.8015299421865483,1.0781652577521534,114.21958368910227,0.0,0.0
combined,30000,immune,58,1.8165802826526078,1.07028959280843,113.27327614694266,0.0,0.0
combined,30000,immune,59,1.774506362853039,1.0654604790473874,115.95900939411929,0.0,0.0
combined,30000,immune,60,1.7231266604837092,1.0606313652863448,119.41664226948765,0.0,0.0
combined,30000,immune,61,1.827741808258884,1.0337972825979074,112.5280466411359,0.0,10.288499999999999
combined,30000,immune,62,1.7564562306199178,1.103929039775404,111.29312338799778,0.0,0.0
combined,30000,immune,63,1.7372305445314578,1.0989684795363448,112.52478873074537,0.0,0.0
combined,30000,immune,64,1.761014497437035,1.088982077891027,111.00504867194567,0.0,0.0
combined,30000,immune,65,1.7677554384090646,1.0826216707431218,110.58175568444493,0.0,0.0
combined,30000,immune,66,1.747116808058542,1.0776611105040625,111.88805413487263,0.0,0.0
combined,30000,immune,67,1.74459703392791,1.0727005502650033,112.04965742712461,0.0,0.0
combined,30000,immune,68,1.84107366537668,1.048322147829641,106.12716414102707,0.0,9.774075000000003
combined,30000,immune,69,1.7007641976183505,1.2178099502275976,109.19057754158611,0.0,0.0
combined,30000,immune,70,1.6104226956265832,1.2122771031159503,115.31595121226538,0.0,0.0
combined,30000,immune,71,1.5760608988788993,1.2067442560043031,117.83010741025261,0.0,0.0
combined,30000,immune,72,1.5922060612791527,1.1968042690727092,116.63529584280418,0.0,0.0
combined,30000,immune,73,1.5996213752935375,1.1892770794180296,116.09461330555291,0.0,0.0
combined,30000,immune,74,1.7957474000150628,1.1369750842150408,103.41511562174182,0.0,0.0
combined,30000,immune,75,1.7878186179463706,1.552346908273316,103.87375046654238,0.0,0.0
combined,30000,immune,76,1.7703744939080412,1.552346908273316,104.89725515083374,0.0,0.0
combined,30000,immune,77,1.7593752046582378,1.552346908273316,105.55305344096514,0.0,0.0
combined,30000,immune,78,1.7964150722813053,1.552346908273316,103.37667940191919,0.0,0.0
combined,30000,immune,79,1.785458263619519,1.552346908273316,104.01107031397638,0.0,0.0
combined,30000,immune,80,1.796916765583449,1.552346908273316,103.34781697008754,0.0,0.0
combined,30000,immune,81,1.815092842907796,1.552346908273316,102.31290687174707,0.0,0.0
combined,30000,immune,82,1.7962210064072655,1.552346908273316,103.38784834247377,0.0,0.0
combined,30000,immune,83,1.8012692026243695,1.552346908273316,103.09809590339549,0.0,0.0
combined,30000,immune,84,1.8101976180110042,1.552346908273316,102.5895864364523,0.0,0.0
combined,30000,immune,85,1.8195465448183323,1.552346908273316,102.0624756914594,0.0,0.0
combined,30000,immune,86,1.8358002981527568,1.552346908273316,101.15883802114257,0.0,0.0
combined,30000,immune,87,1.83170042788243,1.552346908273316,101.38526047880568,0.0,0.0
combined,30000,immune,88,1.8388878851275687,1.552346908273316,100.9889871492176,0.0,0.0
combined,30000,immune,89,1.8451916391006422,1.552346908273316,100.64397706165356,0.0,0.0
combined,30000,immune,90,1.815859619127948,1.552346908273316,102.26970358489743,0.0,0.0
combined,30000,immune,91,1.8141399091958412,1.552346908273316,102.36664992520836,0.0,0.0
combined,30000,immune,92,1.8076306129010367,1.552346908273316,102.7352732768567,0.0,0.0
combined,30000,immune,93,1.8339218640658375,1.552346908273316,101.262452146289,0.0,0.0
combined,30000,immune,94,1.8172662567377658,1.552346908273316,102.1905426964618,0.0,0.0
combined,30000,immune,95,1.8196124524473225,1.552346908273316,102.05877891758172,0.0,0.0
combined,30000,immune,96,1.895929614548625,1.552346908273316,97.95059034626263,0.0,0.0
combined,30000,immune,97,1.940992607603546,1.552346908273316,95.67652358515902,0.0,0.0
combined,30000,immune,98,1.9354937956369949,1.552346908273316,95.94834425128259,0.0,0.0
combined,30000,immune,99,1.9589380661505909,1.552346908273316,94.80004917405283,0.0,0.0
combined,30000,immune,100,1.9340702409942023,1.552346908273316,96.01896614909792,0.0,0.0
combined,30000,immune,101,1.9538257486328994,1.552346908273316,95.04809992904448,0.0,0.0
combined,30000,immune,102,2.006231316635984,1.552346908273316,92.56531062000923,0.0,0.0
combined,30000,immune,103,2.020789183592178,1.552346908273316,91.89846546480634,0.0,0.0
combined,30000,immune,104,2.011749529108632,1.552346908273316,92.3114047315241,0.0,0.0
combined,30000,immune,105,2.0768684092331418,1.552346908273316,89.41703969996354,0.0,0.0
combined,30000,immune,106,2.0633591267926903,1.552346908273316,90.00247343692699,0.0,0.0
combined,30000,immune,107,2.044631453967177,1.552346908273316,90.8268454149396,0.0,0.0
combined,30000,immune,108,2.0514360214061615,1.552346908273316,90.52557479843139,0.0,0.0
combined,30000,immune,109,2.098189801972027,1.552346908273316,88.50840130166442,0.0,0.0
combined,30000,immune,110,2.0928911801762307,1.552346908273316,88.73248010169482,0.0,0.0
combined,30000,immune,111,2.1524235787460944,1.552346908273316,86.27828966089695,0.0,0.0
combined,30000,immune,112,2.1391056587690285,1.552346908273316,86.81545216745737,0.0,0.0
combined,30000,immune,113,2.1061488158148105,1.552346908273316,88.17393320241473,0.0,0.0
combined,30000,immune,114,2.092103124110317,1.552346908273316,88.7659039651659,0.0,0.0
combined,30000,immune,115,2.0941679731246223,1.552346908273316,88.67838080959356,0.0,0.0
combined,30000,immune,116,2.088587146290782,1.552346908273316,88.91533462216616,0.0,0.0
combined,30000,immune,117,2.125251182794512,1.552346908273316,87.38140060969715,0.0,0.0
combined,30000,immune,118,2.1233077918951695,1.552346908273316,87.46137781289157,0.0,0.0
combined,30000,immune,119,2.126322047841626,1.552346908273316,87.33739331184886,0.0,0.0
benign_volatility,30000,none,0,2.401638377584829,1.322314049586777,99.93178083760984,0.0,0.0
benign_volatility,30000,none,1,2.392445722941102,1.322314049586777,100.31575542075878,0.0,0.0
benign_volatility,30000,none,2,2.4085644655902376,1.322314049586777,99.6444161776613,0.0,0.0
benign_volatility,30000,none,3,2.331145370568629,1.322314049586777,102.95368235291888,0.0,0.0
benign_volatility,30000,none,4,2.359715109936981,1.322314049586777,101.70719295280077,0.0,0.0
benign_volatility,30000,none,5,2.2716917197974613,1.322314049586777,105.64813786502592,0.0,0.0
benign_volatility,30000,none,6,2.261529703283537,1.322314049586777,106.12285996135344,0.0,0.0
benign_volatility,30000,none,7,2.26756853048884,1.322314049586777,105.84024110982922,0.0,0.0
benign_volatility,30000,none,8,2.2687090931645426,1.322314049586777,105.78703136647302,0.0,0.0
benign_volatility,30000,none,9,2.2322704935891644,1.322314049586777,107.51385223665932,0.0,0.0
benign_volatility,30000,none,10,2.21427615952221,1.322314049586777,108.38756447243983,0.0,0.0
benign_volatility,30000,none,11,2.2111283102307255,1.322314049586777,108.54186927530976,0.0,0.0
benign_volatility,30000,none,12,2.239831856553989,1.322314049586777,107.15090032215328,0.0,0.0
benign_volatility,30000,none,13,2.2298926578167335,1.322314049586777,107.62849913815211,0.0,0.0
benign_volatility,30000,none,14,2.2418867960972237,1.322314049586777,107.05268455918589,0.0,0.0
benign_volatility,30000,none,15,2.2184067378877064,1.322314049586777,108.18575146797474,0.0,0.0
benign_volatility,30000,none,16,2.161993612787873,1.322314049586777,111.00865357808433,0.0,0.0
benign_volatility,30000,none,17,2.158301556138075,1.322314049586777,111.19854837590002,0.0,0.0
benign_volatility,30000,none,18,2.137037148782215,1.322314049586777,112.30502012412998,0.0,0.0
benign_volatility,30000,none,19,2.123074171533976,1.322314049586777,113.04362476728443,0.0,0.0
benign_volatility,30000,none,20,2.087973849225295,1.322314049586777,114.94396833037334,0.0,0.0
benign_volatility,30000,none,21,2.0919142026086925,1.322314049586777,114.7274585643672,0.0,0.0
benign_volatility,30000,none,22,2.081976092923814,1.322314049586777,115.27509889076441,0.0,0.0
benign_volatility,30000,none,23,2.0696210895184546,1.322314049586777,115.96325589040144,0.0,0.0
benign_volatility,30000,none,24,2.0420210954316023,1.322314049586777,117.53061735597474,0.0,0.0
benign_volatility,30000,none,25,2.0444253009691735,1.322314049586777,117.39240356995502,0.0,0.0
benign_volatility,30000,none,26,2.0662082828548365,1.322314049586777,116.15479523119376,0.0,0.0
benign_volatility,30000,none,27,2.039396206596476,1.322314049586777,117.68188997494173,0.0,0.0
benign_volatility,30000,none,28,2.00699695489682,1.322314049586777,119.5816463071507,0.0,0.0
benign_volatility,30000,none,29,1.9877248899816835,1.322314049586777,120.7410548661045,0.0,0.0
benign_volatility,30000,none,30,2.091886323188495,1.322314049586777,114.72898758388897,0.0,0.0
benign_volatility,30000,none,31,2.0913620724112234,1.322314049586777,114.75774719548845,0.0,0.0
benign_volatility,30000,none,32,2.0762031658726325,1.322314049586777,115.5956237544448,0.0,0.0
benign_volatility,30000,none,33,2.070966347606283,1.322314049586777,115.88792849164493,0.0,0.0
benign_volatility,30000,none,34,2.045220980499895,1.322314049586777,117.34673284123016,0.0,0.0
benign_volatility,30000,none,35,2.184829030075776,1.322314049586777,109.84841225387606,0.0,0.0
benign_volatility,30000,none,36,2.060531434862817,1.322314049586777,116.47480642098449,0.0,0.0
benign_volatility,30000,none,37,1.9847801981786877,1.322314049586777,120.92019066908942,0.0,0.0
benign_volatility,30000,none,38,1.9579830584238496,1.322314049586777,122.57511573833372,0.0,0.0
benign_volatility,30000,none,39,1.8279559290393932,1.322314049586777,131.29419379717874,0.0,0.0
benign_volatility,30000,none,40,1.8550668238302315,1.322314049586777,129.37539333729353,0.0,0.0
benign_volatility,30000,none,41,1.8427366529828575,1.322314049586777,130.24107357473432,0.0,0.0
benign_volatility,30000,none,42,1.788645850846637,1.322314049586777,134.17972030986374,0.0,0.0
benign_volatility,30000,none,43,1.8733189917239013,1.322314049586777,128.11485980780168,0.0,0.0
benign_volatility,30000,none,44,1.8145346403555531,1.322314049586777,132.26531732288817,0.0,0.0
benign_volatility,30000,none,45,1.8041593388977466,1.322314049586777,133.0259444526825,0.0,0.0
benign_volatility,30000,none,46,1.817632437265938,1.322314049586777,132.0398971097838,0.0,0.0
benign_volatility,30000,none,47,1.7970224726730666,1.322314049586777,133.5542563599667,0.0,0.0
benign_volatility,30000,none,48,1.8540061309189773,1.322314049586777,129.4494101165884,0.0,0.0
benign_volatility,30000,none,49,1.8897161307958217,1.322314049586777,127.00320227405166,0.0,0.0
benign_volatility,30000,none,50,1.9644915995473096,1.322314049586777,122.16901312039448,0.0,0.0
benign_volatility,30000,none,51,1.9248319703271093,1.322314049586777,124.6862083027507,0.0,0.0
benign_volatility,30000,none,52,1.9289162487500586,1.322314049586777,124.42219829685216,0.0,0.0
benign_volatility,30000,none,53,1.8896650219083413,1.322314049586777,127.00663727036022,0.0,0.0
benign_volatility,30000,none,54,1.8382821305221215,1.322314049586777,130.55667354598805,0.0,0.0
benign_volatility,30000,none,55,1.8692600935930332,1.322314049586777,128.39304750719816,0.0,0.0
benign_volatility,30000,none,56,1.867509523011759,1.322314049586777,128.5134008917655,0.0,0.0
benign_volatility,30000,none,57,1.9134531358890283,1.322314049586777,125.42768646826107,0.0,0.0
benign_volatility,30000,none,58,1.9119502419742784,1.322314049586777,125.52627925723432,0.0,0.0
benign_volatility,30000,none,59,1.9210841086763035,1.322314049586777,124.92945983784577,0.0,0.0
benign_volatility,30000,none,60,1.9250161615073667,1.322314049586777,124.67427796142249,0.0,0.0
benign_volatility,30000,none,61,1.9223225923267102,1.322314049586777,124.8489722578314,0.0,0.0
benign_volatility,30000,none,62,1.9156981945382343,1.322314049586777,125.28069436211497,0.0,0.0
benign_volatility,30000,none,63,1.910320127720507,1.322314049586777,125.63339333412166,0.0,0.0
benign_volatility,30000,none,64,1.9044870442955815,1.322314049586777,126.01818464392314,0.0,0.0
benign_volatility,30000,none,65,1.9352305695192487,1.322314049586777,124.01623030356583,0.0,0.0
benign_volatility,30000,none,66,1.928361771098194,1.322314049586777,124.45797443045191,0.0,0.0
benign_volatility,30000,none,67,1.931655786837416,1.322314049586777,124.24573862247868,0.0,0.0
benign_volatility,30000,none,68,1.94791615266751,1.322314049586777,123.20858866093383,0.0,0.0
benign_volatility,30000,none,69,1.9424761389333705,1.322314049586777,123.55364124667496,0.0,0.0
benign_volatility,30000,none,70,1.9273126510332947,1.322314049586777,124.52572231668185,0.0,0.0
benign_volatility,30000,none,71,1.9301191078374564,1.322314049586777,124.34465781176621,0.0,0.0
benign_volatility,30000,none,72,1.9675752157655462,1.322314049586777,121.9775478349988,0.0,0.0
benign_volatility,30000,none,73,1.8840177113877894,1.322314049586777,127.3873374699929,0.0,0.0
benign_volatility,30000,none,74,1.8803942974153722,1.322314049586777,127.63280569925324,0.0,0.0
benign_volatility,30000,none,75,1.8447399354613658,1.322314049586777,130.09963918842385,0.0,0.0
benign_volatility,30000,none,76,1.8549647287947502,1.322314049586777,129.38251400388526,0.0,0.0
benign_volatility,30000,none,77,1.9025002761222891,1.322314049586777,126.14978458198829,0.0,0.0
benign_volatility,30000,none,78,1.919603600598682,1.322314049586777,125.02581258190456,0.0,0.0
benign_volatility,30000,none,79,1.9319147784952424,1.322314049586777,124.22908229261265,0.0,0.0
benign_volatility,30000,none,80,1.9045842797075416,1.322314049586777,126.01175099316329,0.0,0.0
benign_volatility,30000,none,81,1.8701681544607478,1.322314049586777,128.33070621352903,0.0,0.0
benign_volatility,30000,none,82,1.859548001729696,1.322314049586777,129.0636217923706,0.0,0.0
benign_volatility,30000,none,83,1.9826469871456207,1.322314049586777,121.050293650875,0.0,0.0
benign_volatility,30000,none,84,1.985497643309474,1.322314049586777,120.87649703777154,0.0,0.0
benign_volatility,30000,none,85,1.961631169388749,1.322314049586777,122.34715870404162,0.0,0.0
benign_volatility,30000,none,86,1.9486198724013866,1.322314049586777,123.16409341768407,0.0,0.0
benign_volatility,30000,none,87,1.9570622450252741,1.322314049586777,122.63278830812075,0.0,0.0
benign_volatility,30000,none,88,1.975468602690958,1.322314049586777,121.49016171306144,0.0,0.0
benign_volatility,30000,none,89,1.9766707335788916,1.322314049586777,121.41627632917108,0.0,0.0
benign_volatility,30000,none,90,1.9735296144088095,1.322314049586777,121.60952551598493,0.0,0.0
benign_volatility,30000,none,91,1.9889713087194396,1.322314049586777,120.66539067097922,0.0,0.0
benign_volatility,30000,none,92,1.90724686329329,1.322314049586777,125.83583416442805,0.0,0.0
benign_volatility,30000,none,93,1.900566741438824,1.322314049586777,126.27812260794798,0.0,0.0
benign_volatility,30000,none,94,1.8988996724560279,1.322314049586777,126.3889838316656,0.0,0.0
benign_volatility,30000,none,95,1.9029938873846106,1.322314049586777,126.11706300846043,0.0,0.0
benign_volatility,30000,none,96,1.9011280291113,1.322314049586777,126.2408403458184,0.0,0.0
benign_volatility,30000,none,97,1.8902324199495417,1.322314049586777,126.96851321934612,0.0,0.0
benign_volatility,30000,none,98,1.9140865659529933,1.322314049586777,125.38617859245453,0.0,0.0
benign_volatility,30000,none,99,1.941100039637065,1.322314049586777,123.64123182691488,0.0,0.0
benign_volatility,30000,none,100,1.9681651736919388,1.322314049586777,121.94098503927968,0.0,0.0
benign_volatility,30000,none,101,2.005727448972075,1.322314049586777,119.65733436165456,0.0,0.0
benign_volatility,30000,none,102,2.004500436872873,1.322314049586777,119.73058004138564,0.0,0.0
benign_volatility,30000,none,103,2.0372472110050577,1.322314049586777,117.80602702683204,0.0,0.0
benign_volatility,30000,none,104,2.0344465837142924,1.322314049586777,117.96819927404121,0.0,0.0
benign_volatility,30000,none,105,2.0587421202064937,1.322314049586777,116.57603817613048,0.0,0.0
benign_volatility,30000,none,106,2.0753480041831947,1.322314049586777,115.6432557413223,0.0,0.0
benign_volatility,30000,none,107,2.105771081458204,1.322314049586777,113.972502573169,0.0,0.0
benign_volatility,30000,none,108,2.087339352115619,1.322314049586777,114.97890832017728,0.0,0.0
benign_volatility,30000,none,109,2.1141747866688694,1.322314049586777,113.51946939928659,0.0,0.0
benign_volatility,30000,none,110,2.096806306792646,1.322314049586777,114.45978544728486,0.0,0.0
benign_volatility,30000,none,111,2.1209212651309253,1.322314049586777,113.15837317760341,0.0,0.0
benign_volatility,30000,none,112,2.1328664570082156,1.322314049586777,112.52462582052578,0.0,0.0
benign_volatility,30000,none,113,2.112207497144893,1.322314049586777,113.62520032923476,0.0,0.0
benign_volatility,30000,none,114,2.1198481247250527,1.322314049586777,113.21565785809696,0.0,0.0
benign_volatility,30000,none,115,2.1060813341561886,1.322314049586777,113.955712966877,0.0,0.0
benign_volatility,30000,none,116,2.1302343852091825,1.322314049586777,112.66365882852497,0.0,0.0
benign_volatility,30000,none,117,2.1924398081294454,1.322314049586777,109.46708735632937,0.0,0.0
benign_volatility,30000,none,118,2.197809339124138,1.322314049586777,109.199645177431,0.0,0.0
benign_volatility,30000,none,119,2.1592134073330733,1.322314049586777,111.15158843721387,0.0,0.0
benign_volatility,30000,proportional,0,2.401638377584829,1.322314049586777,99.93178083760984,0.0,0.0
benign_volatility,30000,proportional,1,2.392445722941102,1.322314049586777,100.31575542075878,0.0,0.0
benign_volatility,30000,proportional,2,2.4085644655902376,1.322314049586777,99.6444161776613,0.0,0.0
benign_volatility,30000,proportional,3,2.331145370568629,1.322314049586777,102.95368235291888,0.0,0.0
benign_volatility,30000,proportional,4,2.359715109936981,1.322314049586777,101.70719295280077,0.0,0.0
benign_volatility,30000,proportional,5,2.2716917197974613,1.322314049586777,105.64813786502592,0.0,0.0
benign_volatility,30000,proportional,6,2.261529703283537,1.322314049586777,106.12285996135344,0.0,0.0
benign_volatility,30000,proportional,7,2.26756853048884,1.322314049586777,105.84024110982922,0.0,0.0
benign_volatility,30000,proportional,8,2.2687090931645426,1.322314049586777,105.78703136647302,0.0,0.0
benign_volatility,30000,proportional,9,2.2322704935891644,1.322314049586777,107.51385223665932,0.0,0.0
benign_volatility,30000,proportional,10,2.21427615952221,1.322314049586777,108.38756447243983,0.0,0.0
benign_volatility,30000,proportional,11,2.2111283102307255,1.322314049586777,108.54186927530976,0.0,0.0
benign_volatility,30000,proportional,12,2.239831856553989,1.322314049586777,107.15090032215328,0.0,0.0
benign_volatility,30000,proportional,13,2.2298926578167335,1.322314049586777,107.62849913815211,0.0,0.0
benign_volatility,30000,proportional,14,2.2418867960972237,1.322314049586777,107.05268455918589,0.0,0.0
benign_volatility,30000,proportional,15,2.2184067378877064,1.322314049586777,108.18575146797474,0.0,0.0
benign_volatility,30000,proportional,16,2.161993612787873,1.322314049586777,111.00865357808433,0.0,0.0
benign_volatility,30000,proportional,17,2.158301556138075,1.322314049586777,111.19854837590002,0.0,0.0
benign_volatility,30000,proportional,18,2.137037148782215,1.322314049586777,112.30502012412998,0.0,0.0
benign_volatility,30000,proportional,19,2.123074171533976,1.322314049586777,113.04362476728443,0.0,0.0
benign_volatility,30000,proportional,20,2.087973849225295,1.322314049586777,114.94396833037334,0.0,0.0
benign_volatility,30000,proportional,21,2.0919142026086925,1.322314049586777,114.7274585643672,0.0,0.0
benign_volatility,30000,proportional,22,2.081976092923814,1.322314049586777,115.27509889076441,0.0,0.0
benign_volatility,30000,proportional,23,2.0696210895184546,1.322314049586777,115.96325589040144,0.0,0.0
benign_volatility,30000,proportional,24,2.0420210954316023,1.322314049586777,117.53061735597474,0.0,0.0
benign_volatility,30000,proportional,25,2.0444253009691735,1.322314049586777,117.39240356995502,0.0,0.0
benign_volatility,30000,proportional,26,2.0662082828548365,1.322314049586777,116.15479523119376,0.0,0.0
benign_volatility,30000,proportional,27,2.039396206596476,1.322314049586777,117.68188997494173,0.0,0.0
benign_volatility,30000,proportional,28,2.00699695489682,1.322314049586777,119.5816463071507,0.0,0.0
benign_volatility,30000,proportional,29,1.9877248899816835,1.322314049586777,120.7410548661045,0.0,0.0
benign_volatility,30000,proportional,30,2.091886323188495,1.322314049586777,114.72898758388897,0.0,0.0
benign_volatility,30000,proportional,31,2.0913620724112234,1.322314049586777,114.75774719548845,0.0,0.0
benign_volatility,30000,proportional,32,2.0762031658726325,1.322314049586777,115.5956237544448,0.0,0.0
benign_volatility,30000,proportional,33,2.070966347606283,1.322314049586777,115.88792849164493,0.0,0.0
benign_volatility,30000,proportional,34,2.045220980499895,1.322314049586777,117.34673284123016,0.0,0.0
benign_volatility,30000,proportional,35,2.184829030075776,1.322314049586777,109.84841225387606,0.0,0.0
benign_volatility,30000,proportional,36,2.060531434862817,1.322314049586777,116.47480642098449,0.0,0.0
benign_volatility,30000,proportional,37,1.9847801981786877,1.322314049586777,120.92019066908942,0.0,0.0
benign_volatility,30000,proportional,38,1.9579830584238496,1.322314049586777,122.57511573833372,0.0,0.0
benign_volatility,30000,proportional,39,1.8279559290393932,1.322314049586777,131.29419379717874,0.0,0.0
benign_volatility,30000,proportional,40,1.8550668238302315,1.322314049586777,129.37539333729353,0.0,0.0
benign_volatility,30000,proportional,41,1.8427366529828575,1.322314049586777,130.24107357473432,0.0,0.0
benign_volatility,30000,proportional,42,1.788645850846637,1.322314049586777,134.17972030986374,0.0,0.0
benign_volatility,30000,proportional,43,1.8733189917239013,1.322314049586777,128.11485980780168,0.0,0.0
benign_volatility,30000,proportional,44,1.8145346403555531,1.322314049586777,132.26531732288817,0.0,0.0
benign_volatility,30000,proportional,45,1.8041593388977466,1.322314049586777,133.0259444526825,0.0,0.0
benign_volatility,30000,proportional,46,1.817632437265938,1.322314049586777,132.0398971097838,0.0,0.0
benign_volatility,30000,proportional,47,1.7970224726730666,1.322314049586777,133.5542563599667,0.0,0.0
benign_volatility,30000,proportional,48,1.8540061309189773,1.322314049586777,129.4494101165884,0.0,0.0
benign_volatility,30000,proportional,49,1.8897161307958217,1.322314049586777,127.00320227405166,0.0,0.0
benign_volatility,30000,proportional,50,1.9644915995473096,1.322314049586777,122.16901312039448,0.0,0.0
benign_volatility,30000,proportional,51,1.9248319703271093,1.322314049586777,124.6862083027507,0.0,0.0
benign_volatility,30000,proportional,52,1.9289162487500586,1.322314049586777,124.42219829685216,0.0,0.0
benign_volatility,30000,proportional,53,1.8896650219083413,1.322314049586777,127.00663727036022,0.0,0.0
benign_volatility,30000,proportional,54,1.8382821305221215,1.322314049586777,130.55667354598805,0.0,0.0
benign_volatility,30000,proportional,55,1.8692600935930332,1.322314049586777,128.39304750719816,0.0,0.0
benign_volatility,30000,proportional,56,1.867509523011759,1.322314049586777,128.5134008917655,0.0,0.0
benign_volatility,30000,proportional,57,1.9134531358890283,1.322314049586777,125.42768646826107,0.0,0.0
benign_volatility,30000,proportional,58,1.9119502419742784,1.322314049586777,125.52627925723432,0.0,0.0
benign_volatility,30000,proportional,59,1.9210841086763035,1.322314049586777,124.92945983784577,0.0,0.0
benign_volatility,30000,proportional,60,1.9250161615073667,1.322314049586777,124.67427796142249,0.0,0.0
benign_volatility,30000,proportional,61,1.9223225923267102,1.322314049586777,124.8489722578314,0.0,0.0
benign_volatility,30000,proportional,62,1.9156981945382343,1.322314049586777,125.28069436211497,0.0,0.0
benign_volatility,30000,proportional,63,1.910320127720507,1.322314049586777,125.63339333412166,0.0,0.0
benign_volatility,30000,proportional,64,1.9044870442955815,1.322314049586777,126.01818464392314,0.0,0.0
benign_volatility,30000,proportional,65,1.9352305695192487,1.322314049586777,124.01623030356583,0.0,0.0
benign_volatility,30000,proportional,66,1.928361771098194,1.322314049586777,124.45797443045191,0.0,0.0
benign_volatility,30000,proportional,67,1.931655786837416,1.322314049586777,124.24573862247868,0.0,0.0
benign_volatility,30000,proportional,68,1.94791615266751,1.322314049586777,123.20858866093383,0.0,0.0
benign_volatility,30000,proportional,69,1.9424761389333705,1.322314049586777,123.55364124667496,0.0,0.0
benign_volatility,30000,proportional,70,1.9273126510332947,1.322314049586777,124.52572231668185,0.0,0.0
benign_volatility,30000,proportional,71,1.9301191078374564,1.322314049586777,124.34465781176621,0.0,0.0
benign_volatility,30000,proportional,72,1.9675752157655462,1.322314049586777,121.9775478349988,0.0,0.0
benign_volatility,30000,proportional,73,1.8840177113877894,1.322314049586777,127.3873374699929,0.0,0.0
benign_volatility,30000,proportional,74,1.8803942974153722,1.322314049586777,127.63280569925324,0.0,0.0
benign_volatility,30000,proportional,75,1.8447399354613658,1.322314049586777,130.09963918842385,0.0,0.0
benign_volatility,30000,proportional,76,1.8549647287947502,1.322314049586777,129.38251400388526,0.0,0.0
benign_volatility,30000,proportional,77,1.9025002761222891,1.322314049586777,126.14978458198829,0.0,0.0
benign_volatility,30000,proportional,78,1.919603600598682,1.322314049586777,125.02581258190456,0.0,0.0
benign_volatility,30000,proportional,79,1.9319147784952424,1.322314049586777,124.22908229261265,0.0,0.0
benign_volatility,30000,proportional,80,1.9045842797075416,1.322314049586777,126.01175099316329,0.0,0.0
benign_volatility,30000,proportional,81,1.8701681544607478,1.322314049586777,128.33070621352903,0.0,0.0
benign_volatility,30000,proportional,82,1.859548001729696,1.322314049586777,129.0636217923706,0.0,0.0
benign_volatility,30000,proportional,83,1.9826469871456207,1.322314049586777,121.050293650875,0.0,0.0
benign_volatility,30000,proportional,84,1.985497643309474,1.322314049586777,120.87649703777154,0.0,0.0
benign_volatility,30000,proportional,85,1.961631169388749,1.322314049586777,122.34715870404162,0.0,0.0
benign_volatility,30000,proportional,86,1.9486198724013866,1.322314049586777,123.16409341768407,0.0,0.0
benign_volatility,30000,proportional,87,1.9570622450252741,1.322314049586777,122.63278830812075,0.0,0.0
benign_volatility,30000,proportional,88,1.975468602690958,1.322314049586777,121.49016171306144,0.0,0.0
benign_volatility,30000,proportional,89,1.9766707335788916,1.322314049586777,121.41627632917108,0.0,0.0
benign_volatility,30000,proportional,90,1.9735296144088095,1.322314049586777,121.60952551598493,0.0,0.0
benign_volatility,30000,proportional,91,1.9889713087194396,1.322314049586777,120.66539067097922,0.0,0.0
benign_volatility,30000,proportional,92,1.90724686329329,1.322314049586777,125.83583416442805,0.0,0.0
benign_volatility,30000,proportional,93,1.900566741438824,1.322314049586777,126.27812260794798,0.0,0.0
benign_volatility,30000,proportional,94,1.8988996724560279,1.322314049586777,126.3889838316656,0.0,0.0
benign_volatility,30000,proportional,95,1.9029938873846106,1.322314049586777,126.11706300846043,0.0,0.0
benign_volatility,30000,proportional,96,1.9011280291113,1.322314049586777,126.2408403458184,0.0,0.0
benign_volatility,30000,proportional,97,1.8902324199495417,1.322314049586777,126.96851321934612,0.0,0.0
benign_volatility,30000,proportional,98,1.9140865659529933,1.322314049586777,125.38617859245453,0.0,0.0
benign_volatility,30000,proportional,99,1.941100039637065,1.322314049586777,123.64123182691488,0.0,0.0
benign_volatility,30000,proportional,100,1.9681651736919388,1.322314049586777,121.94098503927968,0.0,0.0
benign_volatility,30000,proportional,101,2.005727448972075,1.322314049586777,119.65733436165456,0.0,0.0
benign_volatility,30000,proportional,102,2.004500436872873,1.322314049586777,119.73058004138564,0.0,0.0
benign_volatility,30000,proportional,103,2.0372472110050577,1.322314049586777,117.80602702683204,0.0,0.0
benign_volatility,30000,proportional,104,2.0344465837142924,1.322314049586777,117.96819927404121,0.0,0.0
benign_volatility,30000,proportional,105,2.0587421202064937,1.322314049586777,116.57603817613048,0.0,0.0
benign_volatility,30000,proportional,106,2.0753480041831947,1.322314049586777,115.6432557413223,0.0,0.0
benign_volatility,30000,proportional,107,2.105771081458204,1.322314049586777,113.972502573169,0.0,0.0
benign_volatility,30000,proportional,108,2.087339352115619,1.322314049586777,114.97890832017728,0.0,0.0
benign_volatility,30000,proportional,109,2.1141747866688694,1.322314049586777,113.51946939928659,0.0,0.0
benign_volatility,30000,proportional,110,2.096806306792646,1.322314049586777,114.45978544728486,0.0,0.0
benign_volatility,30000,proportional,111,2.1209212651309253,1.322314049586777,113.15837317760341,0.0,0.0
benign_volatility,30000,proportional,112,2.1328664570082156,1.322314049586777,112.52462582052578,0.0,0.0
benign_volatility,30000,proportional,113,2.112207497144893,1.322314049586777,113.62520032923476,0.0,0.0
benign_volatility,30000,proportional,114,2.1198481247250527,1.322314049586777,113.21565785809696,0.0,0.0
benign_volatility,30000,proportional,115,2.1060813341561886,1.322314049586777,113.955712966877,0.0,0.0
benign_volatility,30000,proportional,116,2.1302343852091825,1.322314049586777,112.66365882852497,0.0,0.0
benign_volatility,30000,proportional,117,2.1924398081294454,1.322314049586777,109.46708735632937,0.0,0.0
benign_volatility,30000,proportional,118,2.197809339124138,1.322314049586777,109.199645177431,0.0,0.0
benign_volatility,30000,proportional,119,2.1592134073330733,1.322314049586777,111.15158843721387,0.0,0.0
benign_volatility,30000,vol_target,0,2.401638377584829,1.322314049586777,99.93178083760984,0.0,0.0
benign_volatility,30000,vol_target,1,2.392445722941102,1.322314049586777,100.31575542075878,0.0,0.0
benign_volatility,30000,vol_target,2,2.4085644655902376,1.322314049586777,99.6444161776613,0.0,0.0
benign_volatility,30000,vol_target,3,2.331145370568629,1.322314049586777,102.95368235291888,0.0,0.0
benign_volatility,30000,vol_target,4,2.359715109936981,1.322314049586777,101.70719295280077,0.0,0.0
benign_volatility,30000,vol_target,5,2.2716917197974613,1.322314049586777,105.64813786502592,0.0,0.0
benign_volatility,30000,vol_target,6,2.261529703283537,1.322314049586777,106.12285996135344,0.0,0.0
benign_volatility,30000,vol_target,7,2.26756853048884,1.322314049586777,105.84024110982922,0.0,0.0
benign_volatility,30000,vol_target,8,2.2687090931645426,1.322314049586777,105.78703136647302,0.0,0.0
benign_volatility,30000,vol_target,9,2.2322704935891644,1.322314049586777,107.51385223665932,0.0,0.0
benign_volatility,30000,vol_target,10,2.21427615952221,1.322314049586777,108.38756447243983,0.0,0.0
benign_volatility,30000,vol_target,11,2.2111283102307255,1.322314049586777,108.54186927530976,0.0,0.0
benign_volatility,30000,vol_target,12,2.239831856553989,1.322314049586777,107.15090032215328,0.0,0.0
benign_volatility,30000,vol_target,13,2.2298926578167335,1.322314049586777,107.62849913815211,0.0,0.0
benign_volatility,30000,vol_target,14,2.2418867960972237,1.322314049586777,107.05268455918589,0.0,0.0
benign_volatility,30000,vol_target,15,2.2184067378877064,1.322314049586777,108.18575146797474,0.0,0.0
benign_volatility,30000,vol_target,16,2.161993612787873,1.322314049586777,111.00865357808433,0.0,0.0
benign_volatility,30000,vol_target,17,2.158301556138075,1.322314049586777,111.19854837590002,0.0,0.0
benign_volatility,30000,vol_target,18,2.137037148782215,1.322314049586777,112.30502012412998,0.0,0.0
benign_volatility,30000,vol_target,19,2.123074171533976,1.322314049586777,112.7476318885488,0.0,73.99821968390778
benign_volatility,30000,vol_target,20,1.4553638121015977,2.3577350739327514,113.8590184399685,0.0,50.757960775266696
benign_volatility,30000,vol_target,21,1.013087465250555,3.566469090169119,113.61184847100301,0.0,35.80143765549606
benign_volatility,30000,vol_target,22,0.698129903572295,4.93894441289113,113.69933209609226,0.0,23.447689504202444
benign_volatility,30000,vol_target,23,0.4917859479153692,6.287285420254373,113.81311146771121,0.0,11.693844079214745
benign_volatility,30000,vol_target,24,0.3882550961281057,7.1809908032367415,114.10242581154715,0.0,0.0
benign_volatility,30000,vol_target,25,0.3883419264812688,7.1809908032367415,114.07691336168176,0.0,0.0
benign_volatility,30000,vol_target,26,0.38912116627161314,7.1809908032367415,113.8484671147124,0.0,0.0
benign_volatility,30000,vol_target,27,0.38816010629008113,7.1809908032367415,114.13034875048501,0.0,0.0
benign_volatility,30000,vol_target,28,0.3869711220068877,7.1809908032367415,114.48101882166746,0.0,0.0
benign_volatility,30000,vol_target,29,0.3862490653793077,7.1809908032367415,114.69503041620976,0.0,0.0
benign_volatility,30000,vol_target,30,0.3900227883455272,7.1809908032367415,113.58528174683342,0.0,0.0
benign_volatility,30000,vol_target,31,0.39000456066352496,7.1809908032367415,113.5905903934613,0.0,0.0
benign_volatility,30000,vol_target,32,0.38947426600589696,7.1809908032367415,113.74525140318651,0.0,0.0
benign_volatility,30000,vol_target,33,0.38928960457935874,7.1809908032367415,113.79920701910582,0.0,0.0
benign_volatility,30000,vol_target,34,0.3883706268420635,7.1809908032367415,114.0684831449106,0.0,0.0
benign_volatility,30000,vol_target,35,0.3931409457859661,7.1809908032367415,112.6843916329961,0.0,0.0
benign_volatility,30000,vol_target,36,0.3889193768669858,7.1809908032367415,113.90753697793672,0.0,0.0
benign_volatility,30000,vol_target,37,0.38613774341809637,7.1809908032367415,114.72809653301591,0.0,0.0
benign_volatility,30000,vol_target,38,0.38511233524014266,7.1809908032367415,115.03357396819767,0.0,0.0
benign_volatility,30000,vol_target,39,0.37979859757059603,7.1809908032367415,116.64300127827028,0.0,0.0
benign_volatility,30000,vol_target,40,0.3809553649229534,7.1809908032367415,116.28881591120772,0.0,0.0
benign_volatility,30000,vol_target,41,0.3804326100470239,7.1809908032367415,116.44860911486117,0.0,0.0
benign_volatility,30000,vol_target,42,0.378072195598389,7.1809908032367415,117.1756315795603,0.0,0.0
benign_volatility,30000,vol_target,43,0.3817191324376388,7.1809908032367415,116.05613797508484,0.0,0.0
benign_volatility,30000,vol_target,44,0.37921581972094254,7.1809908032367415,116.82225792824892,0.0,0.0
benign_volatility,30000,vol_target,45,0.3787606096902002,7.1809908032367415,116.96265970779616,0.0,0.0
benign_volatility,30000,vol_target,46,0.3793509364805289,7.1809908032367415,116.78064831714508,0.0,0.0
benign_volatility,30000,vol_target,47,0.37844507521113446,7.1809908032367415,117.06017914804903,0.0,0.0
benign_volatility,30000,vol_target,48,0.380910612545843,7.1809908032367415,116.30247843667163,0.0,0.0
benign_volatility,30000,vol_target,49,0.3823952406019065,7.1809908032367415,115.8509405927251,0.0,0.0
benign_volatility,30000,vol_target,50,0.3853634559353131,7.1809908032367415,114.95861275789628,0.0,0.0
benign_volatility,30000,vol_target,51,0.3838121590974698,7.1809908032367415,115.42325393256239,0.0,0.0
benign_volatility,30000,vol_target,52,0.38397427663744454,7.1809908032367415,115.37452115247281,0.0,0.0
benign_volatility,30000,vol_target,53,0.3823931477542668,7.1809908032367415,115.85157464793502,0.0,0.0
benign_volatility,30000,vol_target,54,0.380242386630621,7.1809908032367415,116.506864725072,0.0,0.0
benign_volatility,30000,vol_target,55,0.38155031301001513,7.1809908032367415,116.1074877712116,0.0,0.0
benign_volatility,30000,vol_target,56,0.3814773222970244,7.1809908032367415,116.12970342551301,0.0,0.0
benign_volatility,30000,vol_target,57,0.383357579532846,7.1809908032367415,115.56012106476847,0.0,0.0
benign_volatility,30000,vol_target,58,0.3832972161417441,7.1809908032367415,115.578319998885,0.0,0.0
benign_volatility,30000,vol_target,59,0.38366290959468446,7.1809908032367415,115.46815497154346,0.0,0.0
benign_volatility,30000,vol_target,60,0.38381948206943284,7.1809908032367415,115.42105174822335,0.0,0.0
benign_volatility,30000,vol_target,61,0.3837122807333019,7.1809908032367415,115.45329802124176,0.0,0.0
benign_volatility,30000,vol_target,62,0.38344761069603855,7.1809908032367415,115.53298825228529,0.0,0.0
benign_volatility,30000,vol_target,63,0.38323165713731644,7.1809908032367415,115.59809185084825,0.0,0.0
benign_volatility,30000,vol_target,64,0.38299633108774384,7.1809908032367415,115.66911927352912,0.0,0.0
benign_volatility,30000,vol_target,65,0.3842238320440345,7.1809908032367415,115.29958479211443,0.0,0.0
benign_volatility,30000,vol_target,66,0.38395229998366537,7.1809908032367415,115.38112495692043,0.0,0.0
benign_volatility,30000,vol_target,67,0.38408270954903756,7.1809908032367415,115.3419490138652,0.0,0.0
benign_volatility,30000,vol_target,68,0.3847212688971542,7.1809908032367415,115.15050475089548,0.0,0.0
benign_volatility,30000,vol_target,69,0.3845085890759991,7.1809908032367415,115.21419692696674,0.0,0.0
benign_volatility,30000,vol_target,70,0.3839106905325278,7.1809908032367415,115.39363032704813,0.0,0.0
benign_volatility,30000,vol_target,71,0.3840219170390685,7.1809908032367415,115.36020819719343,0.0,0.0
benign_volatility,30000,vol_target,72,0.38548196549771696,7.1809908032367415,114.92327078054878,0.0,0.0
benign_volatility,30000,vol_target,73,0.38216133959687015,7.1809908032367415,115.92184690540348,0.0,0.0
benign_volatility,30000,vol_target,74,0.3820120230869343,7.1809908032367415,115.96715711701765,0.0,0.0
benign_volatility,30000,vol_target,75,0.38051791939427787,7.1809908032367415,116.42250218447525,0.0,0.0
benign_volatility,30000,vol_target,76,0.3809510591344969,7.1809908032367415,116.2901302927514,0.0,0.0
benign_volatility,30000,vol_target,77,0.38291591508641476,7.1809908032367415,115.69341089391563,0.0,0.0
benign_volatility,30000,vol_target,78,0.38360382345877153,7.1809908032367415,115.48594042278518,0.0,0.0
benign_volatility,30000,vol_target,79,0.3840929478799338,7.1809908032367415,115.33887447410409,0.0,0.0
benign_volatility,30000,vol_target,80,0.38300026332692994,7.1809908032367415,115.66793170608601,0.0,0.0
benign_volatility,30000,vol_target,81,0.38158813211457165,7.1809908032367415,116.0959803870708,0.0,0.0
benign_volatility,30000,vol_target,82,0.3811439852084957,7.1809908032367415,116.23126697822234,0.0,0.0
benign_volatility,30000,vol_target,83,0.3860569325786195,7.1809908032367415,114.75211183493133,0.0,0.0
benign_volatility,30000,vol_target,84,0.38616489042404833,7.1809908032367415,114.72003126246265,0.0,0.0
benign_volatility,30000,vol_target,85,0.3852532561712252,7.1809908032367415,114.99149609321627,0.0,0.0
benign_volatility,30000,vol_target,86,0.38474871152614376,7.1809908032367415,115.14229151330643,0.0,0.0
benign_volatility,30000,vol_target,87,0.385076698929906,7.1809908032367415,115.04421956721978,0.0,0.0
benign_volatility,30000,vol_target,88,0.38578396773280704,7.1809908032367415,114.8333057028304,0.0,0.0
benign_volatility,30000,vol_target,89,0.3858297911239359,7.1809908032367415,114.81966743123267,0.0,0.0
benign_volatility,30000,vol_target,90,0.3857099618171697,7.1809908032367415,114.85533869335562,0.0,0.0
benign_volatility,30000,vol_target,91,0.38629610533955744,7.1809908032367415,114.6810637994175,0.0,0.0
benign_volatility,30000,vol_target,92,0.3831078147668495,7.1809908032367415,115.63545976965453,0.0,0.0
benign_volatility,30000,vol_target,93,0.38283752483990807,7.1809908032367415,115.71710040816313,0.0,0.0
benign_volatility,30000,vol_target,94,0.3827698354450381,7.1809908032367415,115.73756393422346,0.0,0.0
benign_volatility,30000,vol_target,95,0.3829359069116445,7.1809908032367415,115.68737092114453,0.0,0.0
benign_volatility,30000,vol_target,96,0.38286029393873294,7.1809908032367415,115.7102185921675,0.0,0.0
benign_volatility,30000,vol_target,97,0.3824163769612799,7.1809908032367415,115.84453744876569,0.0,0.0
benign_volatility,30000,vol_target,98,0.3833829983987988,7.1809908032367415,115.55245925597907,0.0,0.0
benign_volatility,30000,vol_target,99,0.3844546383476738,7.1809908032367415,115.23036499783288,0.0,0.0
benign_volatility,30000,vol_target,100,0.38550460473487325,7.1809908032367415,114.91652176860438,0.0,0.0
benign_volatility,30000,vol_target,101,0.38692390263380877,7.1809908032367415,114.4949898425876,0.0,0.0
benign_volatility,30000,vol_target,102,0.38687821795138755,7.1809908032367415,114.50851003319816,0.0,0.0
benign_volatility,30000,vol_target,103,0.3880821906223863,7.1809908032367415,114.15326282008681,0.0,0.0
benign_volatility,30000,vol_target,104,0.3879804489557908,7.1809908032367415,114.18319768726344,0.0,0.0
benign_volatility,30000,vol_target,105,0.388855586742583,7.1809908032367415,113.92622303055359,0.0,0.0
benign_volatility,30000,vol_target,106,0.38944416289196043,7.1809908032367415,113.75404364245723,0.0,0.0
benign_volatility,30000,vol_target,107,0.3905028569266913,7.1809908032367415,113.44564454807265,0.0,0.0
benign_volatility,30000,vol_target,108,0.3898644468782872,7.1809908032367415,113.63141383277426,0.0,0.0
benign_volatility,30000,vol_target,109,0.39079091990260273,7.1809908032367415,113.36202057343974,0.0,0.0
benign_volatility,30000,vol_target,110,0.3901934898161788,7.1809908032367415,113.535590567599,0.0,0.0
benign_volatility,30000,vol_target,111,0.39102082894832835,7.1809908032367415,113.29536695285981,0.0,0.0
benign_volatility,30000,vol_target,112,0.39142498897689804,7.1809908032367415,113.17838551316133,0.0,0.0
benign_volatility,30000,vol_target,113,0.39072365245074336,7.1809908032367415,113.38153711464162,0.0,0.0
benign_volatility,30000,vol_target,114,0.3909843378860442,7.1809908032367415,113.30594095261218,0.0,0.0
benign_volatility,30000,vol_target,115,0.3905135250878063,7.1809908032367415,113.44254540723351,0.0,0.0
benign_volatility,30000,vol_target,116,0.39133625186161797,7.1809908032367415,113.20404918064605,0.0,0.0
benign_volatility,30000,vol_target,117,0.3933866721987821,7.1809908032367415,112.61400406449623,0.0,0.0
benign_volatility,30000,vol_target,118,0.3935591957410934,7.1809908032367415,112.56463775034244,0.0,0.0
benign_volatility,30000,vol_target,119,0.39230348912461455,7.1809908032367415,112.92494084303236,0.0,0.0
benign_volatility,30000,liquidate,0,2.401638377584829,1.322314049586777,99.93178083760984,0.0,0.0
benign_volatility,30000,liquidate,1,2.392445722941102,1.322314049586777,100.31575542075878,0.0,0.0
benign_volatility,30000,liquidate,2,2.4085644655902376,1.322314049586777,99.6444161776613,0.0,0.0
benign_volatility,30000,liquidate,3,2.331145370568629,1.322314049586777,102.95368235291888,0.0,0.0
benign_volatility,30000,liquidate,4,2.359715109936981,1.322314049586777,101.70719295280077,0.0,0.0
benign_volatility,30000,liquidate,5,2.2716917197974613,1.322314049586777,105.64813786502592,0.0,0.0
benign_volatility,30000,liquidate,6,2.261529703283537,1.322314049586777,106.12285996135344,0.0,0.0
benign_volatility,30000,liquidate,7,2.26756853048884,1.322314049586777,105.84024110982922,0.0,0.0
benign_volatility,30000,liquidate,8,2.2687090931645426,1.322314049586777,105.78703136647302,0.0,0.0
benign_volatility,30000,liquidate,9,2.2322704935891644,1.322314049586777,107.51385223665932,0.0,0.0
benign_volatility,30000,liquidate,10,2.21427615952221,1.322314049586777,108.38756447243983,0.0,0.0
benign_volatility,30000,liquidate,11,2.2111283102307255,1.322314049586777,108.54186927530976,0.0,0.0
benign_volatility,30000,liquidate,12,2.239831856553989,1.322314049586777,107.15090032215328,0.0,0.0
benign_volatility,30000,liquidate,13,2.2298926578167335,1.322314049586777,107.62849913815211,0.0,0.0
benign_volatility,30000,liquidate,14,2.2418867960972237,1.322314049586777,107.05268455918589,0.0,0.0
benign_volatility,30000,liquidate,15,2.2184067378877064,1.322314049586777,108.18575146797474,0.0,0.0
benign_volatility,30000,liquidate,16,2.161993612787873,1.322314049586777,111.00865357808433,0.0,0.0
benign_volatility,30000,liquidate,17,2.158301556138075,1.322314049586777,111.19854837590002,0.0,0.0
benign_volatility,30000,liquidate,18,2.137037148782215,1.322314049586777,112.30502012412998,0.0,0.0
benign_volatility,30000,liquidate,19,2.123074171533976,1.322314049586777,113.04362476728443,0.0,0.0
benign_volatility,30000,liquidate,20,2.087973849225295,1.322314049586777,114.94396833037334,0.0,0.0
benign_volatility,30000,liquidate,21,2.0919142026086925,1.322314049586777,114.7274585643672,0.0,0.0
benign_volatility,30000,liquidate,22,2.081976092923814,1.322314049586777,115.27509889076441,0.0,0.0
benign_volatility,30000,liquidate,23,2.0696210895184546,1.322314049586777,115.96325589040144,0.0,0.0
benign_volatility,30000,liquidate,24,2.0420210954316023,1.322314049586777,117.53061735597474,0.0,0.0
benign_volatility,30000,liquidate,25,2.0444253009691735,1.322314049586777,117.39240356995502,0.0,0.0
benign_volatility,30000,liquidate,26,2.0662082828548365,1.322314049586777,116.15479523119376,0.0,0.0
benign_volatility,30000,liquidate,27,2.039396206596476,1.322314049586777,117.68188997494173,0.0,0.0
benign_volatility,30000,liquidate,28,2.00699695489682,1.322314049586777,119.5816463071507,0.0,0.0
benign_volatility,30000,liquidate,29,1.9877248899816835,1.322314049586777,120.7410548661045,0.0,0.0
benign_volatility,30000,liquidate,30,2.091886323188495,1.322314049586777,114.72898758388897,0.0,0.0
benign_volatility,30000,liquidate,31,2.0913620724112234,1.322314049586777,114.75774719548845,0.0,0.0
benign_volatility,30000,liquidate,32,2.0762031658726325,1.322314049586777,115.5956237544448,0.0,0.0
benign_volatility,30000,liquidate,33,2.070966347606283,1.322314049586777,115.88792849164493,0.0,0.0
benign_volatility,30000,liquidate,34,2.045220980499895,1.322314049586777,117.34673284123016,0.0,0.0
benign_volatility,30000,liquidate,35,2.184829030075776,1.322314049586777,109.84841225387606,0.0,0.0
benign_volatility,30000,liquidate,36,2.060531434862817,1.322314049586777,116.47480642098449,0.0,0.0
benign_volatility,30000,liquidate,37,1.9847801981786877,1.322314049586777,120.92019066908942,0.0,0.0
benign_volatility,30000,liquidate,38,1.9579830584238496,1.322314049586777,122.57511573833372,0.0,0.0
benign_volatility,30000,liquidate,39,1.8279559290393932,1.322314049586777,131.29419379717874,0.0,0.0
benign_volatility,30000,liquidate,40,1.8550668238302315,1.322314049586777,129.37539333729353,0.0,0.0
benign_volatility,30000,liquidate,41,1.8427366529828575,1.322314049586777,130.24107357473432,0.0,0.0
benign_volatility,30000,liquidate,42,1.788645850846637,1.322314049586777,134.17972030986374,0.0,0.0
benign_volatility,30000,liquidate,43,1.8733189917239013,1.322314049586777,128.11485980780168,0.0,0.0
benign_volatility,30000,liquidate,44,1.8145346403555531,1.322314049586777,132.26531732288817,0.0,0.0
benign_volatility,30000,liquidate,45,1.8041593388977466,1.322314049586777,133.0259444526825,0.0,0.0
benign_volatility,30000,liquidate,46,1.817632437265938,1.322314049586777,132.0398971097838,0.0,0.0
benign_volatility,30000,liquidate,47,1.7970224726730666,1.322314049586777,133.5542563599667,0.0,0.0
benign_volatility,30000,liquidate,48,1.8540061309189773,1.322314049586777,129.4494101165884,0.0,0.0
benign_volatility,30000,liquidate,49,1.8897161307958217,1.322314049586777,127.00320227405166,0.0,0.0
benign_volatility,30000,liquidate,50,1.9644915995473096,1.322314049586777,122.16901312039448,0.0,0.0
benign_volatility,30000,liquidate,51,1.9248319703271093,1.322314049586777,124.6862083027507,0.0,0.0
benign_volatility,30000,liquidate,52,1.9289162487500586,1.322314049586777,124.42219829685216,0.0,0.0
benign_volatility,30000,liquidate,53,1.8896650219083413,1.322314049586777,127.00663727036022,0.0,0.0
benign_volatility,30000,liquidate,54,1.8382821305221215,1.322314049586777,130.55667354598805,0.0,0.0
benign_volatility,30000,liquidate,55,1.8692600935930332,1.322314049586777,128.39304750719816,0.0,0.0
benign_volatility,30000,liquidate,56,1.867509523011759,1.322314049586777,128.5134008917655,0.0,0.0
benign_volatility,30000,liquidate,57,1.9134531358890283,1.322314049586777,125.42768646826107,0.0,0.0
benign_volatility,30000,liquidate,58,1.9119502419742784,1.322314049586777,125.52627925723432,0.0,0.0
benign_volatility,30000,liquidate,59,1.9210841086763035,1.322314049586777,124.92945983784577,0.0,0.0
benign_volatility,30000,liquidate,60,1.9250161615073667,1.322314049586777,124.67427796142249,0.0,0.0
benign_volatility,30000,liquidate,61,1.9223225923267102,1.322314049586777,124.8489722578314,0.0,0.0
benign_volatility,30000,liquidate,62,1.9156981945382343,1.322314049586777,125.28069436211497,0.0,0.0
benign_volatility,30000,liquidate,63,1.910320127720507,1.322314049586777,125.63339333412166,0.0,0.0
benign_volatility,30000,liquidate,64,1.9044870442955815,1.322314049586777,126.01818464392314,0.0,0.0
benign_volatility,30000,liquidate,65,1.9352305695192487,1.322314049586777,124.01623030356583,0.0,0.0
benign_volatility,30000,liquidate,66,1.928361771098194,1.322314049586777,124.45797443045191,0.0,0.0
benign_volatility,30000,liquidate,67,1.931655786837416,1.322314049586777,124.24573862247868,0.0,0.0
benign_volatility,30000,liquidate,68,1.94791615266751,1.322314049586777,123.20858866093383,0.0,0.0
benign_volatility,30000,liquidate,69,1.9424761389333705,1.322314049586777,123.55364124667496,0.0,0.0
benign_volatility,30000,liquidate,70,1.9273126510332947,1.322314049586777,124.52572231668185,0.0,0.0
benign_volatility,30000,liquidate,71,1.9301191078374564,1.322314049586777,124.34465781176621,0.0,0.0
benign_volatility,30000,liquidate,72,1.9675752157655462,1.322314049586777,121.9775478349988,0.0,0.0
benign_volatility,30000,liquidate,73,1.8840177113877894,1.322314049586777,127.3873374699929,0.0,0.0
benign_volatility,30000,liquidate,74,1.8803942974153722,1.322314049586777,127.63280569925324,0.0,0.0
benign_volatility,30000,liquidate,75,1.8447399354613658,1.322314049586777,130.09963918842385,0.0,0.0
benign_volatility,30000,liquidate,76,1.8549647287947502,1.322314049586777,129.38251400388526,0.0,0.0
benign_volatility,30000,liquidate,77,1.9025002761222891,1.322314049586777,126.14978458198829,0.0,0.0
benign_volatility,30000,liquidate,78,1.919603600598682,1.322314049586777,125.02581258190456,0.0,0.0
benign_volatility,30000,liquidate,79,1.9319147784952424,1.322314049586777,124.22908229261265,0.0,0.0
benign_volatility,30000,liquidate,80,1.9045842797075416,1.322314049586777,126.01175099316329,0.0,0.0
benign_volatility,30000,liquidate,81,1.8701681544607478,1.322314049586777,128.33070621352903,0.0,0.0
benign_volatility,30000,liquidate,82,1.859548001729696,1.322314049586777,129.0636217923706,0.0,0.0
benign_volatility,30000,liquidate,83,1.9826469871456207,1.322314049586777,121.050293650875,0.0,0.0
benign_volatility,30000,liquidate,84,1.985497643309474,1.322314049586777,120.87649703777154,0.0,0.0
benign_volatility,30000,liquidate,85,1.961631169388749,1.322314049586777,122.34715870404162,0.0,0.0
benign_volatility,30000,liquidate,86,1.9486198724013866,1.322314049586777,123.16409341768407,0.0,0.0
benign_volatility,30000,liquidate,87,1.9570622450252741,1.322314049586777,122.63278830812075,0.0,0.0
benign_volatility,30000,liquidate,88,1.975468602690958,1.322314049586777,121.49016171306144,0.0,0.0
benign_volatility,30000,liquidate,89,1.9766707335788916,1.322314049586777,121.41627632917108,0.0,0.0
benign_volatility,30000,liquidate,90,1.9735296144088095,1.322314049586777,121.60952551598493,0.0,0.0
benign_volatility,30000,liquidate,91,1.9889713087194396,1.322314049586777,120.66539067097922,0.0,0.0
benign_volatility,30000,liquidate,92,1.90724686329329,1.322314049586777,125.83583416442805,0.0,0.0
benign_volatility,30000,liquidate,93,1.900566741438824,1.322314049586777,126.27812260794798,0.0,0.0
benign_volatility,30000,liquidate,94,1.8988996724560279,1.322314049586777,126.3889838316656,0.0,0.0
benign_volatility,30000,liquidate,95,1.9029938873846106,1.322314049586777,126.11706300846043,0.0,0.0
benign_volatility,30000,liquidate,96,1.9011280291113,1.322314049586777,126.2408403458184,0.0,0.0
benign_volatility,30000,liquidate,97,1.8902324199495417,1.322314049586777,126.96851321934612,0.0,0.0
benign_volatility,30000,liquidate,98,1.9140865659529933,1.322314049586777,125.38617859245453,0.0,0.0
benign_volatility,30000,liquidate,99,1.941100039637065,1.322314049586777,123.64123182691488,0.0,0.0
benign_volatility,30000,liquidate,100,1.9681651736919388,1.322314049586777,121.94098503927968,0.0,0.0
benign_volatility,30000,liquidate,101,2.005727448972075,1.322314049586777,119.65733436165456,0.0,0.0
benign_volatility,30000,liquidate,102,2.004500436872873,1.322314049586777,119.73058004138564,0.0,0.0
benign_volatility,30000,liquidate,103,2.0372472110050577,1.322314049586777,117.80602702683204,0.0,0.0
benign_volatility,30000,liquidate,104,2.0344465837142924,1.322314049586777,117.96819927404121,0.0,0.0
benign_volatility,30000,liquidate,105,2.0587421202064937,1.322314049586777,116.57603817613048,0.0,0.0
benign_volatility,30000,liquidate,106,2.0753480041831947,1.322314049586777,115.6432557413223,0.0,0.0
benign_volatility,30000,liquidate,107,2.105771081458204,1.322314049586777,113.972502573169,0.0,0.0
benign_volatility,30000,liquidate,108,2.087339352115619,1.322314049586777,114.97890832017728,0.0,0.0
benign_volatility,30000,liquidate,109,2.1141747866688694,1.322314049586777,113.51946939928659,0.0,0.0
benign_volatility,30000,liquidate,110,2.096806306792646,1.322314049586777,114.45978544728486,0.0,0.0
benign_volatility,30000,liquidate,111,2.1209212651309253,1.322314049586777,113.15837317760341,0.0,0.0
benign_volatility,30000,liquidate,112,2.1328664570082156,1.322314049586777,112.52462582052578,0.0,0.0
benign_volatility,30000,liquidate,113,2.112207497144893,1.322314049586777,113.62520032923476,0.0,0.0
benign_volatility,30000,liquidate,114,2.1198481247250527,1.322314049586777,113.21565785809696,0.0,0.0
benign_volatility,30000,liquidate,115,2.1060813341561886,1.322314049586777,113.955712966877,0.0,0.0
benign_volatility,30000,liquidate,116,2.1302343852091825,1.322314049586777,112.66365882852497,0.0,0.0
benign_volatility,30000,liquidate,117,2.1924398081294454,1.322314049586777,109.46708735632937,0.0,0.0
benign_volatility,30000,liquidate,118,2.197809339124138,1.322314049586777,109.199645177431,0.0,0.0
benign_volatility,30000,liquidate,119,2.1592134073330733,1.322314049586777,111.15158843721387,0.0,0.0
benign_volatility,30000,immune,0,2.401638377584829,1.322314049586777,99.93178083760984,0.0,0.0
benign_volatility,30000,immune,1,2.392445722941102,1.322314049586777,100.31575542075878,0.0,0.0
benign_volatility,30000,immune,2,2.4085644655902376,1.322314049586777,99.6444161776613,0.0,0.0
benign_volatility,30000,immune,3,2.331145370568629,1.322314049586777,102.95368235291888,0.0,0.0
benign_volatility,30000,immune,4,2.359715109936981,1.322314049586777,101.70719295280077,0.0,0.0
benign_volatility,30000,immune,5,2.2716917197974613,1.322314049586777,105.64813786502592,0.0,0.0
benign_volatility,30000,immune,6,2.261529703283537,1.322314049586777,106.12285996135344,0.0,0.0
benign_volatility,30000,immune,7,2.26756853048884,1.322314049586777,105.84024110982922,0.0,0.0
benign_volatility,30000,immune,8,2.2687090931645426,1.322314049586777,105.78703136647302,0.0,0.0
benign_volatility,30000,immune,9,2.2322704935891644,1.322314049586777,107.51385223665932,0.0,0.0
benign_volatility,30000,immune,10,2.21427615952221,1.322314049586777,108.38756447243983,0.0,0.0
benign_volatility,30000,immune,11,2.2111283102307255,1.322314049586777,108.54186927530976,0.0,0.0
benign_volatility,30000,immune,12,2.239831856553989,1.322314049586777,107.15090032215328,0.0,0.0
benign_volatility,30000,immune,13,2.2298926578167335,1.322314049586777,107.62849913815211,0.0,0.0
benign_volatility,30000,immune,14,2.2418867960972237,1.322314049586777,107.05268455918589,0.0,0.0
benign_volatility,30000,immune,15,2.2184067378877064,1.322314049586777,108.18575146797474,0.0,0.0
benign_volatility,30000,immune,16,2.161993612787873,1.322314049586777,111.00865357808433,0.0,0.0
benign_volatility,30000,immune,17,2.158301556138075,1.322314049586777,111.19854837590002,0.0,0.0
benign_volatility,30000,immune,18,2.137037148782215,1.322314049586777,112.30502012412998,0.0,0.0
benign_volatility,30000,immune,19,2.123074171533976,1.322314049586777,113.04362476728443,0.0,0.0
benign_volatility,30000,immune,20,2.087973849225295,1.322314049586777,114.94396833037334,0.0,0.0
benign_volatility,30000,immune,21,2.0919142026086925,1.322314049586777,114.7274585643672,0.0,0.0
benign_volatility,30000,immune,22,2.081976092923814,1.322314049586777,115.27509889076441,0.0,0.0
benign_volatility,30000,immune,23,2.0696210895184546,1.322314049586777,115.96325589040144,0.0,0.0
benign_volatility,30000,immune,24,2.0420210954316023,1.322314049586777,117.53061735597474,0.0,0.0
benign_volatility,30000,immune,25,2.0444253009691735,1.322314049586777,117.39240356995502,0.0,0.0
benign_volatility,30000,immune,26,2.0662082828548365,1.322314049586777,116.15479523119376,0.0,0.0
benign_volatility,30000,immune,27,2.039396206596476,1.322314049586777,117.68188997494173,0.0,0.0
benign_volatility,30000,immune,28,2.00699695489682,1.322314049586777,119.5816463071507,0.0,0.0
benign_volatility,30000,immune,29,1.9877248899816835,1.322314049586777,120.7410548661045,0.0,0.0
benign_volatility,30000,immune,30,2.091886323188495,1.322314049586777,114.72898758388897,0.0,0.0
benign_volatility,30000,immune,31,2.0913620724112234,1.322314049586777,114.75774719548845,0.0,0.0
benign_volatility,30000,immune,32,2.0762031658726325,1.322314049586777,115.5956237544448,0.0,0.0
benign_volatility,30000,immune,33,2.070966347606283,1.322314049586777,115.88792849164493,0.0,0.0
benign_volatility,30000,immune,34,2.045220980499895,1.322314049586777,117.34673284123016,0.0,0.0
benign_volatility,30000,immune,35,2.184829030075776,1.322314049586777,109.84841225387606,0.0,0.0
benign_volatility,30000,immune,36,2.060531434862817,1.322314049586777,116.47480642098449,0.0,0.0
benign_volatility,30000,immune,37,1.9847801981786877,1.322314049586777,120.92019066908942,0.0,0.0
benign_volatility,30000,immune,38,1.9579830584238496,1.322314049586777,122.57511573833372,0.0,0.0
benign_volatility,30000,immune,39,1.8279559290393932,1.322314049586777,131.29419379717874,0.0,0.0
benign_volatility,30000,immune,40,1.8550668238302315,1.322314049586777,129.37539333729353,0.0,0.0
benign_volatility,30000,immune,41,1.8427366529828575,1.322314049586777,130.24107357473432,0.0,0.0
benign_volatility,30000,immune,42,1.788645850846637,1.322314049586777,134.17972030986374,0.0,0.0
benign_volatility,30000,immune,43,1.8733189917239013,1.322314049586777,128.11485980780168,0.0,0.0
benign_volatility,30000,immune,44,1.8145346403555531,1.322314049586777,132.26531732288817,0.0,0.0
benign_volatility,30000,immune,45,1.8041593388977466,1.322314049586777,133.0259444526825,0.0,0.0
benign_volatility,30000,immune,46,1.817632437265938,1.322314049586777,132.0398971097838,0.0,0.0
benign_volatility,30000,immune,47,1.7970224726730666,1.322314049586777,133.5542563599667,0.0,0.0
benign_volatility,30000,immune,48,1.8540061309189773,1.322314049586777,129.4494101165884,0.0,0.0
benign_volatility,30000,immune,49,1.8897161307958217,1.322314049586777,127.00320227405166,0.0,0.0
benign_volatility,30000,immune,50,1.9644915995473096,1.322314049586777,122.16901312039448,0.0,0.0
benign_volatility,30000,immune,51,1.9248319703271093,1.322314049586777,124.6862083027507,0.0,0.0
benign_volatility,30000,immune,52,1.9289162487500586,1.322314049586777,124.42219829685216,0.0,0.0
benign_volatility,30000,immune,53,1.8896650219083413,1.322314049586777,127.00663727036022,0.0,0.0
benign_volatility,30000,immune,54,1.8382821305221215,1.322314049586777,130.55667354598805,0.0,0.0
benign_volatility,30000,immune,55,1.8692600935930332,1.322314049586777,128.39304750719816,0.0,0.0
benign_volatility,30000,immune,56,1.867509523011759,1.322314049586777,128.5134008917655,0.0,0.0
benign_volatility,30000,immune,57,1.9134531358890283,1.322314049586777,125.42768646826107,0.0,0.0
benign_volatility,30000,immune,58,1.9119502419742784,1.322314049586777,125.52627925723432,0.0,0.0
benign_volatility,30000,immune,59,1.9210841086763035,1.322314049586777,124.92945983784577,0.0,0.0
benign_volatility,30000,immune,60,1.9250161615073667,1.322314049586777,124.67427796142249,0.0,0.0
benign_volatility,30000,immune,61,1.9223225923267102,1.322314049586777,124.8489722578314,0.0,0.0
benign_volatility,30000,immune,62,1.9156981945382343,1.322314049586777,125.28069436211497,0.0,0.0
benign_volatility,30000,immune,63,1.910320127720507,1.322314049586777,125.63339333412166,0.0,0.0
benign_volatility,30000,immune,64,1.9044870442955815,1.322314049586777,126.01818464392314,0.0,0.0
benign_volatility,30000,immune,65,1.9352305695192487,1.322314049586777,124.01623030356583,0.0,0.0
benign_volatility,30000,immune,66,1.928361771098194,1.322314049586777,124.45797443045191,0.0,0.0
benign_volatility,30000,immune,67,1.931655786837416,1.322314049586777,124.24573862247868,0.0,0.0
benign_volatility,30000,immune,68,1.94791615266751,1.322314049586777,123.20858866093383,0.0,0.0
benign_volatility,30000,immune,69,1.9424761389333705,1.322314049586777,123.55364124667496,0.0,0.0
benign_volatility,30000,immune,70,1.9273126510332947,1.322314049586777,124.52572231668185,0.0,0.0
benign_volatility,30000,immune,71,1.9301191078374564,1.322314049586777,124.34465781176621,0.0,0.0
benign_volatility,30000,immune,72,1.9675752157655462,1.322314049586777,121.9775478349988,0.0,0.0
benign_volatility,30000,immune,73,1.8840177113877894,1.322314049586777,127.3873374699929,0.0,0.0
benign_volatility,30000,immune,74,1.8803942974153722,1.322314049586777,127.63280569925324,0.0,0.0
benign_volatility,30000,immune,75,1.8447399354613658,1.322314049586777,130.09963918842385,0.0,0.0
benign_volatility,30000,immune,76,1.8549647287947502,1.322314049586777,129.38251400388526,0.0,0.0
benign_volatility,30000,immune,77,1.9025002761222891,1.322314049586777,126.14978458198829,0.0,0.0
benign_volatility,30000,immune,78,1.919603600598682,1.322314049586777,125.02581258190456,0.0,0.0
benign_volatility,30000,immune,79,1.9319147784952424,1.322314049586777,124.22908229261265,0.0,0.0
benign_volatility,30000,immune,80,1.9045842797075416,1.322314049586777,126.01175099316329,0.0,0.0
benign_volatility,30000,immune,81,1.8701681544607478,1.322314049586777,128.33070621352903,0.0,0.0
benign_volatility,30000,immune,82,1.859548001729696,1.322314049586777,129.0636217923706,0.0,0.0
benign_volatility,30000,immune,83,1.9826469871456207,1.322314049586777,121.050293650875,0.0,0.0
benign_volatility,30000,immune,84,1.985497643309474,1.322314049586777,120.87649703777154,0.0,0.0
benign_volatility,30000,immune,85,1.961631169388749,1.322314049586777,122.34715870404162,0.0,0.0
benign_volatility,30000,immune,86,1.9486198724013866,1.322314049586777,123.16409341768407,0.0,0.0
benign_volatility,30000,immune,87,1.9570622450252741,1.322314049586777,122.63278830812075,0.0,0.0
benign_volatility,30000,immune,88,1.975468602690958,1.322314049586777,121.49016171306144,0.0,0.0
benign_volatility,30000,immune,89,1.9766707335788916,1.322314049586777,121.41627632917108,0.0,0.0
benign_volatility,30000,immune,90,1.9735296144088095,1.322314049586777,121.60952551598493,0.0,0.0
benign_volatility,30000,immune,91,1.9889713087194396,1.322314049586777,120.66539067097922,0.0,0.0
benign_volatility,30000,immune,92,1.90724686329329,1.322314049586777,125.83583416442805,0.0,0.0
benign_volatility,30000,immune,93,1.900566741438824,1.322314049586777,126.27812260794798,0.0,0.0
benign_volatility,30000,immune,94,1.8988996724560279,1.322314049586777,126.3889838316656,0.0,0.0
benign_volatility,30000,immune,95,1.9029938873846106,1.322314049586777,126.11706300846043,0.0,0.0
benign_volatility,30000,immune,96,1.9011280291113,1.322314049586777,126.2408403458184,0.0,0.0
benign_volatility,30000,immune,97,1.8902324199495417,1.322314049586777,126.96851321934612,0.0,0.0
benign_volatility,30000,immune,98,1.9140865659529933,1.322314049586777,125.38617859245453,0.0,0.0
benign_volatility,30000,immune,99,1.941100039637065,1.322314049586777,123.64123182691488,0.0,0.0
benign_volatility,30000,immune,100,1.9681651736919388,1.322314049586777,121.94098503927968,0.0,0.0
benign_volatility,30000,immune,101,2.005727448972075,1.322314049586777,119.65733436165456,0.0,0.0
benign_volatility,30000,immune,102,2.004500436872873,1.322314049586777,119.73058004138564,0.0,0.0
benign_volatility,30000,immune,103,2.0372472110050577,1.322314049586777,117.80602702683204,0.0,0.0
benign_volatility,30000,immune,104,2.0344465837142924,1.322314049586777,117.96819927404121,0.0,0.0
benign_volatility,30000,immune,105,2.0587421202064937,1.322314049586777,116.57603817613048,0.0,0.0
benign_volatility,30000,immune,106,2.0753480041831947,1.322314049586777,115.6432557413223,0.0,0.0
benign_volatility,30000,immune,107,2.105771081458204,1.322314049586777,113.972502573169,0.0,0.0
benign_volatility,30000,immune,108,2.087339352115619,1.322314049586777,114.97890832017728,0.0,0.0
benign_volatility,30000,immune,109,2.1141747866688694,1.322314049586777,113.51946939928659,0.0,0.0
benign_volatility,30000,immune,110,2.096806306792646,1.322314049586777,114.45978544728486,0.0,0.0
benign_volatility,30000,immune,111,2.1209212651309253,1.322314049586777,113.15837317760341,0.0,0.0
benign_volatility,30000,immune,112,2.1328664570082156,1.322314049586777,112.52462582052578,0.0,0.0
benign_volatility,30000,immune,113,2.112207497144893,1.322314049586777,113.62520032923476,0.0,0.0
benign_volatility,30000,immune,114,2.1198481247250527,1.322314049586777,113.21565785809696,0.0,0.0
benign_volatility,30000,immune,115,2.1060813341561886,1.322314049586777,113.955712966877,0.0,0.0
benign_volatility,30000,immune,116,2.1302343852091825,1.322314049586777,112.66365882852497,0.0,0.0
benign_volatility,30000,immune,117,2.1924398081294454,1.322314049586777,109.46708735632937,0.0,0.0
benign_volatility,30000,immune,118,2.197809339124138,1.322314049586777,109.199645177431,0.0,0.0
benign_volatility,30000,immune,119,2.1592134073330733,1.322314049586777,111.15158843721387,0.0,0.0
