family,seed,policy,violation_area,breach_days,recovery_days,total_reduction,healthy_reduction,terminal_equity,maximum_drawdown,false_action_days
liquidity_drain,30000,none,17.6319848406655,90,90,0.0,0.0,69.39030236653676,-0.40838249053404607,0
liquidity_drain,30000,proportional,0.1575237763563313,4,1,63.57794625000001,52.98162187500001,80.66149580147362,-0.3078292226238104,0
liquidity_drain,30000,vol_target,0.0,0,0,190.79682325972087,190.79682325972087,99.50587850311723,-0.08982231074482627,4
liquidity_drain,30000,liquidate,0.14459459459459467,1,1,216.0,180.0,107.73479622577452,-0.06389298451278103,0
liquidity_drain,30000,immune,0.14459459459459467,1,1,59.5,40.0,79.72207678479496,-0.3148188335436617,2
liquidity_drain,30001,none,15.146917578735845,90,90,0.0,0.0,109.21560506684825,-0.11998246837440785,0
liquidity_drain,30001,proportional,0.1575237763563313,4,1,63.57794625000001,52.98162187500001,105.47887771443644,-0.11095231530627603,0
liquidity_drain,30001,vol_target,0.0,0,0,221.26459879549643,221.26459879549643,93.67544136115733,-0.09586222186171034,6
liquidity_drain,30001,liquidate,0.14459459459459467,1,1,216.0,180.0,96.24605945889348,-0.09586222186171034,0
liquidity_drain,30001,immune,0.14459459459459467,1,1,68.525,49.5,99.65617937452902,-0.12243864915976532,3
liquidity_drain,30002,none,15.615291144392616,90,90,0.0,0.0,89.0552653690041,-0.2676967194101838,0
liquidity_drain,30002,proportional,0.1575237763563313,4,1,63.57794625000001,52.98162187500001,89.1566879065054,-0.23745097588646957,0
liquidity_drain,30002,vol_target,0.0,0,0,207.50507429594035,207.50507429594035,91.0473547376177,-0.15325996073969628,5
liquidity_drain,30002,liquidate,0.14459459459459467,1,1,216.0,180.0,91.68881603148756,-0.14826093769725435,0
liquidity_drain,30002,immune,0.14459459459459467,1,1,44.518499999999996,21.118499999999997,94.468502926162,-0.22031127879583645,2
liquidity_drain,30003,none,16.34974846363004,90,90,0.0,0.0,75.82427767916361,-0.28163601739027677,0
liquidity_drain,30003,proportional,0.1575237763563313,4,1,63.57794625000001,52.98162187500001,82.013163120428,-0.2122265576909843,0
liquidity_drain,30003,vol_target,0.0,0,0,238.98370084251155,238.98370084251155,89.99709424731456,-0.1231352399592669,10
liquidity_drain,30003,liquidate,0.14459459459459467,1,1,216.0,180.0,95.88139412020436,-0.12417999960647264,0
liquidity_drain,30003,immune,0.14459459459459467,1,1,34.23,0.0,75.24272444021113,-0.28365182289151514,1
liquidity_drain,30004,none,15.146917578735845,90,90,0.0,0.0,95.7762157362986,-0.15800234125112766,0
liquidity_drain,30004,proportional,0.1575237763563313,4,1,63.57794625000001,52.98162187500001,97.77912986772212,-0.12186830017619266,0
liquidity_drain,30004,vol_target,0.0,0,0,196.64004512277592,196.64004512277592,99.12973147397813,-0.09731586042512996,3
liquidity_drain,30004,liquidate,0.14459459459459467,1,1,216.0,180.0,104.18766364430888,-0.09731586042512996,0
liquidity_drain,30004,immune,0.14459459459459467,1,1,59.5,40.0,98.24961798709278,-0.12817048985821133,2
liquidity_drain,30005,none,18.368477388604006,90,90,0.0,0.0,71.30351099147816,-0.3072908990023835,0
liquidity_drain,30005,proportional,0.1575237763563313,4,1,63.57794625000001,52.98162187500001,75.48448497305792,-0.2666730011204591,0
liquidity_drain,30005,vol_target,0.0,0,0,237.70597997478654,237.03038962437665,93.17448735363598,-0.09481574647334268,15
liquidity_drain,30005,liquidate,0.14459459459459467,1,1,216.0,180.0,90.42523176980436,-0.12152459064395149,0
liquidity_drain,30005,immune,0.14459459459459467,1,1,68.525,59.5,72.40360943006253,-0.29660351222711334,3
liquidity_drain,30006,none,15.146917578735845,90,90,0.0,0.0,115.71394186281982,-0.15860889024123515,0
liquidity_drain,30006,proportional,0.1575237763563313,4,1,63.57794625000001,52.98162187500001,114.86838591418709,-0.12249194254588425,0
liquidity_drain,30006,vol_target,0.0,0,0,239.97059997408817,239.94602554833833,106.12218927328155,-0.03905330287490749,15
liquidity_drain,30006,liquidate,0.14459459459459467,1,1,216.0,180.0,109.82486311985076,-0.05537530338365082,0
liquidity_drain,30006,immune,0.14459459459459467,1,1,44.518499999999996,21.118499999999997,113.84532085331026,-0.13372314590614787,2
liquidity_drain,30007,none,15.146917578735845,90,90,0.0,0.0,86.43792289461169,-0.21069428928038458,0
liquidity_drain,30007,proportional,0.1575237763563313,4,1,63.57794625000001,52.98162187500001,88.98137202710723,-0.1778908469565309,0
liquidity_drain,30007,vol_target,0.0,0,0,160.9789384289622,160.9789384289622,94.24916209239916,-0.11683232863557569,5
liquidity_drain,30007,liquidate,0.14459459459459467,1,1,216.0,180.0,97.15892625260884,-0.07947236181521622,0
liquidity_drain,30007,immune,0.14459459459459467,1,1,59.5,40.0,94.24990184539757,-0.16131555826935973,2
liquidity_drain,30008,none,15.146917578735845,90,90,0.0,0.0,137.50646039930294,-0.07666527105073151,0
liquidity_drain,30008,proportional,0.1575237763563313,4,1,63.57794625000001,52.98162187500001,131.36758999665753,-0.06779400043586348,0
liquidity_drain,30008,vol_target,0.0,0,0,238.4625959795612,238.4625959795612,107.66933344635854,-0.07089155360132093,11
liquidity_drain,30008,liquidate,0.14459459459459467,1,1,216.0,180.0,115.3947763836312,-0.06779400043586348,0
liquidity_drain,30008,immune,0.14459459459459467,1,1,77.09875000000001,77.09875000000001,127.04583160436715,-0.06779400043586348,4
liquidity_drain,30009,none,40.18445175864171,94,95,0.0,0.0,82.65153082004115,-0.36996601695873454,0
liquidity_drain,30009,proportional,0.0641637879076673,6,4,63.57794625000001,56.88162187500001,80.29452102387907,-0.34148661854495177,0
liquidity_drain,30009,vol_target,0.0,0,0,239.9755761520324,239.93318877978282,81.18242457657817,-0.18819574935927674,17
liquidity_drain,30009,liquidate,0.03490339059820169,1,1,216.0,216.0,78.57310559592739,-0.23391707655664062,0
liquidity_drain,30009,immune,0.0306558659526055,1,1,63.57794625,44.004075,85.73580987430941,-0.3398690105659089,4
liquidity_drain,30010,none,15.146917578735845,90,90,0.0,0.0,111.0996862408549,-0.08696298813944603,0
liquidity_drain,30010,proportional,0.1575237763563313,4,1,63.57794625000001,52.98162187500001,108.80793721476871,-0.0663023921452861,0
liquidity_drain,30010,vol_target,0.0,0,0,219.340618056231,219.340618056231,99.04999259833833,-0.04947701300202312,7
liquidity_drain,30010,liquidate,0.14459459459459467,1,1,216.0,180.0,102.7260854526489,-0.04947701300202312,0
liquidity_drain,30010,immune,0.14459459459459467,1,1,44.518499999999996,21.118499999999997,108.75850493232045,-0.08053824478657756,2
liquidity_drain,30011,none,15.146917578735845,90,90,0.0,0.0,91.26575480541202,-0.25183676334773075,0
liquidity_drain,30011,proportional,0.1575237763563313,4,1,63.57794625000001,52.98162187500001,96.9069311945032,-0.19773017609695398,0
liquidity_drain,30011,vol_target,0.0,0,0,237.9238468285244,237.80827376366176,110.98026176312425,-0.034426872418982124,12
liquidity_drain,30011,liquidate,0.14459459459459467,1,1,216.0,180.0,113.40102596310682,-0.04288545135728672,0
liquidity_drain,30011,immune,0.14459459459459467,1,1,68.525,59.025,98.4135660397638,-0.1844578707132637,3
liquidity_drain,30012,none,15.217447900997326,90,90,0.0,0.0,84.14946739158454,-0.2230106483230383,0
liquidity_drain,30012,proportional,0.1575237763563313,4,1,63.57794625000001,52.98162187500001,85.71566723858832,-0.186776138341616,0
liquidity_drain,30012,vol_target,0.0,0,0,239.99940398362156,239.99526870281449,95.98382034450263,-0.09745354248162652,19
liquidity_drain,30012,liquidate,0.14459459459459467,1,1,216.0,180.0,89.880584944497,-0.1086596637588616,0
liquidity_drain,30012,immune,0.14459459459459467,1,1,44.518499999999996,21.118499999999997,90.20721244741907,-0.16922077649595457,2
liquidity_drain,30013,none,15.146917578735845,90,90,0.0,0.0,81.16144149274825,-0.3110920014294901,0
liquidity_drain,30013,proportional,0.1575237763563313,4,1,63.57794625000001,52.98162187500001,87.86156961243532,-0.24439272747624552,0
liquidity_drain,30013,vol_target,0.0,0,0,239.49320331358592,239.1282100881067,104.69665205864986,-0.053879485695705887,18
liquidity_drain,30013,liquidate,0.14459459459459467,1,1,216.0,180.0,104.47740008428572,-0.053879485695705887,0
liquidity_drain,30013,immune,0.14459459459459467,1,1,44.518499999999996,21.118499999999997,86.32886283586899,-0.264742887055311,2
liquidity_drain,30014,none,15.146917578735845,90,90,0.0,0.0,101.8296624501886,-0.1349187055936386,0
liquidity_drain,30014,proportional,0.1575237763563313,4,1,63.57794625000001,52.98162187500001,101.07145691744847,-0.1123896308801523,0
liquidity_drain,30014,vol_target,0.0,0,0,239.8596201289723,239.8596201289723,93.15580418342086,-0.1123896308801523,11
liquidity_drain,30014,liquidate,0.14459459459459467,1,1,216.0,180.0,96.44782684982646,-0.1123896308801523,0
liquidity_drain,30014,immune,0.14459459459459467,1,1,68.525,58.525,98.14963592391722,-0.1123896308801523,3
liquidity_drain,30015,none,15.146917578735845,90,90,0.0,0.0,108.93255228176602,-0.08489103520052443,0
liquidity_drain,30015,proportional,0.1575237763563313,4,1,63.57794625000001,52.98162187500001,106.9243918901035,-0.06456426130992232,0
liquidity_drain,30015,vol_target,0.0,0,0,238.18525055017977,238.18525055017977,101.4364506993581,-0.058632586906968376,10
liquidity_drain,30015,liquidate,0.14459459459459467,1,1,216.0,180.0,100.62329109852901,-0.058632586906968376,0
liquidity_drain,30015,immune,0.14459459459459467,1,1,44.518499999999996,21.118499999999997,111.83231687162305,-0.064703404683355,2
liquidity_drain,30016,none,15.146917578735845,90,90,0.0,0.0,135.37280216286723,-0.14542622444434095,0
liquidity_drain,30016,proportional,0.1575237763563313,4,1,63.57794625000001,52.98162187500001,128.64196518503778,-0.12583822198376027,0
liquidity_drain,30016,vol_target,0.0,0,0,195.27322766579016,195.27322766579016,113.66709497880458,-0.029649947184905212,6
liquidity_drain,30016,liquidate,0.14459459459459467,1,1,216.0,180.0,115.5493588563012,-0.043729596166570794,0
liquidity_drain,30016,immune,0.14459459459459467,1,1,44.518499999999996,21.118499999999997,128.91474471661314,-0.14709445958011258,2
liquidity_drain,30017,none,15.146917578735845,90,90,0.0,0.0,102.21652641659257,-0.10117251946310091,0
liquidity_drain,30017,proportional,0.1575237763563313,4,1,63.57794625000001,52.98162187500001,101.61218389836549,-0.08160164168270223,0
liquidity_drain,30017,vol_target,0.0,0,0,237.57193984785664,237.57193984785664,99.57443252672219,-0.049200116957123785,9
liquidity_drain,30017,liquidate,0.14459459459459467,1,1,216.0,180.0,99.76505220418566,-0.049200116957123785,0
liquidity_drain,30017,immune,0.14459459459459467,1,1,68.525,59.025,103.1075834485454,-0.08674992876345233,3
liquidity_drain,30018,none,15.146917578735845,90,90,0.0,0.0,90.64253945280745,-0.20020945989314343,0
liquidity_drain,30018,proportional,0.1575237763563313,4,1,63.57794625000001,52.98162187500001,93.33239483128187,-0.15334684501244988,0
liquidity_drain,30018,vol_target,0.0,0,0,237.6702206096706,237.4799673794398,105.84137251535184,-0.03188112135607457,13
liquidity_drain,30018,liquidate,0.14459459459459467,1,1,216.0,180.0,94.11975320137441,-0.12754675855492303,0
liquidity_drain,30018,immune,0.14459459459459467,1,1,34.23,0.0,88.14162662678442,-0.2208192656470772,1
liquidity_drain,30019,none,15.146917578735845,90,90,0.0,0.0,105.53268604399764,-0.18702839318889486,0
liquidity_drain,30019,proportional,0.1575237763563313,4,1,63.57794625000001,52.98162187500001,107.69721640236014,-0.1418638544518902,0
liquidity_drain,30019,vol_target,0.0,0,0,239.84905874966134,239.83271586174166,109.36329614635476,-0.05832169342401938,12
liquidity_drain,30019,liquidate,0.14459459459459467,1,1,216.0,180.0,112.19651925378182,-0.05832169342401938,0
liquidity_drain,30019,immune,0.14459459459459467,1,1,44.518499999999996,21.118499999999997,108.62138311511377,-0.14091012738279995,2
liquidity_drain,30020,none,15.146917578735845,90,90,0.0,0.0,85.18732704825395,-0.33517055785967487,0
liquidity_drain,30020,proportional,0.1575237763563313,4,1,63.57794625000001,52.98162187500001,90.3661915810301,-0.2576794736588548,0
liquidity_drain,30020,vol_target,0.0,0,0,204.5236260010799,204.5236260010799,95.3450596468382,-0.12364314019365885,5
liquidity_drain,30020,liquidate,0.14459459459459467,1,1,216.0,180.0,102.4300431333341,-0.10883919730135094,0
liquidity_drain,30020,immune,0.14459459459459467,1,1,44.518499999999996,21.118499999999997,91.350353356632,-0.26702036321425193,2
liquidity_drain,30021,none,15.146917578735845,90,90,0.0,0.0,128.7304535243746,-0.07081412149578548,0
liquidity_drain,30021,proportional,0.1575237763563313,4,1,63.57794625000001,52.98162187500001,121.91059730686615,-0.07081412149578548,0
liquidity_drain,30021,vol_target,0.0,0,0,235.24644419055704,235.24644419055704,97.7736687310053,-0.06996266616666302,11
liquidity_drain,30021,liquidate,0.14459459459459467,1,1,216.0,180.0,104.93489226908554,-0.07081412149578548,0
liquidity_drain,30021,immune,0.14459459459459467,1,1,68.525,58.525,117.228111940633,-0.07081412149578548,3
liquidity_drain,30022,none,15.811799060030063,90,90,0.0,0.0,79.22915428691718,-0.33670325522620415,0
liquidity_drain,30022,proportional,0.1575237763563313,4,1,63.57794625000001,52.98162187500001,85.9487026880694,-0.25352673105785506,0
liquidity_drain,30022,vol_target,0.0,0,0,239.44278876084385,239.3443187968895,102.08654166514759,-0.049352564589609904,13
liquidity_drain,30022,liquidate,0.14459459459459467,1,1,216.0,180.0,100.05306540530933,-0.061778725132701884,0
liquidity_drain,30022,immune,0.14459459459459467,1,1,68.525,50.0,87.10106341064535,-0.2422997793074142,3
liquidity_drain,30023,none,20.809679261061827,90,90,0.0,0.0,65.10587639676163,-0.43014700318467625,0
liquidity_drain,30023,proportional,0.1575237763563313,4,1,63.57794625000001,52.98162187500001,76.26626872392495,-0.3324633014169338,0
liquidity_drain,30023,vol_target,0.0,0,0,228.37091013042829,228.37091013042829,103.06315807120775,-0.05564119994788863,9
liquidity_drain,30023,liquidate,0.14459459459459467,1,1,216.0,180.0,105.3616216838637,-0.07780005141197133,0
liquidity_drain,30023,immune,0.14459459459459467,1,1,68.525,58.525,76.64131931505248,-0.3307089392068049,3
liquidity_drain,30024,none,15.146917578735845,90,90,0.0,0.0,106.72316743236546,-0.2385091984853872,0
liquidity_drain,30024,proportional,0.1575237763563313,4,1,63.57794625000001,52.98162187500001,109.57728246128909,-0.18245516654650296,0
liquidity_drain,30024,vol_target,0.0,0,0,238.66939766703206,238.55276583930407,112.85098052101485,-0.03832771685389125,13
liquidity_drain,30024,liquidate,0.14459459459459467,1,1,216.0,180.0,118.20937257416718,-0.03832771685389125,0
liquidity_drain,30024,immune,0.14459459459459467,1,1,44.518499999999996,21.118499999999997,107.68243890823747,-0.20983765219339257,2
liquidity_drain,30025,none,15.146917578735845,90,90,0.0,0.0,127.26317946326559,-0.1468733764907043,0
liquidity_drain,30025,proportional,0.1575237763563313,4,1,63.57794625000001,52.98162187500001,118.90939096154581,-0.1356976467602271,0
liquidity_drain,30025,vol_target,0.0,0,0,238.81455047247567,238.71435596259343,103.34399881026444,-0.0407669056589085,13
liquidity_drain,30025,liquidate,0.14459459459459467,1,1,216.0,180.0,101.90101652380966,-0.08066896511953625,0
liquidity_drain,30025,immune,0.14459459459459467,1,1,68.525,49.5,122.94470067728024,-0.12653745128378258,3
liquidity_drain,30026,none,15.146917578735845,90,90,0.0,0.0,118.99894219567786,-0.18280770214649744,0
liquidity_drain,30026,proportional,0.1575237763563313,4,1,63.57794625000001,52.98162187500001,119.54930063691478,-0.1394104367297353,0
liquidity_drain,30026,vol_target,0.0,0,0,238.34309622123317,238.34309622123317,112.3130150060099,-0.036104028641761765,10
liquidity_drain,30026,liquidate,0.14459459459459467,1,1,216.0,180.0,116.11467190261192,-0.03845807573711002,0
liquidity_drain,30026,immune,0.14459459459459467,1,1,68.525,49.5,121.36523817804154,-0.1370347100957423,3
liquidity_drain,30027,none,15.146917578735845,90,90,0.0,0.0,112.91209307971033,-0.17142384564071644,0
liquidity_drain,30027,proportional,0.1575237763563313,4,1,63.57794625000001,52.98162187500001,108.92724933386977,-0.1440429708116625,0
liquidity_drain,30027,vol_target,0.0,0,0,235.01156477417464,235.01156477417464,96.01146969647286,-0.09088424282371232,10
liquidity_drain,30027,liquidate,0.14459459459459467,1,1,216.0,180.0,99.42056324881942,-0.08895491283365031,0
liquidity_drain,30027,immune,0.14459459459459467,1,1,68.525,58.525,110.24464858227167,-0.1271440432341806,3
liquidity_drain,30028,none,15.146917578735845,90,90,0.0,0.0,107.00451105384647,-0.11036687343692286,0
liquidity_drain,30028,proportional,0.1575237763563313,4,1,63.57794625000001,52.98162187500001,103.37863590517057,-0.10076392688631364,0
liquidity_drain,30028,vol_target,0.0,0,0,239.5454852123193,239.46309567742333,93.43662532919846,-0.07325785221516401,13
liquidity_drain,30028,liquidate,0.14459459459459467,1,1,216.0,180.0,94.43228097853864,-0.09273795635374882,0
liquidity_drain,30028,immune,0.14459459459459467,1,1,44.518499999999996,21.118499999999997,101.2791480553428,-0.11379168799023098,2
liquidity_drain,30029,none,15.146917578735845,90,90,0.0,0.0,114.00209307262136,-0.07589531298805974,0
liquidity_drain,30029,proportional,0.1575237763563313,4,1,63.57794625000001,52.98162187500001,111.46147459640602,-0.06494572977126889,0
liquidity_drain,30029,vol_target,0.0,0,0,190.31141131006467,190.31141131006467,101.50424284905702,-0.06494572977126889,6
liquidity_drain,30029,liquidate,0.14459459459459467,1,1,216.0,180.0,103.13354646848745,-0.06494572977126889,0
liquidity_drain,30029,immune,0.14459459459459467,1,1,68.525,58.525,114.70649709193003,-0.06494572977126889,3
liquidity_drain,30030,none,15.146917578735845,90,90,0.0,0.0,113.52782930869412,-0.24840603941954953,0
liquidity_drain,30030,proportional,0.1575237763563313,4,1,63.57794625000001,52.98162187500001,108.57451621055063,-0.23508324735114616,0
liquidity_drain,30030,vol_target,0.0,0,0,236.43040965137666,236.43040965137666,109.47008621122822,-0.065190434965398,9
liquidity_drain,30030,liquidate,0.14459459459459467,1,1,216.0,180.0,97.29355292354634,-0.1883736753845584,0
liquidity_drain,30030,immune,0.14459459459459467,1,1,44.518499999999996,21.118499999999997,114.09639833706524,-0.24066033086524175,2
liquidity_drain,30031,none,15.146917578735845,90,90,0.0,0.0,91.41652254302366,-0.2326759210365581,0
liquidity_drain,30031,proportional,0.1575237763563313,4,1,63.57794625000001,52.98162187500001,96.51873944561179,-0.1755962934522184,0
liquidity_drain,30031,vol_target,0.0,0,0,227.66468761039485,227.66468761039485,104.64756203717343,-0.05510282130528954,9
liquidity_drain,30031,liquidate,0.14459459459459467,1,1,216.0,180.0,106.19049125202007,-0.060260629607631455,0
liquidity_drain,30031,immune,0.14459459459459467,1,1,68.525,49.5,93.22944169869469,-0.19423964026421459,3
liquidity_drain,30032,none,15.146917578735845,90,90,0.0,0.0,110.75527829250802,-0.15804737443002448,0
liquidity_drain,30032,proportional,0.1575237763563313,4,1,63.57794625000001,52.98162187500001,111.56687067352179,-0.11851161659566622,0
liquidity_drain,30032,vol_target,0.0,0,0,239.9267847215015,239.85181432740328,111.14564811126843,-0.048236865488147984,17
liquidity_drain,30032,liquidate,0.14459459459459467,1,1,216.0,180.0,110.8625880916403,-0.06395937903164473,0
liquidity_drain,30032,immune,0.14459459459459467,1,1,68.525,58.525,113.96245753604292,-0.11679671730470531,3
liquidity_drain,30033,none,15.146917578735845,90,90,0.0,0.0,126.98676479874588,-0.15582539539237594,0
liquidity_drain,30033,proportional,0.1575237763563313,4,1,63.57794625000001,52.98162187500001,124.26275401990311,-0.12119901971306568,0
liquidity_drain,30033,vol_target,0.0,0,0,239.99903344095443,239.99649607884655,108.5286444685772,-0.0827437992620994,16
liquidity_drain,30033,liquidate,0.14459459459459467,1,1,216.0,180.0,119.9933435528473,-0.0827437992620994,0
liquidity_drain,30033,immune,0.14459459459459467,1,1,68.525,49.5,128.29464452889178,-0.10358769867020756,3
liquidity_drain,30034,none,15.146917578735845,90,90,0.0,0.0,112.21910811164067,-0.13838640122611567,0
liquidity_drain,30034,proportional,0.1575237763563313,4,1,63.57794625000001,52.98162187500001,108.0582317562095,-0.1318571498907669,0
liquidity_drain,30034,vol_target,0.0,0,0,236.49720508012666,235.58861884863393,89.97291006322048,-0.1318571498907669,14
liquidity_drain,30034,liquidate,0.14459459459459467,1,1,216.0,180.0,93.80549156067278,-0.1318571498907669,0
liquidity_drain,30034,immune,0.14459459459459467,1,1,44.518499999999996,10.829999999999998,110.7428415925269,-0.1318571498907669,2
liquidity_drain,30035,none,15.146917578735845,90,90,0.0,0.0,85.84839691872499,-0.21465574270460597,0
liquidity_drain,30035,proportional,0.1575237763563313,4,1,63.57794625000001,52.98162187500001,88.42569739718243,-0.16248500713408665,0
liquidity_drain,30035,vol_target,0.0,0,0,237.60237337452827,237.60237337452827,93.63808397745619,-0.07714724808875228,10
liquidity_drain,30035,liquidate,0.14459459459459467,1,1,216.0,180.0,91.61183606954494,-0.09567119924997403,0
liquidity_drain,30035,immune,0.14459459459459467,1,1,44.518499999999996,21.118499999999997,85.00507179150468,-0.20651619999243376,2
liquidity_drain,30036,none,15.146917578735845,90,90,0.0,0.0,121.91681828746657,-0.1311983539436713,0
liquidity_drain,30036,proportional,0.1575237763563313,4,1,63.57794625000001,52.98162187500001,116.73241103250444,-0.12173631608458513,0
liquidity_drain,30036,vol_target,0.0,0,0,203.29108404477162,203.29108404477162,108.77329144390693,-0.06173674378159055,7
liquidity_drain,30036,liquidate,0.14459459459459467,1,1,216.0,180.0,104.0919558127895,-0.0918847816931494,0
liquidity_drain,30036,immune,0.14459459459459467,1,1,44.518499999999996,21.118499999999997,118.79677111057255,-0.11758783870819467,2
liquidity_drain,30037,none,15.146917578735845,90,90,0.0,0.0,87.73116028515369,-0.19470739008068016,0
liquidity_drain,30037,proportional,0.1575237763563313,4,1,63.57794625000001,52.98162187500001,89.20789501114602,-0.17683862425591235,0
liquidity_drain,30037,vol_target,0.0,0,0,229.30128011424802,229.30128011424802,94.72220195486618,-0.10154894178786489,8
liquidity_drain,30037,liquidate,0.14459459459459467,1,1,216.0,180.0,95.28943727360287,-0.09907795837122768,0
liquidity_drain,30037,immune,0.14459459459459467,1,1,68.525,59.5,87.65636805108794,-0.1902332994169007,3
liquidity_drain,30038,none,15.779373046734817,90,90,0.0,0.0,77.61162955557873,-0.3016182465529391,0
liquidity_drain,30038,proportional,0.1575237763563313,4,1,63.57794625000001,52.98162187500001,82.92324995855351,-0.24969933631251862,0
liquidity_drain,30038,vol_target,0.0,0,0,232.08790309737452,232.08790309737452,103.75626573597644,-0.05023167624638636,5
liquidity_drain,30038,liquidate,0.14459459459459467,1,1,216.0,180.0,94.62183072936227,-0.13471177889733787,0
liquidity_drain,30038,immune,0.14459459459459467,1,1,44.518499999999996,10.829999999999998,84.47161970619422,-0.2433783828981051,2
liquidity_drain,30039,none,15.146917578735845,90,90,0.0,0.0,81.70845749865444,-0.19460777007631302,0
liquidity_drain,30039,proportional,0.1575237763563313,4,1,63.57794625000001,52.98162187500001,84.72615627178678,-0.16486261004595681,0
liquidity_drain,30039,vol_target,0.0,0,0,239.79903203275674,239.75156134735786,90.93176535143805,-0.13836119651501477,14
liquidity_drain,30039,liquidate,0.14459459459459467,1,1,216.0,180.0,88.74405573254953,-0.13836119651501477,0
liquidity_drain,30039,immune,0.14459459459459467,1,1,44.518499999999996,21.118499999999997,85.7713572978749,-0.15456016632238634,2
liquidity_drain,30040,none,15.146917578735845,90,90,0.0,0.0,113.716083640423,-0.15166132500328267,0
liquidity_drain,30040,proportional,0.1575237763563313,4,1,63.57794625000001,52.98162187500001,115.54565889722362,-0.1158781465086337,0
liquidity_drain,30040,vol_target,0.0,0,0,205.80589691598192,205.80589691598192,107.01344107737374,-0.03782051199712577,6
liquidity_drain,30040,liquidate,0.14459459459459467,1,1,216.0,180.0,116.81796716688015,-0.03782051199712577,0
liquidity_drain,30040,immune,0.14459459459459467,1,1,44.518499999999996,21.118499999999997,114.17797603273786,-0.14421458384815644,2
liquidity_drain,30041,none,15.146917578735845,90,90,0.0,0.0,117.50691259130669,-0.07851943028483754,0
liquidity_drain,30041,proportional,0.1575237763563313,4,1,63.57794625000001,52.98162187500001,114.82430843857132,-0.06715246961076138,0
liquidity_drain,30041,vol_target,0.0,0,0,239.86565192020615,239.79353371475682,107.75212679948214,-0.04074659515063073,15
liquidity_drain,30041,liquidate,0.14459459459459467,1,1,216.0,180.0,109.90370516396118,-0.04074659515063073,0
liquidity_drain,30041,immune,0.14459459459459467,1,1,59.5,40.0,113.4481068006355,-0.06836179815631738,2
liquidity_drain,30042,none,15.191736700815547,90,90,0.0,0.0,88.20037331861873,-0.2623759168668204,0
liquidity_drain,30042,proportional,0.1575237763563313,4,1,63.57794625000001,52.98162187500001,88.26701238819356,-0.2433380780132518,0
liquidity_drain,30042,vol_target,0.0,0,0,231.1381296715217,231.1381296715217,102.16327734572093,-0.0482616393358829,11
liquidity_drain,30042,liquidate,0.14459459459459467,1,1,216.0,180.0,90.57833424472389,-0.1683510810222023,0
liquidity_drain,30042,immune,0.14459459459459467,1,1,44.518499999999996,10.829999999999998,89.22748123298477,-0.2465430415296631,2
liquidity_drain,30043,none,15.146917578735845,90,90,0.0,0.0,98.0914168735062,-0.11295800077621898,0
liquidity_drain,30043,proportional,0.1575237763563313,4,1,63.57794625000001,52.98162187500001,98.24843676370783,-0.11295800077621898,0
liquidity_drain,30043,vol_target,0.0,0,0,186.75010907212763,186.75010907212763,91.90036391805081,-0.11295800077621898,6
liquidity_drain,30043,liquidate,0.14459459459459467,1,1,216.0,180.0,97.68753849843189,-0.11295800077621898,0
liquidity_drain,30043,immune,0.14459459459459467,1,1,59.5,40.0,95.77616251553447,-0.11295800077621898,2
liquidity_drain,30044,none,15.146917578735845,90,90,0.0,0.0,85.31722608259122,-0.2324629269526517,0
liquidity_drain,30044,proportional,0.1575237763563313,4,1,63.57794625000001,52.98162187500001,86.61481756178868,-0.2324629269526517,0
liquidity_drain,30044,vol_target,0.0,0,0,239.99998947880792,239.9982283086916,81.43903523944516,-0.23798594537701367,19
liquidity_drain,30044,liquidate,0.14459459459459467,1,1,216.0,180.0,85.60558137870369,-0.2324629269526517,0
liquidity_drain,30044,immune,0.07186459489456154,1,1,63.57794625,53.80387125,83.7508978398069,-0.23342733777026026,3
liquidity_drain,30045,none,44.77175120870633,90,90,0.0,0.0,62.736421365481775,-0.4349357252875531,0
liquidity_drain,30045,proportional,0.1575237763563313,4,1,63.57794625000001,52.98162187500001,71.92131410088945,-0.32822472305296646,0
liquidity_drain,30045,vol_target,0.0,0,0,238.48449476706423,238.03144532342975,96.86259630783569,-0.05992866151219345,15
liquidity_drain,30045,liquidate,0.14459459459459467,1,1,216.0,180.0,95.45987330073902,-0.05992866151219345,0
liquidity_drain,30045,immune,0.14459459459459467,1,1,77.09875000000001,57.598749999999995,63.27771813170692,-0.414847132782025,4
liquidity_drain,30046,none,15.146917578735845,90,90,0.0,0.0,97.61584268714067,-0.14404250067571778,0
liquidity_drain,30046,proportional,0.1575237763563313,4,1,63.57794625000001,52.98162187500001,95.98578158069267,-0.12850091127856766,0
liquidity_drain,30046,vol_target,0.0,0,0,236.99992115775302,236.99992115775302,93.34393616068533,-0.08794677731739853,9
liquidity_drain,30046,liquidate,0.14459459459459467,1,1,216.0,180.0,93.33072188339074,-0.10957235401672294,0
liquidity_drain,30046,immune,0.14459459459459467,1,1,68.525,58.525,98.17660081183628,-0.12253818048154519,3
liquidity_drain,30047,none,15.701361113051501,90,90,0.0,0.0,83.44371396434389,-0.30126318345387937,0
liquidity_drain,30047,proportional,0.1575237763563313,4,1,63.57794625000001,52.98162187500001,89.38906403047005,-0.22837517526653706,0
liquidity_drain,30047,vol_target,0.0,0,0,239.9932534990773,239.96773131490718,101.49081665040994,-0.08088357669383228,19
liquidity_drain,30047,liquidate,0.14459459459459467,1,1,216.0,180.0,105.50980493661962,-0.09586647931522974,0
liquidity_drain,30047,immune,0.14459459459459467,1,1,68.525,59.025,90.50298122471945,-0.1919062903125669,3
liquidity_drain,30048,none,15.146917578735845,90,90,0.0,0.0,90.53748373304798,-0.2251951786663352,0
liquidity_drain,30048,proportional,0.1575237763563313,4,1,63.57794625000001,52.98162187500001,96.07212210550006,-0.17185190429777586,0
liquidity_drain,30048,vol_target,0.0,0,0,239.9902765300393,239.96666123198446,109.12538747089195,-0.0548375086821552,16
liquidity_drain,30048,liquidate,0.14459459459459467,1,1,216.0,180.0,108.91939996946876,-0.0553918891342946,0
liquidity_drain,30048,immune,0.14459459459459467,1,1,44.518499999999996,21.118499999999997,92.55243815265423,-0.20627461965703942,2
liquidity_drain,30049,none,15.146917578735845,90,90,0.0,0.0,98.73331593546142,-0.18141181945531615,0
liquidity_drain,30049,proportional,0.1575237763563313,4,1,63.57794625000001,52.98162187500001,97.12546636873711,-0.18141181945531615,0
liquidity_drain,30049,vol_target,0.0,0,0,239.99999123843014,239.99898080240743,82.43889742378275,-0.17577735517899284,20
liquidity_drain,30049,liquidate,0.14459459459459467,1,1,216.0,180.0,96.27610160499718,-0.18141181945531615,0
liquidity_drain,30049,immune,0.07186459489456165,1,1,63.57794625,42.892574999999994,99.14042405020562,-0.18189181945531618,5
liquidity_drain,30050,none,15.146917578735845,90,90,0.0,0.0,91.11851603888633,-0.21858836376998192,0
liquidity_drain,30050,proportional,0.1575237763563313,4,1,63.57794625000001,52.98162187500001,96.19631555802927,-0.16412594870989217,0
liquidity_drain,30050,vol_target,0.0,0,0,232.6307962074106,232.0667624571448,100.23851859201561,-0.08418220486791594,11
liquidity_drain,30050,liquidate,0.14459459459459467,1,1,216.0,180.0,107.91212284333267,-0.08418220486791594,0
liquidity_drain,30050,immune,0.14459459459459467,1,1,44.518499999999996,21.118499999999997,96.1662683840295,-0.1621731625216123,2
liquidity_drain,30051,none,17.109656317623095,90,90,0.0,0.0,81.40544780984621,-0.24092980809915543,0
liquidity_drain,30051,proportional,0.1575237763563313,4,1,63.57794625000001,52.98162187500001,84.20536869591407,-0.1983648159365322,0
liquidity_drain,30051,vol_target,0.0,0,0,235.9960632717563,235.9960632717563,92.27125920160434,-0.07953802118904363,11
liquidity_drain,30051,liquidate,0.14459459459459467,1,1,216.0,180.0,90.83943384651874,-0.09710409015457444,0
liquidity_drain,30051,immune,0.14459459459459467,1,1,68.525,59.5,83.80741625137732,-0.21506091471161226,3
liquidity_drain,30052,none,15.146917578735845,90,90,0.0,0.0,91.63863714345555,-0.18897299694418723,0
liquidity_drain,30052,proportional,0.1575237763563313,4,1,63.57794625000001,52.98162187500001,93.65361073433685,-0.15506604528681422,0
liquidity_drain,30052,vol_target,0.0,0,0,238.5016609473143,238.5016609473143,98.36034063182835,-0.08188604431508806,10
liquidity_drain,30052,liquidate,0.14459459459459467,1,1,216.0,180.0,95.88522243135763,-0.1087300280302117,0
liquidity_drain,30052,immune,0.14459459459459467,1,1,59.5,40.0,90.30451947655845,-0.1876935217787431,2
liquidity_drain,30053,none,19.920489478598117,90,90,0.0,0.0,86.95789677022812,-0.3698815131675254,0
liquidity_drain,30053,proportional,0.1575237763563313,4,1,63.57794625000001,52.98162187500001,91.06430443633961,-0.29416363582828653,0
liquidity_drain,30053,vol_target,0.0,0,0,239.95550465795884,239.95269845314346,109.18979417458992,-0.05499878295751581,12
liquidity_drain,30053,liquidate,0.14459459459459467,1,1,216.0,180.0,105.94224773060341,-0.061576611333929665,0
liquidity_drain,30053,immune,0.14459459459459467,1,1,59.5,40.0,90.91576486879497,-0.30476892615296924,2
liquidity_drain,30054,none,15.146917578735845,90,90,0.0,0.0,99.88534171508755,-0.14382378174791466,0
liquidity_drain,30054,proportional,0.1575237763563313,4,1,63.57794625000001,52.98162187500001,98.66256249785005,-0.12431984278625341,0
liquidity_drain,30054,vol_target,0.0,0,0,239.78438583100908,239.70912209817664,96.53324753166252,-0.09378994180879874,14
liquidity_drain,30054,liquidate,0.14459459459459467,1,1,216.0,180.0,97.85149752169184,-0.09378994180879874,0
liquidity_drain,30054,immune,0.14459459459459467,1,1,44.518499999999996,21.118499999999997,99.36392990637847,-0.14396018639161579,2
liquidity_drain,30055,none,15.146917578735845,90,90,0.0,0.0,103.10392547838006,-0.18486933424813257,0
liquidity_drain,30055,proportional,0.1575237763563313,4,1,63.57794625000001,52.98162187500001,104.44667830695217,-0.1468408640251455,0
liquidity_drain,30055,vol_target,0.0,0,0,239.7897599540306,239.7684147387504,100.63308467946536,-0.06998533685603825,12
liquidity_drain,30055,liquidate,0.14459459459459467,1,1,216.0,180.0,110.741736870633,-0.06998533685603825,0
liquidity_drain,30055,immune,0.14459459459459467,1,1,68.525,59.025,105.5762320471862,-0.1470732052253504,3
liquidity_drain,30056,none,15.146917578735845,90,90,0.0,0.0,93.91992511330777,-0.19188212022900608,0
liquidity_drain,30056,proportional,0.1575237763563313,4,1,63.57794625000001,52.98162187500001,98.10290405726668,-0.15269019327756805,0
liquidity_drain,30056,vol_target,0.0,0,0,239.01495030391504,238.7963327760726,103.30558584716539,-0.08164512789698619,14
liquidity_drain,30056,liquidate,0.14459459459459467,1,1,216.0,180.0,111.2206041684076,-0.08164512789698619,0
liquidity_drain,30056,immune,0.14459459459459467,1,1,44.518499999999996,21.118499999999997,94.94516448413368,-0.18217602622349716,2
liquidity_drain,30057,none,15.146917578735845,90,90,0.0,0.0,106.63275058237049,-0.27518137630131834,0
liquidity_drain,30057,proportional,0.1575237763563313,4,1,63.57794625000001,52.98162187500001,107.40091509617922,-0.2109976111528914,0
liquidity_drain,30057,vol_target,0.0,0,0,207.7448509085581,207.7448509085581,96.85240967551637,-0.08527591353942832,5
liquidity_drain,30057,liquidate,0.14459459459459467,1,1,216.0,180.0,102.10533645536418,-0.08527591353942832,0
liquidity_drain,30057,immune,0.14459459459459467,1,1,59.5,40.0,103.6478858922311,-0.23502941929732635,2
liquidity_drain,30058,none,22.206735999641367,90,90,0.0,0.0,72.41330361559642,-0.36732217828847025,0
liquidity_drain,30058,proportional,0.1575237763563313,4,1,63.57794625000001,52.98162187500001,77.77827757717526,-0.30654579228755197,0
liquidity_drain,30058,vol_target,0.0,0,0,239.99623259891243,239.98747739335502,104.3978591698302,-0.0477024851106842,16
liquidity_drain,30058,liquidate,0.14459459459459467,1,1,216.0,180.0,93.61605965360907,-0.13315550544086974,0
liquidity_drain,30058,immune,0.14459459459459467,1,1,54.292575,20.604074999999998,69.14149926318655,-0.3738913480420133,3
liquidity_drain,30059,none,42.702684710313406,90,90,0.0,0.0,62.350232786551054,-0.4331182043734545,0
liquidity_drain,30059,proportional,0.1575237763563313,4,1,63.57794625000001,52.98162187500001,70.8106095636065,-0.3367054497549127,0
liquidity_drain,30059,vol_target,0.0,0,0,238.70869457863344,238.5153869905992,93.77619170317261,-0.120110194184044,14
liquidity_drain,30059,liquidate,0.14459459459459467,1,1,216.0,180.0,91.72138060638385,-0.120110194184044,0
liquidity_drain,30059,immune,0.14459459459459467,1,1,54.292575,30.892574999999997,68.93306248019353,-0.3665003423642451,3
liquidity_drain,30060,none,15.340242214011711,90,90,0.0,0.0,93.78223123064458,-0.22342210091003134,0
liquidity_drain,30060,proportional,0.1575237763563313,4,1,63.57794625000001,52.98162187500001,91.16082381327611,-0.20858466486589877,0
liquidity_drain,30060,vol_target,0.0,0,0,239.5843330427875,239.5843330427875,92.70457199390528,-0.11391329485215218,8
liquidity_drain,30060,liquidate,0.14459459459459467,1,1,216.0,180.0,87.01736647598037,-0.1459507765618444,0
liquidity_drain,30060,immune,0.14459459459459467,1,1,44.518499999999996,21.118499999999997,92.28894996256199,-0.212578018059143,2
liquidity_drain,30061,none,15.146917578735845,90,90,0.0,0.0,114.34816522020321,-0.15884494063435506,0
liquidity_drain,30061,proportional,0.1575237763563313,4,1,63.57794625000001,52.98162187500001,108.96473403352094,-0.1471367428772138,0
liquidity_drain,30061,vol_target,0.0,0,0,239.998164670918,239.97508074881642,90.67690772554872,-0.14343503342250674,19
liquidity_drain,30061,liquidate,0.14459459459459467,1,1,216.0,180.0,98.08878028234375,-0.13835411638196038,0
liquidity_drain,30061,immune,0.14459459459459467,1,1,68.525,59.025,109.94544769278569,-0.13835411638196038,3
liquidity_drain,30062,none,15.663920879655285,90,90,0.0,0.0,103.86731821570059,-0.23112665094323015,0
liquidity_drain,30062,proportional,0.1575237763563313,4,1,63.57794625000001,52.98162187500001,98.57633146875314,-0.21540959422577488,0
liquidity_drain,30062,vol_target,0.0,0,0,239.96856678912346,239.88792761963478,91.4917065680033,-0.0920286336855124,19
liquidity_drain,30062,liquidate,0.14459459459459467,1,1,216.0,180.0,88.61190013344195,-0.15749236380778042,0
liquidity_drain,30062,immune,0.14459459459459467,1,1,44.518499999999996,21.118499999999997,98.4969092071339,-0.22889588904780167,2
liquidity_drain,30063,none,15.146917578735845,90,90,0.0,0.0,102.33574296163532,-0.16189844627066863,0
liquidity_drain,30063,proportional,0.1575237763563313,4,1,63.57794625000001,52.98162187500001,100.58738548876192,-0.1558652733234367,0
liquidity_drain,30063,vol_target,0.0,0,0,239.930583154891,239.930583154891,100.06179652287521,-0.07960307173485637,11
liquidity_drain,30063,liquidate,0.14459459459459467,1,1,216.0,180.0,95.89179252291079,-0.1274874388167372,0
liquidity_drain,30063,immune,0.14459459459459467,1,1,34.23,0.0,101.92179878432356,-0.16394337413030002,1
liquidity_drain,30064,none,15.146917578735845,90,90,0.0,0.0,122.73795828420896,-0.08914158662192562,0
liquidity_drain,30064,proportional,0.1575237763563313,4,1,63.57794625000001,52.98162187500001,118.7631309372607,-0.0765471489265962,0
liquidity_drain,30064,vol_target,0.0,0,0,225.8225487518714,225.8225487518714,105.21182405453752,-0.025551639580177476,10
liquidity_drain,30064,liquidate,0.14459459459459467,1,1,216.0,180.0,110.99150919586069,-0.030717081568862548,0
liquidity_drain,30064,immune,0.14459459459459467,1,1,44.518499999999996,21.118499999999997,118.53292949891836,-0.09090445482466436,2
liquidity_drain,30065,none,15.146917578735845,90,90,0.0,0.0,110.94815990379931,-0.2725869365756334,0
liquidity_drain,30065,proportional,0.1575237763563313,4,1,63.57794625000001,52.98162187500001,108.71405471554681,-0.22416580809122477,0
liquidity_drain,30065,vol_target,0.0,0,0,239.42289898028994,239.2346149527636,109.51540849278321,-0.0395168902098707,15
liquidity_drain,30065,liquidate,0.14459459459459467,1,1,216.0,180.0,106.9893666672943,-0.07662965418234913,0
liquidity_drain,30065,immune,0.14459459459459467,1,1,44.518499999999996,21.118499999999997,107.63840159294817,-0.24506274136251804,2
liquidity_drain,30066,none,15.146917578735845,90,90,0.0,0.0,142.94914521334846,-0.07790971135979319,0
liquidity_drain,30066,proportional,0.1575237763563313,4,1,63.57794625000001,52.98162187500001,135.3235188822674,-0.07627962070446836,0
liquidity_drain,30066,vol_target,0.0,0,0,239.49672250166958,239.49672250166958,113.9700799804557,-0.04439718704836715,11
liquidity_drain,30066,liquidate,0.14459459459459467,1,1,216.0,180.0,114.4307113451972,-0.06762342501593721,0
liquidity_drain,30066,immune,0.14459459459459467,1,1,59.5,40.0,134.01170999481894,-0.06606082795302748,2
liquidity_drain,30067,none,15.146917578735845,90,90,0.0,0.0,109.82830802988731,-0.16383950368348965,0
liquidity_drain,30067,proportional,0.1575237763563313,4,1,63.57794625000001,52.98162187500001,105.42860062442827,-0.15051082657871118,0
liquidity_drain,30067,vol_target,0.0,0,0,187.9448318898475,187.9448318898475,103.82812438570231,-0.05514151751224772,4
liquidity_drain,30067,liquidate,0.14459459459459467,1,1,216.0,180.0,97.2971687130812,-0.09269291139087754,0
liquidity_drain,30067,immune,0.14459459459459467,1,1,44.518499999999996,21.118499999999997,106.51692630204529,-0.14909928134903117,2
liquidity_drain,30068,none,15.146917578735845,90,90,0.0,0.0,97.32056960521392,-0.22765463030234356,0
liquidity_drain,30068,proportional,0.1575237763563313,4,1,63.57794625000001,52.98162187500001,101.96427301740962,-0.17204604438738058,0
liquidity_drain,30068,vol_target,0.0,0,0,239.26604498124155,239.26604498124155,107.71359097817611,-0.07078373404820759,11
liquidity_drain,30068,liquidate,0.14459459459459467,1,1,216.0,180.0,108.34609484896312,-0.07078373404820759,0
liquidity_drain,30068,immune,0.14459459459459467,1,1,68.525,58.525,101.66887475223163,-0.17454599428385353,3
liquidity_drain,30069,none,15.146917578735845,90,90,0.0,0.0,82.1772089301653,-0.30981374170151577,0
liquidity_drain,30069,proportional,0.1575237763563313,4,1,63.57794625000001,52.98162187500001,86.8556831554242,-0.23687573581041588,0
liquidity_drain,30069,vol_target,0.0,0,0,178.2022752342111,178.2022752342111,87.23216512395399,-0.1459710401399429,5
liquidity_drain,30069,liquidate,0.14459459459459467,1,1,216.0,180.0,94.00835743552678,-0.1289755429584326,0
liquidity_drain,30069,immune,0.14459459459459467,1,1,77.09875000000001,68.525,88.60919676185046,-0.2281674134603202,4
liquidity_drain,30070,none,15.146917578735845,90,90,0.0,0.0,136.56178568287348,-0.05912785172204715,0
liquidity_drain,30070,proportional,0.1575237763563313,4,1,63.57794625000001,52.98162187500001,129.0966264223298,-0.05827654855678188,0
liquidity_drain,30070,vol_target,0.0,0,0,228.60734411743454,228.60734411743454,98.51925502831985,-0.05396922523995917,6
liquidity_drain,30070,liquidate,0.14459459459459467,1,1,216.0,180.0,102.50428214685644,-0.05827654855678188,0
liquidity_drain,30070,immune,0.14459459459459467,1,1,59.5,40.0,123.98454900088781,-0.06879900497163238,2
liquidity_drain,30071,none,15.146917578735845,90,90,0.0,0.0,93.6485952980095,-0.12642840339370853,0
liquidity_drain,30071,proportional,0.1575237763563313,4,1,63.57794625000001,52.98162187500001,93.74319053401247,-0.12090650699086913,0
liquidity_drain,30071,vol_target,0.0,0,0,239.87612986150913,239.86413512092622,98.02384813303973,-0.09301186181711496,12
liquidity_drain,30071,liquidate,0.14459459459459467,1,1,216.0,180.0,93.90267183055596,-0.09301186181711496,0
liquidity_drain,30071,immune,0.14459459459459467,1,1,44.518499999999996,21.118499999999997,92.98880476644506,-0.12252852226567867,2
liquidity_drain,30072,none,15.146917578735845,90,90,0.0,0.0,116.6366503242972,-0.10077846297994308,0
liquidity_drain,30072,proportional,0.1575237763563313,4,1,63.57794625000001,52.98162187500001,111.88092801925825,-0.07906029982010143,0
liquidity_drain,30072,vol_target,0.0,0,0,239.40037954469065,239.21061690987545,95.54745824650203,-0.07906029982010143,15
liquidity_drain,30072,liquidate,0.14459459459459467,1,1,216.0,180.0,95.27813367814036,-0.07906029982010143,0
liquidity_drain,30072,immune,0.14459459459459467,1,1,44.518499999999996,21.118499999999997,113.01131339015336,-0.09125784004173532,2
liquidity_drain,30073,none,15.146917578735845,90,90,0.0,0.0,128.7473039650022,-0.11565971804279562,0
liquidity_drain,30073,proportional,0.1575237763563313,4,1,63.57794625000001,52.98162187500001,129.17270983917447,-0.08679297309251655,0
liquidity_drain,30073,vol_target,0.0,0,0,239.9994664560342,239.99588707512555,115.94935168347604,-0.048221469866972844,17
liquidity_drain,30073,liquidate,0.14459459459459467,1,1,216.0,180.0,128.27347732244752,-0.048221469866972844,0
liquidity_drain,30073,immune,0.14459459459459467,1,1,44.518499999999996,21.118499999999997,129.3862096006649,-0.08990517013422983,2
liquidity_drain,30074,none,15.146917578735845,90,90,0.0,0.0,107.06030062734663,-0.11412561061159443,0
liquidity_drain,30074,proportional,0.1575237763563313,4,1,63.57794625000001,52.98162187500001,105.34844489103234,-0.09066877147835128,0
liquidity_drain,30074,vol_target,0.0,0,0,237.9734072427615,237.7783350132177,97.26279873457548,-0.07523488585142823,13
liquidity_drain,30074,liquidate,0.14459459459459467,1,1,216.0,180.0,98.13187320581429,-0.07523488585142823,0
liquidity_drain,30074,immune,0.14459459459459467,1,1,44.518499999999996,21.118499999999997,106.85811830458353,-0.09199043324524547,2
liquidity_drain,30075,none,15.146917578735845,90,90,0.0,0.0,106.53570566589768,-0.235690769611131,0
liquidity_drain,30075,proportional,0.1575237763563313,4,1,63.57794625000001,52.98162187500001,103.96362975835842,-0.22025372798438614,0
liquidity_drain,30075,vol_target,0.0,0,0,239.85324756228806,239.85324756228806,100.34382325797434,-0.09777052245057716,9
liquidity_drain,30075,liquidate,0.14459459459459467,1,1,216.0,180.0,97.89144884174804,-0.1382791134213308,0
liquidity_drain,30075,immune,0.14459459459459467,1,1,59.5,40.0,104.23830295231588,-0.23419304896410864,2
liquidity_drain,30076,none,21.4262216846586,90,90,0.0,0.0,84.63656781468264,-0.3413817221325537,0
liquidity_drain,30076,proportional,0.1575237763563313,4,1,63.57794625000001,52.98162187500001,87.27187509944447,-0.26994606278425326,0
liquidity_drain,30076,vol_target,0.0,0,0,239.4432472180307,239.29627135159961,92.40515026985403,-0.08014326479543987,14
liquidity_drain,30076,liquidate,0.14459459459459467,1,1,216.0,180.0,97.48791313935952,-0.07953863329293154,0
liquidity_drain,30076,immune,0.14459459459459467,1,1,68.525,59.025,94.90467778538971,-0.20001130223389818,3
liquidity_drain,30077,none,15.146917578735845,90,90,0.0,0.0,121.34296604454319,-0.10007901576637701,0
liquidity_drain,30077,proportional,0.1575237763563313,4,1,63.57794625000001,52.98162187500001,116.94211213655747,-0.09645622193707637,0
liquidity_drain,30077,vol_target,0.0,0,0,239.91004045167836,239.91004045167836,102.1208263369954,-0.10062663915227155,9
liquidity_drain,30077,liquidate,0.14459459459459467,1,1,216.0,180.0,106.53735029204451,-0.09556562342445662,0
liquidity_drain,30077,immune,0.14459459459459467,1,1,44.518499999999996,21.118499999999997,118.98498314355191,-0.09670999213217546,2
liquidity_drain,30078,none,20.188756552230675,90,90,0.0,0.0,68.61645066588198,-0.3905168320025776,0
liquidity_drain,30078,proportional,0.1575237763563313,4,1,63.57794625000001,52.98162187500001,78.70687791537057,-0.29778653242194686,0
liquidity_drain,30078,vol_target,0.0,0,0,239.02729102645185,238.92440332434236,106.0893230065593,-0.04001174638189808,13
liquidity_drain,30078,liquidate,0.14459459459459467,1,1,216.0,180.0,105.26435469532588,-0.05419314424925359,0
liquidity_drain,30078,immune,0.14459459459459467,1,1,68.525,58.525,79.79519871717255,-0.29196200167178143,3
liquidity_drain,30079,none,15.146917578735845,90,90,0.0,0.0,88.21803720938992,-0.2020493689573556,0
liquidity_drain,30079,proportional,0.1575237763563313,4,1,63.57794625000001,52.98162187500001,90.52400338953464,-0.1738617755619657,0
liquidity_drain,30079,vol_target,0.0,0,0,239.4459765397311,239.40720542219958,92.18935579645071,-0.1408420413451249,12
liquidity_drain,30079,liquidate,0.14459459459459467,1,1,216.0,180.0,95.52126774056208,-0.15468565318934635,0
liquidity_drain,30079,immune,0.14459459459459467,1,1,44.518499999999996,21.118499999999997,86.69177494399611,-0.20695407684149014,2
liquidity_drain,30080,none,15.229831320867376,90,90,0.0,0.0,91.41798446828602,-0.22805886595190716,0
liquidity_drain,30080,proportional,0.1575237763563313,4,1,63.57794625000001,52.98162187500001,91.8710648891083,-0.19144091670625962,0
liquidity_drain,30080,vol_target,0.0,0,0,238.79111795552984,238.72630421641227,98.84567023020847,-0.05445413410223987,12
liquidity_drain,30080,liquidate,0.14459459459459467,1,1,216.0,180.0,99.05218101609618,-0.05445413410223987,0
liquidity_drain,30080,immune,0.14459459459459467,1,1,44.518499999999996,21.118499999999997,90.37083952812915,-0.20910834062047534,2
liquidity_drain,30081,none,15.146917578735845,90,90,0.0,0.0,90.44610259426402,-0.19228781803518857,0
liquidity_drain,30081,proportional,0.1575237763563313,4,1,63.57794625000001,52.98162187500001,90.82588980693805,-0.1764342238319958,0
liquidity_drain,30081,vol_target,0.0,0,0,239.9039049045606,239.8466924232147,95.91733628400843,-0.11474091175203105,15
liquidity_drain,30081,liquidate,0.14459459459459467,1,1,216.0,180.0,93.12054705742395,-0.12320243670517783,0
liquidity_drain,30081,immune,0.14459459459459467,1,1,59.5,40.0,89.91778836307716,-0.2047651305097563,2
liquidity_drain,30082,none,15.146917578735845,90,90,0.0,0.0,101.13172810128394,-0.16053851390941876,0
liquidity_drain,30082,proportional,0.1575237763563313,4,1,63.57794625000001,52.98162187500001,99.14077197542369,-0.16053851390941876,0
liquidity_drain,30082,vol_target,0.0,0,0,237.33761144890346,237.1968315182774,86.45433383263578,-0.16053851390941876,12
liquidity_drain,30082,liquidate,0.14459459459459467,1,1,216.0,180.0,94.84950054860712,-0.16053851390941876,0
liquidity_drain,30082,immune,0.14459459459459467,1,1,68.525,49.5,104.34120094521401,-0.16053851390941876,3
liquidity_drain,30083,none,15.146917578735845,90,90,0.0,0.0,113.42127349833531,-0.13496683319071046,0
liquidity_drain,30083,proportional,0.1575237763563313,4,1,63.57794625000001,52.98162187500001,112.70508044298778,-0.10226488713231197,0
liquidity_drain,30083,vol_target,0.0,0,0,238.1220818926065,238.05946833407785,102.45714712470196,-0.057616266460444376,12
liquidity_drain,30083,liquidate,0.14459459459459467,1,1,216.0,180.0,106.195556789669,-0.057616266460444376,0
liquidity_drain,30083,immune,0.14459459459459467,1,1,68.525,59.5,117.36086955484969,-0.08909272815069946,3
liquidity_drain,30084,none,15.146917578735845,90,90,0.0,0.0,88.96375054428975,-0.13157705824089694,0
liquidity_drain,30084,proportional,0.1575237763563313,4,1,63.57794625000001,52.98162187500001,89.812534403497,-0.1117705648845454,0
liquidity_drain,30084,vol_target,0.0,0,0,231.29118455037582,231.29118455037582,96.69559344271859,-0.0662675695631636,10
liquidity_drain,30084,liquidate,0.14459459459459467,1,1,216.0,180.0,92.96668669063153,-0.07167934695425404,0
liquidity_drain,30084,immune,0.14459459459459467,1,1,68.525,58.525,95.86561161169216,-0.13558398238871794,3
liquidity_drain,30085,none,29.891077303790315,90,90,0.0,0.0,61.96500204214026,-0.42196862112522504,0
liquidity_drain,30085,proportional,0.1575237763563313,4,1,63.57794625000001,52.98162187500001,72.4248252042862,-0.31440096568686204,0
liquidity_drain,30085,vol_target,0.0,0,0,238.93001659217103,238.93001659217103,97.14937237929477,-0.08218019081981398,8
liquidity_drain,30085,liquidate,0.14459459459459467,1,1,216.0,180.0,96.8485688895735,-0.08218019081981398,0
liquidity_drain,30085,immune,0.14459459459459467,1,1,44.518499999999996,21.118499999999997,73.41013336542919,-0.30180146525454454,2
liquidity_drain,30086,none,27.523020456635443,90,90,0.0,0.0,70.52745967267808,-0.3265967422270605,0
liquidity_drain,30086,proportional,0.1575237763563313,4,1,63.57794625000001,52.98162187500001,75.7824841507805,-0.26871330617552736,0
liquidity_drain,30086,vol_target,0.0,0,0,223.09344845080895,223.09344845080895,95.18661166526277,-0.06209913671930967,5
liquidity_drain,30086,liquidate,0.14459459459459467,1,1,216.0,180.0,93.5217086459584,-0.1107564648484396,0
liquidity_drain,30086,immune,0.14459459459459467,1,1,44.518499999999996,21.118499999999997,71.01351401900448,-0.32062531938671557,2
liquidity_drain,30087,none,15.146917578735845,90,90,0.0,0.0,96.98858199168238,-0.16638376517554365,0
liquidity_drain,30087,proportional,0.1575237763563313,4,1,63.57794625000001,52.98162187500001,98.20850928231673,-0.12603912941693685,0
liquidity_drain,30087,vol_target,0.0,0,0,234.3583938463116,234.3583938463116,105.06269649083129,-0.0445728569209356,9
liquidity_drain,30087,liquidate,0.14459459459459467,1,1,216.0,180.0,100.88623437015107,-0.07369797148536483,0
liquidity_drain,30087,immune,0.14459459459459467,1,1,68.525,59.5,97.91451103236396,-0.13894502400220188,3
liquidity_drain,30088,none,15.146917578735845,90,90,0.0,0.0,90.18894315929053,-0.2304362816603438,0
liquidity_drain,30088,proportional,0.1575237763563313,4,1,63.57794625000001,52.98162187500001,92.44558484271816,-0.19448227833224008,0
liquidity_drain,30088,vol_target,0.0,0,0,221.413493615962,221.413493615962,105.20900794551999,-0.03653931759528062,7
liquidity_drain,30088,liquidate,0.14459459459459467,1,1,216.0,180.0,95.55438428126638,-0.12939198193416168,0
liquidity_drain,30088,immune,0.14459459459459467,1,1,44.518499999999996,21.118499999999997,93.7111089814288,-0.1934175586432184,2
liquidity_drain,30089,none,15.547447505474986,90,90,0.0,0.0,74.80213491264068,-0.3406338086990217,0
liquidity_drain,30089,proportional,0.1575237763563313,4,1,63.57794625000001,52.98162187500001,82.47579705751461,-0.27299197751726256,0
liquidity_drain,30089,vol_target,0.0,0,0,209.66811517618817,203.88459724274114,105.37008881578564,-0.0522598217192789,10
liquidity_drain,30089,liquidate,0.14459459459459467,1,1,216.0,180.0,103.38682187480863,-0.08866538301455162,0
liquidity_drain,30089,immune,0.14459459459459467,1,1,68.525,49.5,87.05084587320229,-0.2326638168820203,3
liquidity_drain,30090,none,26.641745516797958,90,90,0.0,0.0,76.23449805181114,-0.42343708121358725,0
liquidity_drain,30090,proportional,0.1575237763563313,4,1,63.57794625000001,52.98162187500001,81.73472048605268,-0.3293078774949997,0
liquidity_drain,30090,vol_target,0.0,0,0,237.70179825906914,237.70179825906914,94.53232797064327,-0.09252407405373508,11
liquidity_drain,30090,liquidate,0.14459459459459467,1,1,216.0,180.0,93.03713287001952,-0.09252407405373508,0
liquidity_drain,30090,immune,0.14459459459459467,1,1,59.5,40.0,79.09576324582062,-0.3551115059943293,2
liquidity_drain,30091,none,15.146917578735845,90,90,0.0,0.0,106.02287476175738,-0.0986581523250678,0
liquidity_drain,30091,proportional,0.1575237763563313,4,1,63.57794625000001,52.98162187500001,103.9336507243669,-0.09416198032757894,0
liquidity_drain,30091,vol_target,0.0,0,0,236.1846548593725,236.1846548593725,99.99951158770523,-0.06548837563241616,10
liquidity_drain,30091,liquidate,0.14459459459459467,1,1,216.0,180.0,99.12761566872072,-0.07028616426028389,0
liquidity_drain,30091,immune,0.14459459459459467,1,1,59.5,40.0,102.22907115638944,-0.14318147090333722,2
liquidity_drain,30092,none,15.146917578735845,90,90,0.0,0.0,100.00911912904515,-0.22221918259993867,0
liquidity_drain,30092,proportional,0.1575237763563313,4,1,63.57794625000001,52.98162187500001,102.2763880395892,-0.168499687451116,0
liquidity_drain,30092,vol_target,0.0,0,0,239.58178987994287,239.4123515725176,104.71159017035765,-0.06365379427978801,15
liquidity_drain,30092,liquidate,0.14459459459459467,1,1,216.0,180.0,107.2900511433601,-0.06365379427978801,0
liquidity_drain,30092,immune,0.14459459459459467,1,1,44.518499999999996,21.118499999999997,98.57452816009823,-0.19982213268285065,2
liquidity_drain,30093,none,16.15837803101809,90,90,0.0,0.0,82.88151761179112,-0.24589572544794736,0
liquidity_drain,30093,proportional,0.1575237763563313,4,1,63.57794625000001,52.98162187500001,84.43938070126558,-0.2122471176917119,0
liquidity_drain,30093,vol_target,0.0,0,0,239.967807931941,239.93351630893983,90.0396755583025,-0.10780068709012114,16
liquidity_drain,30093,liquidate,0.14459459459459467,1,1,216.0,180.0,88.63363339628422,-0.15866119250469324,0
liquidity_drain,30093,immune,0.14459459459459467,1,1,68.525,58.525,79.99608759564205,-0.25650741373364283,3
liquidity_drain,30094,none,15.146917578735845,90,90,0.0,0.0,105.99459703211552,-0.11744846776025397,0
liquidity_drain,30094,proportional,0.1575237763563313,4,1,63.57794625000001,52.98162187500001,103.3848359089072,-0.08848879126235099,0
liquidity_drain,30094,vol_target,0.0,0,0,237.56637006349553,237.56637006349553,94.40934359329378,-0.07159128389726477,9
liquidity_drain,30094,liquidate,0.14459459459459467,1,1,216.0,180.0,95.82592480541017,-0.07697062626731943,0
liquidity_drain,30094,immune,0.14459459459459467,1,1,68.525,58.525,102.59009349116675,-0.08790094445220142,3
liquidity_drain,30095,none,15.146917578735845,90,90,0.0,0.0,115.17181085177708,-0.07973097669364793,0
liquidity_drain,30095,proportional,0.1575237763563313,4,1,63.57794625000001,52.98162187500001,111.52572417085291,-0.07799765967207106,0
liquidity_drain,30095,vol_target,0.0,0,0,239.88842012488277,239.88241591146183,102.55135883196652,-0.0475809086861555,12
liquidity_drain,30095,liquidate,0.14459459459459467,1,1,216.0,180.0,100.56296067490848,-0.06879330574241804,0
liquidity_drain,30095,immune,0.14459459459459467,1,1,44.518499999999996,21.118499999999997,110.85369357102401,-0.08114529318942865,2
liquidity_drain,30096,none,15.85716679707353,90,90,0.0,0.0,92.95731335529715,-0.30475441499718037,0
liquidity_drain,30096,proportional,0.1575237763563313,4,1,63.57794625000001,52.98162187500001,90.92985803110616,-0.28524655251800857,0
liquidity_drain,30096,vol_target,0.0,0,0,231.32238577906907,231.32238577906907,88.75708777317615,-0.1668473260761183,9
liquidity_drain,30096,liquidate,0.14459459459459467,1,1,216.0,180.0,88.43576670917221,-0.21461031731283886,0
liquidity_drain,30096,immune,0.14459459459459467,1,1,44.518499999999996,10.829999999999998,92.7752790563552,-0.29056585988811223,2
liquidity_drain,30097,none,15.146917578735845,90,90,0.0,0.0,89.1256405655295,-0.18448845849857665,0
liquidity_drain,30097,proportional,0.1575237763563313,4,1,63.57794625000001,52.98162187500001,89.25101560937567,-0.16665146803541775,0
liquidity_drain,30097,vol_target,0.46216216216216244,3,3,239.99836602006155,199.9986383500513,96.6411613929418,-0.08379756979834618,19
liquidity_drain,30097,liquidate,0.14459459459459467,1,1,216.0,180.0,91.73452414566566,-0.10237990281310028,0
liquidity_drain,30097,immune,0.14459459459459467,1,1,44.518499999999996,21.118499999999997,87.4321071548434,-0.1866861362104677,2
liquidity_drain,30098,none,15.146917578735845,90,90,0.0,0.0,102.17203585256782,-0.12106652808013907,0
liquidity_drain,30098,proportional,0.1575237763563313,4,1,63.57794625000001,52.98162187500001,101.12009288787209,-0.09182855805544543,0
liquidity_drain,30098,vol_target,0.0,0,0,232.97148682781437,232.97148682781437,100.95101830464007,-0.033625203037932816,10
liquidity_drain,30098,liquidate,0.14459459459459467,1,1,216.0,180.0,98.32117970220602,-0.07406037570279,0
liquidity_drain,30098,immune,0.14459459459459467,1,1,44.518499999999996,21.118499999999997,100.2272367346344,-0.11291702978693752,2
liquidity_drain,30099,none,17.403511660940474,90,90,0.0,0.0,79.77408608551127,-0.26529795890009467,0
liquidity_drain,30099,proportional,0.1575237763563313,4,1,63.57794625000001,52.98162187500001,81.96139476625254,-0.23263433901482589,0
liquidity_drain,30099,vol_target,0.0,0,0,237.51786495349404,237.51786495349404,89.71332540184602,-0.1260416471601743,11
liquidity_drain,30099,liquidate,0.14459459459459467,1,1,216.0,180.0,91.76854839801074,-0.14722069258169113,0
liquidity_drain,30099,immune,0.14459459459459467,1,1,68.525,59.025,83.32752451222406,-0.23677924712533538,3
leverage_cancer,30000,none,0.0,0,0,0.0,0.0,98.55414826323751,-0.14246888419944603,0
leverage_cancer,30000,proportional,0.0,0,0,0.0,0.0,98.55414826323751,-0.14246888419944603,0
leverage_cancer,30000,vol_target,0.0,0,0,231.38483467099047,204.14183654444236,98.60078790493054,-0.06559499541159652,10
leverage_cancer,30000,liquidate,0.0,0,0,0.0,0.0,98.55414826323751,-0.14246888419944603,0
leverage_cancer,30000,immune,0.0,0,0,13.300741555122045,13.300741555122045,98.55457451117046,-0.13363867222204895,1
leverage_cancer,30001,none,45.76565714612975,78,78,0.0,0.0,70.19320045175013,-0.3270504550978547,0
leverage_cancer,30001,proportional,0.06990934503857016,4,1,59.04433848618566,48.20148471847351,71.8876718586237,-0.30614529320871864,0
leverage_cancer,30001,vol_target,0.0,0,0,240.39441010279018,222.1306357171247,85.0689392496614,-0.1646072138684036,19
leverage_cancer,30001,liquidate,0.05759160876183245,1,1,227.3646451915306,180.0,80.47055912592614,-0.20904277944283967,0
leverage_cancer,30001,immune,0.05759160876183245,1,1,68.14178919075803,31.970645241938705,73.13503784599119,-0.31452028929874565,4
leverage_cancer,30002,none,11.300520093568826,42,44,0.0,0.0,80.32891093687088,-0.29207620211907015,0
leverage_cancer,30002,proportional,0.09044797941648319,3,1,50.57021718826206,50.57021718826206,80.82666291908866,-0.27703749259761135,0
leverage_cancer,30002,vol_target,0.0,0,0,212.3429868879336,192.11656335486035,97.49759158584556,-0.07983440723542579,5
leverage_cancer,30002,liquidate,0.06313757203382409,1,1,245.36242040195884,245.36242040195884,87.15310665953537,-0.1772025447714215,0
leverage_cancer,30002,immune,0.0,0,0,50.096902419913235,36.79616086479119,82.54258681842404,-0.2743111942091623,4
leverage_cancer,30003,none,0.0,0,0,0.0,0.0,124.6731342710313,-0.10522654850197533,0
leverage_cancer,30003,proportional,0.0,0,0,0.0,0.0,124.6731342710313,-0.10522654850197533,0
leverage_cancer,30003,vol_target,0.0,0,0,237.3097827756727,209.0252729353092,110.07481920739606,-0.026081770954760497,14
leverage_cancer,30003,liquidate,0.0,0,0,0.0,0.0,124.6731342710313,-0.10522654850197533,0
leverage_cancer,30003,immune,0.0,0,0,13.300741555122045,13.300741555122045,124.28312257658912,-0.09903657387178222,1
leverage_cancer,30004,none,0.02137659818654125,1,1,0.0,0.0,116.63245038449571,-0.16360740018259912,0
leverage_cancer,30004,proportional,0.02137659818654125,1,1,13.503596496125027,10.0,115.21616579512481,-0.16360740018259912,0
leverage_cancer,30004,vol_target,0.0,0,0,240.2921694660853,225.05156378146194,96.10807297814625,-0.08385860643216747,20
leverage_cancer,30004,liquidate,0.02137659818654125,1,1,243.06473693025055,180.0,91.1393277758201,-0.16360740018259912,0
leverage_cancer,30004,immune,0.0,0,0,12.662945607434942,0.0,117.05275774948893,-0.1628816238751648,1
leverage_cancer,30005,none,63.6949843297546,64,64,0.0,0.0,58.928852711526275,-0.45417861418326,0
leverage_cancer,30005,proportional,0.4119563725542168,6,7,99.4870036326061,84.37408256551204,63.357370052726026,-0.3938214396185499,0
leverage_cancer,30005,vol_target,0.0,0,0,236.7913204738045,215.16942287386706,91.7017264739042,-0.1031292513225166,10
leverage_cancer,30005,liquidate,0.030226651361308754,1,1,235.97337103849316,180.0,82.82216702703673,-0.17612504385948502,0
leverage_cancer,30005,immune,0.18269625583442117,2,1,89.62276282545506,66.87925560233384,66.43015158356098,-0.3661587863813476,4
leverage_cancer,30006,none,5.893113421922903,40,16,0.0,0.0,90.3087227047916,-0.16525289918068398,0
leverage_cancer,30006,proportional,0.0594151959894087,2,6,26.49532295307079,22.949683298992262,89.92211295204758,-0.16370873795095053,0
leverage_cancer,30006,vol_target,0.0,0,0,240.2731001586725,225.53735186690227,90.43987657647769,-0.16370873795095053,19
leverage_cancer,30006,liquidate,0.03790103525692068,1,1,243.82151377341356,180.0,88.31544687038978,-0.16370873795095053,0
leverage_cancer,30006,immune,0.007178734034794854,1,1,37.800934825686475,24.974331547673806,86.8928675836127,-0.1964855679915556,1
leverage_cancer,30007,none,5.885378986121939,28,7,0.0,0.0,85.90270234886673,-0.2757060401980099,0
leverage_cancer,30007,proportional,0.20726426758121974,2,1,38.883128010921524,38.883128010921524,85.47718963022852,-0.273401301464983,0
leverage_cancer,30007,vol_target,0.0,0,0,240.35835785764115,222.68369572449643,102.82245977663295,-0.05192524123518438,13
leverage_cancer,30007,liquidate,0.20496915574795116,1,1,245.36242040195884,245.36242040195884,84.16569473158833,-0.2526963258587881,0
leverage_cancer,30007,immune,0.01897755509819543,1,1,38.45499701045695,25.154255455334905,84.02303818721208,-0.28079122755412445,1
leverage_cancer,30008,none,113.23804625940998,90,91,0.0,0.0,89.99469463461028,-0.541953464891695,0
leverage_cancer,30008,proportional,0.425088217688268,8,5,109.29632471971955,88.41414240763473,78.60499769789651,-0.4689478934034905,0
leverage_cancer,30008,vol_target,0.0,0,0,240.23602384512992,226.9433585112523,82.30825854323972,-0.20412596009910677,17
leverage_cancer,30008,liquidate,0.03499012251394307,1,1,220.56090400429343,180.0,80.78991837719691,-0.24583518163830387,0
leverage_cancer,30008,immune,0.006349569490094797,1,1,108.25337767214108,77.5785553545551,77.06612628413376,-0.47459043955769076,9
leverage_cancer,30009,none,15.875436937944814,60,61,0.0,0.0,85.08304172157725,-0.2615167799850677,0
leverage_cancer,30009,proportional,0.1335756785652804,2,1,37.97170387928604,28.52499999999999,84.71119174027858,-0.25604969455113746,0
leverage_cancer,30009,vol_target,0.0,0,0,236.2061460284196,199.0836486027251,98.01344981027431,-0.06357401955412656,13
leverage_cancer,30009,liquidate,0.10764305345987912,1,1,238.0126896141527,180.0,84.14570899778515,-0.2137458638780495,0
leverage_cancer,30009,immune,0.0,0,0,49.380230980161684,23.639739466701037,85.10255652688541,-0.24936672910460167,4
leverage_cancer,30010,none,0.5257902119313478,7,8,0.0,0.0,98.50465003866987,-0.21237225743202004,0
leverage_cancer,30010,proportional,0.008111233442274823,1,1,13.631245577886602,13.631245577886602,98.0563890716889,-0.21095127871223485,0
leverage_cancer,30010,vol_target,0.0,0,0,237.0999144110941,211.38209052246188,99.13446213079654,-0.0787567635249311,12
leverage_cancer,30010,liquidate,0.008111233442274823,1,1,245.36242040195884,245.36242040195884,90.43595263301243,-0.18679464047588235,0
leverage_cancer,30010,immune,0.0,0,0,26.200359737345075,12.89961818222303,97.59821557601998,-0.2095645475393212,2
leverage_cancer,30011,none,28.465794334030434,76,77,0.0,0.0,77.63652655473282,-0.31522421887929897,0
leverage_cancer,30011,proportional,0.19918849214544299,4,6,59.940241751403676,54.5920230298567,77.6957137644302,-0.2973195370604149,0
leverage_cancer,30011,vol_target,0.0,0,0,240.23355041329972,227.02790159154475,92.36091117831027,-0.11594766808890933,19
leverage_cancer,30011,liquidate,0.008457856613543147,1,1,227.93302093382897,180.0,82.61599366079923,-0.19746854456301977,0
leverage_cancer,30011,immune,0.0,0,0,59.17428894052691,47.44295233175145,78.49588831088407,-0.28546342982757633,4
leverage_cancer,30012,none,0.0,0,0,0.0,0.0,122.59035833477706,-0.1391130917584229,0
leverage_cancer,30012,proportional,0.0,0,0,0.0,0.0,122.59035833477706,-0.1391130917584229,0
leverage_cancer,30012,vol_target,0.0,0,0,232.05345434266428,207.54429428594307,108.01050845204045,-0.04371093415707816,9
leverage_cancer,30012,liquidate,0.0,0,0,0.0,0.0,122.59035833477706,-0.1391130917584229,0
leverage_cancer,30012,immune,0.0,0,0,13.300741555122045,13.300741555122045,121.29384139367161,-0.13740354667255927,1
leverage_cancer,30013,none,0.0,0,0,0.0,0.0,107.60546355175346,-0.10191059664920998,0
leverage_cancer,30013,proportional,0.0,0,0,0.0,0.0,107.60546355175346,-0.10191059664920998,0
leverage_cancer,30013,vol_target,0.0,0,0,220.4449667042434,198.89645095708707,96.82454940687315,-0.08573396008531298,7
leverage_cancer,30013,liquidate,0.0,0,0,0.0,0.0,107.60546355175346,-0.10191059664920998,0
leverage_cancer,30013,immune,0.0,0,0,13.300741555122045,0.0,109.2147927880204,-0.10191059664920998,1
leverage_cancer,30014,none,0.16491360036958902,8,15,0.0,0.0,111.26022035693339,-0.16542012908199677,0
leverage_cancer,30014,proportional,0.023812114491435832,1,1,13.545639654078528,10.0,110.12268330051735,-0.16582243235548133,0
leverage_cancer,30014,vol_target,0.0,0,0,240.38731998408795,221.69390277764498,95.87158278953937,-0.09587800925288714,14
leverage_cancer,30014,liquidate,0.023812114491435832,1,1,243.82151377341356,180.0,90.78455334144495,-0.17266158800471876,0
leverage_cancer,30014,immune,0.0,0,0,13.300741555122045,0.0,110.74569493730846,-0.16117435642278377,1
leverage_cancer,30015,none,0.0,0,0,0.0,0.0,121.6923963811524,-0.07278593073609285,0
leverage_cancer,30015,proportional,0.0,0,0,0.0,0.0,121.6923963811524,-0.07278593073609285,0
leverage_cancer,30015,vol_target,0.0,0,0,227.96825842191757,206.2497710471465,113.17007281743979,-0.036256866280203304,9
leverage_cancer,30015,liquidate,0.0,0,0,0.0,0.0,121.6923963811524,-0.07278593073609285,0
leverage_cancer,30015,immune,0.0,0,0,13.300741555122045,13.300741555122045,119.75296351448276,-0.07944311658120318,1
leverage_cancer,30016,none,8.45858049011691,48,1,0.0,0.0,78.31974680625277,-0.27958656684868455,0
leverage_cancer,30016,proportional,0.0924423883006873,3,1,47.25268119596705,40.21208917734053,78.224184630598,-0.24945678407601146,0
leverage_cancer,30016,vol_target,0.0,0,0,240.417042910156,217.3901162073398,80.60705460819479,-0.2027987222993547,14
leverage_cancer,30016,liquidate,0.02175016436479682,1,1,216.86918400000002,180.0,78.73389389188692,-0.21906609507678765,0
leverage_cancer,30016,immune,1.6530208148513026e-05,1,1,35.17853980319848,12.0,84.84606550024553,-0.22186484748144464,1
leverage_cancer,30017,none,0.033298775210484965,1,1,0.0,0.0,102.85523544847952,-0.1265625810828761,0
leverage_cancer,30017,proportional,0.033298775210484965,1,1,13.631245577886602,13.631245577886602,102.1518171149122,-0.127092460413481,0
leverage_cancer,30017,vol_target,0.0,0,0,240.37312060829527,219.39689216701206,96.65950425524886,-0.07723618826720569,17
leverage_cancer,30017,liquidate,0.033298775210484965,1,1,245.36242040195884,245.36242040195884,90.19370544426788,-0.13610040903376375,0
leverage_cancer,30017,immune,0.0,0,0,13.300741555122045,0.0,101.07144068022367,-0.12475138650974116,1
leverage_cancer,30018,none,0.0,0,0,0.0,0.0,115.8276241237054,-0.1285228901538178,0
leverage_cancer,30018,proportional,0.0,0,0,0.0,0.0,115.8276241237054,-0.1285228901538178,0
leverage_cancer,30018,vol_target,0.0,0,0,240.3590123109128,222.85027096359977,98.9851086692894,-0.10921946774755731,16
leverage_cancer,30018,liquidate,0.0,0,0,0.0,0.0,115.8276241237054,-0.1285228901538178,0
leverage_cancer,30018,immune,0.0,0,0,13.300741555122045,13.300741555122045,115.27884670500113,-0.12847336872858217,1
leverage_cancer,30019,none,1.7817012674314614,23,26,0.0,0.0,110.34821181128571,-0.20492832911899939,0
leverage_cancer,30019,proportional,0.044590420921562846,2,1,25.86170790086907,19.499999999999993,107.82965728756521,-0.20528948013696247,0
leverage_cancer,30019,vol_target,0.0,0,0,220.8469971715527,198.74163544407475,97.94096729693511,-0.10266347949623178,8
leverage_cancer,30019,liquidate,0.03277061274256354,1,1,235.30965517637662,180.0,87.68258787051602,-0.2028071643429068,0
leverage_cancer,30019,immune,0.0,0,0,25.454173486062793,12.793086243095523,107.82187599564132,-0.20345264681466446,2
leverage_cancer,30020,none,0.0,0,0,0.0,0.0,149.18297814909968,-0.05309876448304485,0
leverage_cancer,30020,proportional,0.0,0,0,0.0,0.0,149.18297814909968,-0.05309876448304485,0
leverage_cancer,30020,vol_target,0.0,0,0,240.0376397100392,221.59120261604997,114.19404504609254,-0.046912721538374114,15
leverage_cancer,30020,liquidate,0.0,0,0,0.0,0.0,149.18297814909968,-0.05309876448304485,0
leverage_cancer,30020,immune,0.0,0,0,13.300741555122045,0.0,146.33313571114638,-0.05083159026017192,1
leverage_cancer,30021,none,11.662953246765046,71,22,0.0,0.0,85.85452121613754,-0.24662017772148825,0
leverage_cancer,30021,proportional,0.1361432266575222,2,1,36.087458145081,28.52499999999999,84.7810403652881,-0.24299910811614955,0
leverage_cancer,30021,vol_target,0.0,0,0,240.27998689475314,218.1963304825839,91.32672206319171,-0.0944934423143362,13
leverage_cancer,30021,liquidate,0.024100288308244622,1,1,224.09315888811807,180.0,81.7915025288769,-0.1968172389270425,0
leverage_cancer,30021,immune,0.0,0,0,47.182581809443036,35.943430591061514,84.14474408672818,-0.23443628453699983,4
leverage_cancer,30022,none,1.0966898121249913,10,16,0.0,0.0,97.55137756588763,-0.2069919819049666,0
leverage_cancer,30022,proportional,0.09048225820848455,2,6,38.883128010921524,38.883128010921524,95.81172224955506,-0.20521989754592418,0
leverage_cancer,30022,vol_target,0.0,0,0,240.23398636546858,223.2388584400136,102.61769018905593,-0.07033366892231474,12
leverage_cancer,30022,liquidate,0.03931483227100152,1,1,245.36242040195884,245.36242040195884,89.50320572703083,-0.16816583718909284,0
leverage_cancer,30022,immune,0.014352255777233758,1,1,38.58484813037652,38.58484813037652,96.97977949070489,-0.19279748710300604,1
leverage_cancer,30023,none,0.0,0,0,0.0,0.0,111.16720206356625,-0.19567218205001846,0
leverage_cancer,30023,proportional,0.0,0,0,0.0,0.0,111.16720206356625,-0.19567218205001846,0
leverage_cancer,30023,vol_target,0.0,0,0,240.05848116805066,216.6979161568244,94.02361897449848,-0.10045097716688534,14
leverage_cancer,30023,liquidate,0.0,0,0,0.0,0.0,111.16720206356625,-0.19567218205001846,0
leverage_cancer,30023,immune,0.0,0,0,12.449619938228782,12.449619938228782,108.41321843132604,-0.19850768047603073,1
leverage_cancer,30024,none,2.1975031846465427,30,11,0.0,0.0,89.2975447649016,-0.2094428160272065,0
leverage_cancer,30024,proportional,0.05808952338206508,1,1,25.8601245380316,19.499999999999993,88.94389433935079,-0.20879451045514896,0
leverage_cancer,30024,vol_target,0.0,0,0,244.31376756749873,199.73073091451295,104.03552472562868,-0.03316275491119758,20
leverage_cancer,30024,liquidate,0.05808952338206508,1,1,238.70884188952252,180.0,86.03307929827952,-0.20345845690052222,0
leverage_cancer,30024,immune,0.05808952338206508,1,1,38.1553056410575,25.860124538031606,89.6894568493469,-0.21616297362379777,1
leverage_cancer,30025,none,0.0,0,0,0.0,0.0,99.01458330990744,-0.1811400855894163,0
leverage_cancer,30025,proportional,0.0,0,0,0.0,0.0,99.01458330990744,-0.1811400855894163,0
leverage_cancer,30025,vol_target,0.0,0,0,240.33146852934595,223.77288497496116,91.76228341663561,-0.14467546482835858,16
leverage_cancer,30025,liquidate,0.0,0,0,0.0,0.0,99.01458330990744,-0.1811400855894163,0
leverage_cancer,30025,immune,0.0,0,0,13.300741555122045,13.300741555122045,97.43623115164719,-0.1811400855894163,1
leverage_cancer,30026,none,0.0,0,0,0.0,0.0,108.68970609663884,-0.1757767672737086,0
leverage_cancer,30026,proportional,0.0,0,0,0.0,0.0,108.68970609663884,-0.1757767672737086,0
leverage_cancer,30026,vol_target,0.0,0,0,240.38950093694518,221.90252757094925,113.3740451578132,-0.03679572238157247,18
leverage_cancer,30026,liquidate,0.0,0,0,0.0,0.0,108.68970609663884,-0.1757767672737086,0
leverage_cancer,30026,immune,0.0,0,0,13.300741555122045,13.300741555122045,107.77412167813124,-0.1757767672737086,1
leverage_cancer,30027,none,0.0,0,0,0.0,0.0,109.98140682629695,-0.3155555352324336,0
leverage_cancer,30027,proportional,0.0,0,0,0.0,0.0,109.98140682629695,-0.3155555352324336,0
leverage_cancer,30027,vol_target,0.0,0,0,213.2939921718388,194.42554352430696,118.49585961519458,-0.0416666305184451,4
leverage_cancer,30027,liquidate,0.0,0,0,0.0,0.0,109.98140682629695,-0.3155555352324336,0
leverage_cancer,30027,immune,0.0,0,0,13.300741555122045,13.300741555122045,111.9545979782558,-0.29657000204761197,1
leverage_cancer,30028,none,0.0,0,0,0.0,0.0,103.92481787019436,-0.1217570115932256,0
leverage_cancer,30028,proportional,0.0,0,0,0.0,0.0,103.92481787019436,-0.1217570115932256,0
leverage_cancer,30028,vol_target,0.0,0,0,239.3729851198661,217.8855092767842,97.25864076847927,-0.08959889207624272,11
leverage_cancer,30028,liquidate,0.0,0,0,0.0,0.0,103.92481787019436,-0.1217570115932256,0
leverage_cancer,30028,immune,0.0,0,0,13.300741555122045,13.300741555122045,103.39492689979227,-0.12128239428635312,1
leverage_cancer,30029,none,3.5603371056745434,19,5,0.0,0.0,79.68336014180903,-0.345517395770485,0
leverage_cancer,30029,proportional,0.0850769685138899,3,1,50.57021718826206,50.57021718826206,80.3197116614229,-0.33738484511844213,0
leverage_cancer,30029,vol_target,0.0,0,0,237.57954870203335,211.95045278187658,116.2362571937532,-0.01976625626091444,12
leverage_cancer,30029,liquidate,0.013831750709699442,1,1,245.36242040195884,245.36242040195884,88.39900243500004,-0.25877136137443735,0
leverage_cancer,30029,immune,0.05354859232364051,1,1,50.2868513017443,50.2868513017443,80.81549465619891,-0.3336687571909026,2
leverage_cancer,30030,none,0.0,0,0,0.0,0.0,103.79947430023314,-0.18869668227720982,0
leverage_cancer,30030,proportional,0.0,0,0,0.0,0.0,103.79947430023314,-0.18869668227720982,0
leverage_cancer,30030,vol_target,0.0,0,0,176.05995309993253,157.527582288346,106.16798723209848,-0.05333072082363943,4
leverage_cancer,30030,liquidate,0.0,0,0,0.0,0.0,103.79947430023314,-0.18869668227720982,0
leverage_cancer,30030,immune,0.0,0,0,13.300741555122045,13.300741555122045,105.26546643096201,-0.17748583437145482,1
leverage_cancer,30031,none,0.0,0,0,0.0,0.0,103.5423075124372,-0.19622080475120196,0
leverage_cancer,30031,proportional,0.0,0,0,0.0,0.0,103.5423075124372,-0.19622080475120196,0
leverage_cancer,30031,vol_target,0.0,0,0,227.36189849935153,204.98637250389532,112.17915055242993,-0.029412573111131768,7
leverage_cancer,30031,liquidate,0.0,0,0,0.0,0.0,103.5423075124372,-0.19622080475120196,0
leverage_cancer,30031,immune,0.0,0,0,13.300741555122045,0.0,103.22821539539564,-0.1884244647026233,1
leverage_cancer,30032,none,0.0,0,0,0.0,0.0,122.5732119347564,-0.1178215600836785,0
leverage_cancer,30032,proportional,0.0,0,0,0.0,0.0,122.5732119347564,-0.1178215600836785,0
leverage_cancer,30032,vol_target,0.0,0,0,240.43378733141046,220.1205615758299,93.02061950027141,-0.1178215600836785,18
leverage_cancer,30032,liquidate,0.0,0,0,0.0,0.0,122.5732119347564,-0.1178215600836785,0
leverage_cancer,30032,immune,0.0,0,0,13.300741555122045,13.300741555122045,120.79863532875264,-0.1178215600836785,1
leverage_cancer,30033,none,0.0,0,0,0.0,0.0,166.62591742601663,-0.03790584825372745,0
leverage_cancer,30033,proportional,0.0,0,0,0.0,0.0,166.62591742601663,-0.03790584825372745,0
leverage_cancer,30033,vol_target,0.0,0,0,212.35744229948284,191.89677664343154,115.78789809690632,-0.03790584825372745,5
leverage_cancer,30033,liquidate,0.0,0,0,0.0,0.0,166.62591742601663,-0.03790584825372745,0
leverage_cancer,30033,immune,0.0,0,0,13.300741555122045,0.0,164.63070187537338,-0.03790584825372745,1
leverage_cancer,30034,none,0.8502908507743698,10,13,0.0,0.0,93.01548028031326,-0.25106154119530555,0
leverage_cancer,30034,proportional,0.03764821948857433,1,1,13.631245577886602,13.631245577886602,92.79761517788883,-0.2501732114778251,0
leverage_cancer,30034,vol_target,0.0,0,0,240.2888625032089,220.45714771620098,98.98243228878877,-0.05998026410673085,12
leverage_cancer,30034,liquidate,0.03764821948857433,1,1,245.36242040195884,245.36242040195884,89.09390843667437,-0.23507160628065482,0
leverage_cancer,30034,immune,0.0,0,0,26.266950055252543,26.266950055252543,92.31332869356063,-0.2509984064158467,2
leverage_cancer,30035,none,41.44618247591636,80,80,0.0,0.0,78.11311787374366,-0.3409623898542782,0
leverage_cancer,30035,proportional,0.2087543123808966,4,1,68.26482190463308,52.98162187500001,77.07989888726925,-0.3189510032965438,0
leverage_cancer,30035,vol_target,0.0,0,0,238.7137654728354,219.5514945887555,92.92114634684724,-0.07912620928494507,7
leverage_cancer,30035,liquidate,0.05572159214500738,1,1,226.24803269025705,180.0,80.94710703457565,-0.20273828651341486,0
leverage_cancer,30035,immune,0.01871931947024663,1,1,77.99633025730543,67.27234186787248,77.95849177046445,-0.31120249935924704,5
leverage_cancer,30036,none,0.823148244134237,12,5,0.0,0.0,101.99719061489668,-0.17177955372648068,0
leverage_cancer,30036,proportional,0.0245747128315168,2,4,26.580928876878865,22.949683298992262,100.5467744811236,-0.1705148722850498,0
leverage_cancer,30036,vol_target,0.0,0,0,178.5101521242491,160.46093828628645,100.47636971367864,-0.07022548279935548,4
leverage_cancer,30036,liquidate,0.011636907613127523,1,1,245.36242040195884,180.0,90.68971760848682,-0.1590195649895485,0
leverage_cancer,30036,immune,0.0,0,0,38.097168256585334,25.060845508650736,98.39955001971256,-0.1899321821652432,3
leverage_cancer,30037,none,56.75403619108847,58,58,0.0,0.0,55.180002859921146,-0.471115207355672,0
leverage_cancer,30037,proportional,0.29638733441993326,4,1,91.19272965995792,84.67904627508008,61.58770236190484,-0.40969921158204203,0
leverage_cancer,30037,vol_target,0.0,0,0,240.3628881029631,222.93678658083888,89.72562398293937,-0.1704210514008888,17
leverage_cancer,30037,liquidate,0.05478361299315937,1,1,240.12630816810315,180.0,83.16414566737767,-0.2028950768924157,0
leverage_cancer,30037,immune,0.10606196587770889,1,1,90.57356674779496,64.66366208710922,63.227973226644245,-0.4015378430413038,6
leverage_cancer,30038,none,0.013894771339791223,1,1,0.0,0.0,131.37432548024938,-0.18507943440875396,0
leverage_cancer,30038,proportional,0.013894771339791223,1,1,12.28042415846361,10.0,128.8310903375593,-0.18557065137509254,0
leverage_cancer,30038,vol_target,0.0,0,0,239.45264656548738,211.0431638792775,82.61880710290662,-0.17744602322515712,17
leverage_cancer,30038,liquidate,0.013894771339791223,1,1,221.04763485234497,180.0,85.59609291182774,-0.19392133980284765,0
leverage_cancer,30038,immune,0.0,0,0,12.048288,12.048288,126.81143530060285,-0.19444933630586558,1
leverage_cancer,30039,none,0.0,0,0,0.0,0.0,140.82405441153392,-0.08253232168277014,0
leverage_cancer,30039,proportional,0.0,0,0,0.0,0.0,140.82405441153392,-0.08253232168277014,0
leverage_cancer,30039,vol_target,0.0,0,0,190.7466859050936,169.03544036726998,115.53412476569919,-0.028603259746876497,7
leverage_cancer,30039,liquidate,0.0,0,0,0.0,0.0,140.82405441153392,-0.08253232168277014,0
leverage_cancer,30039,immune,0.0,0,0,13.300741555122045,13.300741555122045,140.1326836101587,-0.08029919204835645,1
leverage_cancer,30040,none,0.027162657984910243,2,2,0.0,0.0,105.23982080487337,-0.14788248971794615,0
leverage_cancer,30040,proportional,0.024188135180539305,1,1,13.631245577886602,13.631245577886602,104.43071138818162,-0.14839788245082108,0
leverage_cancer,30040,vol_target,0.0,0,0,237.91561484021287,210.07885890837036,95.34651320745569,-0.10057375252453737,13
leverage_cancer,30040,liquidate,0.024188135180539305,1,1,245.36242040195884,245.36242040195884,90.67585130442146,-0.15715955890969469,0
leverage_cancer,30040,immune,0.0,0,0,13.300741555122045,13.300741555122045,105.04215207960117,-0.1410868468222204,1
leverage_cancer,30041,none,0.0,0,0,0.0,0.0,104.99116589171933,-0.15730900355457422,0
leverage_cancer,30041,proportional,0.0,0,0,0.0,0.0,104.99116589171933,-0.15730900355457422,0
leverage_cancer,30041,vol_target,0.0,0,0,238.75656482658704,215.1365200193772,90.56530941062725,-0.11982465068851456,10
leverage_cancer,30041,liquidate,0.0,0,0,0.0,0.0,104.99116589171933,-0.15730900355457422,0
leverage_cancer,30041,immune,0.0,0,0,12.391870614121434,12.391870614121434,104.96375201143303,-0.15818153280288083,1
leverage_cancer,30042,none,41.004362692257246,69,70,0.0,0.0,69.14160563464202,-0.3623923236319405,0
leverage_cancer,30042,proportional,0.15107315088372752,5,1,70.94975986932312,61.86242187836386,71.22113742925913,-0.3313080961186968,0
leverage_cancer,30042,vol_target,0.0,0,0,239.4804366654587,214.14776556759213,88.77613707812328,-0.12979703120888997,14
leverage_cancer,30042,liquidate,0.006409439275341988,1,1,232.10727817602614,180.0,83.18987907742967,-0.18831169921235447,0
leverage_cancer,30042,immune,0.0,0,0,79.01424905241744,54.118260937394425,68.86005262233664,-0.3483770354906198,7
leverage_cancer,30043,none,0.0,0,0,0.0,0.0,116.21827667801792,-0.164156021972236,0
leverage_cancer,30043,proportional,0.0,0,0,0.0,0.0,116.21827667801792,-0.164156021972236,0
leverage_cancer,30043,vol_target,0.0,0,0,240.35661249316772,223.01198007856937,111.27070416445439,-0.06548349548076426,14
leverage_cancer,30043,liquidate,0.0,0,0,0.0,0.0,116.21827667801792,-0.164156021972236,0
leverage_cancer,30043,immune,0.0,0,0,13.300741555122045,0.0,117.527640262105,-0.1529539282507355,1
leverage_cancer,30044,none,0.0,0,0,0.0,0.0,117.85091299556385,-0.15772599540831256,0
leverage_cancer,30044,proportional,0.0,0,0,0.0,0.0,117.85091299556385,-0.15772599540831256,0
leverage_cancer,30044,vol_target,0.0,0,0,240.34676176652178,223.57560078281796,95.98191076815229,-0.11709245290641812,18
leverage_cancer,30044,liquidate,0.0,0,0,0.0,0.0,117.85091299556385,-0.15772599540831256,0
leverage_cancer,30044,immune,0.0,0,0,13.300741555122045,13.300741555122045,117.66760521047335,-0.15024865679983745,1
leverage_cancer,30045,none,0.027826356359018867,2,3,0.0,0.0,93.36641439615228,-0.2184708652161783,0
leverage_cancer,30045,proportional,0.002830343321165607,1,3,13.631245577886602,13.631245577886602,93.18303447111404,-0.2186552432424641,0
leverage_cancer,30045,vol_target,0.0,0,0,226.5552152930632,197.62166365952604,91.26973329174017,-0.1154893113664558,10
leverage_cancer,30045,liquidate,0.002830343321165607,1,3,245.36242040195884,245.36242040195884,90.06557574546409,-0.22178966968932,0
leverage_cancer,30045,immune,0.0,0,0,13.300741555122045,13.300741555122045,92.83064160723382,-0.20896993234693406,1
leverage_cancer,30046,none,0.0,0,0,0.0,0.0,100.42873221388172,-0.1734559737825374,0
leverage_cancer,30046,proportional,0.0,0,0,0.0,0.0,100.42873221388172,-0.1734559737825374,0
leverage_cancer,30046,vol_target,0.0,0,0,233.4965244748352,209.9015901256525,105.39847135679176,-0.06575997839493575,9
leverage_cancer,30046,liquidate,0.0,0,0,0.0,0.0,100.42873221388172,-0.1734559737825374,0
leverage_cancer,30046,immune,0.0,0,0,13.300741555122045,13.300741555122045,101.00656143112207,-0.17078019154374502,1
leverage_cancer,30047,none,24.92820284358369,68,3,0.0,0.0,75.24828389670927,-0.26994512159565887,0
leverage_cancer,30047,proportional,0.16234169459960057,3,1,48.782728988049314,40.21208917734053,76.00170975553736,-0.258682878861056,0
leverage_cancer,30047,vol_target,0.0,0,0,240.6213556658392,213.78777247410488,88.3078353103707,-0.1320899517028843,18
leverage_cancer,30047,liquidate,0.014043569942473244,1,1,226.80300908254014,180.0,81.86636568939264,-0.18576348623186312,0
leverage_cancer,30047,immune,0.0,0,0,59.78153087712872,47.80746323333848,76.9148204619955,-0.25347617007561296,5
leverage_cancer,30048,none,0.0,0,0,0.0,0.0,100.33581907368854,-0.18108805531111927,0
leverage_cancer,30048,proportional,0.0,0,0,0.0,0.0,100.33581907368854,-0.18108805531111927,0
leverage_cancer,30048,vol_target,0.0,0,0,240.3036961369431,219.86860355235402,100.60565305567377,-0.09138938632274107,15
leverage_cancer,30048,liquidate,0.0,0,0,0.0,0.0,100.33581907368854,-0.18108805531111927,0
leverage_cancer,30048,immune,0.0,0,0,13.300741555122045,0.0,100.45932317536419,-0.17601426050414648,1
leverage_cancer,30049,none,0.0,0,0,0.0,0.0,118.33080397818178,-0.12483413537951171,0
leverage_cancer,30049,proportional,0.0,0,0,0.0,0.0,118.33080397818178,-0.12483413537951171,0
leverage_cancer,30049,vol_target,0.0,0,0,238.04361207110497,214.29793490602967,101.32752800193873,-0.049315727263384845,9
leverage_cancer,30049,liquidate,0.0,0,0,0.0,0.0,118.33080397818178,-0.12483413537951171,0
leverage_cancer,30049,immune,0.0,0,0,13.300741555122045,13.300741555122045,118.10262579842106,-0.12483413537951171,1
leverage_cancer,30050,none,0.0,0,0,0.0,0.0,94.33235416365491,-0.16448550455548872,0
leverage_cancer,30050,proportional,0.0,0,0,0.0,0.0,94.33235416365491,-0.16448550455548872,0
leverage_cancer,30050,vol_target,0.0,0,0,237.0365703081258,217.37277204184196,93.10880172434403,-0.10646703197685548,9
leverage_cancer,30050,liquidate,0.0,0,0,0.0,0.0,94.33235416365491,-0.16448550455548872,0
leverage_cancer,30050,immune,0.0,0,0,12.631369177307256,12.631369177307256,95.65193630892382,-0.16497854995755723,1
leverage_cancer,30051,none,0.18130341545172568,4,5,0.0,0.0,91.29468243559363,-0.23966624409253945,0
leverage_cancer,30051,proportional,0.018928281093003818,1,5,13.631245577886602,13.631245577886602,91.19068315508173,-0.23893117461597524,0
leverage_cancer,30051,vol_target,0.0,0,0,162.8318625156022,147.13101150203968,92.38578963222689,-0.092526892534606,4
leverage_cancer,30051,liquidate,0.018928281093003818,1,5,245.36242040195884,245.36242040195884,89.4226953863792,-0.226434993514385,0
leverage_cancer,30051,immune,0.0,0,0,26.200359737345075,12.89961818222303,91.93767213341313,-0.2276898330628998,2
leverage_cancer,30052,none,0.4384035236258672,8,1,0.0,0.0,93.81193673335889,-0.21694206101662694,0
leverage_cancer,30052,proportional,0.020432044586932818,1,1,12.25338355579408,10.0,93.12915776105989,-0.21698408004091752,0
leverage_cancer,30052,vol_target,0.0,0,0,240.1824779044003,222.54357250478458,87.60594031272201,-0.14807846293592475,12
leverage_cancer,30052,liquidate,0.020432044586932818,1,1,220.56090400429343,180.0,81.52191523197698,-0.2176984034538575,0
leverage_cancer,30052,immune,0.0,0,0,24.02506230312457,11.798398710442676,91.08209737358752,-0.21273842774849683,2
leverage_cancer,30053,none,0.0,0,0,0.0,0.0,123.21689017773281,-0.10764288918767195,0
leverage_cancer,30053,proportional,0.0,0,0,0.0,0.0,123.21689017773281,-0.10764288918767195,0
leverage_cancer,30053,vol_target,0.0,0,0,240.01764920448642,217.55072132377208,103.13952007654179,-0.05316509287757998,11
leverage_cancer,30053,liquidate,0.0,0,0,0.0,0.0,123.21689017773281,-0.10764288918767195,0
leverage_cancer,30053,immune,0.0,0,0,13.300741555122045,0.0,120.95583120076125,-0.10764288918767195,1
leverage_cancer,30054,none,0.0,0,0,0.0,0.0,117.28899287515878,-0.07807739034385952,0
leverage_cancer,30054,proportional,0.0,0,0,0.0,0.0,117.28899287515878,-0.07807739034385952,0
leverage_cancer,30054,vol_target,0.0,0,0,240.36571436305843,217.78379517234936,100.37797266492254,-0.07807739034385952,16
leverage_cancer,30054,liquidate,0.0,0,0,0.0,0.0,117.28899287515878,-0.07807739034385952,0
leverage_cancer,30054,immune,0.0,0,0,13.300741555122045,13.300741555122045,116.17678206808351,-0.07807739034385952,1
leverage_cancer,30055,none,11.202494503432215,26,25,0.0,0.0,100.24297032982628,-0.29999224139301117,0
leverage_cancer,30055,proportional,0.16884538684392503,3,5,57.97440734728395,45.24381250000001,94.7458266612017,-0.28831334842956713,0
leverage_cancer,30055,vol_target,0.0,0,0,238.5781140142772,213.346565529199,87.4928691535058,-0.1399644909104929,12
leverage_cancer,30055,liquidate,0.0847345427860775,1,1,226.80300908254014,180.0,82.64140481630729,-0.21128136322251478,0
leverage_cancer,30055,immune,0.00960081851295147,1,1,57.4957341759455,35.13342828164909,91.807650350151,-0.28670584540607136,3
leverage_cancer,30056,none,0.0,0,0,0.0,0.0,112.07490797674183,-0.1267250755144801,0
leverage_cancer,30056,proportional,0.0,0,0,0.0,0.0,112.07490797674183,-0.1267250755144801,0
leverage_cancer,30056,vol_target,0.0,0,0,234.37852671396834,208.47925607542226,97.26854863095404,-0.06062891238477486,10
leverage_cancer,30056,liquidate,0.0,0,0,0.0,0.0,112.07490797674183,-0.1267250755144801,0
leverage_cancer,30056,immune,0.0,0,0,13.300741555122045,13.300741555122045,112.8067655602696,-0.11789270928899376,1
leverage_cancer,30057,none,15.26763552902335,65,3,0.0,0.0,83.21676723559771,-0.30815522960661357,0
leverage_cancer,30057,proportional,0.09052401486617834,3,1,48.719102904330704,37.09875,82.63503911804487,-0.3024888481862956,0
leverage_cancer,30057,vol_target,0.0,0,0,240.31025760470342,223.4967180496307,96.95803234071231,-0.12538047521814943,11
leverage_cancer,30057,liquidate,0.06427910935015335,1,1,229.6793995807504,180.0,82.35677089777433,-0.26295909457880573,0
leverage_cancer,30057,immune,0.0,0,0,48.16819132808554,12.694900954724162,83.67137966656975,-0.3018914439060937,4
leverage_cancer,30058,none,0.0,0,0,0.0,0.0,120.45285137359465,-0.18761493277263075,0
leverage_cancer,30058,proportional,0.0,0,0,0.0,0.0,120.45285137359465,-0.18761493277263075,0
leverage_cancer,30058,vol_target,0.0,0,0,238.8847086614477,214.6458285715005,102.92076770253576,-0.056402037746540734,12
leverage_cancer,30058,liquidate,0.0,0,0,0.0,0.0,120.45285137359465,-0.18761493277263075,0
leverage_cancer,30058,immune,0.0,0,0,13.300741555122045,0.0,120.74468049129754,-0.1751756785844618,1
leverage_cancer,30059,none,10.600361681174792,47,48,0.0,0.0,103.30632583853391,-0.2666269848929491,0
leverage_cancer,30059,proportional,0.16073129595932523,2,1,38.59223288681843,28.52499999999999,100.44517815586077,-0.2610136000066505,0
leverage_cancer,30059,vol_target,0.0,0,0,238.9245613900771,218.15255682009024,101.28421093041511,-0.07306963948208889,10
leverage_cancer,30059,liquidate,0.01620321697507654,1,1,240.12630816810315,180.0,88.98223929930224,-0.19657678268484036,0
leverage_cancer,30059,immune,0.0,0,0,49.697059041492494,11.594626219220977,100.2537833740843,-0.28469204975097784,4
leverage_cancer,30060,none,0.36987623809022674,8,8,0.0,0.0,100.96607244991013,-0.21453089998983987,0
leverage_cancer,30060,proportional,0.03496522030851379,1,1,12.174170422012821,10.0,99.88037690156003,-0.2145826534851244,0
leverage_cancer,30060,vol_target,0.0,0,0,240.4492997216581,220.5701949036757,87.7451843175789,-0.15571545553321375,18
leverage_cancer,30060,liquidate,0.03496522030851379,1,1,219.13506759623075,180.0,81.4235525796092,-0.21546246290495863,0
leverage_cancer,30060,immune,0.0,0,0,23.717029496541755,23.717029496541755,101.1050167922752,-0.2140219406938868,2
leverage_cancer,30061,none,0.0,0,0,0.0,0.0,125.08063180022211,-0.07959151039614154,0
leverage_cancer,30061,proportional,0.0,0,0,0.0,0.0,125.08063180022211,-0.07959151039614154,0
leverage_cancer,30061,vol_target,0.0,0,0,226.25562095537165,195.39828654240455,103.93781479351605,-0.029503341067777522,12
leverage_cancer,30061,liquidate,0.0,0,0,0.0,0.0,125.08063180022211,-0.07959151039614154,0
leverage_cancer,30061,immune,0.0,0,0,13.300741555122045,0.0,122.72895204732771,-0.08016167611888492,1
leverage_cancer,30062,none,0.0,0,0,0.0,0.0,115.94294248497233,-0.1964093754600531,0
leverage_cancer,30062,proportional,0.0,0,0,0.0,0.0,115.94294248497233,-0.1964093754600531,0
leverage_cancer,30062,vol_target,0.0,0,0,173.68343831384237,151.25634739992284,106.48675904680476,-0.0595894613596929,5
leverage_cancer,30062,liquidate,0.0,0,0,0.0,0.0,115.94294248497233,-0.1964093754600531,0
leverage_cancer,30062,immune,0.0,0,0,13.146947305053061,0.0,114.16029165646148,-0.19478074175384885,1
leverage_cancer,30063,none,36.5689123655465,76,81,0.0,0.0,85.99450413741563,-0.34972567206039895,0
leverage_cancer,30063,proportional,0.23766613402516512,5,1,68.61248911686855,55.791410482549836,82.79903748399357,-0.32937881459365725,0
leverage_cancer,30063,vol_target,0.0,0,0,236.7806005825573,211.1876271007508,88.37936383257374,-0.13412834580017963,11
leverage_cancer,30063,liquidate,0.022267376890309443,1,1,225.69963704570853,180.0,82.3755630603508,-0.20942365450591327,0
leverage_cancer,30063,immune,0.0579499671404764,1,1,57.14835949335639,32.85111028905923,84.12107927828976,-0.30104941752815717,3
leverage_cancer,30064,none,0.0,0,0,0.0,0.0,127.6682982141958,-0.09911119132433888,0
leverage_cancer,30064,proportional,0.0,0,0,0.0,0.0,127.6682982141958,-0.09911119132433888,0
leverage_cancer,30064,vol_target,0.0,0,0,223.8302678811858,206.99197684804378,104.88190836396744,-0.055976031168565754,7
leverage_cancer,30064,liquidate,0.0,0,0,0.0,0.0,127.6682982141958,-0.09911119132433888,0
leverage_cancer,30064,immune,0.0,0,0,13.300741555122045,0.0,127.05504192890041,-0.09911119132433888,1
leverage_cancer,30065,none,0.0152680611531677,1,1,0.0,0.0,114.41841586991181,-0.22160951853379174,0
leverage_cancer,30065,proportional,0.0152680611531677,1,1,12.0,12.0,112.6292407430123,-0.22207892972536591,0
leverage_cancer,30065,vol_target,0.0152680611531677,1,1,240.31564237876086,224.16666904652337,80.6086422672401,-0.22160951853379174,18
leverage_cancer,30065,liquidate,0.0152680611531677,1,1,216.0,216.0,82.21326358572132,-0.23005891998212624,0
leverage_cancer,30065,immune,0.0152680611531677,1,1,23.4,23.4,109.99954477650822,-0.22252487035736124,0
leverage_cancer,30066,none,2.856275521834685,21,9,0.0,0.0,83.99786900883487,-0.2193920606517371,0
leverage_cancer,30066,proportional,0.04643753541705076,2,1,26.580928876878865,26.580928876878865,84.27156324618667,-0.21476640809233605,0
leverage_cancer,30066,vol_target,0.0,0,0,237.7765245031107,216.8503218449164,97.97080930300183,-0.07244190873172274,9
leverage_cancer,30066,liquidate,0.040045307486181514,1,1,245.36242040195884,245.36242040195884,88.12845683418672,-0.16139113350504042,0
leverage_cancer,30066,immune,0.0,0,0,38.58484813037652,38.58484813037652,85.16742691630218,-0.2066013348017055,3
leverage_cancer,30067,none,24.36269315189649,60,62,0.0,0.0,91.00289686902862,-0.29156075263431824,0
leverage_cancer,30067,proportional,0.19620461500743813,4,1,59.8121843498044,48.20148471847351,88.02573863726472,-0.2768067677822518,0
leverage_cancer,30067,vol_target,0.0,0,0,154.84256209862696,128.3563514269651,94.73856450574746,-0.12863103009008958,5
leverage_cancer,30067,liquidate,0.09035123901063624,1,1,230.27555237571943,180.0,82.6935499449625,-0.1977281047698065,0
leverage_cancer,30067,immune,0.0,0,0,70.04020779436833,35.346679738438745,87.16555464177473,-0.28210519890345553,6
leverage_cancer,30068,none,0.0,0,0,0.0,0.0,132.50235590986566,-0.11593462490690476,0
leverage_cancer,30068,proportional,0.0,0,0,0.0,0.0,132.50235590986566,-0.11593462490690476,0
leverage_cancer,30068,vol_target,0.0,0,0,225.04481766505623,200.09238634030777,117.84763522537183,-0.035317778431370295,9
leverage_cancer,30068,liquidate,0.0,0,0,0.0,0.0,132.50235590986566,-0.11593462490690476,0
leverage_cancer,30068,immune,0.0,0,0,13.300741555122045,13.300741555122045,132.94265865677696,-0.10829271586593381,1
leverage_cancer,30069,none,0.42018372121345493,13,21,0.0,0.0,91.73812417019087,-0.21182862528403545,0
leverage_cancer,30069,proportional,0.02155525637541622,1,1,13.184710672713699,10.0,91.46203018921977,-0.21166386492197475,0
leverage_cancer,30069,vol_target,0.0,0,0,232.7986702308159,206.63267650623624,95.69455938335838,-0.05777406631194948,10
leverage_cancer,30069,liquidate,0.02155525637541622,1,1,237.32479210884654,180.0,86.76843251270977,-0.20886293876694328,0
leverage_cancer,30069,immune,0.0,0,0,25.712527140586673,13.146947305053061,90.60326873313237,-0.20752377457547522,2
leverage_cancer,30070,none,80.9818194744322,87,87,0.0,0.0,73.50913430148302,-0.42869630613720755,0
leverage_cancer,30070,proportional,0.3826267349925927,6,7,85.99153149837746,72.52104713767358,72.04001031583402,-0.3963330758684498,0
leverage_cancer,30070,vol_target,0.0,0,0,197.4271874953214,183.56933126193445,84.150202343223,-0.21236402454637726,4
leverage_cancer,30070,liquidate,0.15421017585322794,1,1,222.54315321559864,180.0,77.01506053867209,-0.27039423018246644,0
leverage_cancer,30070,immune,0.050551724834687395,1,1,75.76585763473751,51.758317253895086,74.14202502756753,-0.37637387202856387,5
leverage_cancer,30071,none,0.0,0,0,0.0,0.0,106.67894067882466,-0.13232070566215248,0
leverage_cancer,30071,proportional,0.0,0,0,0.0,0.0,106.67894067882466,-0.13232070566215248,0
leverage_cancer,30071,vol_target,0.0,0,0,233.89131146416878,215.1552372691342,108.0082454573345,-0.03951093118399063,10
leverage_cancer,30071,liquidate,0.0,0,0,0.0,0.0,106.67894067882466,-0.13232070566215248,0
leverage_cancer,30071,immune,0.0,0,0,13.300741555122045,0.0,106.53771508736523,-0.13232070566215248,1
leverage_cancer,30072,none,18.14430322610653,48,48,0.0,0.0,76.47421684248225,-0.30524935637428763,0
leverage_cancer,30072,proportional,0.28557419429966124,3,1,61.67295190673557,61.67295190673557,77.15632843786578,-0.2916970317785048,0
leverage_cancer,30072,vol_target,0.0,0,0,239.0796646619367,217.4512608746186,100.70152390876284,-0.03730178503439274,11
leverage_cancer,30072,liquidate,0.1670409886024622,1,1,245.36242040195884,245.36242040195884,84.13968367387179,-0.20432142785965146,0
leverage_cancer,30072,immune,0.0,0,0,50.096902419913235,36.79616086479119,85.11359810472061,-0.24552262362121646,4
leverage_cancer,30073,none,9.181306932573259,42,36,0.0,0.0,105.80025858214515,-0.2629467616358372,0
leverage_cancer,30073,proportional,0.12310018423402713,2,1,35.676569562065914,28.52499999999999,101.76004570784806,-0.2587471777560112,0
leverage_cancer,30073,vol_target,0.0,0,0,216.29072903704682,191.20336921983886,91.64171856965902,-0.12490724869778813,8
leverage_cancer,30073,liquidate,0.12052148649943817,1,1,224.09315888811807,180.0,81.49638063301,-0.22466389547175014,0
leverage_cancer,30073,immune,0.0,0,0,46.36449405876796,23.095190514167985,96.50505520385796,-0.2653307317933,4
leverage_cancer,30074,none,0.0,0,0,0.0,0.0,104.70811326385676,-0.17350364241401317,0
leverage_cancer,30074,proportional,0.0,0,0,0.0,0.0,104.70811326385676,-0.17350364241401317,0
leverage_cancer,30074,vol_target,0.0,0,0,224.4983439313286,198.12792981821366,112.7297464629643,-0.02762187988012388,10
leverage_cancer,30074,liquidate,0.0,0,0,0.0,0.0,104.70811326385676,-0.17350364241401317,0
leverage_cancer,30074,immune,0.0,0,0,13.300741555122045,13.300741555122045,105.86319945517927,-0.1603498809050916,1
leverage_cancer,30075,none,21.054955092436547,52,52,0.0,0.0,78.91827540495039,-0.3507434052323076,0
leverage_cancer,30075,proportional,0.26546158026422173,4,2,61.58898832321528,51.31482389581404,78.95726255677123,-0.33404499787423314,0
leverage_cancer,30075,vol_target,0.0,0,0,240.4069360510975,221.81580664929146,101.56610724984186,-0.0714704166739435,17
leverage_cancer,30075,liquidate,0.20626138718521592,1,1,244.5873719386945,180.0,83.1977675733206,-0.246603275929133,0
leverage_cancer,30075,immune,0.0,0,0,61.10521473460156,22.690600548439754,79.75430897097877,-0.3295747952831116,5
leverage_cancer,30076,none,24.610985066295,62,65,0.0,0.0,72.35635469794659,-0.3323524164735352,0
leverage_cancer,30076,proportional,0.048792226115776494,5,6,60.76330386160242,54.5920230298567,73.96223967500559,-0.3175345718097088,0
leverage_cancer,30076,vol_target,0.0,0,0,196.74588010440186,173.9380596734107,97.5706285107397,-0.09969491110637096,5
leverage_cancer,30076,liquidate,0.0020450054037399745,1,1,235.30965517637662,180.0,84.67751727293843,-0.21866241020151556,0
leverage_cancer,30076,immune,0.0,0,0,70.55905305496317,45.034050729600224,71.3406508687245,-0.34172453326949015,6
leverage_cancer,30077,none,0.0,0,0,0.0,0.0,107.03295003472675,-0.1573054801919067,0
leverage_cancer,30077,proportional,0.0,0,0,0.0,0.0,107.03295003472675,-0.1573054801919067,0
leverage_cancer,30077,vol_target,0.0,0,0,180.51045415981326,160.36965718852966,103.09060420514315,-0.052387390696599034,5
leverage_cancer,30077,liquidate,0.0,0,0,0.0,0.0,107.03295003472675,-0.1573054801919067,0
leverage_cancer,30077,immune,0.0,0,0,13.300741555122045,13.300741555122045,109.07912665646329,-0.14960037404334858,1
leverage_cancer,30078,none,0.9900375549057729,12,4,0.0,0.0,84.38030939869464,-0.20383286717715599,0
leverage_cancer,30078,proportional,0.08468512078877799,1,1,24.631169895749146,19.499999999999993,84.03969132813161,-0.18830671136264954,0
leverage_cancer,30078,vol_target,0.0,0,0,203.40601139232086,168.16113672705768,91.27567944734169,-0.10233587388405352,8
leverage_cancer,30078,liquidate,0.08468512078877799,1,1,227.3646451915306,180.0,81.23614259349783,-0.19012158320327766,0
leverage_cancer,30078,immune,0.0,0,0,24.601527989996875,12.600167171252231,85.14921099345973,-0.179316661053451,2
leverage_cancer,30079,none,0.0,0,0,0.0,0.0,100.34375689552215,-0.15589168518992624,0
leverage_cancer,30079,proportional,0.0,0,0,0.0,0.0,100.34375689552215,-0.15589168518992624,0
leverage_cancer,30079,vol_target,0.0,0,0,162.43595426720003,147.35359058116933,100.71784535496701,-0.06147430317428704,4
leverage_cancer,30079,liquidate,0.0,0,0,0.0,0.0,100.34375689552215,-0.15589168518992624,0
leverage_cancer,30079,immune,0.0,0,0,13.300741555122045,13.300741555122045,100.25366525093929,-0.15589168518992624,1
leverage_cancer,30080,none,0.0,0,0,0.0,0.0,106.72001346439845,-0.14168988033692553,0
leverage_cancer,30080,proportional,0.0,0,0,0.0,0.0,106.72001346439845,-0.14168988033692553,0
leverage_cancer,30080,vol_target,0.0,0,0,237.89077651930197,213.10246321203158,88.1524612380547,-0.1453267325662102,11
leverage_cancer,30080,liquidate,0.0,0,0,0.0,0.0,106.72001346439845,-0.14168988033692553,0
leverage_cancer,30080,immune,0.0,0,0,13.300741555122045,0.0,106.83072273251018,-0.14168988033692553,1
leverage_cancer,30081,none,0.0,0,0,0.0,0.0,141.80480087621302,-0.08253673568217479,0
leverage_cancer,30081,proportional,0.0,0,0,0.0,0.0,141.80480087621302,-0.08253673568217479,0
leverage_cancer,30081,vol_target,0.0,0,0,240.28633407253568,225.33060499950992,110.94729335345411,-0.07000849068514614,17
leverage_cancer,30081,liquidate,0.0,0,0,0.0,0.0,141.80480087621302,-0.08253673568217479,0
leverage_cancer,30081,immune,0.0,0,0,13.300741555122045,0.0,142.7186462972754,-0.08253673568217479,1
leverage_cancer,30082,none,0.0,0,0,0.0,0.0,103.3772450750493,-0.1967386303234252,0
leverage_cancer,30082,proportional,0.0,0,0,0.0,0.0,103.3772450750493,-0.1967386303234252,0
leverage_cancer,30082,vol_target,0.0,0,0,226.43199333336423,203.96736891481035,107.39992405265113,-0.06126539421757271,6
leverage_cancer,30082,liquidate,0.0,0,0,0.0,0.0,103.3772450750493,-0.1967386303234252,0
leverage_cancer,30082,immune,0.0,0,0,13.300741555122045,0.0,103.65381069464212,-0.18774939629014142,1
leverage_cancer,30083,none,3.2070347918123634,9,9,0.0,0.0,77.01504605639292,-0.3441803453151322,0
leverage_cancer,30083,proportional,0.12413567443900098,3,2,50.57021718826206,50.57021718826206,78.05620132123923,-0.3348231409864195,0
leverage_cancer,30083,vol_target,0.0,0,0,240.10043434070624,215.96900389426028,105.47091406201754,-0.04068178669656619,13
leverage_cancer,30083,liquidate,0.036670477358989206,1,1,245.36242040195884,245.36242040195884,87.51987243184087,-0.25216835679933636,0
leverage_cancer,30083,immune,0.0,0,0,50.096902419913235,36.79616086479119,78.53142165117221,-0.3287505298276202,4
leverage_cancer,30084,none,0.0,0,0,0.0,0.0,94.11355689519294,-0.15752086832964807,0
leverage_cancer,30084,proportional,0.0,0,0,0.0,0.0,94.11355689519294,-0.15752086832964807,0
leverage_cancer,30084,vol_target,0.0,0,0,240.34841585576137,222.793623182042,101.83783285470507,-0.08629895050899805,13
leverage_cancer,30084,liquidate,0.0,0,0,0.0,0.0,94.11355689519294,-0.15752086832964807,0
leverage_cancer,30084,immune,0.0,0,0,13.300741555122045,13.300741555122045,93.51110359378833,-0.15804356908208528,1
leverage_cancer,30085,none,1.5332858269367033,9,9,0.0,0.0,85.05539916369452,-0.29472024420470144,0
leverage_cancer,30085,proportional,0.06592806725693912,1,1,26.580928876878865,26.580928876878865,85.32595632525877,-0.2912033409926762,0
leverage_cancer,30085,vol_target,0.0,0,0,240.40281254952146,219.1562229094774,84.80490799006914,-0.15734571444615986,12
leverage_cancer,30085,liquidate,0.06592806725693912,1,1,245.36242040195884,245.36242040195884,87.55284988582629,-0.26225652224754425,0
leverage_cancer,30085,immune,0.0,0,0,37.47669175591888,37.47669175591888,86.14279660376862,-0.278271495616503,3
leverage_cancer,30086,none,0.0,0,0,0.0,0.0,102.6764803242504,-0.23361362379760575,0
leverage_cancer,30086,proportional,0.0,0,0,0.0,0.0,102.6764803242504,-0.23361362379760575,0
leverage_cancer,30086,vol_target,0.0,0,0,226.0809340575691,201.06775337120158,99.38243045687805,-0.06952754384268323,7
leverage_cancer,30086,liquidate,0.0,0,0,0.0,0.0,102.6764803242504,-0.23361362379760575,0
leverage_cancer,30086,immune,0.0,0,0,13.300741555122045,13.300741555122045,104.71533022351385,-0.21852721034514355,1
leverage_cancer,30087,none,0.0,0,0,0.0,0.0,114.52509859842039,-0.12270698637106525,0
leverage_cancer,30087,proportional,0.0,0,0,0.0,0.0,114.52509859842039,-0.12270698637106525,0
leverage_cancer,30087,vol_target,0.0,0,0,240.44180766690616,219.0397006401875,105.40152107810803,-0.08044210586492473,15
leverage_cancer,30087,liquidate,0.0,0,0,0.0,0.0,114.52509859842039,-0.12270698637106525,0
leverage_cancer,30087,immune,0.0,0,0,13.300741555122045,13.300741555122045,113.79076820578535,-0.12268506299184889,1
leverage_cancer,30088,none,0.0,0,0,0.0,0.0,133.36296741610292,-0.07942997604036095,0
leverage_cancer,30088,proportional,0.0,0,0,0.0,0.0,133.36296741610292,-0.07942997604036095,0
leverage_cancer,30088,vol_target,0.0,0,0,240.20893378997712,220.29967206874682,97.03156684753452,-0.07395090683890326,11
leverage_cancer,30088,liquidate,0.0,0,0,0.0,0.0,133.36296741610292,-0.07942997604036095,0
leverage_cancer,30088,immune,0.0,0,0,13.300741555122045,0.0,131.51358728849473,-0.07942997604036095,1
leverage_cancer,30089,none,0.0,0,0,0.0,0.0,127.08255408863263,-0.1513976999497263,0
leverage_cancer,30089,proportional,0.0,0,0,0.0,0.0,127.08255408863263,-0.1513976999497263,0
leverage_cancer,30089,vol_target,0.0,0,0,240.1941170765029,222.422115320564,103.01321657549559,-0.05483814090750372,13
leverage_cancer,30089,liquidate,0.0,0,0,0.0,0.0,127.08255408863263,-0.1513976999497263,0
leverage_cancer,30089,immune,0.0,0,0,13.300741555122045,0.0,126.14274252113499,-0.14486970127512722,1
leverage_cancer,30090,none,0.0,0,0,0.0,0.0,102.70137923242176,-0.17602445405714617,0
leverage_cancer,30090,proportional,0.0,0,0,0.0,0.0,102.70137923242176,-0.17602445405714617,0
leverage_cancer,30090,vol_target,0.0,0,0,240.31551942650842,221.7451664786793,93.70961132738958,-0.12233348228675545,15
leverage_cancer,30090,liquidate,0.0,0,0,0.0,0.0,102.70137923242176,-0.17602445405714617,0
leverage_cancer,30090,immune,0.0,0,0,13.300741555122045,0.0,105.07800044723362,-0.15315062960260106,1
leverage_cancer,30091,none,2.265978673064637,20,15,0.0,0.0,95.4163746533324,-0.1807652611872702,0
leverage_cancer,30091,proportional,0.05860670995392514,1,1,25.491879310774124,19.499999999999993,94.34578500313741,-0.17573021936399658,0
leverage_cancer,30091,vol_target,0.0,0,0,248.80347641978994,238.02789086984504,93.1443730172678,-0.11856454124425408,15
leverage_cancer,30091,liquidate,0.05860670995392514,1,1,235.30965517637662,180.0,85.53400865153272,-0.1578663477667085,0
leverage_cancer,30091,immune,0.0,0,0,36.94492795601127,24.58141944403357,91.674335873712,-0.19126361015205406,3
leverage_cancer,30092,none,0.0,0,0,0.0,0.0,114.23075445017278,-0.13109708295180356,0
leverage_cancer,30092,proportional,0.0,0,0,0.0,0.0,114.23075445017278,-0.13109708295180356,0
leverage_cancer,30092,vol_target,0.0,0,0,240.2149844066158,227.63177780284576,100.41689122584351,-0.12007662022733334,10
leverage_cancer,30092,liquidate,0.0,0,0,0.0,0.0,114.23075445017278,-0.13109708295180356,0
leverage_cancer,30092,immune,0.0,0,0,13.300741555122045,0.0,115.27662784166327,-0.12007662022733334,1
leverage_cancer,30093,none,28.305806411295794,63,1,0.0,0.0,81.03949470592264,-0.2979148739655776,0
leverage_cancer,30093,proportional,0.11568168539209811,4,1,58.833423645573795,48.20148471847351,80.1702132293765,-0.28210594255926513,0
leverage_cancer,30093,vol_target,0.0,0,0,239.57301452448965,220.37480523220862,89.68574409500154,-0.10353687563704983,9
leverage_cancer,30093,liquidate,0.06611655702924857,1,1,220.56090400429343,180.0,79.15664371551354,-0.21926454494734515,0
leverage_cancer,30093,immune,0.0,0,0,79.30274366569418,55.65073689270244,75.83146450697556,-0.31153763816894353,7
leverage_cancer,30094,none,0.0,0,0,0.0,0.0,94.65983998244123,-0.18404793011727938,0
leverage_cancer,30094,proportional,0.0,0,0,0.0,0.0,94.65983998244123,-0.18404793011727938,0
leverage_cancer,30094,vol_target,0.0,0,0,240.3282136541447,221.00522111266113,96.58576150910237,-0.08746693062525412,16
leverage_cancer,30094,liquidate,0.0,0,0,0.0,0.0,94.65983998244123,-0.18404793011727938,0
leverage_cancer,30094,immune,0.0,0,0,13.300741555122045,13.300741555122045,94.72008242802129,-0.1798466249975752,1
leverage_cancer,30095,none,0.0,0,0,0.0,0.0,148.71953115718873,-0.08170067457106045,0
leverage_cancer,30095,proportional,0.0,0,0,0.0,0.0,148.71953115718873,-0.08170067457106045,0
leverage_cancer,30095,vol_target,0.0,0,0,240.30895711746817,220.8846254644182,100.54541977061612,-0.0742295980033405,11
leverage_cancer,30095,liquidate,0.0,0,0,0.0,0.0,148.71953115718873,-0.08170067457106045,0
leverage_cancer,30095,immune,0.0,0,0,13.300741555122045,0.0,145.83977049401943,-0.08031353637483929,1
leverage_cancer,30096,none,3.6367294984572562,18,18,0.0,0.0,97.41453828146354,-0.2674430631884064,0
leverage_cancer,30096,proportional,0.18199503439190057,2,6,50.24028946498379,43.48928831138319,94.57963382172794,-0.26101887551415104,0
leverage_cancer,30096,vol_target,0.0,0,0,240.36734736956035,222.8056542913252,97.59339290614959,-0.0905083256196364,20
leverage_cancer,30096,liquidate,0.07567685493658116,1,1,242.316933725544,180.0,87.55709918858963,-0.19986900798181184,0
leverage_cancer,30096,immune,0.0,0,0,38.32260704693971,13.222927200786263,96.60647685878826,-0.24598725825013013,3
leverage_cancer,30097,none,0.025024706343674374,1,1,0.0,0.0,95.05736390244289,-0.11595785919641399,0
leverage_cancer,30097,proportional,0.025024706343674374,1,1,13.631245577886602,13.631245577886602,94.75613080671067,-0.11649270905988995,0
leverage_cancer,30097,vol_target,0.0,0,0,227.55064636878237,203.79347159755966,96.23765156241919,-0.08721826161013524,8
leverage_cancer,30097,liquidate,0.025024706343674374,1,1,245.36242040195884,245.36242040195884,89.63516817926306,-0.1255851567389813,0
leverage_cancer,30097,immune,0.0,0,0,13.300741555122045,13.300741555122045,95.4040219514348,-0.1040440603045173,1
leverage_cancer,30098,none,0.09876213172124837,3,1,0.0,0.0,104.21370218456282,-0.2097162613363479,0
leverage_cancer,30098,proportional,0.00034790647572302547,1,1,13.631245577886602,13.631245577886602,103.49171374690735,-0.2091631009123469,0
leverage_cancer,30098,vol_target,0.0,0,0,150.3467410313549,138.31486265111695,103.56958231299579,-0.08259996033193895,3
leverage_cancer,30098,liquidate,0.00034790647572302547,1,1,245.36242040195884,245.36242040195884,91.21791030676387,-0.19975937370433594,0
leverage_cancer,30098,immune,0.0,0,0,13.300741555122045,13.300741555122045,104.82327877078315,-0.1986614138663888,1
leverage_cancer,30099,none,92.76499464398054,84,1,0.0,0.0,49.932873989166595,-0.5378960405692398,0
leverage_cancer,30099,proportional,0.3341606238850847,9,1,106.03191208672176,92.96516704478627,57.13480689475217,-0.46793391273513496,0
leverage_cancer,30099,vol_target,0.0,0,0,237.66909867454402,214.54159371364736,92.3262994992595,-0.13441691738322614,10
leverage_cancer,30099,liquidate,0.012364887746677322,1,1,221.04763485234497,180.0,77.48919624636939,-0.2740613740025464,0
leverage_cancer,30099,immune,0.0005977926126190525,1,1,103.63265063252949,70.53938638152187,56.541783787498346,-0.4749139549122856,8
systemic_correlation,30000,none,1.9843335104428053,57,6,0.0,0.0,88.51898809898175,-0.2699136866902161,0
systemic_correlation,30000,proportional,0.11500208263881095,1,1,23.39999999999999,0.0,87.26002026018098,-0.2510537381941027,0
systemic_correlation,30000,vol_target,0.0,0,0,221.02537045356627,221.02537045356627,94.70512593822593,-0.08172485117274242,7
systemic_correlation,30000,liquidate,0.11500208263881095,1,1,216.0,0.0,76.89774651005122,-0.25510361391876657,0
systemic_correlation,30000,immune,0.11500208263881095,1,1,23.4,0.0,87.64945967209343,-0.260617536990182,0
systemic_correlation,30001,none,58.79428169777798,67,67,0.0,0.0,67.15384408189787,-0.5017429449721986,0
systemic_correlation,30001,proportional,0.3156095805038275,5,4,72.39904893750001,0.0,66.87294700558932,-0.47125282982691896,0
systemic_correlation,30001,vol_target,0.0,0,0,238.61928457488162,138.39283862402235,99.54126463044999,-0.09030142150487785,20
systemic_correlation,30001,liquidate,0.132973683927045,1,1,216.0,0.0,74.36346814184355,-0.337943485216467,0
systemic_correlation,30001,immune,0.10647265728495148,2,3,80.779096490625,0.0,66.57103372457065,-0.4701808279051658,4
systemic_correlation,30002,none,4.647943826017598,56,56,0.0,0.0,91.3397259935551,-0.41249971674916663,0
systemic_correlation,30002,proportional,0.01645724091054457,1,1,12.0,0.0,92.01657733116254,-0.40532588469181163,0
systemic_correlation,30002,vol_target,0.0,0,0,226.1399790347944,226.1399790347944,98.9694484872144,-0.09719416792014479,8
systemic_correlation,30002,liquidate,0.01645724091054457,1,1,216.0,0.0,103.52305007048825,-0.2833707397167804,0
systemic_correlation,30002,immune,0.0,0,0,23.4,0.0,93.65879911367406,-0.40089464306694145,2
systemic_correlation,30003,none,130.77623447109988,67,67,0.0,0.0,46.0537294337984,-0.591314603200831,0
systemic_correlation,30003,proportional,0.544498115399469,6,5,96.30313458278907,7.562992916695308,51.83147280005062,-0.5127309184255859,0
systemic_correlation,30003,vol_target,0.0,0,0,226.9235602867432,226.9235602867432,86.28919706514498,-0.13993318856598447,10
systemic_correlation,30003,liquidate,0.007460203690186962,1,1,216.0,0.0,75.13077218748812,-0.25387746787900056,0
systemic_correlation,30003,immune,0.3432989126807051,3,5,96.30313458278906,7.562992916695315,53.17066403871141,-0.5026197561051214,2
systemic_correlation,30004,none,79.54451603126262,72,72,0.0,0.0,62.150648970964795,-0.5115763184822968,0
systemic_correlation,30004,proportional,0.6480524263632548,3,3,80.77909649062502,0.0,62.5240208542907,-0.4704833633350617,0
systemic_correlation,30004,vol_target,0.0,0,0,239.73160719189488,239.73160719189488,85.6031064657063,-0.16822755207219542,9
systemic_correlation,30004,liquidate,0.07510396526276386,1,1,216.0,0.0,75.16059248120304,-0.28577343188079085,0
systemic_correlation,30004,immune,0.21451008361442314,3,5,88.74014166609375,0.0,62.911382352911836,-0.4709824905412494,3
systemic_correlation,30005,none,9.395193793938654,59,1,0.0,0.0,90.39189723210959,-0.3450606936864462,0
systemic_correlation,30005,proportional,0.06751966383610375,1,1,23.39999999999999,0.0,89.06660020979606,-0.3394869370853896,0
systemic_correlation,30005,vol_target,0.0,0,0,239.99960860641326,239.99960860641326,100.90954995189708,-0.12379323830438294,16
systemic_correlation,30005,liquidate,0.06751966383610375,1,1,216.0,0.0,78.15838625690813,-0.317311849059854,0
systemic_correlation,30005,immune,0.0,0,0,34.23,10.829999999999998,87.55178141364203,-0.3400132043976104,2
systemic_correlation,30006,none,3.8920808562491316,59,1,0.0,0.0,120.28380918591674,-0.3070008576148552,0
systemic_correlation,30006,proportional,0.0210119076484645,1,1,12.0,0.0,118.16979770731898,-0.30762892521319585,0
systemic_correlation,30006,vol_target,0.0,0,0,239.99999999709416,88.44084784466403,94.53960219346283,-0.1571810271689068,22
systemic_correlation,30006,liquidate,0.0210119076484645,1,1,216.0,0.0,82.23160257115806,-0.3183060743849879,0
systemic_correlation,30006,immune,0.0,0,0,12.0,0.0,117.25994116320514,-0.30892224054295825,1
systemic_correlation,30007,none,0.0,0,0,0.0,0.0,149.6753081145858,-0.1236371096961929,0
systemic_correlation,30007,proportional,0.0,0,0,0.0,0.0,149.6753081145858,-0.1236371096961929,0
systemic_correlation,30007,vol_target,0.0,0,0,238.54970816987156,238.54970816987156,100.43781993268612,-0.062238406675436786,12
systemic_correlation,30007,liquidate,0.0,0,0,0.0,0.0,149.6753081145858,-0.1236371096961929,0
systemic_correlation,30007,immune,0.0,0,0,0.0,0.0,149.6753081145858,-0.1236371096961929,0
systemic_correlation,30008,none,1188.6552994019146,78,78,0.0,0.0,1.98678552746764,-0.9918513744174787,0
systemic_correlation,30008,proportional,0.6794623669497444,14,4,153.9633786219499,73.18428213132485,30.358473463347668,-0.7175253916592792,0
systemic_correlation,30008,vol_target,0.0,0,0,239.92907844354525,239.92907844354525,93.89076323140426,-0.09998268662441734,16
systemic_correlation,30008,liquidate,0.055952079095763274,1,1,216.0,0.0,69.5844151799497,-0.34490242952270844,0
systemic_correlation,30008,immune,0.22804101968324675,6,4,149.43513539152613,60.694993725432425,32.19993421981601,-0.7006636330499079,7
systemic_correlation,30009,none,3.8421227260746136,64,10,0.0,0.0,106.5643418594837,-0.28057342562590204,0
systemic_correlation,30009,proportional,0.13802795065967066,1,1,23.39999999999999,0.0,103.49083107578602,-0.2793698555039099,0
systemic_correlation,30009,vol_target,0.0,0,0,236.04819159419503,236.04819159419503,98.95715427737167,-0.04402799886146014,12
systemic_correlation,30009,liquidate,0.13802795065967066,1,1,216.0,0.0,78.1934730868902,-0.2694635475767433,0
systemic_correlation,30009,immune,0.0,0,0,34.23,0.0,102.60329638759163,-0.27922683345802224,3
systemic_correlation,30010,none,25.123555680559566,63,63,0.0,0.0,73.20277627128719,-0.41576548579151495,0
systemic_correlation,30010,proportional,0.13959994992543778,3,1,44.5185,21.11850000000001,73.9977012856544,-0.4011335994923957,0
systemic_correlation,30010,vol_target,0.0,0,0,239.93980372889985,239.93980372889985,107.6343587612026,-0.09188609430215822,13
systemic_correlation,30010,liquidate,0.010740577562890485,1,1,216.0,0.0,94.78860766099949,-0.22497991120641803,0
systemic_correlation,30010,immune,0.0,0,0,44.518499999999996,10.288499999999999,75.71434900208732,-0.4037088121553707,4
systemic_correlation,30011,none,3.8706997639253604,60,60,0.0,0.0,121.40442134117019,-0.2887565651587728,0
systemic_correlation,30011,proportional,0.009239104497181683,1,1,12.0,0.0,120.31858170654885,-0.2892629502880676,0
systemic_correlation,30011,vol_target,0.0,0,0,219.7127747932057,219.7127747932057,116.6438681069397,-0.033455191813118734,10
systemic_correlation,30011,liquidate,0.009239104497181683,1,1,216.0,0.0,101.85930791798482,-0.297871497486079,0
systemic_correlation,30011,immune,0.0,0,0,23.4,0.0,121.49924446550247,-0.28544244178522926,2
systemic_correlation,30012,none,96.55376670117707,67,73,0.0,0.0,56.72263429641479,-0.5385610978574742,0
systemic_correlation,30012,proportional,0.3870939724098257,5,1,80.77909649062502,0.0,59.25577194296738,-0.49439219570271764,0
systemic_correlation,30012,vol_target,0.0,0,0,236.57468525080714,236.57468525080714,99.87356663333522,-0.038956319417256635,15
systemic_correlation,30012,liquidate,0.005294227365749027,1,1,216.0,0.0,76.24942580859826,-0.30281159107177835,0
systemic_correlation,30012,immune,0.20814952260871955,3,1,88.74014166609375,7.961045175468751,56.97522725585768,-0.4985240187004393,3
systemic_correlation,30013,none,933.6541268560869,78,1,0.0,0.0,15.083771612289198,-0.9395465113628565,0
systemic_correlation,30013,proportional,1.1548484355307456,11,1,149.43513539152622,21.78401584412875,34.83396393797345,-0.6857671744743836,0
systemic_correlation,30013,vol_target,0.0,0,0,239.9885405955213,239.9885405955213,90.27424709556965,-0.09777707055942653,17
systemic_correlation,30013,liquidate,0.016776855619800024,1,1,216.0,216.0,72.2439718072912,-0.28659870467566306,0
systemic_correlation,30013,immune,0.3943215859228606,3,1,149.43513539152613,21.784015844128753,34.720252682963185,-0.6792479880384898,11
systemic_correlation,30014,none,281.08870796396235,71,71,0.0,0.0,35.90215787874543,-0.7755154666835018,0
systemic_correlation,30014,proportional,0.885356581396997,8,1,128.8101047616592,18.496525800692083,44.8080877143823,-0.623076671644601,0
systemic_correlation,30014,vol_target,0.0,0,0,238.43808428649834,238.43808428649834,94.79595808127445,-0.08658658524049934,11
systemic_correlation,30014,liquidate,0.2150395968686314,1,1,216.0,0.0,69.47845831178581,-0.33931309821353073,0
systemic_correlation,30014,immune,0.4600191352255343,3,1,128.81010476165918,18.496525800692062,46.09127761111325,-0.6095599451824381,7
systemic_correlation,30015,none,8.226510800031994,71,71,0.0,0.0,99.61741426186614,-0.4557653626985163,0
systemic_correlation,30015,proportional,0.4045540590206378,3,8,63.57794625000001,0.0,91.12878875737584,-0.44290562528290534,0
systemic_correlation,30015,vol_target,0.0,0,0,238.79273532186974,238.79273532186974,110.52270606293182,-0.03211733116522708,12
systemic_correlation,30015,liquidate,0.14171268468390474,1,1,216.0,0.0,77.41805001666238,-0.3538280224258381,0
systemic_correlation,30015,immune,0.1557483921542384,2,5,54.292575,0.0,94.6509156896724,-0.4310288369304349,1
systemic_correlation,30016,none,1.5068906512339433,56,56,0.0,0.0,93.54408123004012,-0.2535383000641033,0
systemic_correlation,30016,proportional,0.0026855039707217587,1,1,12.0,0.0,93.71062077291445,-0.250381691852847,0
systemic_correlation,30016,vol_target,0.0,0,0,237.7253198474715,237.7253198474715,109.92938294891078,-0.02644426508796882,12
systemic_correlation,30016,liquidate,0.0026855039707217587,1,1,216.0,0.0,96.54179300177994,-0.19671935226148318,0
systemic_correlation,30016,immune,0.0,0,0,12.0,0.0,93.0809731487173,-0.25614766433482483,1
systemic_correlation,30017,none,7.081985819592005,58,58,0.0,0.0,98.21505895849998,-0.3548189467530406,0
systemic_correlation,30017,proportional,0.035412254363564655,2,1,23.39999999999999,0.0,98.94500414848643,-0.3467504477735843,0
systemic_correlation,30017,vol_target,0.0,0,0,237.8751501981228,237.8751501981228,103.32493851322842,-0.05716052025089102,11
systemic_correlation,30017,liquidate,0.023131724248663055,1,1,216.0,0.0,110.14475242015843,-0.2445865950150674,0
systemic_correlation,30017,immune,0.0,0,0,23.4,0.0,100.32909695796998,-0.33908293477252716,2
systemic_correlation,30018,none,0.0,0,0,0.0,0.0,141.69396775126728,-0.14131770896448115,0
systemic_correlation,30018,proportional,0.0,0,0,0.0,0.0,141.69396775126728,-0.14131770896448115,0
systemic_correlation,30018,vol_target,0.0,0,0,196.57373828842952,196.57373828842952,113.51799707428245,-0.035716042335163345,4
systemic_correlation,30018,liquidate,0.0,0,0,0.0,0.0,141.69396775126728,-0.14131770896448115,0
systemic_correlation,30018,immune,0.0,0,0,12.0,0.0,142.27576090641222,-0.13712337975904598,1
systemic_correlation,30019,none,2.19241102397892,53,53,0.0,0.0,123.92110783620143,-0.19522603938922245,0
systemic_correlation,30019,proportional,0.009874354651808748,1,1,12.0,0.0,124.58380227854606,-0.18880175580440484,0
systemic_correlation,30019,vol_target,0.0,0,0,220.43730497753032,220.43730497753032,101.29184281669168,-0.04282720810693441,7
systemic_correlation,30019,liquidate,0.009874354651808748,1,1,216.0,0.0,135.84960779840415,-0.18057454072341295,0
systemic_correlation,30019,immune,0.0,0,0,12.0,0.0,123.65062354154583,-0.19770136879204936,1
systemic_correlation,30020,none,42.15006270150755,70,70,0.0,0.0,68.5978123848467,-0.5493436577193136,0
systemic_correlation,30020,proportional,0.26664221765677887,3,2,63.57794625000001,0.0,68.59593884787614,-0.5235096485422253,0
systemic_correlation,30020,vol_target,0.0,0,0,239.599741838027,239.599741838027,117.24299014574703,-0.05007927594310746,11
systemic_correlation,30020,liquidate,0.06881430954006973,1,1,216.0,0.0,75.94927159823617,-0.40277136892957377,0
systemic_correlation,30020,immune,0.12674596329493726,2,1,72.3990489375,0.0,66.84253896959964,-0.5185074594023786,3
systemic_correlation,30021,none,45.60839003741377,65,65,0.0,0.0,65.59714977883654,-0.49361223188134107,0
systemic_correlation,30021,proportional,0.21544603698069853,3,4,54.292575000000014,0.0,66.63838377644916,-0.4733288008837627,0
systemic_correlation,30021,vol_target,0.0,0,0,237.2360050162054,237.2360050162054,101.60007805612389,-0.046264946168342536,12
systemic_correlation,30021,liquidate,0.11733633013633327,1,1,216.0,0.0,74.55363981270361,-0.37204122919926286,0
systemic_correlation,30021,immune,0.1039326749799514,2,3,63.57794625,0.0,67.61584883198631,-0.47433789449428576,2
systemic_correlation,30022,none,172.0850227850215,66,66,0.0,0.0,40.19548043322308,-0.6960931308167949,0
systemic_correlation,30022,proportional,1.7362776618169282,4,3,122.95800501227285,0.0,44.850265926177045,-0.6070392837077769,0
systemic_correlation,30022,vol_target,0.0,0,0,238.92903027990351,238.92903027990351,97.5923314223317,-0.06698648666629636,12
systemic_correlation,30022,liquidate,1.2937710267224523,1,1,216.0,0.0,53.02897855084483,-0.49451296111804377,0
systemic_correlation,30022,immune,1.1757838705423094,3,3,121.51311097177344,0.0,43.79967300222876,-0.5875525897380356,2
systemic_correlation,30023,none,12.537490741424934,62,3,0.0,0.0,75.20671776162847,-0.41655003868187324,0
systemic_correlation,30023,proportional,0.5607611832341748,1,1,54.292575000000014,0.0,73.11523229630399,-0.3695116125393404,0
systemic_correlation,30023,vol_target,0.0,0,0,239.49899815347558,239.49899815347558,102.03932398692913,-0.06873795456650489,13
systemic_correlation,30023,liquidate,0.5607611832341748,1,1,216.0,0.0,66.88585877658139,-0.37863159439868155,0
systemic_correlation,30023,immune,0.5607611832341748,1,1,50.0,0.0,72.95415357798379,-0.36926951972183464,0
systemic_correlation,30024,none,71.27242743786992,72,76,0.0,0.0,71.45520800022746,-0.6062027034130291,0
systemic_correlation,30024,proportional,1.0346680859411563,4,6,103.48797785364961,0.0,64.8173998172195,-0.5459053978802897,0
systemic_correlation,30024,vol_target,0.0,0,0,239.9993138734936,239.9993138734936,92.17761143090772,-0.12481865443190077,17
systemic_correlation,30024,liquidate,0.10092369508165033,1,1,216.0,0.0,75.50618482648548,-0.3099135189125256,0
systemic_correlation,30024,immune,0.632062424287338,3,1,96.30313458278906,0.0,72.61622317442583,-0.5180344406230936,1
systemic_correlation,30025,none,7.928616699932204,69,70,0.0,0.0,96.24890982199868,-0.38703472213962076,0
systemic_correlation,30025,proportional,0.371647404138737,2,3,54.292575000000014,0.0,90.10752428461618,-0.3801920858766388,0
systemic_correlation,30025,vol_target,0.0,0,0,239.45549604537888,239.45549604537888,89.78618568504231,-0.10974440710077715,13
systemic_correlation,30025,liquidate,0.12776625096907512,1,1,216.0,0.0,77.38776004988576,-0.30794565454632694,0
systemic_correlation,30025,immune,0.38192181660264923,2,3,54.292575,0.0,89.40804490711223,-0.3821544656542377,0
systemic_correlation,30026,none,1.697962119384853,55,55,0.0,0.0,89.3830134521269,-0.2850357987385782,0
systemic_correlation,30026,proportional,0.0149079056020327,1,1,12.0,0.0,89.0130452765675,-0.28402412486698025,0
systemic_correlation,30026,vol_target,0.0,0,0,239.7315464514989,239.7315464514989,102.55132614398381,-0.061099228676638084,12
systemic_correlation,30026,liquidate,0.0149079056020327,1,1,216.0,0.0,82.7235862920576,-0.2668256690498154,0
systemic_correlation,30026,immune,0.0,0,0,12.0,0.0,89.18882733404463,-0.2842677737380569,1
systemic_correlation,30027,none,62.88379451510355,78,78,0.0,0.0,71.67205695464025,-0.5464022029140672,0
systemic_correlation,30027,proportional,0.5236259538058081,5,9,88.74014166609376,0.0,68.29422669378665,-0.49699604034662404,0
systemic_correlation,30027,vol_target,0.0,0,0,227.7839206326412,227.7839206326412,98.37568718360866,-0.08742133605659641,11
systemic_correlation,30027,liquidate,0.17572579904874086,1,1,216.0,0.0,73.88715344029164,-0.328140870788167,0
systemic_correlation,30027,immune,0.06397085413777504,2,1,88.74014166609375,0.0,69.1071232187977,-0.48895643221922813,5
systemic_correlation,30028,none,336.111138574792,75,75,0.0,0.0,22.52020663780973,-0.8039123102122772,0
systemic_correlation,30028,proportional,1.3503009488180355,6,10,134.36959952357623,24.056020562609113,37.803527852917306,-0.6347787350494214,0
systemic_correlation,30028,vol_target,0.0,0,0,237.53841561057695,237.53841561057695,84.05001243188708,-0.16777707674989495,16
systemic_correlation,30028,liquidate,0.7141906740721806,1,1,216.0,0.0,59.11135488176848,-0.4117978888413527,0
systemic_correlation,30028,immune,0.798332328259451,3,10,142.465004176894,35.14909043470653,35.93168395714386,-0.6473891697382859,8
systemic_correlation,30029,none,70.21149768573781,65,3,0.0,0.0,52.358995515812545,-0.5513533613334722,0
systemic_correlation,30029,proportional,0.3492835569606254,4,1,72.39904893750001,8.821102687500002,56.55954044880377,-0.5128004297399694,0
systemic_correlation,30029,vol_target,0.0,0,0,229.03992449760938,229.03992449760938,105.2599681035005,-0.08489304147238697,6
systemic_correlation,30029,liquidate,0.20844179342294522,1,1,216.0,0.0,71.26229899257568,-0.3809243581619318,0
systemic_correlation,30029,immune,0.05720927206928961,2,1,80.779096490625,8.380047553125,57.25233561311444,-0.5202819710671185,4
systemic_correlation,30030,none,3.437905010029862,52,52,0.0,0.0,96.34869329409022,-0.35052283542909557,0
systemic_correlation,30030,proportional,0.010733837945280156,1,1,12.0,0.0,96.51520146218184,-0.3431284333169943,0
systemic_correlation,30030,vol_target,0.0,0,0,239.98576249453922,239.98576249453922,106.9367432626046,-0.08151836308216598,14
systemic_correlation,30030,liquidate,0.010733837945280156,1,1,216.0,0.0,99.34584031973868,-0.21742359741127626,0
systemic_correlation,30030,immune,0.0,0,0,12.0,0.0,97.69036093338958,-0.3292244816411529,1
systemic_correlation,30031,none,16.824384454854968,62,66,0.0,0.0,84.19345741660919,-0.43693113281234763,0
systemic_correlation,30031,proportional,0.25236655027288357,2,1,44.5185,0.0,81.83427336304106,-0.4336163772664522,0
systemic_correlation,30031,vol_target,0.0,0,0,235.2164924454358,235.2164924454358,115.91070540638698,-0.02005750291476127,10
systemic_correlation,30031,liquidate,0.1513247815883556,1,1,216.0,0.0,75.66594765371451,-0.39712259315188736,0
systemic_correlation,30031,immune,0.23522250606531525,2,1,44.518499999999996,0.0,80.1879121075939,-0.4307291230653043,0
systemic_correlation,30032,none,128.7420082018304,72,72,0.0,0.0,44.4621923817871,-0.6129256452790419,0
systemic_correlation,30032,proportional,0.7438029083625506,6,1,103.48797785364961,0.0,50.61942203844171,-0.539044020110144,0
systemic_correlation,30032,vol_target,0.0,0,0,239.99989769129823,239.99989769129823,102.44570292945205,-0.0944752401441461,15
systemic_correlation,30032,liquidate,0.09850569255257469,1,1,216.0,0.0,72.86124172207073,-0.31091908251929556,0
systemic_correlation,30032,immune,0.19176896850277414,2,2,96.30313458278906,0.0,52.77204936046016,-0.5159636098583613,5
systemic_correlation,30033,none,15.656706460074023,80,7,0.0,0.0,78.41474038466332,-0.31466179076408396,0
systemic_correlation,30033,proportional,0.08489088260886302,3,3,44.5185,23.39999999999999,77.40044427619378,-0.3067809640665543,0
systemic_correlation,30033,vol_target,0.0,0,0,239.65052306454004,239.65052306454004,82.41706443686357,-0.17800159032448482,14
systemic_correlation,30033,liquidate,0.02878363537692774,1,1,216.0,216.0,78.29323178262062,-0.22853506486184993,0
systemic_correlation,30033,immune,0.0002735352822207382,1,1,44.518499999999996,34.23,78.47005271248766,-0.31019469712566183,2
systemic_correlation,30034,none,6.603920806858512,58,58,0.0,0.0,86.57999015820839,-0.34467940223713756,0
systemic_correlation,30034,proportional,0.0021097472142103113,2,1,23.39999999999999,0.0,86.52566845275234,-0.3366596102449382,0
systemic_correlation,30034,vol_target,0.0,0,0,238.89776961362375,238.89776961362375,101.19420874641467,-0.05719615508871789,12
systemic_correlation,30034,liquidate,0.0018924577439445311,1,1,216.0,0.0,94.42671222849452,-0.2003231463775461,0
systemic_correlation,30034,immune,0.0018924577439445311,1,1,23.4,0.0,88.53729747586615,-0.32935316752231303,1
systemic_correlation,30035,none,28.92087347297624,58,58,0.0,0.0,78.92958832118929,-0.41640412507438995,0
systemic_correlation,30035,proportional,0.24081103273458693,5,7,63.57794625000001,9.285371249999997,76.09641808736144,-0.39102815066964336,0
systemic_correlation,30035,vol_target,0.0,0,0,234.33160360404963,234.33160360404963,93.05062383231493,-0.07429201251921047,10
systemic_correlation,30035,liquidate,0.09042867051351466,1,1,216.0,0.0,76.49017528487364,-0.2586431991898641,0
systemic_correlation,30035,immune,0.11569410016363113,2,4,54.292575,0.0,82.12519308302713,-0.3502249817792483,1
systemic_correlation,30036,none,8.557160732292537,58,58,0.0,0.0,81.37031314302273,-0.32428915157870797,0
systemic_correlation,30036,proportional,0.06955028369378469,2,5,23.39999999999999,0.0,82.39165614260234,-0.3158077715997215,0
systemic_correlation,30036,vol_target,0.0,0,0,239.45371052551218,239.45371052551218,111.28923716479281,-0.048384968048797994,8
systemic_correlation,30036,liquidate,0.04696413717629311,1,1,216.0,0.0,93.50820774548913,-0.22349431937172304,0
systemic_correlation,30036,immune,0.018049939898443945,1,1,34.23,0.0,84.85360866079311,-0.2953633618318052,1
systemic_correlation,30037,none,2.658568090158324,52,52,0.0,0.0,110.74021606648486,-0.2560209397415689,0
systemic_correlation,30037,proportional,0.03868422585879949,1,1,12.0,0.0,111.03385663655258,-0.2514907613724785,0
systemic_correlation,30037,vol_target,0.0,0,0,239.52556986072298,239.52556986072298,103.86667798456163,-0.05680625573046949,9
systemic_correlation,30037,liquidate,0.03868422585879949,1,1,216.0,0.0,116.02574632770369,-0.17447772909794557,0
systemic_correlation,30037,immune,0.0,0,0,12.0,0.0,110.8926488880964,-0.2552770902571372,1
systemic_correlation,30038,none,238.19290445419674,75,83,0.0,0.0,29.130278312294326,-0.7373935840143229,0
systemic_correlation,30038,proportional,1.1749264639159125,7,1,128.8101047616592,24.01220474874043,41.30819612668955,-0.601478101352305,0
systemic_correlation,30038,vol_target,0.0,0,0,217.7914274600114,217.7914274600114,87.90784512286,-0.12745360444744636,6
systemic_correlation,30038,liquidate,0.011516114562386104,1,1,216.0,216.0,73.77369799172348,-0.2683563675390118,0
systemic_correlation,30038,immune,0.6056353297410544,4,1,127.43745542318477,17.92434445141133,40.45380621275861,-0.6101064030584541,4
systemic_correlation,30039,none,30.73312343085196,64,7,0.0,0.0,83.43751196549127,-0.3835952246036599,0
systemic_correlation,30039,proportional,0.48310852800586535,2,1,54.292575000000014,9.77407500000001,79.77839546630733,-0.3714690268420442,0
systemic_correlation,30039,vol_target,0.0,0,0,235.44286547426734,235.44286547426734,95.9608391266938,-0.07493207639241461,10
systemic_correlation,30039,liquidate,0.4389421166138372,1,1,216.0,0.0,69.85776447257514,-0.3256113964364975,0
systemic_correlation,30039,immune,0.2618281706442849,1,1,63.57794625,19.059446250000004,77.11296899252964,-0.3777886633576879,3
systemic_correlation,30040,none,86.20760813886812,62,2,0.0,0.0,57.85150428713897,-0.5547976014333046,0
systemic_correlation,30040,proportional,0.4720588373323493,5,1,80.77909649062502,26.48652149062501,59.96549019816903,-0.5061147991082526,0
systemic_correlation,30040,vol_target,0.0,0,0,238.26349421159145,238.26349421159145,96.86521961091142,-0.11001307154930107,12
systemic_correlation,30040,liquidate,0.0019508106065311281,1,1,216.0,0.0,76.44236139966854,-0.30562613057052,0
systemic_correlation,30040,immune,0.3336317114858014,2,2,96.30313458278906,32.725188332789074,57.474803781154804,-0.5247987768134286,5
systemic_correlation,30041,none,0.0,0,0,0.0,0.0,95.36431166065859,-0.2850873615642263,0
systemic_correlation,30041,proportional,0.0,0,0,0.0,0.0,95.36431166065859,-0.2850873615642263,0
systemic_correlation,30041,vol_target,0.0,0,0,221.10049500699716,221.10049500699716,102.6382059227378,-0.05817949977136283,5
systemic_correlation,30041,liquidate,0.0,0,0,0.0,0.0,95.36431166065859,-0.2850873615642263,0
systemic_correlation,30041,immune,0.0,0,0,12.0,0.0,94.7699909264037,-0.2826526950080922,1
systemic_correlation,30042,none,9.216408199084556,59,59,0.0,0.0,120.54383353201808,-0.30322216372853084,0
systemic_correlation,30042,proportional,0.013931105855241044,2,4,23.39999999999999,0.0,119.34426774940493,-0.29170234881139423,0
systemic_correlation,30042,vol_target,0.0,0,0,239.7824402455233,168.47014500917263,104.95356445846677,-0.05813510253665388,25
systemic_correlation,30042,liquidate,0.0022655514583990177,1,1,216.0,0.0,121.82298541046227,-0.1948858978763145,0
systemic_correlation,30042,immune,0.0,0,0,23.4,0.0,120.50766574843173,-0.2874841491756238,2
systemic_correlation,30043,none,1.673389761963457,52,52,0.0,0.0,95.29487365979841,-0.2081071250517631,0
systemic_correlation,30043,proportional,0.02812780692904937,1,1,12.0,0.0,95.37158199456105,-0.206951654722637,0
systemic_correlation,30043,vol_target,0.0,0,0,239.98390036149797,239.98390036149797,96.82270021233207,-0.08661977312113955,15
systemic_correlation,30043,liquidate,0.02812780692904937,1,1,216.0,0.0,96.67562368552595,-0.18730865912749273,0
systemic_correlation,30043,immune,0.0,0,0,12.0,0.0,96.16630991277455,-0.20555228961206629,1
systemic_correlation,30044,none,6.4160668209505785,54,54,0.0,0.0,112.17732734808847,-0.3659473587220313,0
systemic_correlation,30044,proportional,0.022556142731250062,2,4,23.39999999999999,0.0,110.35345282213214,-0.3571731963941155,0
systemic_correlation,30044,vol_target,0.0,0,0,239.31898400468842,239.31898400468842,105.50168173253336,-0.029448055567339648,8
systemic_correlation,30044,liquidate,0.018332577630909785,1,1,216.0,0.0,105.10082683586393,-0.20935792000440423,0
systemic_correlation,30044,immune,0.0,0,0,23.4,0.0,110.37690558315464,-0.3564955493654772,2
systemic_correlation,30045,none,5.310335937986969,61,61,0.0,0.0,120.05926539372355,-0.4262814530835477,0
systemic_correlation,30045,proportional,0.18890014203152283,1,1,23.39999999999999,0.0,115.59781531832112,-0.42734494964959235,0
systemic_correlation,30045,vol_target,0.0,0,0,237.46999622095115,237.46999622095115,94.81273712064981,-0.12110595841838812,12
systemic_correlation,30045,liquidate,0.18890014203152283,1,1,216.0,0.0,78.87664931308596,-0.43609834446242157,0
systemic_correlation,30045,immune,0.0,0,0,23.4,0.0,115.11039710406814,-0.42157158320786414,2
systemic_correlation,30046,none,2.4206666440658933,55,55,0.0,0.0,149.57642018274845,-0.1480803157462578,0
systemic_correlation,30046,proportional,0.0054078294725986575,1,1,12.0,0.0,149.74402297837165,-0.1480803157462578,0
systemic_correlation,30046,vol_target,0.0,0,0,239.39233157467496,239.39233157467496,111.41881591773077,-0.02359974294843703,13
systemic_correlation,30046,liquidate,0.0054078294725986575,1,1,216.0,0.0,152.59327050396578,-0.1480803157462578,0
systemic_correlation,30046,immune,0.0,0,0,12.0,0.0,148.9979165629165,-0.1480803157462578,1
systemic_correlation,30047,none,0.0,0,0,0.0,0.0,121.7066309060245,-0.09878933038710591,0
systemic_correlation,30047,proportional,0.0,0,0,0.0,0.0,121.7066309060245,-0.09878933038710591,0
systemic_correlation,30047,vol_target,0.0,0,0,239.9999994474531,239.9999994474531,113.75420024758509,-0.06971651960198233,17
systemic_correlation,30047,liquidate,0.0,0,0,0.0,0.0,121.7066309060245,-0.09878933038710591,0
systemic_correlation,30047,immune,0.0,0,0,0.0,0.0,121.7066309060245,-0.09878933038710591,0
systemic_correlation,30048,none,14.567426199653715,58,58,0.0,0.0,75.28128088177648,-0.47520738334232215,0
systemic_correlation,30048,proportional,0.05205823569419887,3,1,34.22999999999999,22.22999999999999,75.6505282985033,-0.46543495869274976,0
systemic_correlation,30048,vol_target,0.0,0,0,239.97659419507534,239.97659419507534,116.07719205002049,-0.024263714321266283,20
systemic_correlation,30048,liquidate,0.011431198097637707,1,1,216.0,0.0,87.73282720211141,-0.33642287773468127,0
systemic_correlation,30048,immune,0.0,0,0,34.23,10.829999999999998,77.61582974129195,-0.4470858324572766,3
systemic_correlation,30049,none,7.405137114243289,58,58,0.0,0.0,85.93194629042232,-0.3387343530507373,0
systemic_correlation,30049,proportional,0.026726811565719433,2,2,23.39999999999999,0.0,85.20181856652611,-0.333382202499499,0
systemic_correlation,30049,vol_target,0.0,0,0,237.27530988403524,237.27530988403524,106.67417655154935,-0.02332187555294729,14
systemic_correlation,30049,liquidate,0.012279718558251829,1,1,216.0,0.0,83.1482280731467,-0.2532137914121826,0
systemic_correlation,30049,immune,0.0,0,0,34.23,0.0,86.1012188746827,-0.32860277391454573,3
systemic_correlation,30050,none,78.88660629303457,70,70,0.0,0.0,65.22589392134854,-0.625254643974315,0
systemic_correlation,30050,proportional,1.315968826737139,4,7,110.31357896096713,0.0,59.69162735652369,-0.5741215405566338,0
systemic_correlation,30050,vol_target,0.0,0,0,231.72759839511804,231.72759839511804,103.64557779029444,-0.06054719510677531,12
systemic_correlation,30050,liquidate,1.090849527912514,1,1,216.0,0.0,58.02735816307052,-0.49189166251142535,0
systemic_correlation,30050,immune,1.015169040693534,3,1,108.712588334375,0.0,61.152125738410355,-0.5682896609878986,1
systemic_correlation,30051,none,4.53708338849619,56,56,0.0,0.0,134.5058456779757,-0.2281931975319501,0
systemic_correlation,30051,proportional,0.012634973968161156,1,1,12.0,0.0,132.7315358583459,-0.2281931975319501,0
systemic_correlation,30051,vol_target,0.0,0,0,239.7689182796018,239.7689182796018,98.99357370370107,-0.042673346174646576,16
systemic_correlation,30051,liquidate,0.012634973968161156,1,1,216.0,0.0,102.56826892463728,-0.2281931975319501,0
systemic_correlation,30051,immune,0.0,0,0,23.4,0.0,131.61921389527325,-0.2288016235079684,2
systemic_correlation,30052,none,9.67955640065181,59,59,0.0,0.0,93.8875674240657,-0.3645865338536942,0
systemic_correlation,30052,proportional,0.12887954908247068,2,6,34.22999999999999,0.0,91.6065451141006,-0.3593066716160337,0
systemic_correlation,30052,vol_target,0.0,0,0,239.88657735756107,239.88657735756107,103.06880370552462,-0.04092567139674819,14
systemic_correlation,30052,liquidate,0.03980248328233282,1,1,216.0,0.0,89.04423416064081,-0.24882348313324576,0
systemic_correlation,30052,immune,0.0,0,0,23.4,0.0,95.41975059031579,-0.34726866094412534,2
systemic_correlation,30053,none,81.13832733125767,71,1,0.0,0.0,49.795348002912945,-0.5264124634775048,0
systemic_correlation,30053,proportional,0.5271584763504444,6,1,88.74014166609376,28.34109272859375,54.47226449932338,-0.4706339765192058,0
systemic_correlation,30053,vol_target,0.0,0,0,239.91310494418263,239.91310494418263,90.56369125733468,-0.11772616664591229,14
systemic_correlation,30053,liquidate,0.01612763856949284,1,1,216.0,216.0,75.73054115408267,-0.24513118280983692,0
systemic_correlation,30053,immune,0.0,0,0,88.74014166609375,19.961045175468747,56.49478923801266,-0.4625555487034819,9
systemic_correlation,30054,none,453.96286053115546,75,75,0.0,0.0,2.225146030834119,-0.9800867487018462,0
systemic_correlation,30054,proportional,1.2320662449816067,11,4,153.9633786219499,73.18428213132485,29.932298462342597,-0.7321302184429956,0
systemic_correlation,30054,vol_target,0.0,0,0,239.99303864854718,239.99303864854718,106.8738560984334,-0.07800497333460832,14
systemic_correlation,30054,liquidate,0.40545828959327324,1,1,216.0,0.0,62.35410103398274,-0.4419813953088211,0
systemic_correlation,30054,immune,0.5841982980568963,5,4,142.46500417689407,65.36625417689403,33.94175501077475,-0.6962488359577174,6
systemic_correlation,30055,none,7.146594198713991,52,52,0.0,0.0,81.39743986145193,-0.29608909919435933,0
systemic_correlation,30055,proportional,0.08088528099709369,1,1,23.39999999999999,0.0,81.15386157218552,-0.29306223138637544,0
systemic_correlation,30055,vol_target,0.0,0,0,237.67211102165706,237.67211102165706,92.94221453692714,-0.07806337299617849,12
systemic_correlation,30055,liquidate,0.08088528099709369,1,1,216.0,0.0,79.14902488360826,-0.26814878096681727,0
systemic_correlation,30055,immune,0.0,0,0,23.4,12.0,81.73648678429609,-0.2783207387758001,2
systemic_correlation,30056,none,0.0,0,0,0.0,0.0,107.61312659314927,-0.23370208940142856,0
systemic_correlation,30056,proportional,0.0,0,0,0.0,0.0,107.61312659314927,-0.23370208940142856,0
systemic_correlation,30056,vol_target,0.0,0,0,218.87478383357157,218.87478383357157,110.31224137287678,-0.06268587168932394,5
systemic_correlation,30056,liquidate,0.0,0,0,0.0,0.0,107.61312659314927,-0.23370208940142856,0
systemic_correlation,30056,immune,0.0,0,0,12.0,0.0,107.47702848478093,-0.23322527273922167,1
systemic_correlation,30057,none,2.1556727902011237,56,56,0.0,0.0,143.61209490599987,-0.2639310800921587,0
systemic_correlation,30057,proportional,0.0029199455585928735,1,1,12.0,0.0,142.72958542049017,-0.2639310800921587,0
systemic_correlation,30057,vol_target,0.0,0,0,239.82531239301724,239.82531239301724,109.01866909621536,-0.04267000942902177,15
systemic_correlation,30057,liquidate,0.0029199455585928735,1,1,216.0,0.0,127.72692416682514,-0.2639310800921587,0
systemic_correlation,30057,immune,0.0,0,0,12.0,0.0,142.23612403424144,-0.2639310800921587,1
systemic_correlation,30058,none,0.0,0,0,0.0,0.0,133.92119909914564,-0.12251019595264578,0
systemic_correlation,30058,proportional,0.0,0,0,0.0,0.0,133.92119909914564,-0.12251019595264578,0
systemic_correlation,30058,vol_target,0.0,0,0,239.77491518162643,239.77491518162643,101.47663833999351,-0.04242370685319974,18
systemic_correlation,30058,liquidate,0.0,0,0,0.0,0.0,133.92119909914564,-0.12251019595264578,0
systemic_correlation,30058,immune,0.0,0,0,12.0,0.0,131.66873945962493,-0.12251019595264578,1
systemic_correlation,30059,none,73.77779950113487,72,72,0.0,0.0,56.51592952868974,-0.6379000762743158,0
systemic_correlation,30059,proportional,0.8923975094916825,6,2,110.31357896096713,0.0,56.510321856724005,-0.552342167588943,0
systemic_correlation,30059,vol_target,0.0,0,0,239.63177529883,239.63177529883,98.30172419250417,-0.07154723913687,12
systemic_correlation,30059,liquidate,0.178346556665804,1,1,216.0,0.0,72.31545703596994,-0.3169677569777972,0
systemic_correlation,30059,immune,0.6328574659924682,3,1,110.31357896096712,0.0,57.13964476741684,-0.5485842241365926,3
systemic_correlation,30060,none,11.51004489990022,55,55,0.0,0.0,74.42031682791607,-0.45785120964495185,0
systemic_correlation,30060,proportional,0.09092337399961259,2,1,34.22999999999999,22.22999999999999,74.87388886187127,-0.4469228259835065,0
systemic_correlation,30060,vol_target,0.0,0,0,232.7576589021235,232.7576589021235,101.03736202875888,-0.08834521426118103,6
systemic_correlation,30060,liquidate,0.025942216086569547,1,1,216.0,0.0,85.30156164947823,-0.3249475861454003,0
systemic_correlation,30060,immune,0.026512720498180542,1,1,44.518499999999996,21.118499999999997,74.37818156817204,-0.4396335930921281,2
systemic_correlation,30061,none,4.146363527656535,55,55,0.0,0.0,90.86722457360752,-0.27620213860467735,0
systemic_correlation,30061,proportional,0.03330109620525179,1,1,12.0,0.0,91.04122704758326,-0.27481613150330364,0
systemic_correlation,30061,vol_target,0.0,0,0,239.49232863686544,239.49232863686544,100.98818311052877,-0.07732066903031498,13
systemic_correlation,30061,liquidate,0.03330109620525179,1,1,216.0,0.0,93.99926910517217,-0.2512540107799407,0
systemic_correlation,30061,immune,0.0,0,0,23.4,0.0,92.86799835673135,-0.2602650854795677,2
systemic_correlation,30062,none,0.32863890054308276,52,52,0.0,0.0,117.75475014972913,-0.24002941657512333,0
systemic_correlation,30062,proportional,0.00226721344019587,1,1,12.0,0.0,117.51236672645965,-0.24002941657512333,0
systemic_correlation,30062,vol_target,0.0,0,0,239.99928021503572,239.99928021503572,103.51596363414126,-0.07808935656479776,18
systemic_correlation,30062,liquidate,0.00226721344019587,1,1,216.0,0.0,113.39184853087846,-0.24002941657512333,0
systemic_correlation,30062,immune,0.0,0,0,12.0,0.0,116.36959306963459,-0.2381671482570914,1
systemic_correlation,30063,none,3.5147653463798836,55,55,0.0,0.0,105.64617364129688,-0.28838824796330786,0
systemic_correlation,30063,proportional,0.03069822930175059,1,1,12.0,0.0,105.44787125266372,-0.2873315745683668,0
systemic_correlation,30063,vol_target,0.0,0,0,239.21047950669978,239.21047950669978,102.37841512751011,-0.028621018989035574,15
systemic_correlation,30063,liquidate,0.03069822930175059,1,1,216.0,0.0,102.07673064589986,-0.26936812685436795,0
systemic_correlation,30063,immune,0.0,0,0,12.0,0.0,105.6910669237542,-0.2781303623702115,1
systemic_correlation,30064,none,6.666818550403658,57,1,0.0,0.0,81.83436851390321,-0.33519716898700336,0
systemic_correlation,30064,proportional,0.09933516349270066,2,1,34.22999999999999,22.22999999999999,80.79793241383726,-0.323946284643043,0
systemic_correlation,30064,vol_target,0.0,0,0,239.84749893829564,239.84749893829564,85.22355423647636,-0.1865467812390612,17
systemic_correlation,30064,liquidate,0.005891631735492009,1,1,216.0,0.0,78.74631483605326,-0.23362651948793645,0
systemic_correlation,30064,immune,0.0,0,0,34.23,22.83,79.1187586149629,-0.3238526803834806,3
systemic_correlation,30065,none,3.630302454991041,57,57,0.0,0.0,110.59609183057759,-0.34470327148814606,0
systemic_correlation,30065,proportional,0.0047809155801481484,1,1,12.0,0.0,109.73759517741661,-0.34470327148814606,0
systemic_correlation,30065,vol_target,0.0,0,0,226.8364802843826,226.8364802843826,94.57355582772445,-0.10317642501921087,7
systemic_correlation,30065,liquidate,0.0047809155801481484,1,1,216.0,0.0,95.14315207368061,-0.34470327148814606,0
systemic_correlation,30065,immune,0.0,0,0,12.0,0.0,107.3454794172955,-0.3442766768964731,1
systemic_correlation,30066,none,3.546387294600707,56,56,0.0,0.0,136.30257535731076,-0.1872091876699522,0
systemic_correlation,30066,proportional,0.00354429479606555,1,1,12.0,0.0,135.8670535194989,-0.1872091876699522,0
systemic_correlation,30066,vol_target,0.0,0,0,239.9929385647527,239.98302495348238,113.64462340808208,-0.019739951123980637,20
systemic_correlation,30066,liquidate,0.00354429479606555,1,1,216.0,0.0,128.46318227670056,-0.1872091876699522,0
systemic_correlation,30066,immune,0.0,0,0,12.0,0.0,134.8023225249219,-0.1845358820555909,1
systemic_correlation,30067,none,879.105995171444,78,78,0.0,0.0,10.453728270348378,-0.9831036259258344,0
systemic_correlation,30067,proportional,1.3817300521909521,10,18,158.26520969085237,0.0,32.51465798538983,-0.7289285301209838,0
systemic_correlation,30067,vol_target,0.0,0,0,239.99654910071334,239.99654910071334,100.22440878938833,-0.08373401870642405,13
systemic_correlation,30067,liquidate,0.27454843162977793,1,1,216.0,0.0,65.71266654826852,-0.40574842124332244,0
systemic_correlation,30067,immune,0.8132551505361416,7,6,153.9633786219499,0.0,33.64179627128711,-0.7152272487745975,3
systemic_correlation,30068,none,29.61045420427783,62,62,0.0,0.0,60.99851138529996,-0.47159108857060716,0
systemic_correlation,30068,proportional,0.19012753516236647,4,1,54.292575000000014,20.062575000000024,63.105148948370505,-0.45300272401390684,0
systemic_correlation,30068,vol_target,0.0,0,0,205.38326060192998,205.38326060192998,96.82099137937747,-0.0750819696851438,6
systemic_correlation,30068,liquidate,0.016374753338634362,1,1,216.0,0.0,77.63101298564324,-0.325983622696555,0
systemic_correlation,30068,immune,0.0,0,0,54.292575,20.062575,64.18269814611726,-0.4429443208798264,5
systemic_correlation,30069,none,9.339580643190262,57,57,0.0,0.0,103.58155678925684,-0.32332032757062057,0
systemic_correlation,30069,proportional,0.03247484643893417,2,6,23.39999999999999,0.0,104.45660956958405,-0.3064887550052412,0
systemic_correlation,30069,vol_target,0.0,0,0,236.06570113293105,236.06570113293105,105.98427810655262,-0.042338155334412875,11
systemic_correlation,30069,liquidate,0.006125098131953055,1,1,216.0,0.0,124.23192449625127,-0.28164184717303575,0
systemic_correlation,30069,immune,0.0,0,0,23.4,0.0,104.02385564924622,-0.3119555025162225,2
systemic_correlation,30070,none,139.32582071626697,103,103,0.0,0.0,54.68030963706828,-0.5951617450842717,0
systemic_correlation,30070,proportional,0.6998346884367432,5,1,96.30313458278907,23.39999999999999,56.75953526601383,-0.5174042419920628,0
systemic_correlation,30070,vol_target,0.16668496642778008,3,3,239.99999597522822,239.99999597522822,75.31361624183775,-0.24728061386518296,17
systemic_correlation,30070,liquidate,0.0029082921146259544,1,1,216.0,216.0,76.53429955272665,-0.24885348861822865,0
systemic_correlation,30070,immune,0.40401196932407935,4,1,103.4879778536496,34.23,56.870114682478125,-0.5112798473706384,2
systemic_correlation,30071,none,0.7747017396626582,52,1,0.0,0.0,113.99253049448929,-0.26592421993242255,0
systemic_correlation,30071,proportional,0.06146947412920145,1,1,23.39999999999999,0.0,110.38124708454919,-0.26723892002896155,0
systemic_correlation,30071,vol_target,0.0,0,0,239.9924408813187,239.9924408813187,82.7298079113608,-0.17338222560240923,17
systemic_correlation,30071,liquidate,0.06146947412920145,1,1,216.0,0.0,80.65760671042696,-0.2780599131312447,0
systemic_correlation,30071,immune,0.0,0,0,23.4,12.0,109.26120307914057,-0.2577457580996557,2
systemic_correlation,30072,none,340.31538211452903,66,66,0.0,0.0,29.71234315718639,-0.7989967799797895,0
systemic_correlation,30072,proportional,1.4889224996373303,5,12,134.36959952357626,0.0,40.837455921318046,-0.644378696650216,0
systemic_correlation,30072,vol_target,0.0,0,0,232.6446154119329,232.6446154119329,96.71680549516243,-0.05668309110463077,13
systemic_correlation,30072,liquidate,0.16667906814044908,1,1,216.0,0.0,69.88549350274778,-0.3359417452145328,0
systemic_correlation,30072,immune,0.8041736646897966,4,9,134.36959952357623,0.0,42.128490108643746,-0.6259020795417721,3
systemic_correlation,30073,none,449.8675175855773,91,95,0.0,0.0,21.616430510300397,-0.8430133412619094,0
systemic_correlation,30073,proportional,0.6667478126390018,10,1,134.36959952357623,28.95949476191702,38.446002700686286,-0.6415856333463786,0
systemic_correlation,30073,vol_target,0.0,0,0,239.6470484632838,239.6470484632838,88.68310144296258,-0.11325601407547314,13
systemic_correlation,30073,liquidate,0.08341084478624472,1,1,216.0,216.0,71.34993607102625,-0.29241840392622886,0
systemic_correlation,30073,immune,0.36925258815242534,4,1,144.66856357002757,44.52896404645132,34.16256743862363,-0.6646990306373863,9
systemic_correlation,30074,none,2.7538218578684837,55,55,0.0,0.0,123.95475365557246,-0.21949564230656227,0
systemic_correlation,30074,proportional,0.018875057095348424,1,1,12.0,0.0,122.16965987539943,-0.21949564230656227,0
systemic_correlation,30074,vol_target,0.0,0,0,239.58332934239274,158.95116059969075,90.8997692270486,-0.1344362393959876,23
systemic_correlation,30074,liquidate,0.018875057095348424,1,1,216.0,0.0,91.8230656124578,-0.21949564230656227,0
systemic_correlation,30074,immune,0.0,0,0,12.0,0.0,122.73351760483587,-0.22019076869198784,1
systemic_correlation,30075,none,17.463934660877577,52,52,0.0,0.0,76.77106776759203,-0.4035129554184216,0
systemic_correlation,30075,proportional,0.1030159506259466,3,1,44.5185,32.5185,76.43483159254735,-0.38481020839758795,0
systemic_correlation,30075,vol_target,0.0,0,0,239.98136360562617,239.98136360562617,90.89899079064547,-0.14585613243653894,17
systemic_correlation,30075,liquidate,0.0400646672011461,1,1,216.0,0.0,85.39821848597472,-0.2480595084708247,0
systemic_correlation,30075,immune,0.05082285399448905,1,1,54.292575,42.292575,75.90790501304402,-0.3885119951159347,3
systemic_correlation,30076,none,138.078106352841,66,66,0.0,0.0,56.6664776939643,-0.6840510334973915,0
systemic_correlation,30076,proportional,0.7436826971579151,7,4,110.31357896096713,6.825601107317517,56.89553733387689,-0.5818678429697761,0
systemic_correlation,30076,vol_target,0.0,0,0,239.9976562376285,239.9976562376285,95.56092187529609,-0.10021634555667192,17
systemic_correlation,30076,liquidate,0.1692938663529202,1,1,216.0,0.0,72.52463067807601,-0.3388745654502854,0
systemic_correlation,30076,immune,0.2882940315721969,3,1,110.31357896096712,6.825601107317521,58.07896409115527,-0.5624632815832312,5
systemic_correlation,30077,none,31.91375873094211,59,59,0.0,0.0,64.72635852839252,-0.49146823467399225,0
systemic_correlation,30077,proportional,0.044091385049507714,4,1,44.5185,32.5185,66.82934687573264,-0.47150262672747056,0
systemic_correlation,30077,vol_target,0.0,0,0,239.99524421341908,239.99524421341908,101.24724119334167,-0.10987306858647794,15
systemic_correlation,30077,liquidate,0.0031728057199726933,1,1,216.0,0.0,90.2526073892719,-0.27885606857871514,0
systemic_correlation,30077,immune,0.0,0,0,54.292575,30.892575,68.55382865828062,-0.456777609333489,5
systemic_correlation,30078,none,0.0,0,0,0.0,0.0,121.98206302477966,-0.18345995570227958,0
systemic_correlation,30078,proportional,0.0,0,0,0.0,0.0,121.98206302477966,-0.18345995570227958,0
systemic_correlation,30078,vol_target,0.0,0,0,238.2542039070617,238.2542039070617,90.5754407604725,-0.10375162198235532,15
systemic_correlation,30078,liquidate,0.0,0,0,0.0,0.0,121.98206302477966,-0.18345995570227958,0
systemic_correlation,30078,immune,0.0,0,0,12.0,0.0,121.80036296564528,-0.18401930586377557,1
systemic_correlation,30079,none,127.7391894960155,61,61,0.0,0.0,38.39931412109567,-0.6609222511160597,0
systemic_correlation,30079,proportional,0.45392195527168044,7,7,96.30313458278907,32.72518833278906,48.04982073791691,-0.5748327521127874,0
systemic_correlation,30079,vol_target,0.0,0,0,239.4268333053103,239.4268333053103,98.5620970698366,-0.05250730304484852,13
systemic_correlation,30079,liquidate,0.0032197685094048634,1,1,216.0,0.0,89.77171089378919,-0.24845222526897148,0
systemic_correlation,30079,immune,0.27294096867313655,2,2,103.4879778536496,31.088928916149616,47.887730143036976,-0.5722966135398679,6
systemic_correlation,30080,none,77.8951247137197,76,83,0.0,0.0,57.95438927870187,-0.5079781191745364,0
systemic_correlation,30080,proportional,0.428280444717279,5,6,88.74014166609376,12.0,59.82274961587669,-0.4585004922020314,0
systemic_correlation,30080,vol_target,0.0,0,0,239.99913729993423,239.99913729993423,85.36554099117348,-0.1653475488164463,16
systemic_correlation,30080,liquidate,0.03377884134619702,1,1,216.0,216.0,76.12977318223963,-0.2521861642880995,0
systemic_correlation,30080,immune,0.2603447862451653,4,1,88.74014166609375,12.0,59.69441798751041,-0.45208232166177975,1
systemic_correlation,30081,none,0.1268143066148264,1,1,0.0,0.0,122.84584576675176,-0.29290012960550205,0
systemic_correlation,30081,proportional,0.1268143066148264,1,1,23.39999999999999,0.0,118.21163095807808,-0.2941935470502107,0
systemic_correlation,30081,vol_target,0.0,0,0,239.693190665411,239.693190665411,102.03908294722264,-0.06052050664191133,14
systemic_correlation,30081,liquidate,0.1268143066148264,1,1,216.0,0.0,80.06847830207116,-0.3048393675566591,0
systemic_correlation,30081,immune,0.0,0,0,23.4,0.0,116.26211409523636,-0.2930111532192412,2
systemic_correlation,30082,none,1.9742075132163515,54,54,0.0,0.0,127.15609750244262,-0.16746838502740635,0
systemic_correlation,30082,proportional,0.002107549915457696,1,1,12.0,0.0,126.65974863169016,-0.16746838502740635,0
systemic_correlation,30082,vol_target,0.0,0,0,239.85150951068366,239.85150951068366,113.27162905427147,-0.036067360587135555,14
systemic_correlation,30082,liquidate,0.002107549915457696,1,1,216.0,0.0,118.22181782889791,-0.16746838502740635,0
systemic_correlation,30082,immune,0.0,0,0,12.0,0.0,127.59486494297066,-0.16746838502740635,1
systemic_correlation,30083,none,2.6691109593489832,54,54,0.0,0.0,121.20676904378345,-0.2266396383113357,0
systemic_correlation,30083,proportional,0.03139688256913087,1,1,12.0,0.0,120.31245579826584,-0.2271711549024611,0
systemic_correlation,30083,vol_target,0.0,0,0,239.5877324878026,239.5877324878026,106.69240820062956,-0.09769512203240449,12
systemic_correlation,30083,liquidate,0.03139688256913087,1,1,216.0,0.0,105.10913062446663,-0.23620693695159356,0
systemic_correlation,30083,immune,0.0,0,0,12.0,0.0,120.42016822937693,-0.22512416181063155,1
systemic_correlation,30084,none,70.99079378842013,79,79,0.0,0.0,69.26053807542446,-0.4886851249705543,0
systemic_correlation,30084,proportional,0.6491321322003989,4,6,80.77909649062502,0.0,67.01270117246536,-0.4545911219612707,0
systemic_correlation,30084,vol_target,0.0,0,0,233.25354118162622,233.25354118162622,93.0300422058789,-0.10120728295998183,11
systemic_correlation,30084,liquidate,0.457543738640402,1,1,216.0,0.0,68.10214854521793,-0.35002105595409294,0
systemic_correlation,30084,immune,0.457543738640402,1,1,85.24381250000002,0.0,65.96373239021038,-0.46041029937522093,4
systemic_correlation,30085,none,11.835962753093066,68,68,0.0,0.0,91.39707329574458,-0.4719961083321962,0
systemic_correlation,30085,proportional,0.23120612495797577,2,1,44.5185,0.0,87.7467166155441,-0.46770535726397344,0
systemic_correlation,30085,vol_target,0.0,0,0,221.77940981083557,221.77940981083557,110.6921972126796,-0.04103516707853527,5
systemic_correlation,30085,liquidate,0.10985135860214346,1,1,216.0,0.0,77.3004031946433,-0.42340076836145024,0
systemic_correlation,30085,immune,0.0,0,0,44.518499999999996,0.0,90.53353755438201,-0.4582528553363916,4
systemic_correlation,30086,none,42.671319746953294,78,78,0.0,0.0,88.85325117664466,-0.6160388045038176,0
systemic_correlation,30086,proportional,0.8645547327646783,5,10,103.48797785364961,0.0,75.58795019331812,-0.5391290190778115,0
systemic_correlation,30086,vol_target,0.0,0,0,239.99987980861928,91.05765657054833,87.63975136684722,-0.14783980536854402,24
systemic_correlation,30086,liquidate,0.18264842079619603,1,1,216.0,0.0,75.45733045202807,-0.3171679500769804,0
systemic_correlation,30086,immune,0.3983205468602957,3,1,103.4879778536496,0.0,72.98083736285646,-0.5299279702811459,3
systemic_correlation,30087,none,304.4068404386448,84,84,0.0,0.0,30.41701504885299,-0.7594235157825413,0
systemic_correlation,30087,proportional,0.5727342194550982,9,12,122.95800501227285,29.56010499935406,42.85752229575653,-0.6091151936906487,0
systemic_correlation,30087,vol_target,0.0,0,0,212.81677291302753,212.81677291302753,85.48267308001641,-0.171923544910364,7
systemic_correlation,30087,liquidate,0.05411046608661385,1,1,216.0,216.0,72.9020588581973,-0.2939847067947743,0
systemic_correlation,30087,immune,0.11198171343034158,4,5,122.95800501227284,29.56010499935406,42.90121742228797,-0.6044318798365793,5
systemic_correlation,30088,none,177.27509914259164,77,77,0.0,0.0,65.687615998779,-0.704701374251336,0
systemic_correlation,30088,proportional,0.7945189028571558,7,1,116.79790001291877,0.0,60.83082471115752,-0.5957942719800686,0
systemic_correlation,30088,vol_target,0.0,0,0,232.76491346997062,232.76491346997062,97.41377843317252,-0.05996241682084391,8
systemic_correlation,30088,liquidate,0.26208396578589443,1,1,216.0,0.0,71.48810193614722,-0.3655520124288041,0
systemic_correlation,30088,immune,0.5432064157759253,4,1,116.79790001291876,0.0,60.64518821334803,-0.5887436625314296,4
systemic_correlation,30089,none,353.26265978340496,74,74,0.0,0.0,26.619498852293365,-0.7898559772955025,0
systemic_correlation,30089,proportional,0.8296436536751712,9,5,134.36959952357626,11.411594511303392,40.357072832958586,-0.6321358056551678,0
systemic_correlation,30089,vol_target,0.0,0,0,227.41022152804948,182.02152049315367,80.10338455178476,-0.23223660369868082,12
systemic_correlation,30089,liquidate,0.4596996225026575,1,1,216.0,0.0,63.79911564190021,-0.3911734734974761,0
systemic_correlation,30089,immune,0.31903468391403234,3,5,122.9580050122728,6.160104999354061,43.21794652184666,-0.611451777581433,7
systemic_correlation,30090,none,138.4545977260537,78,78,0.0,0.0,51.37405335698964,-0.632051141235026,0
systemic_correlation,30090,proportional,0.775021667973419,5,6,103.48797785364961,0.0,54.52387915425275,-0.5505878882544877,0
systemic_correlation,30090,vol_target,0.0,0,0,239.99527843197464,239.99527843197464,93.93256838253204,-0.13011122555177712,17
systemic_correlation,30090,liquidate,0.20940919508147138,1,1,216.0,0.0,71.14351200724067,-0.33679720220154863,0
systemic_correlation,30090,immune,0.30315938661714936,3,4,103.4879778536496,0.0,56.56588091548229,-0.5365547761627384,4
systemic_correlation,30091,none,369.6463607076717,65,65,0.0,0.0,9.236127159177745,-0.9122572994522566,0
systemic_correlation,30091,proportional,0.8008109787878195,12,6,144.66856357002757,55.928421903933796,32.973588624425986,-0.6843092604489849,0
systemic_correlation,30091,vol_target,0.0,0,0,239.94822628946417,239.94822628946417,84.72746365762708,-0.2003579783070094,16
systemic_correlation,30091,liquidate,0.2144395237824579,1,1,216.0,0.0,66.82439722590631,-0.35967704661076716,0
systemic_correlation,30091,immune,0.19577365020945248,3,6,144.66856357002757,48.36542898723849,34.51809227495142,-0.6692018784061862,12
systemic_correlation,30092,none,248.6413234022242,79,79,0.0,0.0,50.652826332156266,-0.7581170481778482,0
systemic_correlation,30092,proportional,1.2735483537722714,6,9,128.8101047616592,0.0,50.993540488497295,-0.6126724470356005,0
systemic_correlation,30092,vol_target,0.0,0,0,239.82443284294848,239.82443284294848,90.21844151041735,-0.14146964292535358,13
systemic_correlation,30092,liquidate,0.023600496106480406,1,1,216.0,0.0,75.20729181403998,-0.27439161300954085,0
systemic_correlation,30092,immune,0.8674237534835343,4,9,128.81010476165918,0.0,48.89984166293824,-0.6056263061822117,3
systemic_correlation,30093,none,0.050042383240889166,1,1,0.0,0.0,127.68972361813974,-0.2738753132311226,0
systemic_correlation,30093,proportional,0.050042383240889166,1,1,23.39999999999999,0.0,122.77160010135015,-0.27517091920716763,0
systemic_correlation,30093,vol_target,0.0,0,0,239.17298849284782,239.17298849284782,106.105681237713,-0.04119596206298892,14
systemic_correlation,30093,liquidate,0.050042383240889166,1,1,216.0,0.0,82.29166038623565,-0.2858347530100006,0
systemic_correlation,30093,immune,0.0,0,0,12.0,0.0,123.50872589319414,-0.27317763863329536,1
systemic_correlation,30094,none,4.062663679590355,58,4,0.0,0.0,100.43675235351553,-0.21938661217791267,0
systemic_correlation,30094,proportional,0.0516102937327001,1,1,23.39999999999999,0.0,98.17185166610984,-0.22021959081994513,0
systemic_correlation,30094,vol_target,0.0,0,0,239.86694894929735,239.86694894929735,83.33846962687889,-0.16710475238555622,14
systemic_correlation,30094,liquidate,0.0516102937327001,1,1,216.0,0.0,79.52997677746326,-0.2270756457966745,0
systemic_correlation,30094,immune,0.0,0,0,23.4,12.0,98.461106287393,-0.21746999673898149,2
systemic_correlation,30095,none,24.98497543502389,66,70,0.0,0.0,87.32376878239012,-0.4217913867319977,0
systemic_correlation,30095,proportional,0.2535022955642634,3,4,54.292575000000014,0.0,83.39141860488313,-0.40709274416213015,0
systemic_correlation,30095,vol_target,0.0,0,0,215.6727874638059,215.6727874638059,87.04812355384192,-0.15430053453951598,8
systemic_correlation,30095,liquidate,0.12244555706812577,1,1,216.0,0.0,76.61292329105034,-0.3179419446697006,0
systemic_correlation,30095,immune,0.08620014482478089,1,1,54.292575,0.0,83.46241010361268,-0.40390397453359705,3
systemic_correlation,30096,none,643.5028606137382,67,1,0.0,0.0,18.492390386494396,-0.8810467292525932,0
systemic_correlation,30096,proportional,1.5828673518508491,7,1,144.66856357002754,0.0,35.452919229371105,-0.6780293690238998,0
systemic_correlation,30096,vol_target,0.0,0,0,238.73877558237157,238.73877558237157,93.22852446272739,-0.10071924619622319,11
systemic_correlation,30096,liquidate,0.0618335469602429,1,1,216.0,0.0,71.09920330716513,-0.31125993585274725,0
systemic_correlation,30096,immune,0.8491970069917798,5,13,142.8938289609671,12.0,36.70737064966917,-0.6646556948500972,5
systemic_correlation,30097,none,0.0,0,0,0.0,0.0,95.51135232276427,-0.22187063445513944,0
systemic_correlation,30097,proportional,0.0,0,0,0.0,0.0,95.51135232276427,-0.22187063445513944,0
systemic_correlation,30097,vol_target,0.0,0,0,239.64678277573748,239.64678277573748,98.0332431720733,-0.09056657188531814,15
systemic_correlation,30097,liquidate,0.0,0,0,0.0,0.0,95.51135232276427,-0.22187063445513944,0
systemic_correlation,30097,immune,0.0,0,0,12.0,0.0,92.84716624300232,-0.22627817514860926,1
systemic_correlation,30098,none,9.10476920945696,68,71,0.0,0.0,99.26340450123617,-0.37720194903895765,0
systemic_correlation,30098,proportional,0.44399262870633427,2,1,54.292575000000014,0.0,92.22247443396539,-0.36788336333186233,0
systemic_correlation,30098,vol_target,0.0,0,0,239.82397663176704,239.82397663176704,97.13574880575956,-0.052896113707414316,12
systemic_correlation,30098,liquidate,0.11442188208662873,1,1,216.0,0.0,77.98510617482448,-0.27451139943376224,0
systemic_correlation,30098,immune,0.2913061600045639,1,1,54.292575,0.0,97.80920864694025,-0.3605134028894864,2
systemic_correlation,30099,none,3.952193714843132,54,54,0.0,0.0,102.12057428971119,-0.2393318994956537,0
systemic_correlation,30099,proportional,0.007085782569289711,1,1,12.0,0.0,102.50320988996651,-0.23370879099507635,0
systemic_correlation,30099,vol_target,0.0,0,0,239.9082852039423,239.9082852039423,81.22002462008845,-0.18861602831013669,16
systemic_correlation,30099,liquidate,0.007085782569289711,1,1,216.0,0.0,109.00801509430583,-0.19828353907594132,0
systemic_correlation,30099,immune,0.0,0,0,12.0,12.0,100.48917885793155,-0.23078217294042136,1
combined,30000,none,10.283365730322894,75,75,0.0,0.0,83.811890122401,-0.3328805326509595,0
combined,30000,proportional,0.0796637216898235,3,1,44.5185,37.09875,89.06675880675968,-0.2792924563463831,0
combined,30000,vol_target,0.0,0,0,230.88728383582102,230.88728383582102,100.53624727495207,-0.0500118972301955,8
combined,30000,liquidate,0.061282901098769216,1,1,216.0,180.0,104.8306561144011,-0.06240191885168744,0
combined,30000,immune,0.061282901098769216,1,1,54.292575,44.518499999999996,87.33739331184886,-0.27750196269802463,3
combined,30001,none,66.10254767050651,75,75,0.0,0.0,64.17677669663665,-0.4873738419264124,0
combined,30001,proportional,0.29948039250287184,3,1,63.57794625000001,52.98162187500001,65.89910508158322,-0.4490099357227607,0
combined,30001,vol_target,0.0,0,0,200.47651455156222,200.47651455156222,98.29941704552796,-0.0995146331458705,3
combined,30001,liquidate,0.06444800819606822,1,1,216.0,180.0,82.76196446192745,-0.23858767977618067,0
combined,30001,immune,0.10795577070371809,2,1,72.3990489375,48.9990489375,67.90204681419462,-0.4377700335568203,4
combined,30002,none,19.22742636569508,75,75,0.0,0.0,68.95446366591044,-0.45732735266818947,0
combined,30002,proportional,0.06997745608905726,3,1,44.5185,37.09875,75.06649609848326,-0.39345618323560916,0
combined,30002,vol_target,0.0,0,0,226.45402985972643,226.45402985972643,104.12023524556155,-0.048683589110227854,6
combined,30002,liquidate,0.0605317073206979,1,1,216.0,180.0,101.47484926541706,-0.12248934927535682,0
combined,30002,immune,0.0605317073206979,1,1,44.518499999999996,22.229999999999997,72.74717646141849,-0.40863263870357625,3
combined,30003,none,9.225858312592802,75,75,0.0,0.0,93.85426450395393,-0.35830938397656187,0
combined,30003,proportional,0.0789353183655005,3,1,44.5185,37.09875,93.33797688235974,-0.3299110722074352,0
combined,30003,vol_target,0.0,0,0,239.7764671755624,239.7764671755624,112.10879944504784,-0.03760572029085796,14
combined,30003,liquidate,0.06697459544468087,1,1,216.0,180.0,91.07442562450747,-0.22292186523310908,0
combined,30003,immune,0.06697459544468087,1,1,34.23,10.829999999999998,92.16198137557912,-0.33243761948901485,2
combined,30004,none,4.565367530081066,30,30,0.0,0.0,128.5233142344374,-0.15292734691080878,0
combined,30004,proportional,0.06255961202485583,2,1,34.22999999999999,28.52499999999999,123.96646531762619,-0.15292734691080878,0
combined,30004,vol_target,0.0,0,0,237.07558659347882,237.07558659347882,99.98257192171475,-0.054162519687932065,15
combined,30004,liquidate,0.0576923076923076,1,1,216.0,180.0,95.52112809717202,-0.15292734691080878,0
combined,30004,immune,0.0576923076923076,1,1,23.4,0.0,125.44804184709842,-0.15292734691080878,1
combined,30005,none,62.49328973219462,75,75,0.0,0.0,63.59246784185884,-0.43307550172585063,0
combined,30005,proportional,0.18241473427686306,3,1,54.292575000000014,45.24381250000001,66.13721323313953,-0.39684579437900414,0
combined,30005,vol_target,0.0,0,0,239.99540910349836,239.99540910349836,97.00296734219663,-0.057626822878886985,19
combined,30005,liquidate,0.07247197411444328,1,1,216.0,180.0,80.97384116049001,-0.2184342097539932,0
combined,30005,immune,0.3095111275315474,3,1,71.1185,31.118499999999997,65.91641581978176,-0.408276619702728,1
combined,30006,none,69.61789864737656,75,75,0.0,0.0,47.35579281310458,-0.570042359433259,0
combined,30006,proportional,0.20378732877208983,6,1,80.77909649062502,73.35934649062501,56.18466983580129,-0.4821850550554577,0
combined,30006,vol_target,0.0,0,0,232.71219040475373,232.71219040475373,101.41673451442763,-0.0487712570322576,10
combined,30006,liquidate,0.05920445839870492,1,1,216.0,180.0,89.8620574878461,-0.15765984001960154,0
combined,30006,immune,0.08447644115068609,2,1,88.74014166609375,65.34014166609376,54.75889863725822,-0.49570955434054786,6
combined,30007,none,44.42323915008227,82,2,0.0,0.0,62.13388076960707,-0.41915077515013843,0
combined,30007,proportional,0.04659113112284774,6,1,63.57794625000001,58.15819625000001,64.74458486358277,-0.3823177153692098,0
combined,30007,vol_target,0.0,0,0,239.24675347407796,239.24675347407796,80.9562809899063,-0.1927827434604089,17
combined,30007,liquidate,0.012591381153298276,1,1,216.0,216.0,77.04845797116907,-0.23356437857293022,0
combined,30007,immune,0.0,0,0,54.292575,44.004075,67.70690658834154,-0.3555718300371872,5
combined,30008,none,9.394469003161696,75,75,0.0,0.0,118.54037893238645,-0.18078305445164866,0
combined,30008,proportional,0.11256292234150367,3,1,44.5185,37.09875,115.68104458469881,-0.17163269142100346,0
combined,30008,vol_target,0.0,0,0,219.0773985487403,219.0773985487403,109.90090167814131,-0.045363320236416094,10
combined,30008,liquidate,0.08280784738803604,1,1,216.0,180.0,105.7823486278701,-0.09488115991658896,0
combined,30008,immune,0.08280784738803604,1,1,54.292575,54.292575,119.89517725389852,-0.17139911157930432,2
combined,30009,none,10.345845070001834,75,75,0.0,0.0,78.90969730203545,-0.303459743059428,0
combined,30009,proportional,0.06984417895369155,3,1,44.5185,37.09875,80.87399267484791,-0.2819670262336066,0
combined,30009,vol_target,0.0,0,0,239.86115241767175,239.86115241767175,97.96802174854653,-0.10621383715507948,13
combined,30009,liquidate,0.06280419186878283,1,1,216.0,180.0,90.48349165078463,-0.1768162092752772,0
combined,30009,immune,0.06280419186878283,1,1,44.518499999999996,22.229999999999997,81.4063490782488,-0.2862501637206982,3
combined,30010,none,7.626629421305752,75,75,0.0,0.0,109.95694412100944,-0.15856133443240816,0
combined,30010,proportional,0.0692633659160522,3,1,44.5185,37.09875,109.10728112114082,-0.141352148147448,0
combined,30010,vol_target,0.0,0,0,237.90697798218235,237.90697798218235,102.592762222547,-0.06149604988223578,12
combined,30010,liquidate,0.06107430396496705,1,1,216.0,180.0,103.38488955559532,-0.08390069714756399,0
combined,30010,immune,0.06107430396496705,1,1,54.292575,54.292575,109.61561358360599,-0.1364672698465551,3
combined,30011,none,7.358741713213907,75,75,0.0,0.0,104.30193536074195,-0.16795253673729582,0
combined,30011,proportional,0.07545652200434405,3,1,44.5185,37.09875,102.76082602690464,-0.15133458576342762,0
combined,30011,vol_target,0.0,0,0,239.99998296266648,239.99998296266648,97.446910529727,-0.09131844204985107,19
combined,30011,liquidate,0.0576923076923076,1,1,216.0,180.0,101.02137380739978,-0.09681337916585986,0
combined,30011,immune,0.0576923076923076,1,1,44.518499999999996,23.4,104.62247397298832,-0.15418580750286226,2
combined,30012,none,19.11830836876432,75,75,0.0,0.0,78.86678429810235,-0.329376228640368,0
combined,30012,proportional,0.08067926607738773,3,1,44.5185,37.09875,79.43392790653408,-0.30310026403679247,0
combined,30012,vol_target,0.0,0,0,235.7903119593016,235.53937876425758,84.735255057985,-0.17265983189860357,14
combined,30012,liquidate,0.06377611101447367,1,1,216.0,180.0,80.77851334726807,-0.21021609491841775,0
combined,30012,immune,0.0,0,0,54.292575,44.518499999999996,77.29909521524841,-0.3133361113271601,5
combined,30013,none,5.305210123080209,30,30,0.0,0.0,109.29641794495376,-0.198374373383143,0
combined,30013,proportional,0.07571941137167315,2,1,34.22999999999999,28.52499999999999,106.2439396325748,-0.19385106290629117,0
combined,30013,vol_target,0.0,0,0,239.96440064800603,239.96440064800603,92.91658443540449,-0.12502916485988658,20
combined,30013,liquidate,0.0576923076923076,1,1,216.0,180.0,91.94767437340084,-0.15169204905579903,0
combined,30013,immune,0.0576923076923076,1,1,34.23,22.229999999999997,104.50220145146682,-0.19758328131315606,2
combined,30014,none,6.90413083760297,75,75,0.0,0.0,116.41844920535902,-0.1345391560302679,0
combined,30014,proportional,0.07566336809023189,3,1,44.5185,37.09875,112.99665920841035,-0.12199349027520279,0
combined,30014,vol_target,0.0,0,0,237.5501287614883,237.5501287614883,98.43815935849166,-0.044357745705176144,13
combined,30014,liquidate,0.0576923076923076,1,1,216.0,180.0,99.83760990655912,-0.06926855168010004,0
combined,30014,immune,0.0576923076923076,1,1,34.23,11.399999999999999,114.64041335317005,-0.12403561189240442,2
combined,30015,none,8.476687185827995,75,75,0.0,0.0,123.6391906482404,-0.16431223665072803,0
combined,30015,proportional,0.0629468482433424,3,1,44.5185,37.09875,124.53568553554248,-0.14843094060277795,0
combined,30015,vol_target,0.0,0,0,239.0976630950837,239.0976630950837,116.7982238241431,-0.02368479819767144,11
combined,30015,liquidate,0.0576923076923076,1,1,216.0,180.0,128.05937982562784,-0.027560985982995168,0
combined,30015,immune,0.0576923076923076,1,1,44.518499999999996,33.6885,123.60378648332242,-0.14948913618868398,2
combined,30016,none,6.392528726504838,75,75,0.0,0.0,107.94370978449349,-0.13064124415442935,0
combined,30016,proportional,0.07869045437524513,3,1,44.5185,37.09875,107.96493334663975,-0.11186079856812015,0
combined,30016,vol_target,0.0,0,0,239.3990591267536,239.3990591267536,103.99404454947319,-0.049754708404703196,14
combined,30016,liquidate,0.05843996356686332,1,1,216.0,180.0,108.34638667339954,-0.07141535271031807,0
combined,30016,immune,0.05843996356686332,1,1,54.292575,44.518499999999996,110.90124736333615,-0.0904274235092778,3
combined,30017,none,28.866663347814423,75,75,0.0,0.0,70.36928976055427,-0.4770969820211294,0
combined,30017,proportional,0.07094128708402114,4,1,54.292575000000014,45.24381250000001,78.07708598124925,-0.39630428516238303,0
combined,30017,vol_target,0.0,0,0,231.24030923449934,231.24030923449934,110.87353276663536,-0.028105227273352185,10
combined,30017,liquidate,0.0576923076923076,1,1,216.0,180.0,107.71195230535477,-0.09784764368104548,0
combined,30017,immune,0.0576923076923076,1,1,44.518499999999996,22.229999999999997,77.20822243167632,-0.4051837423841834,3
combined,30018,none,38.24502928821546,75,75,0.0,0.0,67.54731423976112,-0.39213883583006826,0
combined,30018,proportional,0.4282467235078009,3,5,54.292575000000014,46.87282500000001,67.95088739873177,-0.37528700544861293,0
combined,30018,vol_target,0.0,0,0,227.86387739467727,227.86387739467727,85.86241532937699,-0.15866143244476827,11
combined,30018,liquidate,0.2799351115149218,1,1,216.0,180.0,73.05637383356331,-0.28667708228104716,0
combined,30018,immune,0.044657490316866166,2,1,54.292575,32.062575,69.64767607112208,-0.36447154659529946,1
combined,30019,none,11.456254569774087,75,75,0.0,0.0,106.67595760253279,-0.24763931629822566,0
combined,30019,proportional,0.06666930266051174,3,1,44.5185,37.09875,104.09649442058306,-0.2246573416564247,0
combined,30019,vol_target,0.0,0,0,237.13345688334186,237.13345688334186,100.42464664304228,-0.0692948258072682,10
combined,30019,liquidate,0.0576923076923076,1,1,216.0,180.0,103.20571977140658,-0.0692948258072682,0
combined,30019,immune,0.0576923076923076,1,1,34.23,10.829999999999998,111.85966291504761,-0.21533493207660448,2
combined,30020,none,21.306818622128986,75,75,0.0,0.0,68.15769191143544,-0.35260229084886796,0
combined,30020,proportional,0.07367540058999489,3,1,44.5185,37.09875,71.1060975491859,-0.31703536256040965,0
combined,30020,vol_target,0.0,0,0,222.76208377794924,222.76208377794924,87.82077519870157,-0.12561490843107792,7
combined,30020,liquidate,0.06383630994791711,1,1,216.0,180.0,80.35237311707377,-0.20110708438741887,0
combined,30020,immune,0.1988397176450849,2,2,54.292575,20.062575,67.82808127765382,-0.3380632011746506,2
combined,30021,none,7.425347469590207,75,75,0.0,0.0,143.6210635870146,-0.22187923524674713,0
combined,30021,proportional,0.07226849405748104,3,1,44.5185,37.09875,137.863086005903,-0.19948777210599222,0
combined,30021,vol_target,0.0,0,0,239.99168597289798,239.99168597289798,97.9844900074822,-0.10657041291157143,14
combined,30021,liquidate,0.0576923076923076,1,1,216.0,180.0,116.55453622938954,-0.10657041291157143,0
combined,30021,immune,0.0576923076923076,1,1,34.23,10.829999999999998,142.79918365880482,-0.2021765145534833,2
combined,30022,none,36.87124718770581,75,75,0.0,0.0,79.97132201459509,-0.3756155616345236,0
combined,30022,proportional,0.13527131023858296,4,1,54.292575000000014,45.24381250000001,78.8020155639139,-0.3486635862051074,0
combined,30022,vol_target,0.0,0,0,235.46959779697565,235.46959779697565,91.323530317368,-0.09547573056531133,10
combined,30022,liquidate,0.07747210133431826,1,1,216.0,180.0,83.29477313392431,-0.18911354608579323,0
combined,30022,immune,0.09783443483764809,2,1,54.292575,30.892575,83.46889234534373,-0.33871271156044025,2
combined,30023,none,45.27714992519698,75,75,0.0,0.0,59.79641633141589,-0.4515098582674709,0
combined,30023,proportional,0.2506891669650614,5,1,63.57794625000001,56.15819625000001,63.482227988652355,-0.39001197319079695,0
combined,30023,vol_target,0.0,0,0,238.48372627777064,238.48372627777064,83.55936009621718,-0.17303468858700632,17
combined,30023,liquidate,0.20205863018440784,1,1,216.0,180.0,73.81493924890954,-0.27176509152524075,0
combined,30023,immune,0.0,0,0,63.57794625,52.74794625,63.08897675333738,-0.39356442124970537,6
combined,30024,none,7.412219753307606,75,75,0.0,0.0,119.19653892323217,-0.18723976405783405,0
combined,30024,proportional,0.07901985104671105,3,1,44.5185,37.09875,119.26000728100679,-0.17027348053253566,0
combined,30024,vol_target,0.0,0,0,211.775191363275,211.775191363275,105.1179207650801,-0.043196414331110544,9
combined,30024,liquidate,0.059778553080867214,1,1,216.0,180.0,116.17302518764522,-0.043196414331110544,0
combined,30024,immune,0.059778553080867214,1,1,44.518499999999996,23.4,115.87087736636468,-0.17585643307940968,2
combined,30025,none,36.369114888178004,75,75,0.0,0.0,96.03625504272549,-0.4679092072047887,0
combined,30025,proportional,0.21174560809430965,4,1,63.57794625000001,52.98162187500001,91.35233019942689,-0.4157295343716395,0
combined,30025,vol_target,0.0,0,0,239.68820794380179,239.68820794380179,95.41390222977837,-0.09652977973976451,12
combined,30025,liquidate,0.06803435034394556,1,1,216.0,180.0,101.22958987493958,-0.09652977973976451,0
combined,30025,immune,0.10176425444322823,2,1,63.57794625,34.23,94.57667242055236,-0.40791746786511573,1
combined,30026,none,9.31285656778352,75,75,0.0,0.0,98.38407375075454,-0.24573113914339562,0
combined,30026,proportional,0.07274222000745245,3,1,44.5185,37.09875,99.23674644532727,-0.21379400889608546,0
combined,30026,vol_target,0.0,0,0,191.46559565126023,191.46559565126023,104.61849407659058,-0.053482272091922356,8
combined,30026,liquidate,0.0576923076923076,1,1,216.0,180.0,103.85435193006127,-0.06850874307995647,0
combined,30026,immune,0.0576923076923076,1,1,44.518499999999996,22.229999999999997,99.9586769075776,-0.21353436236897638,3
combined,30027,none,10.181680070400516,75,75,0.0,0.0,105.81010130837839,-0.2476867459496057,0
combined,30027,proportional,0.07299660400831964,3,1,44.5185,37.09875,107.18543614415944,-0.20955253911353222,0
combined,30027,vol_target,0.0,0,0,209.99903542703453,209.99903542703453,104.30198324149839,-0.05769929386082484,7
combined,30027,liquidate,0.06018323425886962,1,1,216.0,180.0,115.15439446537218,-0.05342209047504898,0
combined,30027,immune,0.06018323425886962,1,1,34.23,10.829999999999998,104.93433037910098,-0.2244435706362784,2
combined,30028,none,62.095231381398705,75,75,0.0,0.0,57.796409803698765,-0.5074104854499697,0
combined,30028,proportional,0.17346237301212886,5,1,72.39904893750001,63.35028643750001,62.90060179556456,-0.4448751520811819,0
combined,30028,vol_target,0.0,0,0,229.55277798757353,229.55277798757353,100.05970824590412,-0.06483679134563625,10
combined,30028,liquidate,0.0576923076923076,1,1,216.0,180.0,90.54741203643798,-0.15669723819070347,0
combined,30028,immune,0.06349356498036152,2,1,72.3990489375,51.2805489375,62.51355853560862,-0.4422812959599872,3
combined,30029,none,4.563554302038918,30,30,0.0,0.0,97.8399098386347,-0.2651986254340115,0
combined,30029,proportional,0.05807359752423813,2,1,34.22999999999999,28.52499999999999,99.93226770970851,-0.23253517050064054,0
combined,30029,vol_target,0.0,0,0,235.73430314825305,235.73430314825305,105.60761477745646,-0.05600643314578613,8
combined,30029,liquidate,0.0576923076923076,1,1,216.0,180.0,107.08388542347471,-0.05600643314578613,0
combined,30029,immune,0.0576923076923076,1,1,34.23,23.4,100.19156484336816,-0.227554411503042,1
combined,30030,none,45.01932495954615,75,75,0.0,0.0,71.47415918003168,-0.44028827934429837,0
combined,30030,proportional,0.07435920117302097,3,1,44.5185,37.09875,74.67726579901921,-0.3902991861735693,0
combined,30030,vol_target,0.0,0,0,237.66089093139098,237.66089093139098,101.25420278843575,-0.05773066103079405,10
combined,30030,liquidate,0.0576923076923076,1,1,216.0,180.0,101.64535618820177,-0.06104324749251322,0
combined,30030,immune,0.08208434667561948,2,1,54.292575,30.892574999999997,73.94582888871062,-0.4007125995361963,2
combined,30031,none,6.925303469299428,75,75,0.0,0.0,82.10273530268667,-0.3033973983312397,0
combined,30031,proportional,0.06624562622734342,3,1,44.5185,37.09875,84.57164062831515,-0.26191432863099096,0
combined,30031,vol_target,0.0,0,0,233.53625474568025,233.53625474568025,103.58299928853853,-0.05086214739526829,11
combined,30031,liquidate,0.060828190641897595,1,1,216.0,180.0,90.45294976297777,-0.16522360380936085,0
combined,30031,immune,0.060828190641897595,1,1,44.518499999999996,32.518499999999996,84.87493056920955,-0.25989731214688816,3
combined,30032,none,8.37491792655691,75,75,0.0,0.0,104.3436163382354,-0.16081679190433318,0
combined,30032,proportional,0.07885434237964684,3,1,44.5185,37.09875,105.82541191359344,-0.14393399684782426,0
combined,30032,vol_target,0.0,0,0,239.59216280228296,239.59216280228296,107.61624002358398,-0.05527842565357466,14
combined,30032,liquidate,0.062241931822378804,1,1,216.0,180.0,116.61233978253398,-0.05527842565357466,0
combined,30032,immune,0.062241931822378804,1,1,44.518499999999996,23.4,108.46272836742024,-0.13248333500441378,2
combined,30033,none,32.60352405237172,75,75,0.0,0.0,55.13176886215702,-0.5260039047436236,0
combined,30033,proportional,0.10424094522452931,5,1,63.57794625000001,56.15819625000001,63.11922071850497,-0.4456429766260094,0
combined,30033,vol_target,0.0,0,0,239.99999206980291,239.99999206980291,99.45595155123068,-0.13497037799190936,20
combined,30033,liquidate,0.060166743661938415,1,1,216.0,180.0,99.34957711725013,-0.13497037799190936,0
combined,30033,immune,0.060166743661938415,1,1,54.292575,44.004075,68.54964193749612,-0.3980925410563515,3
combined,30034,none,26.543885334133716,75,75,0.0,0.0,72.57506704912842,-0.3306808489334503,0
combined,30034,proportional,0.08484666010835917,3,1,44.5185,37.09875,74.98918306253195,-0.29983958385541687,0
combined,30034,vol_target,0.0,0,0,237.48624357819045,237.48624357819045,96.42730266789007,-0.09291809312898092,14
combined,30034,liquidate,0.0576923076923076,1,1,216.0,180.0,87.62736999794562,-0.1668123096420404,0
combined,30034,immune,0.0576923076923076,1,1,54.292575,44.518499999999996,75.9465198747766,-0.30059543379778875,2
combined,30035,none,46.89834341179988,75,75,0.0,0.0,71.80913669767392,-0.4485313253037576,0
combined,30035,proportional,0.09773147905442581,4,1,54.292575000000014,45.24381250000001,75.30051315749012,-0.39031721056827307,0
combined,30035,vol_target,0.0,0,0,236.423621554325,236.423621554325,100.31155606712528,-0.07240117479623476,12
combined,30035,liquidate,0.0576923076923076,1,1,216.0,180.0,101.09070422324366,-0.13380808810114142,0
combined,30035,immune,0.0576923076923076,1,1,54.292575,33.6885,76.98362748491752,-0.39322539717576255,3
combined,30036,none,7.708133967705316,75,75,0.0,0.0,95.81634836904686,-0.2911157425435731,0
combined,30036,proportional,0.07509212934334353,3,1,44.5185,37.09875,98.99674936000679,-0.2503556104308807,0
combined,30036,vol_target,0.0,0,0,239.8322049529182,239.8322049529182,112.51653494036233,-0.068967390596122,12
combined,30036,liquidate,0.0576923076923076,1,1,216.0,180.0,112.37016146433662,-0.07649662494800347,0
combined,30036,immune,0.0576923076923076,1,1,44.518499999999996,23.4,100.3262033970175,-0.23537791144926756,2
combined,30037,none,35.60258493287498,75,75,0.0,0.0,77.32612321235472,-0.4073309089562688,0
combined,30037,proportional,0.08352987626163577,4,1,54.292575000000014,45.24381250000001,79.70575223442506,-0.3594618561396572,0
combined,30037,vol_target,0.0,0,0,234.47273057390808,234.47273057390808,93.49551095544356,-0.08287237995677366,11
combined,30037,liquidate,0.0576923076923076,1,1,216.0,180.0,99.72496906331477,-0.10188413148202558,0
combined,30037,immune,0.0576923076923076,1,1,44.518499999999996,23.4,78.35121267937001,-0.3604740581803402,2
combined,30038,none,9.784850252930678,75,75,0.0,0.0,116.63331869689264,-0.22037698479230172,0
combined,30038,proportional,0.0678433667941063,3,1,44.5185,37.09875,114.15181133633251,-0.19906785763815094,0
combined,30038,vol_target,0.0,0,0,232.4768392876903,232.4768392876903,107.12109123173195,-0.026734028583193736,12
combined,30038,liquidate,0.05947297147153752,1,1,216.0,180.0,111.89886806296761,-0.034072041360258654,0
combined,30038,immune,0.05947297147153752,1,1,44.518499999999996,34.23,113.43301953144149,-0.20196813636214006,2
combined,30039,none,23.151924416704038,75,75,0.0,0.0,62.251445394126094,-0.4222942547829589,0
combined,30039,proportional,0.08448331169242729,3,1,44.5185,37.09875,67.2299744873937,-0.3760925185549633,0
combined,30039,vol_target,0.0,0,0,239.7995761919468,239.7995761919468,104.46164021487017,-0.037394832871619044,13
combined,30039,liquidate,0.060139478937862534,1,1,216.0,180.0,95.07389591644424,-0.1176954118357002,0
combined,30039,immune,0.060139478937862534,1,1,54.292575,33.174075,66.13897582318654,-0.38621720228473366,3
combined,30040,none,6.116064427514745,75,75,0.0,0.0,158.9025861452513,-0.0796432844107543,0
combined,30040,proportional,0.08421182160217344,3,1,44.5185,37.09875,151.55841410025633,-0.08062559803593339,0
combined,30040,vol_target,0.0,0,0,238.59139124108026,238.59139124108026,102.72008598816832,-0.07342141401489066,12
combined,30040,liquidate,0.06636408755045231,1,1,216.0,180.0,105.02744808368655,-0.08871079479702249,0
combined,30040,immune,0.06636408755045231,1,1,44.518499999999996,34.23,147.56481550943914,-0.08246180293864735,1
combined,30041,none,27.128191021373805,75,75,0.0,0.0,64.32286309479747,-0.4983688021590462,0
combined,30041,proportional,0.09490473671567068,3,1,44.5185,37.09875,70.78735848190529,-0.4324121889222978,0
combined,30041,vol_target,0.0,0,0,238.97020336814842,238.97020336814842,98.9994844459873,-0.08446696564808165,8
combined,30041,liquidate,0.06948158412030148,1,1,216.0,180.0,90.8273998376152,-0.12344113272901158,0
combined,30041,immune,0.06948158412030148,1,1,54.292575,34.23,69.64599790923192,-0.43925216570613346,2
combined,30042,none,40.2367835703968,75,75,0.0,0.0,55.98265510328059,-0.45679647950901625,0
combined,30042,proportional,0.12282171033232814,4,1,63.57794625000001,54.52918375000001,60.90997807668355,-0.40898632865406437,0
combined,30042,vol_target,0.0,0,0,239.25974083321267,239.25974083321267,90.95663775712713,-0.12164333098277313,16
combined,30042,liquidate,0.0576923076923076,1,1,216.0,180.0,88.95922880222074,-0.13682253590188354,0
combined,30042,immune,0.12668122543838234,2,1,72.3990489375,41.506473937500004,58.22259301202545,-0.43742762500581134,3
combined,30043,none,43.0254159498703,75,75,0.0,0.0,78.70653724456349,-0.5000740409335889,0
combined,30043,proportional,0.21344566424872247,4,1,63.57794625000001,52.98162187500001,78.39560364528108,-0.4490273489436215,0
combined,30043,vol_target,0.0,0,0,239.95480954718667,239.95480954718667,96.2730709019629,-0.11154084858703517,14
combined,30043,liquidate,0.06930733621848706,1,1,216.0,180.0,90.3857795499617,-0.2128770756004359,0
combined,30043,immune,0.06930733621848706,1,1,63.57794625,41.80387125,77.04564801017928,-0.45074068357578156,5
combined,30044,none,8.39316415067649,75,75,0.0,0.0,113.54569015270533,-0.14962453524968777,0
combined,30044,proportional,0.07207888510431781,3,1,44.5185,37.09875,111.92389604463229,-0.1351523780449032,0
combined,30044,vol_target,0.0,0,0,239.89059804854338,239.89059804854338,97.30406377194696,-0.0855604945471411,17
combined,30044,liquidate,0.0582858354164838,1,1,216.0,180.0,104.19217758810433,-0.08266061282870751,0
combined,30044,immune,0.0582858354164838,1,1,44.518499999999996,22.229999999999997,110.2195797796418,-0.1207626151511727,3
combined,30045,none,11.872532751878795,75,75,0.0,0.0,100.00117810861589,-0.2118877763497774,0
combined,30045,proportional,0.07645978863496217,3,1,44.5185,37.09875,99.72531446376988,-0.19843766321339784,0
combined,30045,vol_target,0.0,0,0,230.3383419614204,230.3383419614204,106.10910010478788,-0.03232011044513794,10
combined,30045,liquidate,0.0698556876696953,1,1,216.0,180.0,101.86066930658792,-0.11869147775939215,0
combined,30045,immune,0.0698556876696953,1,1,34.23,10.829999999999998,96.81971601761491,-0.2086325256979228,2
combined,30046,none,14.991000496929276,75,75,0.0,0.0,72.4657254085463,-0.3944064942525276,0
combined,30046,proportional,0.07661308415893198,3,1,44.5185,37.09875,76.80684138991366,-0.3497345088300837,0
combined,30046,vol_target,0.0,0,0,237.9313179402473,237.9313179402473,100.51841202142708,-0.03241839978186534,14
combined,30046,liquidate,0.0692224590826489,1,1,216.0,180.0,104.55321777644701,-0.080324645183658,0
combined,30046,immune,0.0692224590826489,1,1,34.23,10.829999999999998,76.02670943753664,-0.3618531691053486,2
combined,30047,none,11.748270831311626,81,82,0.0,0.0,103.61721389794877,-0.3555480052640224,0
combined,30047,proportional,0.10596326641908504,3,1,44.5185,40.99875,97.91149998288982,-0.3418584878769233,0
combined,30047,vol_target,0.0,0,0,236.85614366358337,236.85614366358337,89.76048567780266,-0.12005290031505422,13
combined,30047,liquidate,0.062001659465794834,1,1,216.0,216.0,80.03981248640252,-0.24864706194542896,0
combined,30047,immune,0.0,0,0,44.518499999999996,34.23,99.65745781235213,-0.30848872049170006,4
combined,30048,none,65.8997913738731,75,75,0.0,0.0,71.98859709483663,-0.5199075605662906,0
combined,30048,proportional,0.5036423884810717,4,1,80.77909649062502,67.31591374218752,70.30870331161996,-0.4630652827245808,0
combined,30048,vol_target,0.0,0,0,239.8522012827181,239.8522012827181,98.0313400257242,-0.0746082636863431,12
combined,30048,liquidate,0.06001936252771689,1,1,216.0,180.0,86.89466571608635,-0.1800136684436009,0
combined,30048,immune,0.320993472962139,3,1,88.74014166609373,65.34014166609376,69.40545174239311,-0.4721731878799137,3
combined,30049,none,5.928995517750668,75,75,0.0,0.0,114.53100532632553,-0.1428006024159263,0
combined,30049,proportional,0.06041615966967839,3,1,44.5185,37.09875,111.61612520282038,-0.13115179851436998,0
combined,30049,vol_target,0.0,0,0,198.76802261349474,197.37620326964233,95.47774141371961,-0.10308374380233576,7
combined,30049,liquidate,0.0576923076923076,1,1,216.0,180.0,93.99830302606163,-0.10329308156928407,0
combined,30049,immune,0.0576923076923076,1,1,44.518499999999996,33.6885,109.64906967390876,-0.13558551520087503,2
combined,30050,none,8.774745817178754,75,75,0.0,0.0,102.30106904637792,-0.2578802285659372,0
combined,30050,proportional,0.08259273704953418,3,1,44.5185,37.09875,103.86977013097993,-0.2301836478579956,0
combined,30050,vol_target,0.0,0,0,235.5121286231457,208.11744959033123,110.50086575915033,-0.07552730510617545,14
combined,30050,liquidate,0.06300361179907077,1,1,216.0,180.0,119.08066629800705,-0.0474474538858648,0
combined,30050,immune,0.06300361179907077,1,1,34.23,11.399999999999999,102.16993193757239,-0.23355143273114176,2
combined,30051,none,8.777515269333565,75,75,0.0,0.0,85.2048025716124,-0.33348454678523454,0
combined,30051,proportional,0.0766872865803806,3,1,44.5185,37.09875,89.23967209676681,-0.2894943657151069,0
combined,30051,vol_target,0.0,0,0,237.16402930814104,237.16402930814104,94.09029385805943,-0.09374267078274756,11
combined,30051,liquidate,0.0576923076923076,1,1,216.0,180.0,112.2573973209685,-0.09374267078274756,0
combined,30051,immune,0.0576923076923076,1,1,34.23,10.829999999999998,87.46484570941215,-0.29979797816139164,2
combined,30052,none,9.462103064380857,75,75,0.0,0.0,103.31368665273072,-0.15922623722365092,0
combined,30052,proportional,0.10024961324852555,3,1,44.5185,37.09875,102.10515472312233,-0.13869890292258147,0
combined,30052,vol_target,0.0,0,0,239.9760967416402,239.9760967416402,97.8282251903843,-0.06282435940876219,15
combined,30052,liquidate,0.07635959153360561,1,1,216.0,180.0,99.18098757273198,-0.07732541370600443,0
combined,30052,immune,0.07635959153360561,1,1,44.518499999999996,34.23,99.29989028323011,-0.1384074800973336,1
combined,30053,none,11.125644379335842,75,75,0.0,0.0,106.04877578943572,-0.26510977821364,0
combined,30053,proportional,0.10563779244713023,3,1,44.5185,37.09875,102.41851165607885,-0.24479143669571535,0
combined,30053,vol_target,0.0,0,0,239.78242553739517,239.78242553739517,91.02538881695043,-0.10226626265564676,11
combined,30053,liquidate,0.07580839136343254,1,1,216.0,180.0,92.68412157838439,-0.12503612988336454,0
combined,30053,immune,0.07580839136343254,1,1,34.23,10.829999999999998,98.79756850121956,-0.2501117804940993,2
combined,30054,none,50.706075662712074,75,75,0.0,0.0,69.00073848184806,-0.4863715626720597,0
combined,30054,proportional,0.16398382726183458,4,1,63.57794625000001,54.52918375000001,70.61891284565684,-0.43985468770175595,0
combined,30054,vol_target,0.0,0,0,238.06972009853834,238.06972009853834,97.40608015932094,-0.08683043572189542,13
combined,30054,liquidate,0.08369429694881081,1,1,216.0,180.0,88.12268921845897,-0.20331365833794046,0
combined,30054,immune,0.08369429694881081,1,1,72.3990489375,48.9990489375,67.58596239081518,-0.4594780412279922,5
combined,30055,none,7.047297198086734,75,75,0.0,0.0,122.47072846239433,-0.21689835227766951,0
combined,30055,proportional,0.0672909452170175,3,1,44.5185,37.09875,120.34845025920632,-0.2048623559940823,0
combined,30055,vol_target,0.0,0,0,234.3973541639408,234.3973541639408,111.18361815556376,-0.039852954927500406,8
combined,30055,liquidate,0.06444514976269278,1,1,216.0,180.0,112.24610813682477,-0.10579684812148105,0
combined,30055,immune,0.06444514976269278,1,1,44.518499999999996,33.6885,117.57671173631695,-0.2079475093190738,2
combined,30056,none,7.227505201412943,75,75,0.0,0.0,142.3299255608667,-0.07978257041579495,0
combined,30056,proportional,0.08821987745309978,3,1,44.5185,37.09875,140.58704105718158,-0.06787101526812589,0
combined,30056,vol_target,0.0,0,0,239.99999555663797,239.99999555663797,118.91203276688219,-0.04350006874798906,17
combined,30056,liquidate,0.06834226835926083,1,1,216.0,180.0,126.14836391720183,-0.07003377986454484,0
combined,30056,immune,0.06834226835926083,1,1,44.518499999999996,34.23,142.23087463564892,-0.06823181666148437,1
combined,30057,none,65.57472921179743,75,75,0.0,0.0,53.68765742720301,-0.6311955199115571,0
combined,30057,proportional,0.17724463089739173,7,1,88.74014166609376,79.69137916609375,60.966779711289746,-0.522443928058561,0
combined,30057,vol_target,0.0,0,0,234.1441801579876,234.1441801579876,106.5418572636543,-0.034058463599790034,14
combined,30057,liquidate,0.0576923076923076,1,1,216.0,180.0,99.88254161928248,-0.10920074667651047,0
combined,30057,immune,0.17133956111695803,3,1,96.30313458278906,73.47313458278907,58.85851658995742,-0.5327925167069592,5
combined,30058,none,13.909051669931582,75,75,0.0,0.0,91.5861482254174,-0.3010419214471879,0
combined,30058,proportional,0.10243606068117972,4,1,54.292575000000014,45.24381250000001,95.66633774324356,-0.25912890545560585,0
combined,30058,vol_target,0.0,0,0,239.99031842646104,239.99031842646104,104.86576242814262,-0.04803639328380038,18
combined,30058,liquidate,0.06864456311974776,1,1,216.0,180.0,109.4979963188912,-0.06559787803315031,0
combined,30058,immune,0.06864456311974776,1,1,44.518499999999996,22.229999999999997,95.04429498571363,-0.2626972218540832,3
combined,30059,none,8.386485032066947,75,75,0.0,0.0,112.36024194115407,-0.300667618729352,0
combined,30059,proportional,0.10110113896335327,3,1,44.5185,37.09875,111.47887803257088,-0.2599889949257187,0
combined,30059,vol_target,0.0,0,0,230.17561297867658,230.17561297867658,109.73679040731412,-0.07257740701406223,7
combined,30059,liquidate,0.07031019751102252,1,1,216.0,180.0,108.19101049357269,-0.10776189756426857,0
combined,30059,immune,0.07031019751102252,1,1,54.292575,54.292575,112.59100577248324,-0.23893186130442046,2
combined,30060,none,44.82546368993026,75,75,0.0,0.0,62.028466596240634,-0.47008214360714273,0
combined,30060,proportional,0.14974919440224044,4,1,63.57794625000001,56.15819625000001,66.14016465607035,-0.41325660132378206,0
combined,30060,vol_target,0.0,0,0,239.64048079205463,221.78836881544186,95.6322197943357,-0.08208898763499695,19
combined,30060,liquidate,0.063533700858309,1,1,216.0,180.0,90.28304021653999,-0.13989124409308462,0
combined,30060,immune,0.20708106069127363,2,1,72.3990489375,61.5690489375,63.23625071898254,-0.4300414050177336,3
combined,30061,none,6.167707788339106,75,75,0.0,0.0,120.23047585966897,-0.25564680407383267,0
combined,30061,proportional,0.07319904500320873,3,1,44.5185,37.09875,116.03130498127715,-0.2335794026670528,0
combined,30061,vol_target,0.0,0,0,239.87193556493258,239.87193556493258,98.31320989431805,-0.06523479510075658,12
combined,30061,liquidate,0.0576923076923076,1,1,216.0,180.0,95.79745219332543,-0.11709951470571522,0
combined,30061,immune,0.0576923076923076,1,1,44.518499999999996,23.4,118.80807238547777,-0.22987015560601476,2
combined,30062,none,10.039633792146244,75,75,0.0,0.0,102.31034557689037,-0.33760970525629685,0
combined,30062,proportional,0.09895962110552392,3,1,44.5185,37.09875,104.88040821520023,-0.29312429468916723,0
combined,30062,vol_target,0.0,0,0,224.44030753393181,224.44030753393181,101.54853013465355,-0.04879776222538834,8
combined,30062,liquidate,0.0576923076923076,1,1,216.0,180.0,112.52366497786842,-0.04879776222538834,0
combined,30062,immune,0.0576923076923076,1,1,44.518499999999996,23.4,105.47749124235703,-0.28488791788344714,2
combined,30063,none,53.69009756616463,75,75,0.0,0.0,64.69566660625442,-0.43459011183209184,0
combined,30063,proportional,0.28273485804039544,3,1,63.57794625000001,52.98162187500001,67.35546103996093,-0.3959933449038099,0
combined,30063,vol_target,0.0,0,0,239.72597903833415,239.72597903833415,101.76210106264494,-0.05297345420502675,17
combined,30063,liquidate,0.06236155220336237,1,1,216.0,180.0,92.5852289502254,-0.12407480284852068,0
combined,30063,immune,0.5054350895898561,2,1,60.83,20.83,71.84843398870741,-0.4081334694931613,1
combined,30064,none,8.04361696416544,75,75,0.0,0.0,83.61151819807984,-0.2778669631200972,0
combined,30064,proportional,0.07727172504488489,3,1,44.5185,37.09875,86.30120157084056,-0.23978447060488373,0
combined,30064,vol_target,0.0,0,0,232.6472280490265,222.85247286635166,98.78586668677352,-0.0768049539996346,14
combined,30064,liquidate,0.06534892972511452,1,1,216.0,180.0,94.34180738837223,-0.13781660337937462,0
combined,30064,immune,0.06534892972511452,1,1,44.518499999999996,34.23,85.54523965616208,-0.24191159820791674,1
combined,30065,none,129.45869767643242,76,1,0.0,0.0,48.51765671082305,-0.5678623092770647,0
combined,30065,proportional,0.8145319183481468,5,1,96.30313458278907,82.25261215232422,53.08965120899415,-0.5088413510564029,0
combined,30065,vol_target,0.0,0,0,238.48309326980768,238.48309326980768,94.89341159739004,-0.0828044539566094,14
combined,30065,liquidate,0.027203934753639913,1,1,216.0,216.0,75.34073846562198,-0.2752992420242213,0
combined,30065,immune,0.32091074750995485,3,1,96.30313458278906,75.18463458278907,54.43613266469752,-0.501262824944507,3
combined,30066,none,10.38077130290299,75,75,0.0,0.0,107.26565930715624,-0.3350488043649299,0
combined,30066,proportional,0.07095224361968955,3,1,44.5185,37.09875,107.14853954207953,-0.2939729496453254,0
combined,30066,vol_target,0.0,0,0,225.77458512959876,225.77458512959876,113.40098757708041,-0.02796181502852968,9
combined,30066,liquidate,0.0576923076923076,1,1,216.0,180.0,117.48868825873926,-0.05082550945141495,0
combined,30066,immune,0.0576923076923076,1,1,34.23,11.399999999999999,107.18699655112631,-0.3054054325601111,2
combined,30067,none,10.648709380191773,75,75,0.0,0.0,110.3009441559069,-0.25776880002988556,0
combined,30067,proportional,0.1038250797135214,3,1,44.5185,37.09875,107.65595669612689,-0.23989724138317958,0
combined,30067,vol_target,0.0,0,0,238.89534841023564,238.89534841023564,100.36700167591293,-0.05554561070237052,15
combined,30067,liquidate,0.0843273538373106,1,1,216.0,180.0,103.64342062405208,-0.10883528900978279,0
combined,30067,immune,0.0843273538373106,1,1,44.518499999999996,34.23,112.53940419057959,-0.20210585465339792,1
combined,30068,none,10.279751254698372,75,75,0.0,0.0,99.47058108908534,-0.3036566447191862,0
combined,30068,proportional,0.09810576637690605,3,1,44.5185,37.09875,101.49414371508193,-0.26996039502363833,0
combined,30068,vol_target,0.0,0,0,221.16480920093653,221.16480920093653,106.36203313163071,-0.038811317823280844,7
combined,30068,liquidate,0.0576923076923076,1,1,216.0,180.0,111.57034126560086,-0.051697491560259046,0
combined,30068,immune,0.0576923076923076,1,1,44.518499999999996,23.4,104.66339197899258,-0.25902990361148126,2
combined,30069,none,71.98830989937514,75,75,0.0,0.0,52.157521958186116,-0.5343901851079977,0
combined,30069,proportional,0.29484395790271956,5,1,72.39904893750001,61.80272456250001,57.942141175089496,-0.48122096354767363,0
combined,30069,vol_target,0.0,0,0,236.9881286268833,236.9881286268833,106.15442448948822,-0.04485921174291119,10
combined,30069,liquidate,0.07151986922470666,1,1,216.0,180.0,91.45454438592871,-0.17745439276855346,0
combined,30069,immune,0.24867750419291423,2,1,69.7885,29.7885,58.96782042429986,-0.46940209967326196,3
combined,30070,none,83.92377641644329,75,75,0.0,0.0,79.94836633932042,-0.5954151045110088,0
combined,30070,proportional,0.8784132954191902,4,3,96.30313458278907,80.25261215232422,72.26469415057454,-0.5244293685591989,0
combined,30070,vol_target,0.0,0,0,239.41067068767674,239.41067068767674,96.56130753130535,-0.07736736300248337,14
combined,30070,liquidate,0.0576923076923076,1,1,216.0,180.0,89.00168116888689,-0.19057886533685942,0
combined,30070,immune,1.2143431861613498,4,3,109.679,69.679,64.09086752706361,-0.5559434245732358,0
combined,30071,none,12.262279093273209,75,75,0.0,0.0,88.11789537627999,-0.3106748283764881,0
combined,30071,proportional,0.06731866345457693,3,1,44.5185,37.09875,90.79599956689364,-0.2753955337256784,0
combined,30071,vol_target,0.0,0,0,233.21636420769354,233.21636420769354,105.71269745792455,-0.043569752479112545,6
combined,30071,liquidate,0.0576923076923076,1,1,216.0,180.0,111.7077909577623,-0.07731435480875748,0
combined,30071,immune,0.0576923076923076,1,1,34.23,11.399999999999999,92.79536516667937,-0.2592806527663941,2
combined,30072,none,38.241475500659625,75,75,0.0,0.0,79.48447744460266,-0.49601094420065284,0
combined,30072,proportional,0.3832385818955223,4,1,72.39904893750001,60.33254078125001,77.2998098580812,-0.4449813772307415,0
combined,30072,vol_target,0.0,0,0,229.73262919718866,229.73262919718866,103.96217726146196,-0.0356765307248349,8
combined,30072,liquidate,0.06625913828204033,1,1,216.0,180.0,94.11157877126817,-0.14673844176446393,0
combined,30072,immune,0.2580022598770897,2,1,72.3990489375,48.99904893750001,78.00111738824222,-0.43902908349387604,3
combined,30073,none,23.56775355942056,75,75,0.0,0.0,85.58268646000874,-0.36268146705755155,0
combined,30073,proportional,0.08068494015043837,3,1,44.5185,37.09875,85.61126841393451,-0.3234905894599701,0
combined,30073,vol_target,0.0,0,0,239.96118028587154,239.96118028587154,95.99110893928291,-0.0889202425224036,17
combined,30073,liquidate,0.06635304212501347,1,1,216.0,180.0,94.09893407123184,-0.08961192540323382,0
combined,30073,immune,0.06635304212501347,1,1,54.292575,44.004075,81.3264556033962,-0.34036543235546934,2
combined,30074,none,5.47403112045545,30,30,0.0,0.0,104.32171022890476,-0.14254190193385263,0
combined,30074,proportional,0.09055888008324142,2,1,34.22999999999999,28.52499999999999,103.91500426096172,-0.12517512169832623,0
combined,30074,vol_target,0.0,0,0,221.9787961603602,221.9787961603602,102.14157948803856,-0.05799579092866547,8
combined,30074,liquidate,0.08040524597527765,1,1,216.0,180.0,101.37419638997054,-0.08766427870495319,0
combined,30074,immune,0.08040524597527765,1,1,54.292575,44.518499999999996,105.60014477330716,-0.12982292480845004,2
combined,30075,none,5.250078269878242,30,30,0.0,0.0,105.94642891771547,-0.23102287466917115,0
combined,30075,proportional,0.06393173134864738,2,1,34.22999999999999,28.52499999999999,105.63673347560102,-0.20994563933032528,0
combined,30075,vol_target,0.0,0,0,232.73491745162798,232.73491745162798,103.6925148465285,-0.03808262756590364,7
combined,30075,liquidate,0.0576923076923076,1,1,216.0,180.0,103.7932282391744,-0.13251191862723832,0
combined,30075,immune,0.0576923076923076,1,1,23.4,0.0,106.67723358720714,-0.21566017110536684,1
combined,30076,none,54.32127943756621,75,75,0.0,0.0,57.88722142122098,-0.45818403720514045,0
combined,30076,proportional,0.13628312348875982,4,1,63.57794625000001,56.15819625000001,63.256908584371764,-0.39784296416483667,0
combined,30076,vol_target,0.0,0,0,239.99929254344443,239.99929254344443,94.95134082510972,-0.10988083721882036,17
combined,30076,liquidate,0.0576923076923076,1,1,216.0,180.0,92.57517466758537,-0.10988083721882036,0
combined,30076,immune,0.0576923076923076,1,1,72.3990489375,50.1105489375,60.88621406664613,-0.417732269587444,6
combined,30077,none,11.195477341009864,75,75,0.0,0.0,119.81311651310405,-0.2540109975275394,0
combined,30077,proportional,0.08915600493692,3,1,44.5185,37.09875,117.69162868630588,-0.22399172453559024,0
combined,30077,vol_target,0.0,0,0,238.18869606081188,225.06801671836945,104.99432546722417,-0.05979289387196707,17
combined,30077,liquidate,0.06583225933071246,1,1,216.0,180.0,112.65019647314507,-0.08573589075609178,0
combined,30077,immune,0.06583225933071246,1,1,54.292575,34.23,116.33366655947803,-0.22297499981086377,2
combined,30078,none,24.871966690201077,75,75,0.0,0.0,57.33426308774073,-0.4535892156461915,0
combined,30078,proportional,0.1476923000816457,5,1,63.57794625000001,56.15819625000001,62.10752692958018,-0.4027234430572497,0
combined,30078,vol_target,0.0,0,0,205.73115549675188,205.73115549675188,88.25503875629256,-0.13734497975394633,6
combined,30078,liquidate,0.0576923076923076,1,1,216.0,180.0,83.33420842043857,-0.18490630414724274,0
combined,30078,immune,0.0576923076923076,1,1,63.57794625,53.28944625,63.46522123435732,-0.3900495371438004,4
combined,30079,none,28.211694811153052,75,75,0.0,0.0,73.58869364369416,-0.3568018089854751,0
combined,30079,proportional,0.08337661400520058,3,1,44.5185,37.09875,75.54282617898187,-0.32153288505552213,0
combined,30079,vol_target,0.0,0,0,239.87866498686375,239.87866498686375,88.64047509248147,-0.11500793755279937,15
combined,30079,liquidate,0.0743415250525078,1,1,216.0,180.0,88.75962595553291,-0.17561599024455754,0
combined,30079,immune,0.0,0,0,54.292575,34.23,78.13017847747344,-0.2994080239309165,4
combined,30080,none,9.696736502633478,76,79,0.0,0.0,85.88754240558843,-0.2667666007904701,0
combined,30080,proportional,0.107368119178197,3,1,44.5185,40.99875,85.15557518477273,-0.26474661448984715,0
combined,30080,vol_target,0.0,0,0,235.4673427315767,235.4673427315767,86.14853011450694,-0.15865036163390633,13
combined,30080,liquidate,0.07796807318312204,1,1,216.0,216.0,77.90092074530772,-0.24812057340010663,0
combined,30080,immune,0.0,0,0,44.518499999999996,34.23,87.92417779358856,-0.25795080182425345,4
combined,30081,none,12.802007554757738,75,75,0.0,0.0,111.71776153311862,-0.3513120753172424,0
combined,30081,proportional,0.10132856447116889,3,1,44.5185,37.09875,107.87084397312859,-0.3189353326006379,0
combined,30081,vol_target,0.0,0,0,221.6043354809419,221.6043354809419,96.30785666979415,-0.14337573538670112,5
combined,30081,liquidate,0.071652521720044,1,1,216.0,180.0,102.41337512571269,-0.15422331912003506,0
combined,30081,immune,0.071652521720044,1,1,44.518499999999996,34.23,104.29653435522685,-0.30833527742101086,1
combined,30082,none,11.174664837667361,75,75,0.0,0.0,74.37891569166095,-0.31970771583305013,0
combined,30082,proportional,0.06228993782230163,3,1,44.5185,37.09875,79.18564010039798,-0.275743946033871,0
combined,30082,vol_target,0.0,0,0,234.5951530380762,234.5951530380762,103.56661914373848,-0.05274806380860453,10
combined,30082,liquidate,0.0576923076923076,1,1,216.0,180.0,100.98148039391073,-0.07639253252201417,0
combined,30082,immune,0.0576923076923076,1,1,44.518499999999996,23.4,75.32588129525048,-0.3110464791438242,2
combined,30083,none,37.968748515200744,75,75,0.0,0.0,58.28730236676041,-0.4481678238756015,0
combined,30083,proportional,0.08874693841048864,4,1,54.292575000000014,45.24381250000001,64.19195915440447,-0.37532291232995185,0
combined,30083,vol_target,0.0,0,0,238.79179069403173,238.79179069403173,91.70104356325368,-0.0933839562771902,10
combined,30083,liquidate,0.059579213233749595,1,1,216.0,180.0,81.3815884310071,-0.1957525633731747,0
combined,30083,immune,0.0,0,0,63.57794625,54.292575,64.36662353187211,-0.36673254724079973,6
combined,30084,none,36.7905473587531,75,75,0.0,0.0,84.06829848218567,-0.4640619680804443,0
combined,30084,proportional,0.2563348182048043,4,1,72.39904893750001,64.9792989375,79.3673782541676,-0.42994292800874,0
combined,30084,vol_target,0.0,0,0,209.3837448971366,209.3837448971366,97.3933346902161,-0.10430876460150695,7
combined,30084,liquidate,0.08875464022943469,1,1,216.0,180.0,81.62516123062713,-0.2525058069677597,0
combined,30084,immune,0.17086244478649404,2,1,63.57794625,40.177946250000005,81.27966943654118,-0.4186153909096709,2
combined,30085,none,6.056009267871423,75,75,0.0,0.0,115.73193685381858,-0.20321955108954837,0
combined,30085,proportional,0.0628164003878634,3,1,44.5185,37.09875,113.21925366224077,-0.18833490707735923,0
combined,30085,vol_target,0.0,0,0,239.83187512565635,239.83187512565635,97.09819813658403,-0.08839899023819586,10
combined,30085,liquidate,0.0576923076923076,1,1,216.0,180.0,102.48743811733392,-0.08839899023819586,0
combined,30085,immune,0.0576923076923076,1,1,54.292575,54.292575,110.4179702094791,-0.1790294966383983,3
combined,30086,none,4.911896932742526,30,30,0.0,0.0,130.76015175457752,-0.21295210860401492,0
combined,30086,proportional,0.05801719639357583,2,1,34.22999999999999,28.52499999999999,124.10784903928308,-0.213144863713722,0
combined,30086,vol_target,0.0,0,0,239.98717370951385,239.98717370951385,98.54611182400494,-0.07792263384471299,16
combined,30086,liquidate,0.0576923076923076,1,1,216.0,180.0,87.23398868434795,-0.21473138653977386,0
combined,30086,immune,0.0,0,0,34.23,34.23,122.48714062739906,-0.21465087260595572,3
combined,30087,none,6.784060226825001,75,75,0.0,0.0,108.98623736798166,-0.13607020822164673,0
combined,30087,proportional,0.09829399304214692,3,1,44.5185,37.09875,106.62606341545005,-0.13548573154073063,0
combined,30087,vol_target,0.0,0,0,237.28924793559852,237.28924793559852,91.96520486331421,-0.09009434065603195,10
combined,30087,liquidate,0.0576923076923076,1,1,216.0,180.0,92.81993192868573,-0.13548573154073063,0
combined,30087,immune,0.0576923076923076,1,1,44.518499999999996,34.23,108.11181247211204,-0.13548573154073063,2
combined,30088,none,15.440745842013513,75,75,0.0,0.0,84.53686724195066,-0.3670939651243271,0
combined,30088,proportional,0.07030789617223199,3,1,44.5185,37.09875,87.19855499818794,-0.3259960394321283,0
combined,30088,vol_target,0.0,0,0,239.34249609278982,239.34249609278982,109.75342654971988,-0.0585658021780493,13
combined,30088,liquidate,0.0576923076923076,1,1,216.0,180.0,106.88160526571744,-0.08620259744489012,0
combined,30088,immune,0.0576923076923076,1,1,44.518499999999996,23.4,91.08329482483482,-0.31521874241818704,2
combined,30089,none,43.71884771742804,97,98,0.0,0.0,68.42077944821737,-0.3838290141877536,0
combined,30089,proportional,0.12117755654292495,4,1,54.292575000000014,54.292575000000014,69.00251467847146,-0.36577873266736316,0
combined,30089,vol_target,0.0,0,0,239.99935999915925,239.99935999915925,81.09630703284054,-0.20498532191154595,17
combined,30089,liquidate,0.016466101434934544,1,1,216.0,216.0,77.58504873002256,-0.2448653726895622,0
combined,30089,immune,0.0,0,0,54.292575,54.292575,69.2404133237178,-0.35901762098773915,5
combined,30090,none,9.607231939719602,75,75,0.0,0.0,92.24219406368395,-0.28249802167287064,0
combined,30090,proportional,0.08367404250397315,3,1,44.5185,37.09875,90.2754244257889,-0.2681327211574467,0
combined,30090,vol_target,0.0,0,0,237.31458633427167,237.31458633427167,87.94394847256805,-0.1606423354230202,13
combined,30090,liquidate,0.07214699175051698,1,1,216.0,180.0,80.21856946963587,-0.23695725180501415,0
combined,30090,immune,0.07214699175051698,1,1,44.518499999999996,32.518499999999996,91.16845241323198,-0.27412326630781825,3
combined,30091,none,10.285184486540961,75,75,0.0,0.0,110.0407002708807,-0.32348378620060325,0
combined,30091,proportional,0.13671468573133605,2,6,44.5185,37.09875,103.83584597789007,-0.31025949100275285,0
combined,30091,vol_target,0.0,0,0,238.6531667338659,238.6531667338659,92.57005955335933,-0.09840100094829995,11
combined,30091,liquidate,0.07534873670667774,1,1,216.0,180.0,86.87979466522427,-0.19151596195513554,0
combined,30091,immune,0.16341747638133064,2,6,44.518499999999996,21.118499999999997,106.8751251502617,-0.31623300688328126,1
combined,30092,none,7.447323795637631,75,75,0.0,0.0,85.8185978048834,-0.2430828540039941,0
combined,30092,proportional,0.07273179586978784,3,1,44.5185,37.09875,88.13777410166462,-0.22069998176815753,0
combined,30092,vol_target,0.0,0,0,237.38716295710944,237.38716295710944,99.67858012028158,-0.07824536303010987,9
combined,30092,liquidate,0.07112281301280032,1,1,216.0,180.0,100.33650099103936,-0.10533666989240742,0
combined,30092,immune,0.07112281301280032,1,1,34.23,10.829999999999998,90.07537502006632,-0.20871670188015745,2
combined,30093,none,7.290264917048294,75,75,0.0,0.0,92.95212312072243,-0.28410263886977505,0
combined,30093,proportional,0.10005653854127694,3,1,44.5185,37.09875,91.47100505902199,-0.27199776631851336,0
combined,30093,vol_target,0.0,0,0,214.68212025737728,214.68212025737728,102.81441177490012,-0.06939497659809979,9
combined,30093,liquidate,0.06101901133778376,1,1,216.0,180.0,86.57390611050262,-0.21794201111193923,0
combined,30093,immune,0.06101901133778376,1,1,44.518499999999996,34.23,93.1162513445206,-0.24206991799281719,2
combined,30094,none,9.422616837809912,75,75,0.0,0.0,101.89396584177658,-0.27293864249305333,0
combined,30094,proportional,0.06842195707685417,3,1,44.5185,37.09875,101.43452050680719,-0.2494898894464136,0
combined,30094,vol_target,0.0,0,0,239.99673264995474,239.99673264995474,113.5201903064277,-0.049927758055494764,16
combined,30094,liquidate,0.0576923076923076,1,1,216.0,180.0,106.2929493849675,-0.1350866273869017,0
combined,30094,immune,0.0576923076923076,1,1,54.292575,54.292575,98.72296016908824,-0.266553670237619,3
combined,30095,none,4.935504284856631,30,30,0.0,0.0,119.43854525589421,-0.14739740553251124,0
combined,30095,proportional,0.07028700326095316,2,1,34.22999999999999,28.52499999999999,115.76569167673276,-0.14855141803540728,0
combined,30095,vol_target,0.0,0,0,239.61360686335715,239.61360686335715,102.40577667210898,-0.057106523452638225,14
combined,30095,liquidate,0.06578017038811224,1,1,216.0,180.0,91.7298431964222,-0.1580498286361678,0
combined,30095,immune,0.06578017038811224,1,1,23.4,0.0,118.21265422320171,-0.14798920681604766,1
combined,30096,none,11.946526671731341,75,75,0.0,0.0,80.10132794964797,-0.28480922209452086,0
combined,30096,proportional,0.09650024447793693,3,1,44.5185,37.09875,81.90154546236626,-0.2613520777345125,0
combined,30096,vol_target,0.0,0,0,239.9959334823741,239.9959334823741,95.61915119474466,-0.0652135673208677,18
combined,30096,liquidate,0.07986974164246752,1,1,216.0,180.0,94.31403115351779,-0.11829549898792346,0
combined,30096,immune,0.07986974164246752,1,1,54.292575,34.23,85.79720323304892,-0.2610799287122739,2
combined,30097,none,6.004559952191695,75,75,0.0,0.0,82.03357740744143,-0.2842341864968433,0
combined,30097,proportional,0.07088591553652801,3,1,44.5185,37.09875,83.64413316068436,-0.2515716353465903,0
combined,30097,vol_target,0.0,0,0,237.93010919185585,237.93010919185585,103.46861508058812,-0.05145662397698891,11
combined,30097,liquidate,0.0576923076923076,1,1,216.0,180.0,91.6344722114673,-0.14944749409276603,0
combined,30097,immune,0.0576923076923076,1,1,34.23,11.399999999999999,86.8111871026373,-0.216182889423574,2
combined,30098,none,9.89953972167572,75,75,0.0,0.0,108.07069612658479,-0.2141458400293229,0
combined,30098,proportional,0.07288057788291913,3,1,44.5185,37.09875,105.72476446074873,-0.202572027645175,0
combined,30098,vol_target,0.0,0,0,239.98785428424915,239.98785428424915,95.66365934151398,-0.11043553834349884,15
combined,30098,liquidate,0.06483249061730223,1,1,216.0,180.0,99.59884832130228,-0.11043553834349884,0
combined,30098,immune,0.06483249061730223,1,1,34.23,10.829999999999998,103.47530147398498,-0.21038154520770425,2
combined,30099,none,10.40889105329914,75,75,0.0,0.0,93.99387160399577,-0.3109836358034407,0
combined,30099,proportional,0.10114921437404567,3,1,44.5185,37.09875,94.2992297986772,-0.2728956336817545,0
combined,30099,vol_target,0.0,0,0,236.52593437225596,236.52593437225596,98.94347679043527,-0.04790101931353363,11
combined,30099,liquidate,0.062081263789146135,1,1,216.0,180.0,96.33774608954485,-0.0875297682379681,0
combined,30099,immune,0.062081263789146135,1,1,44.518499999999996,23.4,95.12547458807659,-0.26593182378701774,2
benign_volatility,30000,none,0.0,0,0,0.0,0.0,111.15158843721387,-0.1861687822477629,0
benign_volatility,30000,proportional,0.0,0,0,0.0,0.0,111.15158843721387,-0.1861687822477629,0
benign_volatility,30000,vol_target,0.0,0,0,195.69915169808772,195.69915169808772,112.92494084303236,-0.03935113271471524,5
benign_volatility,30000,liquidate,0.0,0,0,0.0,0.0,111.15158843721387,-0.1861687822477629,0
benign_volatility,30000,immune,0.0,0,0,0.0,0.0,111.15158843721387,-0.1861687822477629,0
benign_volatility,30001,none,0.09165495032560855,3,4,0.0,0.0,122.28030954474038,-0.21031700275820664,0
benign_volatility,30001,proportional,0.0210498079813628,1,1,12.0,12.0,120.09042321555552,-0.2105598611397752,0
benign_volatility,30001,vol_target,0.0,0,0,239.96681217599254,239.96681217599254,83.27278041760516,-0.18355247339575842,16
benign_volatility,30001,liquidate,0.0210498079813628,1,1,216.0,216.0,82.86235561941203,-0.21468845362644107,0
benign_volatility,30001,immune,0.0,0,0,12.0,12.0,120.85439926486099,-0.1998228500450443,1
benign_volatility,30002,none,0.0,0,0,0.0,0.0,136.77674391038062,-0.14551849047003396,0
benign_volatility,30002,proportional,0.0,0,0,0.0,0.0,136.77674391038062,-0.14551849047003396,0
benign_volatility,30002,vol_target,0.0,0,0,239.99256279298115,239.99256279298115,89.83016585679115,-0.14551849047003396,17
benign_volatility,30002,liquidate,0.0,0,0,0.0,0.0,136.77674391038062,-0.14551849047003396,0
benign_volatility,30002,immune,0.0,0,0,0.0,0.0,136.77674391038062,-0.14551849047003396,0
benign_volatility,30003,none,0.0,0,0,0.0,0.0,90.1540419421878,-0.22043151407391703,0
benign_volatility,30003,proportional,0.0,0,0,0.0,0.0,90.1540419421878,-0.22043151407391703,0
benign_volatility,30003,vol_target,0.0,0,0,239.08820527614236,239.08820527614236,96.66503212053763,-0.08205142327000803,14
benign_volatility,30003,liquidate,0.0,0,0,0.0,0.0,90.1540419421878,-0.22043151407391703,0
benign_volatility,30003,immune,0.0,0,0,0.0,0.0,90.1540419421878,-0.22043151407391703,0
benign_volatility,30004,none,21.015377962457865,83,23,0.0,0.0,72.50737149032751,-0.38968613264003304,0
benign_volatility,30004,proportional,0.2623724056749608,4,14,54.292575000000014,54.292575000000014,71.86206026629772,-0.37017837975644075,0
benign_volatility,30004,vol_target,0.0,0,0,233.55536155074864,233.55536155074864,83.82685776092585,-0.16481302958202337,8
benign_volatility,30004,liquidate,0.02882836469904415,1,1,216.0,216.0,77.7014417118523,-0.23446156763580828,0
benign_volatility,30004,immune,0.0016573128030858975,1,1,63.57794625,63.57794625,69.95983763017848,-0.36208485073986396,4
benign_volatility,30005,none,55.80444698510334,75,75,0.0,0.0,63.445461714888815,-0.4225291278415576,0
benign_volatility,30005,proportional,0.5613571966432538,3,1,72.39904893750001,72.39904893750001,63.942891706999106,-0.40036495732793254,0
benign_volatility,30005,vol_target,0.0,0,0,238.1429787855843,238.1429787855843,86.84292091679345,-0.13266239959942316,10
benign_volatility,30005,liquidate,0.1606424153237751,1,1,216.0,216.0,73.47548319420456,-0.27094354255699893,0
benign_volatility,30005,immune,0.3209949353122452,2,1,63.57794625,63.57794625,75.17748942984375,-0.3619076358695136,0
benign_volatility,30006,none,0.0,0,0,0.0,0.0,106.166317007531,-0.28006222174622875,0
benign_volatility,30006,proportional,0.0,0,0,0.0,0.0,106.166317007531,-0.28006222174622875,0
benign_volatility,30006,vol_target,0.0,0,0,225.70725145657735,225.70725145657735,106.47374722807072,-0.0694673755178915,7
benign_volatility,30006,liquidate,0.0,0,0,0.0,0.0,106.166317007531,-0.28006222174622875,0
benign_volatility,30006,immune,0.0,0,0,12.0,12.0,103.91194153743083,-0.2806578273522111,1
benign_volatility,30007,none,0.0,0,0,0.0,0.0,106.64578524339073,-0.13391046445534005,0
benign_volatility,30007,proportional,0.0,0,0,0.0,0.0,106.64578524339073,-0.13391046445534005,0
benign_volatility,30007,vol_target,0.0,0,0,237.68911007229997,237.68911007229997,112.12839473326663,-0.030021572215316317,11
benign_volatility,30007,liquidate,0.0,0,0,0.0,0.0,106.64578524339073,-0.13391046445534005,0
benign_volatility,30007,immune,0.0,0,0,0.0,0.0,106.64578524339073,-0.13391046445534005,0
benign_volatility,30008,none,0.0,0,0,0.0,0.0,131.707765477035,-0.10817555842565352,0
benign_volatility,30008,proportional,0.0,0,0,0.0,0.0,131.707765477035,-0.10817555842565352,0
benign_volatility,30008,vol_target,0.0,0,0,239.86851799694048,239.86851799694048,94.50622006676333,-0.09823044047803842,14
benign_volatility,30008,liquidate,0.0,0,0,0.0,0.0,131.707765477035,-0.10817555842565352,0
benign_volatility,30008,immune,0.0,0,0,0.0,0.0,131.707765477035,-0.10817555842565352,0
benign_volatility,30009,none,0.5970639090251137,5,6,0.0,0.0,115.26447613740547,-0.2737042273128779,0
benign_volatility,30009,proportional,0.10498384833269458,2,4,34.22999999999999,34.22999999999999,109.44880282185517,-0.2731276717500436,0
benign_volatility,30009,vol_target,0.0,0,0,217.26404605797956,217.26404605797956,96.14411842866072,-0.10495010197973642,3
benign_volatility,30009,liquidate,0.03466946321603448,1,1,216.0,216.0,81.49428641496371,-0.24135598776945222,0
benign_volatility,30009,immune,0.06363962201885798,1,1,34.23,34.23,105.65133643061368,-0.2715413730331684,1
benign_volatility,30010,none,109.51809966120014,94,95,0.0,0.0,42.05305059980263,-0.5799929178367893,0
benign_volatility,30010,proportional,0.5440018965821531,6,1,96.30313458278907,96.30313458278907,49.593954831167956,-0.5043738448731023,0
benign_volatility,30010,vol_target,0.0,0,0,238.90277070607212,238.90277070607212,80.61406681466136,-0.1938617248365726,11
benign_volatility,30010,liquidate,0.03176818980208962,1,1,216.0,216.0,74.58685764759424,-0.2541837659075391,0
benign_volatility,30010,immune,0.24707249363602823,2,1,88.74014166609375,88.74014166609375,54.236364926827186,-0.45763635073172815,4
benign_volatility,30011,none,0.0,0,0,0.0,0.0,127.70323085471544,-0.13228782210114765,0
benign_volatility,30011,proportional,0.0,0,0,0.0,0.0,127.70323085471544,-0.13228782210114765,0
benign_volatility,30011,vol_target,0.0,0,0,239.60905549345694,239.60905549345694,101.15346892242174,-0.10318191210540373,19
benign_volatility,30011,liquidate,0.0,0,0,0.0,0.0,127.70323085471544,-0.13228782210114765,0
benign_volatility,30011,immune,0.0,0,0,0.0,0.0,127.70323085471544,-0.13228782210114765,0
benign_volatility,30012,none,0.0,0,0,0.0,0.0,128.3236048273702,-0.18914063214886645,0
benign_volatility,30012,proportional,0.0,0,0,0.0,0.0,128.3236048273702,-0.18914063214886645,0
benign_volatility,30012,vol_target,0.0,0,0,224.36837040668422,224.36837040668422,100.9008659809424,-0.060172859140245394,7
benign_volatility,30012,liquidate,0.0,0,0,0.0,0.0,128.3236048273702,-0.18914063214886645,0
benign_volatility,30012,immune,0.0,0,0,0.0,0.0,128.3236048273702,-0.18914063214886645,0
benign_volatility,30013,none,0.0,0,0,0.0,0.0,106.19482461254236,-0.21803676446116438,0
benign_volatility,30013,proportional,0.0,0,0,0.0,0.0,106.19482461254236,-0.21803676446116438,0
benign_volatility,30013,vol_target,0.0,0,0,239.68786463259977,239.68786463259977,97.29755637918078,-0.07888951627380048,14
benign_volatility,30013,liquidate,0.0,0,0,0.0,0.0,106.19482461254236,-0.21803676446116438,0
benign_volatility,30013,immune,0.0,0,0,0.0,0.0,106.19482461254236,-0.21803676446116438,0
benign_volatility,30014,none,5.560805900654854,44,44,0.0,0.0,90.99661797572325,-0.3233130552862349,0
benign_volatility,30014,proportional,0.18933785660153557,2,1,34.22999999999999,34.22999999999999,88.45465173357583,-0.3201447405086668,0
benign_volatility,30014,vol_target,0.0,0,0,239.9986041630309,239.9986041630309,100.94565523899846,-0.08360595654150127,13
benign_volatility,30014,liquidate,0.14893053295220193,1,1,216.0,216.0,76.4847791911931,-0.2887200253093749,0
benign_volatility,30014,immune,0.026278176645115447,1,1,44.518499999999996,44.518499999999996,85.89265721473366,-0.31751821473673913,2
benign_volatility,30015,none,0.0,0,0,0.0,0.0,101.7147344723165,-0.21103825315783808,0
benign_volatility,30015,proportional,0.0,0,0,0.0,0.0,101.7147344723165,-0.21103825315783808,0
benign_volatility,30015,vol_target,0.0,0,0,238.84089616240334,238.84089616240334,101.47933314002817,-0.04148146171895317,13
benign_volatility,30015,liquidate,0.0,0,0,0.0,0.0,101.7147344723165,-0.21103825315783808,0
benign_volatility,30015,immune,0.0,0,0,0.0,0.0,101.7147344723165,-0.21103825315783808,0
benign_volatility,30016,none,0.12411057542843373,3,3,0.0,0.0,103.20699573948554,-0.23606188884101986,0
benign_volatility,30016,proportional,0.09445246746368463,1,1,23.39999999999999,23.39999999999999,100.5751930076749,-0.23735261655551365,0
benign_volatility,30016,vol_target,0.0,0,0,231.95975229353053,231.95975229353053,87.75357916167505,-0.14584389701831102,14
benign_volatility,30016,liquidate,0.09445246746368463,1,1,216.0,216.0,78.91343206123366,-0.24797629851326974,0
benign_volatility,30016,immune,0.0,0,0,23.4,23.4,101.27799252528969,-0.23629925869162915,2
benign_volatility,30017,none,0.023923276248598135,2,2,0.0,0.0,91.97718638449714,-0.20516655424093488,0
benign_volatility,30017,proportional,0.019500516498777376,1,1,12.0,12.0,91.28529429406761,-0.2058385542409349,0
benign_volatility,30017,vol_target,0.0,0,0,239.94889205494584,239.94889205494584,86.75413414938961,-0.1327401763899212,15
benign_volatility,30017,liquidate,0.019500516498777376,1,1,216.0,216.0,79.52312875676557,-0.21726255424093477,0
benign_volatility,30017,immune,0.0,0,0,12.0,12.0,93.9344022646333,-0.20466497708122655,1
benign_volatility,30018,none,72.79893001424097,71,1,0.0,0.0,77.75182658824757,-0.5503657741313979,0
benign_volatility,30018,proportional,0.5362398136212945,6,1,88.74014166609376,88.74014166609376,72.03978855904245,-0.5001868467341408,0
benign_volatility,30018,vol_target,0.0,0,0,238.8759324167251,238.8759324167251,92.91474423921463,-0.14026471463232082,13
benign_volatility,30018,liquidate,0.18060635978981976,1,1,216.0,216.0,74.47716163657469,-0.3283679480283469,0
benign_volatility,30018,immune,0.024431258375557263,2,1,88.74014166609375,88.74014166609375,70.8959767460733,-0.4923412413182736,5
benign_volatility,30019,none,39.15061107537433,82,88,0.0,0.0,73.55596208212856,-0.4205480571905843,0
benign_volatility,30019,proportional,0.6752076076303193,2,2,72.39904893750001,72.39904893750001,70.452700679153,-0.4044888069707534,0
benign_volatility,30019,vol_target,0.0,0,0,239.1464079637409,239.1464079637409,91.49981822357023,-0.08555703555908867,13
benign_volatility,30019,liquidate,0.05495250248860062,1,1,216.0,216.0,76.85085981052544,-0.24710216969593257,0
benign_volatility,30019,immune,0.8811980055681099,1,1,78.8135,78.8135,75.49698278305588,-0.41629407284427644,1
benign_volatility,30020,none,0.0,0,0,0.0,0.0,140.4857984082584,-0.12188368830835816,0
benign_volatility,30020,proportional,0.0,0,0,0.0,0.0,140.4857984082584,-0.12188368830835816,0
benign_volatility,30020,vol_target,0.0,0,0,234.44677047046972,234.44677047046972,101.74116830897482,-0.04137514272477327,11
benign_volatility,30020,liquidate,0.0,0,0,0.0,0.0,140.4857984082584,-0.12188368830835816,0
benign_volatility,30020,immune,0.0,0,0,0.0,0.0,140.4857984082584,-0.12188368830835816,0
benign_volatility,30021,none,0.0,0,0,0.0,0.0,81.938854820684,-0.32161870965112527,0
benign_volatility,30021,proportional,0.0,0,0,0.0,0.0,81.938854820684,-0.32161870965112527,0
benign_volatility,30021,vol_target,0.0,0,0,207.05503526733438,207.05503526733438,93.58465586136687,-0.11108238433855411,7
benign_volatility,30021,liquidate,0.0,0,0,0.0,0.0,81.938854820684,-0.32161870965112527,0
benign_volatility,30021,immune,0.0,0,0,12.0,12.0,82.03682079592615,-0.321990662387061,1
benign_volatility,30022,none,9.812209840110377,57,59,0.0,0.0,83.48921555624659,-0.35939349271059384,0
benign_volatility,30022,proportional,0.1434268181399907,2,1,34.22999999999999,34.22999999999999,82.09991320967073,-0.3542194662253001,0
benign_volatility,30022,vol_target,0.0,0,0,207.8423464446342,207.8423464446342,98.91502068555747,-0.0863561152274509,8
benign_volatility,30022,liquidate,0.13937797578799893,1,1,216.0,216.0,75.94276021954758,-0.3155429155223215,0
benign_volatility,30022,immune,0.0,0,0,34.23,34.23,83.72086041524999,-0.34471643340972735,3
benign_volatility,30023,none,21.535457386813874,76,82,0.0,0.0,72.09546070169486,-0.36343585973324044,0
benign_volatility,30023,proportional,0.09582934978462454,4,1,44.5185,44.5185,72.11759482038066,-0.3492305767673123,0
benign_volatility,30023,vol_target,0.0,0,0,211.48292006018016,211.48292006018016,84.27661646252513,-0.176699761176924,8
benign_volatility,30023,liquidate,0.014373885387408691,1,1,216.0,216.0,77.65661780790236,-0.24065528891709187,0
benign_volatility,30023,immune,0.014373885387408691,1,1,63.57794625,63.57794625,68.52842285640233,-0.38246038353331235,4
benign_volatility,30024,none,2.581906761196113,12,12,0.0,0.0,115.34069399918064,-0.2939249919317919,0
benign_volatility,30024,proportional,0.17179205926803887,2,3,34.22999999999999,34.22999999999999,109.42989197401316,-0.28923229539286355,0
benign_volatility,30024,vol_target,1.1787427785563689,5,5,239.99894175793963,239.99894175793963,71.17522366263198,-0.2939249919317919,17
benign_volatility,30024,liquidate,0.05015656000957547,1,1,216.0,216.0,81.48610646239656,-0.22987212856839434,0
benign_volatility,30024,immune,0.0,0,0,34.23,34.23,109.3282226872052,-0.286111792296863,3
benign_volatility,30025,none,21.572926264551377,44,28,0.0,0.0,85.08343786900645,-0.4725172363050979,0
benign_volatility,30025,proportional,0.3475840745349914,5,14,80.77909649062502,80.77909649062502,78.24366793320743,-0.4331656585658612,0
benign_volatility,30025,vol_target,0.0,0,0,238.874904846557,238.874904846557,91.00786031578582,-0.09594437066054196,12
benign_volatility,30025,liquidate,0.0002445070237446778,1,1,216.0,216.0,79.29287609656132,-0.24292741328914358,0
benign_volatility,30025,immune,0.0007690018260952947,2,1,80.779096490625,80.779096490625,77.08374170125154,-0.415912480505104,4
benign_volatility,30026,none,0.0,0,0,0.0,0.0,149.59903148093784,-0.17752647798833965,0
benign_volatility,30026,proportional,0.0,0,0,0.0,0.0,149.59903148093784,-0.17752647798833965,0
benign_volatility,30026,vol_target,0.0,0,0,222.45679090271545,222.45679090271545,94.2503517846534,-0.14586587904449066,9
benign_volatility,30026,liquidate,0.0,0,0,0.0,0.0,149.59903148093784,-0.17752647798833965,0
benign_volatility,30026,immune,0.0,0,0,0.0,0.0,149.59903148093784,-0.17752647798833965,0
benign_volatility,30027,none,0.0,0,0,0.0,0.0,111.95423915806782,-0.18374810643700823,0
benign_volatility,30027,proportional,0.0,0,0,0.0,0.0,111.95423915806782,-0.18374810643700823,0
benign_volatility,30027,vol_target,0.0,0,0,239.9719530854732,239.9719530854732,106.14259976709866,-0.046140661730659116,18
benign_volatility,30027,liquidate,0.0,0,0,0.0,0.0,111.95423915806782,-0.18374810643700823,0
benign_volatility,30027,immune,0.0,0,0,0.0,0.0,111.95423915806782,-0.18374810643700823,0
benign_volatility,30028,none,0.2900230601944642,9,2,0.0,0.0,80.87924842624311,-0.275025775879975,0
benign_volatility,30028,proportional,0.005077293405465255,1,1,12.0,12.0,80.78052771832498,-0.27446194249178557,0
benign_volatility,30028,vol_target,0.0,0,0,231.12171299607627,231.12171299607627,94.20687500215688,-0.07150637437878526,9
benign_volatility,30028,liquidate,0.005077293405465255,1,1,216.0,216.0,79.10227568371725,-0.26487677489256045,0
benign_volatility,30028,immune,0.0,0,0,23.4,23.4,82.13077194085052,-0.2686542800226257,2
benign_volatility,30029,none,0.0,0,0,0.0,0.0,107.63465901709009,-0.1726404487452432,0
benign_volatility,30029,proportional,0.0,0,0,0.0,0.0,107.63465901709009,-0.1726404487452432,0
benign_volatility,30029,vol_target,0.0,0,0,235.04262534665392,235.04262534665392,96.00739769103804,-0.09132908443239818,7
benign_volatility,30029,liquidate,0.0,0,0,0.0,0.0,107.63465901709009,-0.1726404487452432,0
benign_volatility,30029,immune,0.0,0,0,0.0,0.0,107.63465901709009,-0.1726404487452432,0
benign_volatility,30030,none,0.0,0,0,0.0,0.0,101.57118889550404,-0.2124181339475898,0
benign_volatility,30030,proportional,0.0,0,0,0.0,0.0,101.57118889550404,-0.2124181339475898,0
benign_volatility,30030,vol_target,0.0,0,0,239.98413090136904,239.98413090136904,100.17837273176157,-0.08804787653192192,16
benign_volatility,30030,liquidate,0.0,0,0,0.0,0.0,101.57118889550404,-0.2124181339475898,0
benign_volatility,30030,immune,0.0,0,0,0.0,0.0,101.57118889550404,-0.2124181339475898,0
benign_volatility,30031,none,0.0,0,0,0.0,0.0,119.61274794120956,-0.16333566008105627,0
benign_volatility,30031,proportional,0.0,0,0,0.0,0.0,119.61274794120956,-0.16333566008105627,0
benign_volatility,30031,vol_target,0.0,0,0,239.75471998084004,239.75471998084004,112.51908593747903,-0.03143871495229755,13
benign_volatility,30031,liquidate,0.0,0,0,0.0,0.0,119.61274794120956,-0.16333566008105627,0
benign_volatility,30031,immune,0.0,0,0,0.0,0.0,119.61274794120956,-0.16333566008105627,0
benign_volatility,30032,none,0.0,0,0,0.0,0.0,121.4474324224237,-0.24610070315796317,0
benign_volatility,30032,proportional,0.0,0,0,0.0,0.0,121.4474324224237,-0.24610070315796317,0
benign_volatility,30032,vol_target,0.0,0,0,204.45230811900973,204.45230811900973,106.12391404189012,-0.049457560515269394,4
benign_volatility,30032,liquidate,0.0,0,0,0.0,0.0,121.4474324224237,-0.24610070315796317,0
benign_volatility,30032,immune,0.0,0,0,0.0,0.0,121.4474324224237,-0.24610070315796317,0
benign_volatility,30033,none,34.03064522791959,65,65,0.0,0.0,68.58065323329983,-0.3803818079221133,0
benign_volatility,30033,proportional,0.3872683144399325,2,3,54.292575000000014,54.292575000000014,68.64746642919255,-0.36799117614165444,0
benign_volatility,30033,vol_target,0.0,0,0,239.9997060445568,239.9997060445568,83.7658999647005,-0.1800168180172126,20
benign_volatility,30033,liquidate,0.29122713240485876,1,1,216.0,216.0,71.2774818908288,-0.30728337088146773,0
benign_volatility,30033,immune,0.11943955831219011,2,3,54.292575,54.292575,71.56806172877002,-0.3370458817902059,1
benign_volatility,30034,none,0.0,0,0,0.0,0.0,114.55424374463409,-0.16177273408155046,0
benign_volatility,30034,proportional,0.0,0,0,0.0,0.0,114.55424374463409,-0.16177273408155046,0
benign_volatility,30034,vol_target,0.0,0,0,225.74545088157524,225.74545088157524,98.04836146129463,-0.06087569821750649,11
benign_volatility,30034,liquidate,0.0,0,0,0.0,0.0,114.55424374463409,-0.16177273408155046,0
benign_volatility,30034,immune,0.0,0,0,0.0,0.0,114.55424374463409,-0.16177273408155046,0
benign_volatility,30035,none,10.844397428207632,60,6,0.0,0.0,81.20718613197558,-0.34422147318791874,0
benign_volatility,30035,proportional,0.22688316922443175,2,1,44.5185,44.5185,79.54474039687271,-0.3295149686442277,0
benign_volatility,30035,vol_target,0.12600040234774168,2,2,239.7140221706038,239.7140221706038,78.57498006855239,-0.22076694404829156,15
benign_volatility,30035,liquidate,0.060583919843434586,1,1,216.0,216.0,77.83148658461451,-0.2370272352872662,0
benign_volatility,30035,immune,0.0,0,0,44.518499999999996,44.518499999999996,81.97712030702,-0.324047575477165,4
benign_volatility,30036,none,0.0,0,0,0.0,0.0,108.6808213076828,-0.1275134118108655,0
benign_volatility,30036,proportional,0.0,0,0,0.0,0.0,108.6808213076828,-0.1275134118108655,0
benign_volatility,30036,vol_target,0.0,0,0,239.82831545436642,239.82831545436642,97.56093455127889,-0.08947036591472934,16
benign_volatility,30036,liquidate,0.0,0,0,0.0,0.0,108.6808213076828,-0.1275134118108655,0
benign_volatility,30036,immune,0.0,0,0,0.0,0.0,108.6808213076828,-0.1275134118108655,0
benign_volatility,30037,none,0.0,0,0,0.0,0.0,98.90954614827686,-0.23292801889848258,0
benign_volatility,30037,proportional,0.0,0,0,0.0,0.0,98.90954614827686,-0.23292801889848258,0
benign_volatility,30037,vol_target,0.0,0,0,238.50612566956133,238.50612566956133,92.19432488035494,-0.1247289956544142,12
benign_volatility,30037,liquidate,0.0,0,0,0.0,0.0,98.90954614827686,-0.23292801889848258,0
benign_volatility,30037,immune,0.0,0,0,12.0,12.0,96.94101159981798,-0.2335535381059347,1
benign_volatility,30038,none,0.0,0,0,0.0,0.0,87.79124854321726,-0.2476343569208761,0
benign_volatility,30038,proportional,0.0,0,0,0.0,0.0,87.79124854321726,-0.2476343569208761,0
benign_volatility,30038,vol_target,0.0,0,0,239.99998907980572,239.99998907980572,102.0815984885248,-0.12622441495230285,20
benign_volatility,30038,liquidate,0.0,0,0,0.0,0.0,87.79124854321726,-0.2476343569208761,0
benign_volatility,30038,immune,0.0,0,0,0.0,0.0,87.79124854321726,-0.2476343569208761,0
benign_volatility,30039,none,0.0,0,0,0.0,0.0,102.89835757855988,-0.22934786593639023,0
benign_volatility,30039,proportional,0.0,0,0,0.0,0.0,102.89835757855988,-0.22934786593639023,0
benign_volatility,30039,vol_target,0.0,0,0,225.1233246546439,225.1233246546439,103.00940257168317,-0.06103943535132095,9
benign_volatility,30039,liquidate,0.0,0,0,0.0,0.0,102.89835757855988,-0.22934786593639023,0
benign_volatility,30039,immune,0.0,0,0,0.0,0.0,102.89835757855988,-0.22934786593639023,0
benign_volatility,30040,none,4.522755899868169,20,21,0.0,0.0,70.48110998630551,-0.3599705483087421,0
benign_volatility,30040,proportional,0.041114694172044164,3,1,34.22999999999999,34.22999999999999,71.07970311254913,-0.3541238912469157,0
benign_volatility,30040,vol_target,0.0,0,0,239.99988643066953,239.99988643066953,86.08254031990357,-0.1614144741730833,19
benign_volatility,30040,liquidate,0.002916641464507208,1,1,216.0,216.0,78.11417959176268,-0.2879139470732651,0
benign_volatility,30040,immune,0.0,0,0,34.23,34.23,72.56874560740303,-0.345666196464415,3
benign_volatility,30041,none,0.0,0,0,0.0,0.0,110.35822441114695,-0.1911642202260544,0
benign_volatility,30041,proportional,0.0,0,0,0.0,0.0,110.35822441114695,-0.1911642202260544,0
benign_volatility,30041,vol_target,0.0,0,0,239.96397264860548,239.96397264860548,96.76557767875433,-0.0968755833617333,14
benign_volatility,30041,liquidate,0.0,0,0,0.0,0.0,110.35822441114695,-0.1911642202260544,0
benign_volatility,30041,immune,0.0,0,0,0.0,0.0,110.35822441114695,-0.1911642202260544,0
benign_volatility,30042,none,1.4476602031135601,11,19,0.0,0.0,90.41256249201182,-0.2816873485581336,0
benign_volatility,30042,proportional,0.010279582761587136,2,5,23.39999999999999,23.39999999999999,89.05665912971975,-0.27955470729383314,0
benign_volatility,30042,vol_target,0.0,0,0,238.49874329821313,238.49874329821313,92.17597746213445,-0.11990022261407374,12
benign_volatility,30042,liquidate,0.00500356262594881,1,1,216.0,216.0,79.71177069779992,-0.24443918677355825,0
benign_volatility,30042,immune,0.012913121378484771,1,1,34.23,34.23,89.13418356548428,-0.2904632511104892,1
benign_volatility,30043,none,0.0,0,0,0.0,0.0,124.76156555667772,-0.1482016111442861,0
benign_volatility,30043,proportional,0.0,0,0,0.0,0.0,124.76156555667772,-0.1482016111442861,0
benign_volatility,30043,vol_target,0.0,0,0,239.9168160006782,239.9168160006782,116.28364810214168,-0.02808607196102597,11
benign_volatility,30043,liquidate,0.0,0,0,0.0,0.0,124.76156555667772,-0.1482016111442861,0
benign_volatility,30043,immune,0.0,0,0,0.0,0.0,124.76156555667772,-0.1482016111442861,0
benign_volatility,30044,none,0.13952914536770322,1,1,0.0,0.0,97.71874782105682,-0.28537255834388653,0
benign_volatility,30044,proportional,0.13952914536770322,1,1,23.39999999999999,23.39999999999999,95.5134768648543,-0.28659756049379936,0
benign_volatility,30044,vol_target,0.0,0,0,238.20188942849023,238.20188942849023,99.26806325056167,-0.07350168387120604,13
benign_volatility,30044,liquidate,0.13952914536770322,1,1,216.0,216.0,77.3624005330332,-0.29668027049692747,0
benign_volatility,30044,immune,0.13952914536770322,1,1,23.4,23.4,95.97426558166342,-0.28659756049379936,0
benign_volatility,30045,none,0.0,0,0,0.0,0.0,90.06056454897288,-0.3625538383621383,0
benign_volatility,30045,proportional,0.0,0,0,0.0,0.0,90.06056454897288,-0.3625538383621383,0
benign_volatility,30045,vol_target,0.0,0,0,239.43336587572966,239.43336587572966,95.09964979284229,-0.0809227441769983,12
benign_volatility,30045,liquidate,0.0,0,0,0.0,0.0,90.06056454897288,-0.3625538383621383,0
benign_volatility,30045,immune,0.0,0,0,0.0,0.0,90.06056454897288,-0.3625538383621383,0
benign_volatility,30046,none,0.0,0,0,0.0,0.0,114.44920494541311,-0.13947753105046767,0
benign_volatility,30046,proportional,0.0,0,0,0.0,0.0,114.44920494541311,-0.13947753105046767,0
benign_volatility,30046,vol_target,0.0,0,0,239.95633798147452,239.95633798147452,104.33389932469444,-0.05643064921168861,15
benign_volatility,30046,liquidate,0.0,0,0,0.0,0.0,114.44920494541311,-0.13947753105046767,0
benign_volatility,30046,immune,0.0,0,0,0.0,0.0,114.44920494541311,-0.13947753105046767,0
benign_volatility,30047,none,66.98248152627059,59,1,0.0,0.0,55.33812700909603,-0.5603803703789731,0
benign_volatility,30047,proportional,0.4357680796858343,6,1,88.74014166609376,88.74014166609376,58.21354713691221,-0.5156931669190452,0
benign_volatility,30047,vol_target,0.0,0,0,239.96025662042962,239.96025662042962,101.10792891983866,-0.10239272552515655,20
benign_volatility,30047,liquidate,0.04604285196596569,1,1,216.0,216.0,75.2358874531509,-0.337063599448143,0
benign_volatility,30047,immune,0.04604285196596569,1,1,80.779096490625,80.779096490625,60.805482124416244,-0.49746408017611377,6
benign_volatility,30048,none,8.190317188016756,30,3,0.0,0.0,71.72729328821525,-0.3743166748291372,0
benign_volatility,30048,proportional,0.09497801191677935,3,1,34.22999999999999,34.22999999999999,72.0842245068999,-0.36719151090791236,0
benign_volatility,30048,vol_target,0.0,0,0,239.84751255470118,239.84751255470118,97.50310921993756,-0.05186580905029958,15
benign_volatility,30048,liquidate,0.03916334315706127,1,1,216.0,216.0,77.38092111684854,-0.2983964230386502,0
benign_volatility,30048,immune,0.03916334315706127,1,1,44.518499999999996,44.518499999999996,72.71017290686333,-0.367420828702651,2
benign_volatility,30049,none,10.227713631368056,30,33,0.0,0.0,103.6648038260891,-0.4156599491535534,0
benign_volatility,30049,proportional,0.19203824000441427,3,3,54.292575000000014,54.292575000000014,96.20179368476308,-0.3961257155589063,0
benign_volatility,30049,vol_target,0.0,0,0,239.99999991767584,239.99999991767584,84.25546152248904,-0.20053389743679806,22
benign_volatility,30049,liquidate,0.04679809064306495,1,1,216.0,216.0,80.05097758693356,-0.280271022112614,0
benign_volatility,30049,immune,0.04679809064306495,1,1,54.292575,54.292575,97.65887557312952,-0.36991869042366554,3
benign_volatility,30050,none,0.0,0,0,0.0,0.0,124.89115589251188,-0.18416923950938335,0
benign_volatility,30050,proportional,0.0,0,0,0.0,0.0,124.89115589251188,-0.18416923950938335,0
benign_volatility,30050,vol_target,0.0,0,0,230.42155420224168,230.42155420224168,117.20741848262986,-0.012022855600769766,8
benign_volatility,30050,liquidate,0.0,0,0,0.0,0.0,124.89115589251188,-0.18416923950938335,0
benign_volatility,30050,immune,0.0,0,0,0.0,0.0,124.89115589251188,-0.18416923950938335,0
benign_volatility,30051,none,0.0,0,0,0.0,0.0,115.28144969827788,-0.1609580194683784,0
benign_volatility,30051,proportional,0.0,0,0,0.0,0.0,115.28144969827788,-0.1609580194683784,0
benign_volatility,30051,vol_target,0.0,0,0,239.67481959208595,239.67481959208595,94.83512182336459,-0.11324973714951092,11
benign_volatility,30051,liquidate,0.0,0,0,0.0,0.0,115.28144969827788,-0.1609580194683784,0
benign_volatility,30051,immune,0.0,0,0,0.0,0.0,115.28144969827788,-0.1609580194683784,0
benign_volatility,30052,none,0.0,0,0,0.0,0.0,94.19227139974956,-0.1766511785231386,0
benign_volatility,30052,proportional,0.0,0,0,0.0,0.0,94.19227139974956,-0.1766511785231386,0
benign_volatility,30052,vol_target,0.0,0,0,239.49319723622872,239.49319723622872,90.64090391833655,-0.10766785604007711,13
benign_volatility,30052,liquidate,0.0,0,0,0.0,0.0,94.19227139974956,-0.1766511785231386,0
benign_volatility,30052,immune,0.0,0,0,0.0,0.0,94.19227139974956,-0.1766511785231386,0
benign_volatility,30053,none,0.0,0,0,0.0,0.0,151.60408799768132,-0.10224811626726682,0
benign_volatility,30053,proportional,0.0,0,0,0.0,0.0,151.60408799768132,-0.10224811626726682,0
benign_volatility,30053,vol_target,0.0,0,0,235.47063895467113,235.47063895467113,113.0870110217986,-0.03790086241574131,10
benign_volatility,30053,liquidate,0.0,0,0,0.0,0.0,151.60408799768132,-0.10224811626726682,0
benign_volatility,30053,immune,0.0,0,0,0.0,0.0,151.60408799768132,-0.10224811626726682,0
benign_volatility,30054,none,0.0,0,0,0.0,0.0,98.95445813519991,-0.15251930974067995,0
benign_volatility,30054,proportional,0.0,0,0,0.0,0.0,98.95445813519991,-0.15251930974067995,0
benign_volatility,30054,vol_target,0.0,0,0,171.6327285345621,171.6327285345621,94.33088161609385,-0.07473984112180998,5
benign_volatility,30054,liquidate,0.0,0,0,0.0,0.0,98.95445813519991,-0.15251930974067995,0
benign_volatility,30054,immune,0.0,0,0,0.0,0.0,98.95445813519991,-0.15251930974067995,0
benign_volatility,30055,none,8.196593805414722,30,31,0.0,0.0,71.9481610630628,-0.40702923580312456,0
benign_volatility,30055,proportional,0.2174065781474055,3,4,44.5185,44.5185,71.9101382377551,-0.3967544337301143,0
benign_volatility,30055,vol_target,0.0,0,0,238.4201720866717,238.4201720866717,96.21896162077834,-0.07706766828975897,12
benign_volatility,30055,liquidate,0.009538627786338072,1,1,216.0,216.0,78.10261461579358,-0.29989008580267185,0
benign_volatility,30055,immune,0.1381763373598872,1,1,44.518499999999996,44.518499999999996,71.74840080332291,-0.39069706628198675,2
benign_volatility,30056,none,38.4584123968436,72,72,0.0,0.0,54.47699844392883,-0.5268061167726945,0
benign_volatility,30056,proportional,0.1812648932912908,6,4,72.39904893750001,72.39904893750001,58.2601287204683,-0.4939453836661698,0
benign_volatility,30056,vol_target,0.0,0,0,233.6792813058481,233.6792813058481,102.52863239296873,-0.0402900391396005,15
benign_volatility,30056,liquidate,0.05258819618264754,1,1,216.0,216.0,74.9977261412234,-0.348560561711004,0
benign_volatility,30056,immune,0.05258819618264754,1,1,63.57794625,63.57794625,61.69355628957643,-0.46412221112339147,4
benign_volatility,30057,none,13.277093904525557,59,65,0.0,0.0,80.57376481401027,-0.3478685067057097,0
benign_volatility,30057,proportional,0.09482941262638844,2,1,34.22999999999999,34.22999999999999,79.74511613961822,-0.33843360469296746,0
benign_volatility,30057,vol_target,0.0,0,0,228.14528871861313,228.14528871861313,97.10899886647535,-0.07306262984828615,11
benign_volatility,30057,liquidate,0.06190883346622034,1,1,216.0,216.0,77.39200615902936,-0.26866342863091697,0
benign_volatility,30057,immune,0.06190883346622034,1,1,54.292575,54.292575,77.8507875623888,-0.3533926837582013,3
benign_volatility,30058,none,0.0,0,0,0.0,0.0,123.18802585980643,-0.18527275209675342,0
benign_volatility,30058,proportional,0.0,0,0,0.0,0.0,123.18802585980643,-0.18527275209675342,0
benign_volatility,30058,vol_target,0.0,0,0,239.9014993349675,239.9014993349675,91.49135798391777,-0.11108948440536492,9
benign_volatility,30058,liquidate,0.0,0,0,0.0,0.0,123.18802585980643,-0.18527275209675342,0
benign_volatility,30058,immune,0.0,0,0,0.0,0.0,123.18802585980643,-0.18527275209675342,0
benign_volatility,30059,none,0.0,0,0,0.0,0.0,93.23939739444299,-0.17883536059249983,0
benign_volatility,30059,proportional,0.0,0,0,0.0,0.0,93.23939739444299,-0.17883536059249983,0
benign_volatility,30059,vol_target,0.0,0,0,234.87508359192586,234.87508359192586,94.52273683147298,-0.11044837626791348,8
benign_volatility,30059,liquidate,0.0,0,0,0.0,0.0,93.23939739444299,-0.17883536059249983,0
benign_volatility,30059,immune,0.0,0,0,0.0,0.0,93.23939739444299,-0.17883536059249983,0
benign_volatility,30060,none,0.0,0,0,0.0,0.0,107.67978792536812,-0.2536191529976317,0
benign_volatility,30060,proportional,0.0,0,0,0.0,0.0,107.67978792536812,-0.2536191529976317,0
benign_volatility,30060,vol_target,0.0,0,0,209.60255052221981,209.60255052221981,104.07983715802813,-0.03635762985148594,8
benign_volatility,30060,liquidate,0.0,0,0,0.0,0.0,107.67978792536812,-0.2536191529976317,0
benign_volatility,30060,immune,0.0,0,0,0.0,0.0,107.67978792536812,-0.2536191529976317,0
benign_volatility,30061,none,0.028751855655386294,1,1,0.0,0.0,102.28694785128826,-0.21681250221978354,0
benign_volatility,30061,proportional,0.028751855655386294,1,1,12.0,12.0,101.06742857191927,-0.21747668478420734,0
benign_volatility,30061,vol_target,0.0,0,0,239.9811244341491,239.9811244341491,89.1383765833546,-0.120040855908507,18
benign_volatility,30061,liquidate,0.028751855655386294,1,1,216.0,216.0,80.33560082264974,-0.22876778837941225,0
benign_volatility,30061,immune,0.0,0,0,12.0,12.0,101.4245291218811,-0.21687482282963155,1
benign_volatility,30062,none,0.0,0,0,0.0,0.0,108.10530630007156,-0.15024586876784007,0
benign_volatility,30062,proportional,0.0,0,0,0.0,0.0,108.10530630007156,-0.15024586876784007,0
benign_volatility,30062,vol_target,0.0,0,0,233.19713008955986,233.19713008955986,99.03905672991158,-0.0745369785499701,10
benign_volatility,30062,liquidate,0.0,0,0,0.0,0.0,108.10530630007156,-0.15024586876784007,0
benign_volatility,30062,immune,0.0,0,0,0.0,0.0,108.10530630007156,-0.15024586876784007,0
benign_volatility,30063,none,0.0,0,0,0.0,0.0,97.1899005438454,-0.18517165952283887,0
benign_volatility,30063,proportional,0.0,0,0,0.0,0.0,97.1899005438454,-0.18517165952283887,0
benign_volatility,30063,vol_target,0.0,0,0,239.04708776590115,239.04708776590115,96.1970117310597,-0.06433114347688917,13
benign_volatility,30063,liquidate,0.0,0,0,0.0,0.0,97.1899005438454,-0.18517165952283887,0
benign_volatility,30063,immune,0.0,0,0,0.0,0.0,97.1899005438454,-0.18517165952283887,0
benign_volatility,30064,none,0.0,0,0,0.0,0.0,125.88813854630143,-0.1850326270387066,0
benign_volatility,30064,proportional,0.0,0,0,0.0,0.0,125.88813854630143,-0.1850326270387066,0
benign_volatility,30064,vol_target,0.0,0,0,233.93564153262713,233.93564153262713,108.71000511602801,-0.04424056279738953,8
benign_volatility,30064,liquidate,0.0,0,0,0.0,0.0,125.88813854630143,-0.1850326270387066,0
benign_volatility,30064,immune,0.0,0,0,0.0,0.0,125.88813854630143,-0.1850326270387066,0
benign_volatility,30065,none,0.20476419458826767,2,2,0.0,0.0,99.78825113865535,-0.25194218408873126,0
benign_volatility,30065,proportional,0.06455324710817134,1,1,23.39999999999999,23.39999999999999,97.56355364112284,-0.2514241352490042,0
benign_volatility,30065,vol_target,0.0,0,0,234.53041890556642,234.53041890556642,89.63677216907033,-0.13212610309334138,10
benign_volatility,30065,liquidate,0.06455324710817134,1,1,216.0,216.0,79.25258193066281,-0.2471601947989427,0
benign_volatility,30065,immune,0.0,0,0,23.4,23.4,97.25241450940227,-0.2625440111494871,2
benign_volatility,30066,none,3.0574904619715513,21,2,0.0,0.0,71.51788762785569,-0.32925168190709975,0
benign_volatility,30066,proportional,0.08349453722645306,2,1,34.22999999999999,34.22999999999999,71.97034745280303,-0.3250081747698751,0
benign_volatility,30066,vol_target,0.0,0,0,239.93681049863517,239.93681049863517,96.17684143488077,-0.09798154319636965,17
benign_volatility,30066,liquidate,0.08247882320880562,1,1,216.0,216.0,76.0156628686508,-0.2870681768010547,0
benign_volatility,30066,immune,0.0,0,0,44.518499999999996,44.518499999999996,69.25040410916257,-0.35051784072293135,4
benign_volatility,30067,none,0.0,0,0,0.0,0.0,111.25477707133277,-0.18832009510808112,0
benign_volatility,30067,proportional,0.0,0,0,0.0,0.0,111.25477707133277,-0.18832009510808112,0
benign_volatility,30067,vol_target,0.0,0,0,229.8329903759377,229.8329903759377,99.60675686302122,-0.05875330129549128,8
benign_volatility,30067,liquidate,0.0,0,0,0.0,0.0,111.25477707133277,-0.18832009510808112,0
benign_volatility,30067,immune,0.0,0,0,0.0,0.0,111.25477707133277,-0.18832009510808112,0
benign_volatility,30068,none,0.24833177833603237,4,7,0.0,0.0,82.42746968045016,-0.41491260952802256,0
benign_volatility,30068,proportional,0.13193219262418943,1,1,23.39999999999999,23.39999999999999,81.76861750978605,-0.41562726660117233,0
benign_volatility,30068,vol_target,0.0,0,0,238.8848122619328,238.8848122619328,111.56022694540044,-0.02314651797446332,11
benign_volatility,30068,liquidate,0.13193219262418943,1,1,216.0,216.0,76.3457573358581,-0.42150944404940616,0
benign_volatility,30068,immune,0.13193219262418943,1,1,23.4,23.4,82.7363473127502,-0.41562726660117233,0
benign_volatility,30069,none,0.0,0,0,0.0,0.0,98.97882764301274,-0.20512290712737635,0
benign_volatility,30069,proportional,0.0,0,0,0.0,0.0,98.97882764301274,-0.20512290712737635,0
benign_volatility,30069,vol_target,0.0,0,0,237.7756904530738,237.7756904530738,107.72774786508269,-0.03844306781163542,11
benign_volatility,30069,liquidate,0.0,0,0,0.0,0.0,98.97882764301274,-0.20512290712737635,0
benign_volatility,30069,immune,0.0,0,0,0.0,0.0,98.97882764301274,-0.20512290712737635,0
benign_volatility,30070,none,0.0,0,0,0.0,0.0,88.89509563525085,-0.3128767437591353,0
benign_volatility,30070,proportional,0.0,0,0,0.0,0.0,88.89509563525085,-0.3128767437591353,0
benign_volatility,30070,vol_target,0.0,0,0,226.7909762708416,226.7909762708416,98.11699025063986,-0.08637915693741516,9
benign_volatility,30070,liquidate,0.0,0,0,0.0,0.0,88.89509563525085,-0.3128767437591353,0
benign_volatility,30070,immune,0.0,0,0,12.0,12.0,89.55005268602787,-0.31491498332816203,1
benign_volatility,30071,none,26.961670849186916,70,9,0.0,0.0,64.60416832464567,-0.46542040863872947,0
benign_volatility,30071,proportional,0.11514719451790345,5,3,54.292575000000014,54.292575000000014,65.92886596316129,-0.4502388903039042,0
benign_volatility,30071,vol_target,0.0,0,0,239.99072504785013,239.99072504785013,108.89233926649017,-0.060498893155754074,18
benign_volatility,30071,liquidate,0.019617891218659533,1,1,216.0,216.0,76.7830463334716,-0.3460255900985284,0
benign_volatility,30071,immune,0.019617891218659533,1,1,63.57794625,63.57794625,65.0616298513163,-0.45611959191413776,4
benign_volatility,30072,none,0.0,0,0,0.0,0.0,104.54910277261243,-0.2512528329081567,0
benign_volatility,30072,proportional,0.0,0,0,0.0,0.0,104.54910277261243,-0.2512528329081567,0
benign_volatility,30072,vol_target,0.0,0,0,233.9709409396301,233.9709409396301,109.44052522171316,-0.04577500572651938,8
benign_volatility,30072,liquidate,0.0,0,0,0.0,0.0,104.54910277261243,-0.2512528329081567,0
benign_volatility,30072,immune,0.0,0,0,0.0,0.0,104.54910277261243,-0.2512528329081567,0
benign_volatility,30073,none,0.0,0,0,0.0,0.0,89.62244070859417,-0.28683327442435924,0
benign_volatility,30073,proportional,0.0,0,0,0.0,0.0,89.62244070859417,-0.28683327442435924,0
benign_volatility,30073,vol_target,0.0,0,0,239.79920967913338,239.79920967913338,111.13632861488013,-0.06252388082096272,12
benign_volatility,30073,liquidate,0.0,0,0,0.0,0.0,89.62244070859417,-0.28683327442435924,0
benign_volatility,30073,immune,0.0,0,0,0.0,0.0,89.62244070859417,-0.28683327442435924,0
benign_volatility,30074,none,32.94332555071544,47,47,0.0,0.0,94.60311463475561,-0.4903757275698395,0
benign_volatility,30074,proportional,0.7014430388485198,3,5,80.77909649062502,80.77909649062502,83.92343039705325,-0.46124034200509945,0
benign_volatility,30074,vol_target,0.0,0,0,238.51863657508025,238.51863657508025,103.35567390738638,-0.06823684817244835,13
benign_volatility,30074,liquidate,0.2064081864100098,1,1,216.0,216.0,75.6158089315681,-0.3217248908149305,0
benign_volatility,30074,immune,0.3714805256263345,3,5,80.779096490625,80.779096490625,87.95700067912465,-0.44758218796952,0
benign_volatility,30075,none,0.0,0,0,0.0,0.0,115.5341206228107,-0.22893088082300506,0
benign_volatility,30075,proportional,0.0,0,0,0.0,0.0,115.5341206228107,-0.22893088082300506,0
benign_volatility,30075,vol_target,0.0,0,0,229.32475810139593,229.32475810139593,108.50598454973702,-0.02533934897169632,11
benign_volatility,30075,liquidate,0.0,0,0,0.0,0.0,115.5341206228107,-0.22893088082300506,0
benign_volatility,30075,immune,0.0,0,0,0.0,0.0,115.5341206228107,-0.22893088082300506,0
benign_volatility,30076,none,0.0,0,0,0.0,0.0,97.1045197990651,-0.15956313250580734,0
benign_volatility,30076,proportional,0.0,0,0,0.0,0.0,97.1045197990651,-0.15956313250580734,0
benign_volatility,30076,vol_target,0.0,0,0,239.99668381824813,239.99668381824813,102.59529371210492,-0.07771799730347562,16
benign_volatility,30076,liquidate,0.0,0,0,0.0,0.0,97.1045197990651,-0.15956313250580734,0
benign_volatility,30076,immune,0.0,0,0,0.0,0.0,97.1045197990651,-0.15956313250580734,0
benign_volatility,30077,none,7.7531867081641375,42,30,0.0,0.0,73.45326893636998,-0.35894515838966745,0
benign_volatility,30077,proportional,0.27016667589330945,3,2,54.292575000000014,54.292575000000014,72.64780571882656,-0.3517174101060151,0
benign_volatility,30077,vol_target,0.0,0,0,239.89189149922768,239.89189149922768,96.10962421598693,-0.07457923135286193,17
benign_volatility,30077,liquidate,0.19089449044483597,1,1,216.0,216.0,73.82834432326807,-0.29572190915073615,0
benign_volatility,30077,immune,0.018181018395025728,1,1,44.518499999999996,44.518499999999996,75.86038245857932,-0.3375335652901459,2
benign_volatility,30078,none,0.0,0,0,0.0,0.0,83.57640261701108,-0.19421783922040636,0
benign_volatility,30078,proportional,0.0,0,0,0.0,0.0,83.57640261701108,-0.19421783922040636,0
benign_volatility,30078,vol_target,0.0,0,0,193.84774149492554,193.84774149492554,94.82926978680524,-0.08572597621699773,8
benign_volatility,30078,liquidate,0.0,0,0,0.0,0.0,83.57640261701108,-0.19421783922040636,0
benign_volatility,30078,immune,0.0,0,0,0.0,0.0,83.57640261701108,-0.19421783922040636,0
benign_volatility,30079,none,0.0,0,0,0.0,0.0,119.16897702486558,-0.1328831655335454,0
benign_volatility,30079,proportional,0.0,0,0,0.0,0.0,119.16897702486558,-0.1328831655335454,0
benign_volatility,30079,vol_target,0.0,0,0,239.99987683376852,239.99987683376852,104.55238793647965,-0.06739657032507529,20
benign_volatility,30079,liquidate,0.0,0,0,0.0,0.0,119.16897702486558,-0.1328831655335454,0
benign_volatility,30079,immune,0.0,0,0,0.0,0.0,119.16897702486558,-0.1328831655335454,0
benign_volatility,30080,none,12.438132014450186,62,63,0.0,0.0,81.83138439665484,-0.31947522855294286,0
benign_volatility,30080,proportional,0.27858366780601784,2,5,44.5185,44.5185,79.87002790232508,-0.31352978172557755,0
benign_volatility,30080,vol_target,0.0,0,0,236.28271530655883,236.28271530655883,87.10536974555767,-0.1310804742535906,9
benign_volatility,30080,liquidate,0.14659530946695876,1,1,216.0,216.0,75.61916291833127,-0.25758727806863635,0
benign_volatility,30080,immune,0.14659530946695876,1,1,44.518499999999996,44.518499999999996,78.2780538111637,-0.3222957134602191,2
benign_volatility,30081,none,0.0,0,0,0.0,0.0,99.69277004153822,-0.18861065342570582,0
benign_volatility,30081,proportional,0.0,0,0,0.0,0.0,99.69277004153822,-0.18861065342570582,0
benign_volatility,30081,vol_target,0.0,0,0,232.5075161911653,232.5075161911653,98.36728665379863,-0.05052978142714115,10
benign_volatility,30081,liquidate,0.0,0,0,0.0,0.0,99.69277004153822,-0.18861065342570582,0
benign_volatility,30081,immune,0.0,0,0,0.0,0.0,99.69277004153822,-0.18861065342570582,0
benign_volatility,30082,none,0.0,0,0,0.0,0.0,108.65844262067756,-0.15674726120610527,0
benign_volatility,30082,proportional,0.0,0,0,0.0,0.0,108.65844262067756,-0.15674726120610527,0
benign_volatility,30082,vol_target,0.0,0,0,239.9974816471517,239.9974816471517,92.92982757403331,-0.1296269986767733,12
benign_volatility,30082,liquidate,0.0,0,0,0.0,0.0,108.65844262067756,-0.15674726120610527,0
benign_volatility,30082,immune,0.0,0,0,0.0,0.0,108.65844262067756,-0.15674726120610527,0
benign_volatility,30083,none,0.0,0,0,0.0,0.0,143.95879093401024,-0.11759198897881662,0
benign_volatility,30083,proportional,0.0,0,0,0.0,0.0,143.95879093401024,-0.11759198897881662,0
benign_volatility,30083,vol_target,0.0,0,0,232.71971826891448,232.71971826891448,97.02867611662182,-0.09063808987307864,7
benign_volatility,30083,liquidate,0.0,0,0,0.0,0.0,143.95879093401024,-0.11759198897881662,0
benign_volatility,30083,immune,0.0,0,0,0.0,0.0,143.95879093401024,-0.11759198897881662,0
benign_volatility,30084,none,0.0,0,0,0.0,0.0,103.70417649960564,-0.1927305326690848,0
benign_volatility,30084,proportional,0.0,0,0,0.0,0.0,103.70417649960564,-0.1927305326690848,0
benign_volatility,30084,vol_target,0.0,0,0,232.59970449291512,232.59970449291512,97.34791576240765,-0.13778801168132138,10
benign_volatility,30084,liquidate,0.0,0,0,0.0,0.0,103.70417649960564,-0.1927305326690848,0
benign_volatility,30084,immune,0.0,0,0,0.0,0.0,103.70417649960564,-0.1927305326690848,0
benign_volatility,30085,none,0.0,0,0,0.0,0.0,97.01927508184797,-0.26728210640081884,0
benign_volatility,30085,proportional,0.0,0,0,0.0,0.0,97.01927508184797,-0.26728210640081884,0
benign_volatility,30085,vol_target,0.0,0,0,239.80049003200972,239.80049003200972,114.27212828279043,-0.030799742101640826,17
benign_volatility,30085,liquidate,0.0,0,0,0.0,0.0,97.01927508184797,-0.26728210640081884,0
benign_volatility,30085,immune,0.0,0,0,0.0,0.0,97.01927508184797,-0.26728210640081884,0
benign_volatility,30086,none,0.0,0,0,0.0,0.0,103.21067605128417,-0.2532149406561386,0
benign_volatility,30086,proportional,0.0,0,0,0.0,0.0,103.21067605128417,-0.2532149406561386,0
benign_volatility,30086,vol_target,0.0,0,0,239.98384074592974,239.98384074592974,98.06314651155817,-0.1042929622948493,18
benign_volatility,30086,liquidate,0.0,0,0,0.0,0.0,103.21067605128417,-0.2532149406561386,0
benign_volatility,30086,immune,0.0,0,0,0.0,0.0,103.21067605128417,-0.2532149406561386,0
benign_volatility,30087,none,0.0,0,0,0.0,0.0,92.36987796923322,-0.17331093640106843,0
benign_volatility,30087,proportional,0.0,0,0,0.0,0.0,92.36987796923322,-0.17331093640106843,0
benign_volatility,30087,vol_target,0.0,0,0,236.9436785985712,236.9436785985712,91.45029022740012,-0.10206984029383914,12
benign_volatility,30087,liquidate,0.0,0,0,0.0,0.0,92.36987796923322,-0.17331093640106843,0
benign_volatility,30087,immune,0.0,0,0,12.0,12.0,93.05849757841254,-0.17398293640106843,1
benign_volatility,30088,none,48.462618964976386,84,14,0.0,0.0,61.37174080263916,-0.4244420307791428,0
benign_volatility,30088,proportional,0.24051834103550362,4,6,63.57794625000001,63.57794625000001,63.28647828654936,-0.3951859111512557,0
benign_volatility,30088,vol_target,0.0,0,0,239.61777522561636,239.61777522561636,85.38326722956432,-0.18207951203672124,12
benign_volatility,30088,liquidate,0.010939502896464948,1,1,216.0,216.0,77.01157991412812,-0.23370014473927214,0
benign_volatility,30088,immune,0.1422697421926329,1,1,63.57794625,63.57794625,63.02511028141332,-0.3859907052804714,4
benign_volatility,30089,none,0.0,0,0,0.0,0.0,152.8430735137806,-0.09548699405748673,0
benign_volatility,30089,proportional,0.0,0,0,0.0,0.0,152.8430735137806,-0.09548699405748673,0
benign_volatility,30089,vol_target,0.0,0,0,239.98846459479103,239.98846459479103,117.53404198277444,-0.02593634732927519,19
benign_volatility,30089,liquidate,0.0,0,0,0.0,0.0,152.8430735137806,-0.09548699405748673,0
benign_volatility,30089,immune,0.0,0,0,0.0,0.0,152.8430735137806,-0.09548699405748673,0
benign_volatility,30090,none,0.0,0,0,0.0,0.0,92.1937161591262,-0.2520968145348742,0
benign_volatility,30090,proportional,0.0,0,0,0.0,0.0,92.1937161591262,-0.2520968145348742,0
benign_volatility,30090,vol_target,0.0,0,0,239.35376472188383,239.35376472188383,104.96781478570122,-0.049117616074985326,14
benign_volatility,30090,liquidate,0.0,0,0,0.0,0.0,92.1937161591262,-0.2520968145348742,0
benign_volatility,30090,immune,0.0,0,0,12.0,12.0,91.52777608298399,-0.2550145998282325,1
benign_volatility,30091,none,0.0,0,0,0.0,0.0,114.21796170955867,-0.16771555946068095,0
benign_volatility,30091,proportional,0.0,0,0,0.0,0.0,114.21796170955867,-0.16771555946068095,0
benign_volatility,30091,vol_target,0.0,0,0,239.9991084785385,239.9991084785385,115.11558983668145,-0.043853727398060594,12
benign_volatility,30091,liquidate,0.0,0,0,0.0,0.0,114.21796170955867,-0.16771555946068095,0
benign_volatility,30091,immune,0.0,0,0,0.0,0.0,114.21796170955867,-0.16771555946068095,0
benign_volatility,30092,none,110.88945961329553,94,1,0.0,0.0,48.80433766078626,-0.5666926587810464,0
benign_volatility,30092,proportional,0.31160493242119847,6,1,96.30313458278907,96.30313458278907,54.07551574354363,-0.49778770990627264,0
benign_volatility,30092,vol_target,0.019698511305285216,1,1,239.99669599413048,239.99669599413048,82.53686088256865,-0.22367078415357278,15
benign_volatility,30092,liquidate,0.019698511305285216,1,1,216.0,216.0,75.54675349545872,-0.26641238025486713,0
benign_volatility,30092,immune,0.09270119017770817,2,1,103.48797785364961,103.48797785364961,52.32650002277632,-0.5131845380154383,7
benign_volatility,30093,none,0.0,0,0,0.0,0.0,99.2452676667965,-0.17932659398482353,0
benign_volatility,30093,proportional,0.0,0,0,0.0,0.0,99.2452676667965,-0.17932659398482353,0
benign_volatility,30093,vol_target,0.0,0,0,239.5112031597937,239.5112031597937,93.37188279392227,-0.10705208931801269,14
benign_volatility,30093,liquidate,0.0,0,0,0.0,0.0,99.2452676667965,-0.17932659398482353,0
benign_volatility,30093,immune,0.0,0,0,0.0,0.0,99.2452676667965,-0.17932659398482353,0
benign_volatility,30094,none,0.0,0,0,0.0,0.0,116.38944198749606,-0.198499177076227,0
benign_volatility,30094,proportional,0.0,0,0,0.0,0.0,116.38944198749606,-0.198499177076227,0
benign_volatility,30094,vol_target,0.0,0,0,227.23835715704973,227.23835715704973,102.44715718080353,-0.04456883510868126,10
benign_volatility,30094,liquidate,0.0,0,0,0.0,0.0,116.38944198749606,-0.198499177076227,0
benign_volatility,30094,immune,0.0,0,0,0.0,0.0,116.38944198749606,-0.198499177076227,0
benign_volatility,30095,none,0.0,0,0,0.0,0.0,129.9513680680152,-0.09691064277980632,0
benign_volatility,30095,proportional,0.0,0,0,0.0,0.0,129.9513680680152,-0.09691064277980632,0
benign_volatility,30095,vol_target,0.0,0,0,231.9592603646292,231.9592603646292,104.8908667016181,-0.044006966982409246,8
benign_volatility,30095,liquidate,0.0,0,0,0.0,0.0,129.9513680680152,-0.09691064277980632,0
benign_volatility,30095,immune,0.0,0,0,0.0,0.0,129.9513680680152,-0.09691064277980632,0
benign_volatility,30096,none,0.0,0,0,0.0,0.0,124.10028543985806,-0.142880174609473,0
benign_volatility,30096,proportional,0.0,0,0,0.0,0.0,124.10028543985806,-0.142880174609473,0
benign_volatility,30096,vol_target,0.0,0,0,239.99422146038648,239.99422146038648,119.03505933275372,-0.013188924288957349,19
benign_volatility,30096,liquidate,0.0,0,0,0.0,0.0,124.10028543985806,-0.142880174609473,0
benign_volatility,30096,immune,0.0,0,0,0.0,0.0,124.10028543985806,-0.142880174609473,0
benign_volatility,30097,none,0.0,0,0,0.0,0.0,101.87938272105774,-0.20238341626745981,0
benign_volatility,30097,proportional,0.0,0,0,0.0,0.0,101.87938272105774,-0.20238341626745981,0
benign_volatility,30097,vol_target,0.0,0,0,239.99711477639653,239.99711477639653,111.85318619219018,-0.025759111160927994,20
benign_volatility,30097,liquidate,0.0,0,0,0.0,0.0,101.87938272105774,-0.20238341626745981,0
benign_volatility,30097,immune,0.0,0,0,0.0,0.0,101.87938272105774,-0.20238341626745981,0
benign_volatility,30098,none,5.996538534567527,44,21,0.0,0.0,94.0770116961805,-0.35689509960240473,0
benign_volatility,30098,proportional,0.14255073294576315,3,5,44.5185,44.5185,90.04196538007744,-0.35100306353163546,0
benign_volatility,30098,vol_target,0.0,0,0,237.89780239489914,237.89780239489914,98.59389336306796,-0.08205793976790121,12
benign_volatility,30098,liquidate,0.031062394145319416,1,1,216.0,216.0,79.46024358450761,-0.2820160114991056,0
benign_volatility,30098,immune,0.08001269956527857,2,5,44.518499999999996,44.518499999999996,89.14168454933483,-0.3413280380845791,0
benign_volatility,30099,none,16.517584365302632,60,1,0.0,0.0,73.2080776990967,-0.3750321753335232,0
benign_volatility,30099,proportional,0.24221034809373698,2,1,44.5185,44.5185,72.9310154767971,-0.3650861553788469,0
benign_volatility,30099,vol_target,0.0,0,0,213.24372825737439,213.24372825737439,96.39119713017674,-0.08906678779344634,8
benign_volatility,30099,liquidate,0.05324983595426591,1,1,216.0,216.0,76.85550044338858,-0.27954166858174057,0
benign_volatility,30099,immune,0.19253081178822784,1,1,54.292575,54.292575,76.79412252593012,-0.3600359843996569,2
