newest_minus_oldest,se,t
0.1954205277298629,0.13070556043627996,1.4951202311330285
