k,selected_train_mean,selected_train_mc_se,naive_train_pass_share,selected_test_mean,selected_test_mc_se,selected_test_positive_share,selected_test_pass_share
1,0.013203343830567323,0.00708892891673032,0.05365,0.00968291094936928,0.007108208629888669,0.50185,0.05215
5,1.1629763395841204,0.004741429749293468,0.22805,-0.000713015682727033,0.0070589257757372615,0.50205,0.0497
20,1.870557900310673,0.003741756590464034,0.64755,-0.004786951425031574,0.007059164310663147,0.4989,0.0499
50,2.251611167928175,0.0033034522507479494,0.92465,-0.010174328602495621,0.0070495325126806035,0.49495,0.04805
200,2.750828609984472,0.002856457994613207,0.9999,-0.011828108867147224,0.007041143714944598,0.49675,0.0456
