family,seed,policy,violation_area,breach_days,recovery_days,total_reduction,healthy_reduction,terminal_equity,maximum_drawdown,false_action_days
liquidity_drain,30000,breach_proportional,0.15474163485582482,3,1,72.39904893750001,60.33254078125001,82.03231437358852,-0.2960659823407663,0
liquidity_drain,30000,breach_targeted,0.14661072362685468,3,1,68.525,59.5,80.79040538550919,-0.30565365131397393,0
liquidity_drain,30000,early_proportional,0.14459459459459467,1,1,63.57794625000001,52.98162187500001,80.78911998019886,-0.3067340566326209,3
liquidity_drain,30000,early_targeted,0.14459459459459467,1,1,59.5,40.0,79.72207678479496,-0.3148188335436617,2
liquidity_drain,30001,breach_proportional,0.15474163485582482,3,1,72.39904893750001,60.33254078125001,105.02729271102895,-0.11095231530627603,0
liquidity_drain,30001,breach_targeted,0.14661072362685468,3,1,77.09875,77.09875,99.72194628233521,-0.1226736576593519,0
liquidity_drain,30001,early_proportional,0.14459459459459467,1,1,63.57794625000001,52.98162187500001,105.08750171448199,-0.11136180704769794,3
liquidity_drain,30001,early_targeted,0.14459459459459467,1,1,68.525,49.5,99.65617937452902,-0.12243864915976532,3
liquidity_drain,30002,breach_proportional,0.15474163485582482,3,1,72.39904893750001,60.33254078125001,89.0634174463774,-0.23427046939467178,0
liquidity_drain,30002,breach_targeted,0.15110689560762047,2,1,44.518499999999996,21.118499999999997,91.24398254345348,-0.2493366594825439,0
liquidity_drain,30002,early_proportional,0.14459459459459467,1,1,63.57794625000001,52.98162187500001,89.26704991112928,-0.23640646626624207,3
liquidity_drain,30002,early_targeted,0.14459459459459467,1,1,44.518499999999996,21.118499999999997,94.468502926162,-0.22031127879583645,2
liquidity_drain,30003,breach_proportional,0.15474163485582482,3,1,72.39904893750001,60.33254078125001,82.6390702667514,-0.20352171358902083,0
liquidity_drain,30003,breach_targeted,0.15110689560762047,2,1,44.518499999999996,21.118499999999997,77.43207021757034,-0.2632281770852968,0
liquidity_drain,30003,early_proportional,0.14459459459459467,1,1,63.57794625000001,52.98162187500001,81.8833460359719,-0.21222652247133955,3
liquidity_drain,30003,early_targeted,0.14459459459459467,1,1,34.23,0.0,75.24272444021113,-0.28365182289151514,1
liquidity_drain,30004,breach_proportional,0.15474163485582482,3,1,72.39904893750001,60.33254078125001,97.98038282801681,-0.11772927010932088,0
liquidity_drain,30004,breach_targeted,0.14661072362685468,3,1,68.525,59.5,97.84314599875307,-0.1267082659511819,0
liquidity_drain,30004,early_proportional,0.14459459459459467,1,1,63.57794625000001,52.98162187500001,97.93908514693875,-0.12035850969670858,3
liquidity_drain,30004,early_targeted,0.14459459459459467,1,1,59.5,40.0,98.24961798709278,-0.12817048985821133,2
liquidity_drain,30005,breach_proportional,0.15474163485582482,3,1,72.39904893750001,60.33254078125001,75.828995922393,-0.26332609902995385,0
liquidity_drain,30005,breach_targeted,0.14661072362685468,3,1,68.525,59.5,72.77741015975637,-0.2938520928487589,0
liquidity_drain,30005,early_proportional,0.14459459459459467,1,1,63.57794625000001,52.98162187500001,76.05453924569026,-0.26113495990447744,3
liquidity_drain,30005,early_targeted,0.14459459459459467,1,1,68.525,59.5,72.40360943006253,-0.29660351222711334,3
liquidity_drain,30006,breach_proportional,0.15474163485582482,3,1,72.39904893750001,60.33254078125001,114.92062222553807,-0.117037449303944,0
liquidity_drain,30006,breach_targeted,0.15110689560762047,2,1,44.518499999999996,21.118499999999997,113.9792909976934,-0.13358696581000484,0
liquidity_drain,30006,early_proportional,0.14459459459459467,1,1,63.57794625000001,52.98162187500001,114.75940024718085,-0.12259401045854756,3
liquidity_drain,30006,early_targeted,0.14459459459459467,1,1,44.518499999999996,21.118499999999997,113.84532085331026,-0.13372314590614787,2
liquidity_drain,30007,breach_proportional,0.15474163485582482,3,1,72.39904893750001,60.33254078125001,89.45660027773256,-0.17217635865522196,0
liquidity_drain,30007,breach_targeted,0.14661072362685468,3,1,68.525,59.5,93.76415830501331,-0.16411578931143667,0
liquidity_drain,30007,early_proportional,0.14459459459459467,1,1,63.57794625000001,52.98162187500001,89.03896172352324,-0.1773432872632945,3
liquidity_drain,30007,early_targeted,0.14459459459459467,1,1,59.5,40.0,94.24990184539757,-0.16131555826935973,2
liquidity_drain,30008,breach_proportional,0.15474163485582482,3,1,72.39904893750001,60.33254078125001,130.64529098897796,-0.06779400043586348,0
liquidity_drain,30008,breach_targeted,0.1479502992925834,3,1,68.525,58.525,126.2400469753856,-0.07866158806571866,0
liquidity_drain,30008,early_proportional,0.14459459459459467,1,1,63.57794625000001,52.98162187500001,131.2855041333782,-0.06779400043586348,3
liquidity_drain,30008,early_targeted,0.14459459459459467,1,1,77.09875000000001,77.09875000000001,127.04583160436715,-0.06779400043586348,4
liquidity_drain,30009,breach_proportional,0.041227444731530505,3,1,63.57794625000001,56.88162187500001,80.5083085463817,-0.3393487433199255,0
liquidity_drain,30009,breach_targeted,0.05407094819817615,3,1,54.292575,43.462575,84.89692135383515,-0.3323915479669445,0
liquidity_drain,30009,early_proportional,0.0062257009957891185,1,1,63.57794625000001,58.68662187500001,80.55014420873147,-0.3389303866964277,4
liquidity_drain,30009,early_targeted,0.0306558659526055,1,1,63.57794625,44.004075,85.73580987430941,-0.3398690105659089,4
liquidity_drain,30010,breach_proportional,0.15474163485582482,3,1,72.39904893750001,60.33254078125001,108.71391907159021,-0.06318933490320677,0
liquidity_drain,30010,breach_targeted,0.15110689560762047,2,1,44.518499999999996,21.118499999999997,110.70971356132293,-0.07642549169925583,0
liquidity_drain,30010,early_proportional,0.14459459459459467,1,1,63.57794625000001,52.98162187500001,108.74266747603176,-0.06634029714475731,3
liquidity_drain,30010,early_targeted,0.14459459459459467,1,1,44.518499999999996,21.118499999999997,108.75850493232045,-0.08053824478657756,2
liquidity_drain,30011,breach_proportional,0.15474163485582482,3,1,72.39904893750001,60.33254078125001,97.305411823827,-0.19347403120603412,0
liquidity_drain,30011,breach_targeted,0.1479502992925834,3,1,59.5,40.0,96.45077180648438,-0.2028520072871306,0
liquidity_drain,30011,early_proportional,0.14459459459459467,1,1,63.57794625000001,52.98162187500001,97.0555470255211,-0.1964726918013876,3
liquidity_drain,30011,early_targeted,0.14459459459459467,1,1,68.525,59.025,98.4135660397638,-0.1844578707132637,3
liquidity_drain,30012,breach_proportional,0.15474163485582482,3,1,72.39904893750001,60.33254078125001,85.79574971121744,-0.1838617822822971,0
liquidity_drain,30012,breach_targeted,0.15110689560762047,2,1,44.518499999999996,21.118499999999997,90.52882520941215,-0.16767889610425035,0
liquidity_drain,30012,early_proportional,0.14459459459459467,1,1,63.57794625000001,52.98162187500001,85.75410622915642,-0.18639248016567778,3
liquidity_drain,30012,early_targeted,0.14459459459459467,1,1,44.518499999999996,21.118499999999997,90.20721244741907,-0.16922077649595457,2
liquidity_drain,30013,breach_proportional,0.15474163485582482,3,1,72.39904893750001,60.33254078125001,88.50535914035021,-0.2388561538478332,0
liquidity_drain,30013,breach_targeted,0.15110689560762047,2,1,44.518499999999996,21.118499999999997,86.13046153100603,-0.26643276629537394,0
liquidity_drain,30013,early_proportional,0.14459459459459467,1,1,63.57794625000001,52.98162187500001,88.30775220285668,-0.23993396455753213,3
liquidity_drain,30013,early_targeted,0.14459459459459467,1,1,44.518499999999996,21.118499999999997,86.32886283586899,-0.264742887055311,2
liquidity_drain,30014,breach_proportional,0.15474163485582482,3,1,72.39904893750001,60.33254078125001,101.07139037148592,-0.1123896308801523,0
liquidity_drain,30014,breach_targeted,0.14661072362685468,3,1,77.09875,77.09875,97.23986094305553,-0.1123896308801523,0
liquidity_drain,30014,early_proportional,0.14459459459459467,1,1,63.57794625000001,52.98162187500001,100.68484670758703,-0.1123896308801523,3
liquidity_drain,30014,early_targeted,0.14459459459459467,1,1,68.525,58.525,98.14963592391722,-0.1123896308801523,3
liquidity_drain,30015,breach_proportional,0.15474163485582482,3,1,72.39904893750001,60.33254078125001,106.85916294430977,-0.06151461599277841,0
liquidity_drain,30015,breach_targeted,0.15110689560762047,2,1,44.518499999999996,21.118499999999997,115.4425070737608,-0.06044968188841482,0
liquidity_drain,30015,early_proportional,0.14459459459459467,1,1,63.57794625000001,52.98162187500001,106.7063342077369,-0.06469006349699702,3
liquidity_drain,30015,early_targeted,0.14459459459459467,1,1,44.518499999999996,21.118499999999997,111.83231687162305,-0.064703404683355,2
liquidity_drain,30016,breach_proportional,0.15474163485582482,3,1,72.39904893750001,60.33254078125001,127.92987796034326,-0.12341555935130288,0
liquidity_drain,30016,breach_targeted,0.15110689560762047,2,1,44.518499999999996,21.118499999999997,126.4322899923108,-0.14567100559739132,0
liquidity_drain,30016,early_proportional,0.14459459459459467,1,1,63.57794625000001,52.98162187500001,128.78503261805528,-0.12369623527347928,3
liquidity_drain,30016,early_targeted,0.14459459459459467,1,1,44.518499999999996,21.118499999999997,128.91474471661314,-0.14709445958011258,2
liquidity_drain,30017,breach_proportional,0.15474163485582482,3,1,72.39904893750001,60.33254078125001,101.61583554692734,-0.0791711370021424,0
liquidity_drain,30017,breach_targeted,0.14661072362685468,3,1,77.09875,77.09875,103.33614473002145,-0.07704813259940135,0
liquidity_drain,30017,early_proportional,0.14459459459459467,1,1,63.57794625000001,52.98162187500001,101.78527180239843,-0.07995560628759579,3
liquidity_drain,30017,early_targeted,0.14459459459459467,1,1,68.525,59.025,103.1075834485454,-0.08674992876345233,3
liquidity_drain,30018,breach_proportional,0.15474163485582482,3,1,72.39904893750001,60.33254078125001,93.74969592907694,-0.1465398393079841,0
liquidity_drain,30018,breach_targeted,0.15110689560762047,2,1,34.23,0.0,88.19718886815073,-0.22054719304268577,0
liquidity_drain,30018,early_proportional,0.14459459459459467,1,1,63.57794625000001,52.98162187500001,93.2751886322466,-0.15285819090884345,3
liquidity_drain,30018,early_targeted,0.14459459459459467,1,1,34.23,0.0,88.14162662678442,-0.2208192656470772,1
liquidity_drain,30019,breach_proportional,0.15474163485582482,3,1,72.39904893750001,60.33254078125001,107.80884643233072,-0.13557512869354882,0
liquidity_drain,30019,breach_targeted,0.15110689560762047,2,1,44.518499999999996,21.118499999999997,109.18846662902281,-0.1347253627328704,0
liquidity_drain,30019,early_proportional,0.14459459459459467,1,1,63.57794625000001,52.98162187500001,108.19741891243265,-0.14129722359401897,3
liquidity_drain,30019,early_targeted,0.14459459459459467,1,1,44.518499999999996,21.118499999999997,108.62138311511377,-0.14091012738279995,2
liquidity_drain,30020,breach_proportional,0.15474163485582482,3,1,72.39904893750001,60.33254078125001,91.12878783166288,-0.24627197717107452,0
liquidity_drain,30020,breach_targeted,0.15110689560762047,2,1,44.518499999999996,21.118499999999997,90.9721042728368,-0.26716726811177594,0
liquidity_drain,30020,early_proportional,0.14459459459459467,1,1,63.57794625000001,52.98162187500001,90.50730736286188,-0.2573768272270631,3
liquidity_drain,30020,early_targeted,0.14459459459459467,1,1,44.518499999999996,21.118499999999997,91.350353356632,-0.26702036321425193,2
liquidity_drain,30021,breach_proportional,0.15474163485582482,3,1,72.39904893750001,60.33254078125001,121.01901254086047,-0.07081412149578548,0
liquidity_drain,30021,breach_targeted,0.1479502992925834,3,1,68.525,58.525,116.50533148879785,-0.07081412149578548,0
liquidity_drain,30021,early_proportional,0.14459459459459467,1,1,63.57794625000001,52.98162187500001,121.88679621392183,-0.07081412149578548,3
liquidity_drain,30021,early_targeted,0.14459459459459467,1,1,68.525,58.525,117.228111940633,-0.07081412149578548,3
liquidity_drain,30022,breach_proportional,0.15474163485582482,3,1,72.39904893750001,60.33254078125001,86.69454469468319,-0.24206955036589373,0
liquidity_drain,30022,breach_targeted,0.14661072362685468,3,1,68.525,59.5,85.44070627842846,-0.2486873553707345,0
liquidity_drain,30022,early_proportional,0.14459459459459467,1,1,63.57794625000001,52.98162187500001,85.75824959725838,-0.253957950375734,3
liquidity_drain,30022,early_targeted,0.14459459459459467,1,1,68.525,50.0,87.10106341064535,-0.2422997793074142,3
liquidity_drain,30023,breach_proportional,0.15474163485582482,3,1,72.39904893750001,60.33254078125001,77.94292413932394,-0.3177880191540984,0
liquidity_drain,30023,breach_targeted,0.14661072362685468,3,1,68.525,59.5,73.80565580947776,-0.35547213812691936,0
liquidity_drain,30023,early_proportional,0.14459459459459467,1,1,63.57794625000001,52.98162187500001,76.19476327068466,-0.333089168067884,3
liquidity_drain,30023,early_targeted,0.14459459459459467,1,1,68.525,58.525,76.64131931505248,-0.3307089392068049,3
liquidity_drain,30024,breach_proportional,0.15474163485582482,3,1,72.39904893750001,60.33254078125001,109.67112046220018,-0.17632857502907062,0
liquidity_drain,30024,breach_targeted,0.15110689560762047,2,1,44.518499999999996,21.118499999999997,107.436255970171,-0.2167866891908291,0
liquidity_drain,30024,early_proportional,0.14459459459459467,1,1,63.57794625000001,52.98162187500001,109.84781888916535,-0.18034087224102113,3
liquidity_drain,30024,early_targeted,0.14459459459459467,1,1,44.518499999999996,21.118499999999997,107.68243890823747,-0.20983765219339257,2
liquidity_drain,30025,breach_proportional,0.15474163485582482,3,1,72.39904893750001,60.33254078125001,117.51435930268788,-0.1363541815146896,0
liquidity_drain,30025,breach_targeted,0.1479502992925834,3,1,68.525,58.525,123.17138966291093,-0.12830907165666294,0
liquidity_drain,30025,early_proportional,0.14459459459459467,1,1,63.57794625000001,52.98162187500001,118.9831368548722,-0.13500792836572795,3
liquidity_drain,30025,early_targeted,0.14459459459459467,1,1,68.525,49.5,122.94470067728024,-0.12653745128378258,3
liquidity_drain,30026,breach_proportional,0.15474163485582482,3,1,72.39904893750001,60.33254078125001,119.62537721990978,-0.13505607912922823,0
liquidity_drain,30026,breach_targeted,0.1479502992925834,3,1,59.5,40.0,119.98249698922032,-0.1466035510902307,0
liquidity_drain,30026,early_proportional,0.14459459459459467,1,1,63.57794625000001,52.98162187500001,119.7178043384832,-0.1370314004954052,3
liquidity_drain,30026,early_targeted,0.14459459459459467,1,1,68.525,49.5,121.36523817804154,-0.1370347100957423,3
liquidity_drain,30027,breach_proportional,0.15474163485582482,3,1,72.39904893750001,60.33254078125001,108.44943503305812,-0.13952926722314818,0
liquidity_drain,30027,breach_targeted,0.14661072362685468,3,1,77.09875,77.09875,109.32192916523732,-0.12562445474356176,0
liquidity_drain,30027,early_proportional,0.14459459459459467,1,1,63.57794625000001,52.98162187500001,108.89793596484934,-0.14432209884378533,3
liquidity_drain,30027,early_targeted,0.14459459459459467,1,1,68.525,58.525,110.24464858227167,-0.1271440432341806,3
liquidity_drain,30028,breach_proportional,0.15474163485582482,3,1,72.39904893750001,60.33254078125001,102.8301780584626,-0.0998818929612485,0
liquidity_drain,30028,breach_targeted,0.15110689560762047,2,1,44.518499999999996,21.118499999999997,101.90475774033526,-0.11539774291158322,0
liquidity_drain,30028,early_proportional,0.14459459459459467,1,1,63.57794625000001,52.98162187500001,103.35055021845471,-0.10104259000063531,3
liquidity_drain,30028,early_targeted,0.14459459459459467,1,1,44.518499999999996,21.118499999999997,101.2791480553428,-0.11379168799023098,2
liquidity_drain,30029,breach_proportional,0.15474163485582482,3,1,72.39904893750001,60.33254078125001,111.11086146709559,-0.06494572977126889,0
liquidity_drain,30029,breach_targeted,0.14661072362685468,3,1,68.525,59.5,114.65964725283622,-0.06494572977126889,0
liquidity_drain,30029,early_proportional,0.14459459459459467,1,1,63.57794625000001,52.98162187500001,111.47435145039118,-0.06494572977126889,3
liquidity_drain,30029,early_targeted,0.14459459459459467,1,1,68.525,58.525,114.70649709193003,-0.06494572977126889,3
liquidity_drain,30030,breach_proportional,0.15474163485582482,3,1,72.39904893750001,60.33254078125001,108.09290050195945,-0.2337836304165739,0
liquidity_drain,30030,breach_targeted,0.15110689560762047,2,1,44.518499999999996,21.118499999999997,111.62453451052144,-0.24367029803473184,0
liquidity_drain,30030,early_proportional,0.14459459459459467,1,1,63.57794625000001,52.98162187500001,108.92042931978445,-0.23122627548598862,3
liquidity_drain,30030,early_targeted,0.14459459459459467,1,1,44.518499999999996,21.118499999999997,114.09639833706524,-0.24066033086524175,2
liquidity_drain,30031,breach_proportional,0.15474163485582482,3,1,72.39904893750001,60.33254078125001,97.45148325480159,-0.1657967447656673,0
liquidity_drain,30031,breach_targeted,0.1479502992925834,3,1,59.5,40.0,91.77199723774443,-0.20921052631421588,0
liquidity_drain,30031,early_proportional,0.14459459459459467,1,1,63.57794625000001,52.98162187500001,96.11570117586463,-0.17693838535426898,3
liquidity_drain,30031,early_targeted,0.14459459459459467,1,1,68.525,49.5,93.22944169869469,-0.19423964026421459,3
liquidity_drain,30032,breach_proportional,0.15474163485582482,3,1,72.39904893750001,60.33254078125001,111.58014382922407,-0.11299387169023112,0
liquidity_drain,30032,breach_targeted,0.1479502992925834,3,1,68.525,58.525,114.05486626854034,-0.1167099829627406,0
liquidity_drain,30032,early_proportional,0.14459459459459467,1,1,63.57794625000001,52.98162187500001,110.94860906768551,-0.1191226423803049,3
liquidity_drain,30032,early_targeted,0.14459459459459467,1,1,68.525,58.525,113.96245753604292,-0.11679671730470531,3
liquidity_drain,30033,breach_proportional,0.15474163485582482,3,1,72.39904893750001,60.33254078125001,123.6836223037789,-0.11820441996869435,0
liquidity_drain,30033,breach_targeted,0.1479502992925834,3,1,59.5,40.0,129.52903120208725,-0.11171221189115033,0
liquidity_drain,30033,early_proportional,0.14459459459459467,1,1,63.57794625000001,52.98162187500001,123.85123781114922,-0.12462719653223286,3
liquidity_drain,30033,early_targeted,0.14459459459459467,1,1,68.525,49.5,128.29464452889178,-0.10358769867020756,3
liquidity_drain,30034,breach_proportional,0.15474163485582482,3,1,72.39904893750001,60.33254078125001,107.6443647749495,-0.1318571498907669,0
liquidity_drain,30034,breach_targeted,0.15110689560762047,2,1,44.518499999999996,21.118499999999997,111.67298321478992,-0.1318571498907669,0
liquidity_drain,30034,early_proportional,0.14459459459459467,1,1,63.57794625000001,52.98162187500001,107.88039468968208,-0.1318571498907669,3
liquidity_drain,30034,early_targeted,0.14459459459459467,1,1,44.518499999999996,10.829999999999998,110.7428415925269,-0.1318571498907669,2
liquidity_drain,30035,breach_proportional,0.15474163485582482,3,1,72.39904893750001,60.33254078125001,88.94864211099956,-0.15475375132480107,0
liquidity_drain,30035,breach_targeted,0.15110689560762047,2,1,44.518499999999996,21.118499999999997,84.90141220367458,-0.21897532542561227,0
liquidity_drain,30035,early_proportional,0.14459459459459467,1,1,63.57794625000001,52.98162187500001,88.19749358368887,-0.16284172299560684,3
liquidity_drain,30035,early_targeted,0.14459459459459467,1,1,44.518499999999996,21.118499999999997,85.00507179150468,-0.20651619999243376,2
liquidity_drain,30036,breach_proportional,0.15474163485582482,3,1,72.39904893750001,60.33254078125001,116.1671910211277,-0.12120893078045347,0
liquidity_drain,30036,breach_targeted,0.15110689560762047,2,1,44.518499999999996,21.118499999999997,118.67750137416591,-0.1192511043049913,0
liquidity_drain,30036,early_proportional,0.14459459459459467,1,1,63.57794625000001,52.98162187500001,116.54261202508603,-0.12165416396602746,3
liquidity_drain,30036,early_targeted,0.14459459459459467,1,1,44.518499999999996,21.118499999999997,118.79677111057255,-0.11758783870819467,2
liquidity_drain,30037,breach_proportional,0.15474163485582482,3,1,72.39904893750001,60.33254078125001,89.42275050430355,-0.1744656370930533,0
liquidity_drain,30037,breach_targeted,0.14661072362685468,3,1,68.525,59.5,89.11710056207097,-0.18670944276630363,0
liquidity_drain,30037,early_proportional,0.14459459459459467,1,1,63.57794625000001,52.98162187500001,89.11894887629488,-0.17606744076572867,3
liquidity_drain,30037,early_targeted,0.14459459459459467,1,1,68.525,59.5,87.65636805108794,-0.1902332994169007,3
liquidity_drain,30038,breach_proportional,0.15474163485582482,3,1,72.39904893750001,60.33254078125001,83.68566444666656,-0.24226274883562393,0
liquidity_drain,30038,breach_targeted,0.15110689560762047,2,1,44.518499999999996,21.118499999999997,82.60298285453649,-0.25631567458662363,0
liquidity_drain,30038,early_proportional,0.14459459459459467,1,1,63.57794625000001,52.98162187500001,82.72987618167592,-0.25147020894806216,3
liquidity_drain,30038,early_targeted,0.14459459459459467,1,1,44.518499999999996,10.829999999999998,84.47161970619422,-0.2433783828981051,2
liquidity_drain,30039,breach_proportional,0.15474163485582482,3,1,72.39904893750001,60.33254078125001,85.38090613929914,-0.1584088049934419,0
liquidity_drain,30039,breach_targeted,0.15110689560762047,2,1,44.518499999999996,21.118499999999997,86.84745342452915,-0.14395319263092266,0
liquidity_drain,30039,early_proportional,0.14459459459459467,1,1,63.57794625000001,52.98162187500001,84.84730705046161,-0.16366843873516546,3
liquidity_drain,30039,early_targeted,0.14459459459459467,1,1,44.518499999999996,21.118499999999997,85.7713572978749,-0.15456016632238634,2
liquidity_drain,30040,breach_proportional,0.15474163485582482,3,1,72.39904893750001,60.33254078125001,115.73904704145055,-0.11267536757458563,0
liquidity_drain,30040,breach_targeted,0.15110689560762047,2,1,44.518499999999996,21.118499999999997,116.70826010688019,-0.14425632558823276,0
liquidity_drain,30040,early_proportional,0.14459459459459467,1,1,63.57794625000001,52.98162187500001,115.66254306887235,-0.11501484901541459,3
liquidity_drain,30040,early_targeted,0.14459459459459467,1,1,44.518499999999996,21.118499999999997,114.17797603273786,-0.14421458384815644,2
liquidity_drain,30041,breach_proportional,0.15474163485582482,3,1,72.39904893750001,60.33254078125001,114.37053828195361,-0.06697592681162656,0
liquidity_drain,30041,breach_targeted,0.14661072362685468,3,1,68.525,59.5,114.99952319969312,-0.05851199046117117,0
liquidity_drain,30041,early_proportional,0.14459459459459467,1,1,63.57794625000001,52.98162187500001,114.9514413168913,-0.0671049529057981,3
liquidity_drain,30041,early_targeted,0.14459459459459467,1,1,59.5,40.0,113.4481068006355,-0.06836179815631738,2
liquidity_drain,30042,breach_proportional,0.15474163485582482,3,1,72.39904893750001,60.33254078125001,88.31208028636006,-0.2404931494923993,0
liquidity_drain,30042,breach_targeted,0.15110689560762047,2,1,44.518499999999996,21.118499999999997,90.16988162648656,-0.2465430415296631,0
liquidity_drain,30042,early_proportional,0.14459459459459467,1,1,63.57794625000001,52.98162187500001,87.93311695617656,-0.2444238345990417,3
liquidity_drain,30042,early_targeted,0.14459459459459467,1,1,44.518499999999996,10.829999999999998,89.22748123298477,-0.2465430415296631,2
liquidity_drain,30043,breach_proportional,0.15474163485582482,3,1,72.39904893750001,60.33254078125001,98.08564308282375,-0.11295800077621898,0
liquidity_drain,30043,breach_targeted,0.1479502992925834,3,1,68.525,58.525,96.97577949832137,-0.11295800077621898,0
liquidity_drain,30043,early_proportional,0.14459459459459467,1,1,63.57794625000001,52.98162187500001,98.22943526307462,-0.11295800077621898,3
liquidity_drain,30043,early_targeted,0.14459459459459467,1,1,59.5,40.0,95.77616251553447,-0.11295800077621898,2
liquidity_drain,30044,breach_proportional,0.15474163485582482,3,1,72.39904893750001,60.33254078125001,86.85104847787424,-0.2324629269526517,0
liquidity_drain,30044,breach_targeted,0.14661072362685468,3,1,77.09875,77.09875,82.6691496324829,-0.2324629269526517,0
liquidity_drain,30044,early_proportional,0.05508474576271172,1,1,63.57794625000001,54.98162187500001,86.33860912164782,-0.23273727513718767,4
liquidity_drain,30044,early_targeted,0.07186459489456154,1,1,63.57794625,53.80387125,83.7508978398069,-0.23342733777026026,3
liquidity_drain,30045,breach_proportional,0.15474163485582482,3,1,72.39904893750001,60.33254078125001,72.98302937211778,-0.31579255211504886,0
liquidity_drain,30045,breach_targeted,0.14661072362685468,3,1,68.525,59.5,61.681371554580664,-0.42309868624328206,0
liquidity_drain,30045,early_proportional,0.14459459459459467,1,1,63.57794625000001,52.98162187500001,72.24379105993825,-0.32476394387334095,3
liquidity_drain,30045,early_targeted,0.14459459459459467,1,1,77.09875000000001,57.598749999999995,63.27771813170692,-0.414847132782025,4
liquidity_drain,30046,breach_proportional,0.15474163485582482,3,1,72.39904893750001,60.33254078125001,95.64359075112853,-0.12750488321993425,0
liquidity_drain,30046,breach_targeted,0.14661072362685468,3,1,77.09875,77.09875,96.25666863545922,-0.13408709581772693,0
liquidity_drain,30046,early_proportional,0.14459459459459467,1,1,63.57794625000001,52.98162187500001,96.10074749679666,-0.12735125211752807,3
liquidity_drain,30046,early_targeted,0.14459459459459467,1,1,68.525,58.525,98.17660081183628,-0.12253818048154519,3
liquidity_drain,30047,breach_proportional,0.15474163485582482,3,1,72.39904893750001,60.33254078125001,90.02048869729315,-0.220207785544987,0
liquidity_drain,30047,breach_targeted,0.14661072362685468,3,1,77.09875,77.09875,93.54469894103481,-0.1679140375609377,0
liquidity_drain,30047,early_proportional,0.14459459459459467,1,1,63.57794625000001,52.98162187500001,89.33409472660139,-0.22887895907922795,3
liquidity_drain,30047,early_targeted,0.14459459459459467,1,1,68.525,59.025,90.50298122471945,-0.1919062903125669,3
liquidity_drain,30048,breach_proportional,0.15474163485582482,3,1,72.39904893750001,60.33254078125001,96.86437302750166,-0.16501671174760335,0
liquidity_drain,30048,breach_targeted,0.15110689560762047,2,1,44.518499999999996,21.118499999999997,92.18783733466434,-0.20904947919056394,0
liquidity_drain,30048,early_proportional,0.14459459459459467,1,1,63.57794625000001,52.98162187500001,96.31578438791459,-0.1693260954886846,3
liquidity_drain,30048,early_targeted,0.14459459459459467,1,1,44.518499999999996,21.118499999999997,92.55243815265423,-0.20627461965703942,2
liquidity_drain,30049,breach_proportional,0.15474163485582482,3,1,72.39904893750001,60.33254078125001,96.80118725579858,-0.18141181945531615,0
liquidity_drain,30049,breach_targeted,0.15110689560762047,2,1,44.518499999999996,21.118499999999997,99.21879145802936,-0.18141181945531615,0
liquidity_drain,30049,early_proportional,0.05508474576271172,1,1,63.57794625000001,54.98162187500001,96.36228947439332,-0.18189181945531618,4
liquidity_drain,30049,early_targeted,0.07186459489456165,1,1,63.57794625,42.892574999999994,99.14042405020562,-0.18189181945531618,5
liquidity_drain,30050,breach_proportional,0.15474163485582482,3,1,72.39904893750001,60.33254078125001,96.81146112774188,-0.15747995921589875,0
liquidity_drain,30050,breach_targeted,0.15110689560762047,2,1,44.518499999999996,21.118499999999997,95.80905066613902,-0.1647232569856486,0
liquidity_drain,30050,early_proportional,0.14459459459459467,1,1,63.57794625000001,52.98162187500001,96.14266113717962,-0.16405815266284518,3
liquidity_drain,30050,early_targeted,0.14459459459459467,1,1,44.518499999999996,21.118499999999997,96.1662683840295,-0.1621731625216123,2
liquidity_drain,30051,breach_proportional,0.15474163485582482,3,1,72.39904893750001,60.33254078125001,84.4849466396198,-0.1935481113546912,0
liquidity_drain,30051,breach_targeted,0.1479502992925834,3,1,68.525,58.525,85.72335783431656,-0.19048670408054558,0
liquidity_drain,30051,early_proportional,0.14459459459459467,1,1,63.57794625000001,52.98162187500001,84.2561684375271,-0.19785681852040193,3
liquidity_drain,30051,early_targeted,0.14459459459459467,1,1,68.525,59.5,83.80741625137732,-0.21506091471161226,3
liquidity_drain,30052,breach_proportional,0.15474163485582482,3,1,72.39904893750001,60.33254078125001,94.11115274927181,-0.14931823231494035,0
liquidity_drain,30052,breach_targeted,0.14661072362685468,3,1,77.09875,77.09875,88.81339321397559,-0.1954176490081565,0
liquidity_drain,30052,early_proportional,0.14459459459459467,1,1,63.57794625000001,52.98162187500001,93.65762439056432,-0.15502856958126854,3
liquidity_drain,30052,early_targeted,0.14459459459459467,1,1,59.5,40.0,90.30451947655845,-0.1876935217787431,2
liquidity_drain,30053,breach_proportional,0.15474163485582482,3,1,72.39904893750001,60.33254078125001,91.74844455677271,-0.2833659839867603,0
liquidity_drain,30053,breach_targeted,0.14661072362685468,3,1,68.525,59.5,90.46520506418736,-0.30035255240323144,0
liquidity_drain,30053,early_proportional,0.14459459459459467,1,1,63.57794625000001,52.98162187500001,91.78726858943071,-0.2860487371595607,3
liquidity_drain,30053,early_targeted,0.14459459459459467,1,1,59.5,40.0,90.91576486879497,-0.30476892615296924,2
liquidity_drain,30054,breach_proportional,0.15474163485582482,3,1,72.39904893750001,60.33254078125001,98.53297890075392,-0.12098975207151563,0
liquidity_drain,30054,breach_targeted,0.15110689560762047,2,1,44.518499999999996,21.118499999999997,99.17082174803465,-0.1458426626245588,0
liquidity_drain,30054,early_proportional,0.14459459459459467,1,1,63.57794625000001,52.98162187500001,98.71466436008086,-0.12409964433769083,3
liquidity_drain,30054,early_targeted,0.14459459459459467,1,1,44.518499999999996,21.118499999999997,99.36392990637847,-0.14396018639161579,2
liquidity_drain,30055,breach_proportional,0.15474163485582482,3,1,72.39904893750001,60.33254078125001,104.43444009878483,-0.14365076735108473,0
liquidity_drain,30055,breach_targeted,0.1479502992925834,3,1,68.525,58.525,103.83767802711074,-0.1476506338036656,0
liquidity_drain,30055,early_proportional,0.14459459459459467,1,1,63.57794625000001,52.98162187500001,104.39635922279449,-0.147283664347985,3
liquidity_drain,30055,early_targeted,0.14459459459459467,1,1,68.525,59.025,105.5762320471862,-0.1470732052253504,3
liquidity_drain,30056,breach_proportional,0.15474163485582482,3,1,72.39904893750001,60.33254078125001,98.75142876723434,-0.14708891824969883,0
liquidity_drain,30056,breach_targeted,0.15110689560762047,2,1,44.518499999999996,21.118499999999997,96.44008386119374,-0.16929932089505406,0
liquidity_drain,30056,early_proportional,0.14459459459459467,1,1,63.57794625000001,52.98162187500001,98.07912429652036,-0.15289557786506314,3
liquidity_drain,30056,early_targeted,0.14459459459459467,1,1,44.518499999999996,21.118499999999997,94.94516448413368,-0.18217602622349716,2
liquidity_drain,30057,breach_proportional,0.15474163485582482,3,1,72.39904893750001,60.33254078125001,107.72942567647993,-0.20129172698228703,0
liquidity_drain,30057,breach_targeted,0.14661072362685468,3,1,77.09875,77.09875,109.74719808621916,-0.17448753807611472,0
liquidity_drain,30057,early_proportional,0.14459459459459467,1,1,63.57794625000001,52.98162187500001,106.67541554059477,-0.21223533219323443,3
liquidity_drain,30057,early_targeted,0.14459459459459467,1,1,59.5,40.0,103.6478858922311,-0.23502941929732635,2
liquidity_drain,30058,breach_proportional,0.15474163485582482,3,1,72.39904893750001,60.33254078125001,78.37354452827579,-0.29950047566890836,0
liquidity_drain,30058,breach_targeted,0.15110689560762047,2,1,44.518499999999996,21.118499999999997,70.34343402551582,-0.3621206263694521,0
liquidity_drain,30058,early_proportional,0.14459459459459467,1,1,63.57794625000001,52.98162187500001,77.6589601471798,-0.30765584738019547,3
liquidity_drain,30058,early_targeted,0.14459459459459467,1,1,54.292575,20.604074999999998,69.14149926318655,-0.3738913480420133,3
liquidity_drain,30059,breach_proportional,0.15474163485582482,3,1,72.39904893750001,60.33254078125001,71.52511540805921,-0.32786328946489895,0
liquidity_drain,30059,breach_targeted,0.1628394082671183,3,1,63.57794625,40.17794625,69.07154259093814,-0.3666300710854836,0
liquidity_drain,30059,early_proportional,0.14459459459459467,1,1,63.57794625000001,52.98162187500001,71.03204669775877,-0.3345193615186943,3
liquidity_drain,30059,early_targeted,0.14459459459459467,1,1,54.292575,30.892574999999997,68.93306248019353,-0.3665003423642451,3
liquidity_drain,30060,breach_proportional,0.15474163485582482,3,1,72.39904893750001,60.33254078125001,90.8863948875154,-0.2061523009055306,0
liquidity_drain,30060,breach_targeted,0.15110689560762047,2,1,44.518499999999996,21.118499999999997,92.23794562699399,-0.212578018059143,0
liquidity_drain,30060,early_proportional,0.14459459459459467,1,1,63.57794625000001,52.98162187500001,90.9187070888503,-0.20975711169270017,3
liquidity_drain,30060,early_targeted,0.14459459459459467,1,1,44.518499999999996,21.118499999999997,92.28894996256199,-0.212578018059143,2
liquidity_drain,30061,breach_proportional,0.15474163485582482,3,1,72.39904893750001,60.33254078125001,108.03660224030286,-0.14629754297321396,0
liquidity_drain,30061,breach_targeted,0.14661072362685468,3,1,77.09875,77.09875,110.11970149948316,-0.13835411638196038,0
liquidity_drain,30061,early_proportional,0.14459459459459467,1,1,63.57794625000001,52.98162187500001,109.16389735243628,-0.1455321080407218,3
liquidity_drain,30061,early_targeted,0.14459459459459467,1,1,68.525,59.025,109.94544769278569,-0.13835411638196038,3
liquidity_drain,30062,breach_proportional,0.15474163485582482,3,1,72.39904893750001,60.33254078125001,98.05187686191121,-0.21304659333611542,0
liquidity_drain,30062,breach_targeted,0.15110689560762047,2,1,44.518499999999996,21.118499999999997,96.16995456541834,-0.23272938882438232,0
liquidity_drain,30062,early_proportional,0.14459459459459467,1,1,63.57794625000001,52.98162187500001,98.81547000831371,-0.2106749961787192,3
liquidity_drain,30062,early_targeted,0.14459459459459467,1,1,44.518499999999996,21.118499999999997,98.4969092071339,-0.22889588904780167,2
liquidity_drain,30063,breach_proportional,0.15474163485582482,3,1,72.39904893750001,60.33254078125001,100.25369289766417,-0.1558652733234367,0
liquidity_drain,30063,breach_targeted,0.15110689560762047,2,1,44.518499999999996,21.118499999999997,101.0260286605376,-0.15706984249190137,0
liquidity_drain,30063,early_proportional,0.14459459459459467,1,1,63.57794625000001,52.98162187500001,100.4928874099885,-0.1558652733234367,3
liquidity_drain,30063,early_targeted,0.14459459459459467,1,1,34.23,0.0,101.92179878432356,-0.16394337413030002,1
liquidity_drain,30064,breach_proportional,0.15474163485582482,3,1,72.39904893750001,60.33254078125001,118.12386341507869,-0.07558064395974018,0
liquidity_drain,30064,breach_targeted,0.15110689560762047,2,1,44.518499999999996,21.118499999999997,120.06746757075872,-0.08498337918533927,0
liquidity_drain,30064,early_proportional,0.14459459459459467,1,1,63.57794625000001,52.98162187500001,118.89264410114735,-0.07539499418059814,3
liquidity_drain,30064,early_targeted,0.14459459459459467,1,1,44.518499999999996,21.118499999999997,118.53292949891836,-0.09090445482466436,2
liquidity_drain,30065,breach_proportional,0.15474163485582482,3,1,72.39904893750001,60.33254078125001,108.17280797305003,-0.21950107007009712,0
liquidity_drain,30065,breach_targeted,0.15110689560762047,2,1,44.518499999999996,21.118499999999997,106.9908798836183,-0.2508118978123286,0
liquidity_drain,30065,early_proportional,0.14459459459459467,1,1,63.57794625000001,52.98162187500001,109.10980068689392,-0.22065209500504668,3
liquidity_drain,30065,early_targeted,0.14459459459459467,1,1,44.518499999999996,21.118499999999997,107.63840159294817,-0.24506274136251804,2
liquidity_drain,30066,breach_proportional,0.15474163485582482,3,1,72.39904893750001,60.33254078125001,134.17218853918013,-0.07627962070446836,0
liquidity_drain,30066,breach_targeted,0.1479502992925834,3,1,68.525,58.525,132.60553844373788,-0.06606082795302748,0
liquidity_drain,30066,early_proportional,0.14459459459459467,1,1,63.57794625000001,52.98162187500001,135.0449757010657,-0.07529916004052828,3
liquidity_drain,30066,early_targeted,0.14459459459459467,1,1,59.5,40.0,134.01170999481894,-0.06606082795302748,2
liquidity_drain,30067,breach_proportional,0.15474163485582482,3,1,72.39904893750001,60.33254078125001,104.92286759751639,-0.1485596039841134,0
liquidity_drain,30067,breach_targeted,0.15110689560762047,2,1,44.518499999999996,21.118499999999997,105.2792244565495,-0.1495606214796712,0
liquidity_drain,30067,early_proportional,0.14459459459459467,1,1,63.57794625000001,52.98162187500001,105.53273959189534,-0.1495367036776052,3
liquidity_drain,30067,early_targeted,0.14459459459459467,1,1,44.518499999999996,21.118499999999997,106.51692630204529,-0.14909928134903117,2
liquidity_drain,30068,breach_proportional,0.15474163485582482,3,1,72.39904893750001,60.33254078125001,102.68180964213727,-0.16458580021154168,0
liquidity_drain,30068,breach_targeted,0.14661072362685468,3,1,77.09875,77.09875,104.52952662043396,-0.14641361264994157,0
liquidity_drain,30068,early_proportional,0.14459459459459467,1,1,63.57794625000001,52.98162187500001,101.87471600653134,-0.1716156599290426,3
liquidity_drain,30068,early_targeted,0.14459459459459467,1,1,68.525,58.525,101.66887475223163,-0.17454599428385353,3
liquidity_drain,30069,breach_proportional,0.15474163485582482,3,1,72.39904893750001,60.33254078125001,87.46644276026338,-0.2263689114916556,0
liquidity_drain,30069,breach_targeted,0.14661072362685468,3,1,77.09875,77.09875,86.4159285007754,-0.2427981755113704,0
liquidity_drain,30069,early_proportional,0.14459459459459467,1,1,63.57794625000001,52.98162187500001,86.4743039846492,-0.23768263021547797,3
liquidity_drain,30069,early_targeted,0.14459459459459467,1,1,77.09875000000001,68.525,88.60919676185046,-0.2281674134603202,4
liquidity_drain,30070,breach_proportional,0.15474163485582482,3,1,72.39904893750001,60.33254078125001,128.42401576097103,-0.05827654855678188,0
liquidity_drain,30070,breach_targeted,0.1479502992925834,3,1,68.525,58.525,125.83156753689482,-0.06271685201765187,0
liquidity_drain,30070,early_proportional,0.14459459459459467,1,1,63.57794625000001,52.98162187500001,128.9152261498287,-0.05827654855678188,3
liquidity_drain,30070,early_targeted,0.14459459459459467,1,1,59.5,40.0,123.98454900088781,-0.06879900497163238,2
liquidity_drain,30071,breach_proportional,0.15474163485582482,3,1,72.39904893750001,60.33254078125001,94.00890212330073,-0.12090650699086913,0
liquidity_drain,30071,breach_targeted,0.15110689560762047,2,1,44.518499999999996,21.118499999999997,93.6280897979933,-0.12252852226567867,0
liquidity_drain,30071,early_proportional,0.14459459459459467,1,1,63.57794625000001,52.98162187500001,93.62184963551462,-0.12090650699086913,3
liquidity_drain,30071,early_targeted,0.14459459459459467,1,1,44.518499999999996,21.118499999999997,92.98880476644506,-0.12252852226567867,2
liquidity_drain,30072,breach_proportional,0.15474163485582482,3,1,72.39904893750001,60.33254078125001,111.32286005424244,-0.07906029982010143,0
liquidity_drain,30072,breach_targeted,0.15110689560762047,2,1,34.23,0.0,113.06756477813933,-0.10109318124589994,0
liquidity_drain,30072,early_proportional,0.14459459459459467,1,1,63.57794625000001,52.98162187500001,111.86516749337068,-0.07906029982010143,3
liquidity_drain,30072,early_targeted,0.14459459459459467,1,1,44.518499999999996,21.118499999999997,113.01131339015336,-0.09125784004173532,2
liquidity_drain,30073,breach_proportional,0.15474163485582482,3,1,72.39904893750001,60.33254078125001,129.1545526917718,-0.08347366834176784,0
liquidity_drain,30073,breach_targeted,0.15110689560762047,2,1,34.23,0.0,125.74116201078851,-0.11180085646033433,0
liquidity_drain,30073,early_proportional,0.14459459459459467,1,1,63.57794625000001,52.98162187500001,128.65156964138586,-0.08730697291994494,3
liquidity_drain,30073,early_targeted,0.14459459459459467,1,1,44.518499999999996,21.118499999999997,129.3862096006649,-0.08990517013422983,2
liquidity_drain,30074,breach_proportional,0.15474163485582482,3,1,72.39904893750001,60.33254078125001,105.07126245185869,-0.0875618686061308,0
liquidity_drain,30074,breach_targeted,0.15110689560762047,2,1,44.518499999999996,21.118499999999997,107.29096673711136,-0.08806563244302523,0
liquidity_drain,30074,early_proportional,0.14459459459459467,1,1,63.57794625000001,52.98162187500001,105.43941775708178,-0.0887140413409302,3
liquidity_drain,30074,early_targeted,0.14459459459459467,1,1,44.518499999999996,21.118499999999997,106.85811830458353,-0.09199043324524547,2
liquidity_drain,30075,breach_proportional,0.15474163485582482,3,1,72.39904893750001,60.33254078125001,103.64068373054094,-0.22025372798438614,0
liquidity_drain,30075,breach_targeted,0.1479502992925834,3,1,59.5,40.0,104.6848003722475,-0.2338329806180799,0
liquidity_drain,30075,early_proportional,0.14459459459459467,1,1,63.57794625000001,52.98162187500001,103.30854091166583,-0.22025372798438614,3
liquidity_drain,30075,early_targeted,0.14459459459459467,1,1,59.5,40.0,104.23830295231588,-0.23419304896410864,2
liquidity_drain,30076,breach_proportional,0.15474163485582482,3,1,72.39904893750001,60.33254078125001,87.46714148137855,-0.2623343755637886,0
liquidity_drain,30076,breach_targeted,0.1479502992925834,3,1,68.525,58.525,96.08663625119031,-0.21049584997807258,0
liquidity_drain,30076,early_proportional,0.14459459459459467,1,1,63.57794625000001,52.98162187500001,87.37108046248811,-0.268986089598676,3
liquidity_drain,30076,early_targeted,0.14459459459459467,1,1,68.525,59.025,94.90467778538971,-0.20001130223389818,3
liquidity_drain,30077,breach_proportional,0.15474163485582482,3,1,72.39904893750001,60.33254078125001,116.37258978018875,-0.09645622193707637,0
liquidity_drain,30077,breach_targeted,0.15110689560762047,2,1,44.518499999999996,21.118499999999997,120.01396403680744,-0.0999578243060113,0
liquidity_drain,30077,early_proportional,0.14459459459459467,1,1,63.57794625000001,52.98162187500001,116.75166138806772,-0.09645622193707637,3
liquidity_drain,30077,early_targeted,0.14459459459459467,1,1,44.518499999999996,21.118499999999997,118.98498314355191,-0.09670999213217546,2
liquidity_drain,30078,breach_proportional,0.15474163485582482,3,1,72.39904893750001,60.33254078125001,80.11228021184561,-0.28487205598122833,0
liquidity_drain,30078,breach_targeted,0.1479502992925834,3,1,68.525,58.525,79.65095467875454,-0.29325907539636176,0
liquidity_drain,30078,early_proportional,0.14459459459459467,1,1,63.57794625000001,52.98162187500001,78.82410083487308,-0.296732438467889,3
liquidity_drain,30078,early_targeted,0.14459459459459467,1,1,68.525,58.525,79.79519871717255,-0.29196200167178143,3
liquidity_drain,30079,breach_proportional,0.15474163485582482,3,1,72.39904893750001,60.33254078125001,90.89132766365348,-0.16950877436437772,0
liquidity_drain,30079,breach_targeted,0.15110689560762047,2,1,44.518499999999996,21.118499999999997,86.13197035545475,-0.21282438829732686,0
liquidity_drain,30079,early_proportional,0.14459459459459467,1,1,63.57794625000001,52.98162187500001,90.47771492041926,-0.17429367847165822,3
liquidity_drain,30079,early_targeted,0.14459459459459467,1,1,44.518499999999996,21.118499999999997,86.69177494399611,-0.20695407684149014,2
liquidity_drain,30080,breach_proportional,0.15474163485582482,3,1,72.39904893750001,60.33254078125001,91.6213713246038,-0.1913144413009651,0
liquidity_drain,30080,breach_targeted,0.15110689560762047,2,1,44.518499999999996,21.118499999999997,91.6424925108326,-0.21017196092179047,0
liquidity_drain,30080,early_proportional,0.14459459459459467,1,1,63.57794625000001,52.98162187500001,92.04345446156914,-0.1874347235159325,3
liquidity_drain,30080,early_targeted,0.14459459459459467,1,1,44.518499999999996,21.118499999999997,90.37083952812915,-0.20910834062047534,2
liquidity_drain,30081,breach_proportional,0.15474163485582482,3,1,72.39904893750001,60.33254078125001,90.71920814465909,-0.1762496179832953,0
liquidity_drain,30081,breach_targeted,0.1479502992925834,3,1,68.525,58.525,91.5777302965598,-0.19299389216413343,0
liquidity_drain,30081,early_proportional,0.14459459459459467,1,1,63.57794625000001,52.98162187500001,90.95356888093514,-0.17460158970422857,3
liquidity_drain,30081,early_targeted,0.14459459459459467,1,1,59.5,40.0,89.91778836307716,-0.2047651305097563,2
liquidity_drain,30082,breach_proportional,0.15474163485582482,3,1,72.39904893750001,60.33254078125001,98.78114131403791,-0.16053851390941876,0
liquidity_drain,30082,breach_targeted,0.14661072362685468,3,1,77.09875,77.09875,102.21883556748377,-0.16053851390941876,0
liquidity_drain,30082,early_proportional,0.14459459459459467,1,1,63.57794625000001,52.98162187500001,99.41547561351871,-0.16053851390941876,3
liquidity_drain,30082,early_targeted,0.14459459459459467,1,1,68.525,49.5,104.34120094521401,-0.16053851390941876,3
liquidity_drain,30083,breach_proportional,0.15474163485582482,3,1,72.39904893750001,60.33254078125001,112.93980766017293,-0.09729836037135253,0
liquidity_drain,30083,breach_targeted,0.14661072362685468,3,1,68.525,59.5,116.32526691190391,-0.08883402695613829,0
liquidity_drain,30083,early_proportional,0.14459459459459467,1,1,63.57794625000001,52.98162187500001,112.45717832886046,-0.10247474789129019,3
liquidity_drain,30083,early_targeted,0.14459459459459467,1,1,68.525,59.5,117.36086955484969,-0.08909272815069946,3
liquidity_drain,30084,breach_proportional,0.15474163485582482,3,1,72.39904893750001,60.33254078125001,89.9361951991877,-0.1100391614816627,0
liquidity_drain,30084,breach_targeted,0.14661072362685468,3,1,77.09875,77.09875,94.92793844577209,-0.13122469837014894,0
liquidity_drain,30084,early_proportional,0.14459459459459467,1,1,63.57794625000001,52.98162187500001,89.82885522295386,-0.11160735668997679,3
liquidity_drain,30084,early_targeted,0.14459459459459467,1,1,68.525,58.525,95.86561161169216,-0.13558398238871794,3
liquidity_drain,30085,breach_proportional,0.15474163485582482,3,1,72.39904893750001,60.33254078125001,73.8385517514759,-0.29999591818147064,0
liquidity_drain,30085,breach_targeted,0.17510468618261754,3,1,63.57794625,40.17794625,66.08946918417249,-0.3779916529211833,0
liquidity_drain,30085,early_proportional,0.14459459459459467,1,1,63.57794625000001,52.98162187500001,72.22500339063691,-0.31495465772915476,3
liquidity_drain,30085,early_targeted,0.14459459459459467,1,1,44.518499999999996,21.118499999999997,73.41013336542919,-0.30180146525454454,2
liquidity_drain,30086,breach_proportional,0.15474163485582482,3,1,72.39904893750001,60.33254078125001,76.13575447297647,-0.26439182671632766,0
liquidity_drain,30086,breach_targeted,0.15146655151648858,3,1,54.292575,20.062575000000002,70.47921960679562,-0.32388363478776816,0
liquidity_drain,30086,early_proportional,0.14459459459459467,1,1,63.57794625000001,52.98162187500001,75.91011581095208,-0.2674535699770493,3
liquidity_drain,30086,early_targeted,0.14459459459459467,1,1,44.518499999999996,21.118499999999997,71.01351401900448,-0.32062531938671557,2
liquidity_drain,30087,breach_proportional,0.15474163485582482,3,1,72.39904893750001,60.33254078125001,98.55383540818673,-0.12005495519087361,0
liquidity_drain,30087,breach_targeted,0.14661072362685468,3,1,68.525,59.5,98.28524132413008,-0.1395259224329488,0
liquidity_drain,30087,early_proportional,0.14459459459459467,1,1,63.57794625000001,52.98162187500001,98.19067602255333,-0.12605938379115667,3
liquidity_drain,30087,early_targeted,0.14459459459459467,1,1,68.525,59.5,97.91451103236396,-0.13894502400220188,3
liquidity_drain,30088,breach_proportional,0.15474163485582482,3,1,72.39904893750001,60.33254078125001,93.14142882875161,-0.1859835257489807,0
liquidity_drain,30088,breach_targeted,0.15110689560762047,2,1,44.518499999999996,21.118499999999997,91.16311957942018,-0.20035838329990807,0
liquidity_drain,30088,early_proportional,0.14459459459459467,1,1,63.57794625000001,52.98162187500001,92.42080282408729,-0.1947095641532509,3
liquidity_drain,30088,early_targeted,0.14459459459459467,1,1,44.518499999999996,21.118499999999997,93.7111089814288,-0.1934175586432184,2
liquidity_drain,30089,breach_proportional,0.15474163485582482,3,1,72.39904893750001,60.33254078125001,83.48055132321626,-0.26413526515012453,0
liquidity_drain,30089,breach_targeted,0.1479502992925834,3,1,68.525,58.525,88.32191728437382,-0.22152218135268054,0
liquidity_drain,30089,early_proportional,0.14459459459459467,1,1,63.57794625000001,52.98162187500001,82.79672825828953,-0.2701630317422289,3
liquidity_drain,30089,early_targeted,0.14459459459459467,1,1,68.525,49.5,87.05084587320229,-0.2326638168820203,3
liquidity_drain,30090,breach_proportional,0.15474163485582482,3,1,72.39904893750001,60.33254078125001,82.68401184295588,-0.3161076061245258,0
liquidity_drain,30090,breach_targeted,0.1479502992925834,3,1,59.5,40.0,78.75940912313666,-0.3589948890653144,0
liquidity_drain,30090,early_proportional,0.14459459459459467,1,1,63.57794625000001,52.98162187500001,82.27027462743445,-0.3240797341601269,3
liquidity_drain,30090,early_targeted,0.14459459459459467,1,1,59.5,40.0,79.09576324582062,-0.3551115059943293,2
liquidity_drain,30091,breach_proportional,0.15474163485582482,3,1,72.39904893750001,60.33254078125001,103.72265928910456,-0.09416198032757894,0
liquidity_drain,30091,breach_targeted,0.1479502992925834,3,1,68.525,58.525,98.78167959480787,-0.14573709833028015,0
liquidity_drain,30091,early_proportional,0.14459459459459467,1,1,63.57794625000001,52.98162187500001,103.70968615008927,-0.09416198032757894,3
liquidity_drain,30091,early_targeted,0.14459459459459467,1,1,59.5,40.0,102.22907115638944,-0.14318147090333722,2
liquidity_drain,30092,breach_proportional,0.15474163485582482,3,1,72.39904893750001,60.33254078125001,102.79335978501778,-0.1605034760406452,0
liquidity_drain,30092,breach_targeted,0.15110689560762047,2,1,44.518499999999996,21.118499999999997,98.54222725350355,-0.21724528636369111,0
liquidity_drain,30092,early_proportional,0.14459459459459467,1,1,63.57794625000001,52.98162187500001,102.29540895544085,-0.16847275256724692,3
liquidity_drain,30092,early_targeted,0.14459459459459467,1,1,44.518499999999996,21.118499999999997,98.57452816009823,-0.19982213268285065,2
liquidity_drain,30093,breach_proportional,0.15474163485582482,3,1,72.39904893750001,60.33254078125001,84.77389267662966,-0.20640355065251859,0
liquidity_drain,30093,breach_targeted,0.1479502992925834,3,1,68.525,58.525,80.13805515994179,-0.25703729800066,0
liquidity_drain,30093,early_proportional,0.14459459459459467,1,1,63.57794625000001,52.98162187500001,84.46397338992874,-0.21200299133823042,3
liquidity_drain,30093,early_targeted,0.14459459459459467,1,1,68.525,58.525,79.99608759564205,-0.25650741373364283,3
liquidity_drain,30094,breach_proportional,0.15474163485582482,3,1,72.39904893750001,60.33254078125001,103.12282095740174,-0.0846511149705238,0
liquidity_drain,30094,breach_targeted,0.14661072362685468,3,1,77.09875,77.09875,105.65511335343314,-0.08790094445220142,0
liquidity_drain,30094,early_proportional,0.14459459459459467,1,1,63.57794625000001,52.98162187500001,103.27109730696158,-0.08858633692006257,3
liquidity_drain,30094,early_targeted,0.14459459459459467,1,1,68.525,58.525,102.59009349116675,-0.08790094445220142,3
liquidity_drain,30095,breach_proportional,0.15474163485582482,3,1,72.39904893750001,60.33254078125001,111.02391418125382,-0.07799765967207106,0
liquidity_drain,30095,breach_targeted,0.15110689560762047,2,1,44.518499999999996,21.118499999999997,113.21862079755448,-0.08114529318942865,0
liquidity_drain,30095,early_proportional,0.14459459459459467,1,1,63.57794625000001,52.98162187500001,111.5365445201728,-0.07799765967207106,3
liquidity_drain,30095,early_targeted,0.14459459459459467,1,1,44.518499999999996,21.118499999999997,110.85369357102401,-0.08114529318942865,2
liquidity_drain,30096,breach_proportional,0.15474163485582482,3,1,72.39904893750001,60.33254078125001,90.54431626115186,-0.28524655251800857,0
liquidity_drain,30096,breach_targeted,0.15110689560762047,2,1,44.518499999999996,21.118499999999997,93.03357742912961,-0.29056585988811223,0
liquidity_drain,30096,early_proportional,0.14459459459459467,1,1,63.57794625000001,52.98162187500001,90.72325585089048,-0.2841224051590092,3
liquidity_drain,30096,early_targeted,0.14459459459459467,1,1,44.518499999999996,10.829999999999998,92.7752790563552,-0.29056585988811223,2
liquidity_drain,30097,breach_proportional,0.15474163485582482,3,1,72.39904893750001,60.33254078125001,89.09967370516581,-0.1658392954177632,0
liquidity_drain,30097,breach_targeted,0.15110689560762047,2,1,44.518499999999996,21.118499999999997,90.00287693505202,-0.18306708915081438,0
liquidity_drain,30097,early_proportional,0.14459459459459467,1,1,63.57794625000001,52.98162187500001,89.55749761880953,-0.1636316113545403,3
liquidity_drain,30097,early_targeted,0.14459459459459467,1,1,44.518499999999996,21.118499999999997,87.4321071548434,-0.1866861362104677,2
liquidity_drain,30098,breach_proportional,0.15474163485582482,3,1,72.39904893750001,60.33254078125001,100.862072687314,-0.0877158761235719,0
liquidity_drain,30098,breach_targeted,0.15110689560762047,2,1,44.518499999999996,21.118499999999997,101.45585782101412,-0.09969028772865707,0
liquidity_drain,30098,early_proportional,0.14459459459459467,1,1,63.57794625000001,52.98162187500001,101.08201936201766,-0.09186102684365105,3
liquidity_drain,30098,early_targeted,0.14459459459459467,1,1,44.518499999999996,21.118499999999997,100.2272367346344,-0.11291702978693752,2
liquidity_drain,30099,breach_proportional,0.15474163485582482,3,1,72.39904893750001,60.33254078125001,82.28926976385206,-0.227864641792201,0
liquidity_drain,30099,breach_targeted,0.1479502992925834,3,1,68.525,58.525,79.77061176023491,-0.2708995257131419,0
liquidity_drain,30099,early_proportional,0.14459459459459467,1,1,63.57794625000001,52.98162187500001,82.36242541650994,-0.22872564758023683,3
liquidity_drain,30099,early_targeted,0.14459459459459467,1,1,68.525,59.025,83.32752451222406,-0.23677924712533538,3
leverage_cancer,30000,breach_proportional,0.0,0,0,0.0,0.0,98.55414826323751,-0.14246888419944603,0
leverage_cancer,30000,breach_targeted,0.0,0,0,0.0,0.0,98.55414826323751,-0.14246888419944603,0
leverage_cancer,30000,early_proportional,0.0,0,0,13.300741555122045,10.0,98.8808975156004,-0.13551765009787797,1
leverage_cancer,30000,early_targeted,0.0,0,0,13.300741555122045,13.300741555122045,98.55457451117046,-0.13363867222204895,1
leverage_cancer,30001,breach_proportional,0.07026683503894438,3,1,69.1604388576632,58.749082701023326,71.98004868325049,-0.30451502798892116,0
leverage_cancer,30001,breach_targeted,0.1604359949423344,3,1,68.62400609074558,43.992836194996435,75.64811056463695,-0.3077918103906069,0
leverage_cancer,30001,early_proportional,0.05759160876183245,1,1,69.35678659785532,58.74908270102333,71.97565600351936,-0.30455830590510224,4
leverage_cancer,30001,early_targeted,0.05759160876183245,1,1,68.14178919075803,31.970645241938705,73.13503784599119,-0.31452028929874565,4
leverage_cancer,30002,breach_proportional,0.07182408485819369,2,1,50.57021718826206,50.57021718826206,81.0414348594903,-0.274996173724942,0
leverage_cancer,30002,breach_targeted,0.07245919566058712,2,1,50.570217188262056,50.570217188262056,83.49540484021504,-0.2845305173998447,0
leverage_cancer,30002,early_proportional,0.0,0,0,50.239713165497506,46.93897161037546,81.43250981141387,-0.2712791673110829,4
leverage_cancer,30002,early_targeted,0.0,0,0,50.096902419913235,36.79616086479119,82.54258681842404,-0.2743111942091623,4
leverage_cancer,30003,breach_proportional,0.0,0,0,0.0,0.0,124.6731342710313,-0.10522654850197533,0
leverage_cancer,30003,breach_targeted,0.0,0,0,0.0,0.0,124.6731342710313,-0.10522654850197533,0
leverage_cancer,30003,early_proportional,0.0,0,0,13.300741555122045,10.0,124.81167418754387,-0.10220969527476231,1
leverage_cancer,30003,early_targeted,0.0,0,0,13.300741555122045,13.300741555122045,124.28312257658912,-0.09903657387178222,1
leverage_cancer,30004,breach_proportional,0.02137659818654125,1,1,26.332013167443797,19.499999999999993,113.87069543522247,-0.16360740018259912,0
leverage_cancer,30004,breach_targeted,0.02137659818654125,1,1,26.33201316744381,26.33201316744381,109.68641357009973,-0.16360740018259912,0
leverage_cancer,30004,early_proportional,0.0,0,0,12.662945607434942,10.0,115.09848299528075,-0.163457545882141,1
leverage_cancer,30004,early_targeted,0.0,0,0,12.662945607434942,0.0,117.05275774948893,-0.1628816238751648,1
leverage_cancer,30005,breach_proportional,0.1326996520388306,4,1,90.37282198146173,72.52104713767358,64.20938503676064,-0.3867431392595623,0
leverage_cancer,30005,breach_targeted,0.2705863954733343,3,1,80.67523098827974,57.15401633499599,68.49002190287722,-0.3489189861957651,0
leverage_cancer,30005,early_proportional,0.16535807523567714,2,1,98.18239799032511,84.37408256551205,63.649137079351746,-0.39090376935229265,5
leverage_cancer,30005,early_targeted,0.18269625583442117,2,1,89.62276282545506,66.87925560233384,66.43015158356098,-0.3661587863813476,4
leverage_cancer,30006,breach_proportional,0.03790103525692068,1,1,26.413997325453124,19.499999999999993,90.09278448939808,-0.16370873795095053,0
leverage_cancer,30006,breach_targeted,0.03790103525692068,1,1,26.41399732545314,26.41399732545314,89.05559998367485,-0.1783281433461822,0
leverage_cancer,30006,early_proportional,0.0,0,0,38.07848571104759,35.25188243303492,89.64655082979665,-0.16370873795095053,3
leverage_cancer,30006,early_targeted,0.007178734034794854,1,1,37.800934825686475,24.974331547673806,86.8928675836127,-0.1964855679915556,1
leverage_cancer,30007,breach_proportional,0.20496915574795116,1,1,38.883128010921524,38.883128010921524,85.6274348917397,-0.2720596396339747,0
leverage_cancer,30007,breach_targeted,0.20496915574795116,1,1,38.88312801092154,38.88312801092154,84.02526205391042,-0.28297596301565664,0
leverage_cancer,30007,early_proportional,0.0027682085880109675,1,1,38.55262398815697,35.25188243303492,86.8704008307713,-0.25991849902576547,1
leverage_cancer,30007,early_targeted,0.01897755509819543,1,1,38.45499701045695,25.154255455334905,84.02303818721208,-0.28079122755412445,1
leverage_cancer,30008,breach_proportional,0.3085629387041138,6,5,116.9278711371848,96.1675961501797,77.65820142093914,-0.46606260383892806,0
leverage_cancer,30008,breach_targeted,0.37491543130293614,6,5,116.17826585637738,78.75969356341137,77.24355334876888,-0.4808939783072276,0
leverage_cancer,30008,early_proportional,0.017468292336837,1,1,108.6515182245372,88.239981544708,79.22873269958097,-0.4627934670793513,9
leverage_cancer,30008,early_targeted,0.006349569490094797,1,1,108.25337767214108,77.5785553545551,77.06612628413376,-0.47459043955769076,9
leverage_cancer,30009,breach_proportional,0.1335756785652804,2,1,49.54934992515125,37.09875,84.45440141753528,-0.25577238683825065,0
leverage_cancer,30009,breach_targeted,0.10986365403730902,2,1,49.48274714099609,0.0,85.5617922283568,-0.25085411416855896,0
leverage_cancer,30009,early_proportional,0.0,0,0,49.58308250676248,37.09875,84.63371127875833,-0.2540835215478705,4
leverage_cancer,30009,early_targeted,0.0,0,0,49.380230980161684,23.639739466701037,85.10255652688541,-0.24936672910460167,4
leverage_cancer,30010,breach_proportional,0.008111233442274823,1,1,26.580928876878865,26.580928876878865,97.630541153057,-0.2096013489284385,0
leverage_cancer,30010,breach_targeted,0.008111233442274823,1,1,26.580928876878872,26.580928876878872,96.99863386845455,-0.2101734987733852,0
leverage_cancer,30010,early_proportional,0.0,0,0,26.250424854114307,22.949683298992262,97.99303355636403,-0.20629765411120582,2
leverage_cancer,30010,early_targeted,0.0,0,0,26.200359737345075,12.89961818222303,97.59821557601998,-0.2095645475393212,2
leverage_cancer,30011,breach_proportional,0.13695724352963445,3,1,70.33236494690466,65.13962101240652,77.6350771676565,-0.2949513066994367,0
leverage_cancer,30011,breach_targeted,0.016618321456950635,3,1,70.38485168230174,70.38485168230174,76.82052985753185,-0.3106408913040266,0
leverage_cancer,30011,early_proportional,0.0,0,0,69.69831447575152,61.86242187836386,77.67576364815386,-0.2945523069038035,6
leverage_cancer,30011,early_targeted,0.0,0,0,59.17428894052691,47.44295233175145,78.49588831088407,-0.28546342982757633,4
leverage_cancer,30012,breach_proportional,0.0,0,0,0.0,0.0,122.59035833477706,-0.1391130917584229,0
leverage_cancer,30012,breach_targeted,0.0,0,0,0.0,0.0,122.59035833477706,-0.1391130917584229,0
leverage_cancer,30012,early_proportional,0.0,0,0,13.300741555122045,10.0,122.65071489677986,-0.13400246108712166,1
leverage_cancer,30012,early_targeted,0.0,0,0,13.300741555122045,13.300741555122045,121.29384139367161,-0.13740354667255927,1
leverage_cancer,30013,breach_proportional,0.0,0,0,0.0,0.0,107.60546355175346,-0.10191059664920998,0
leverage_cancer,30013,breach_targeted,0.0,0,0,0.0,0.0,107.60546355175346,-0.10191059664920998,0
leverage_cancer,30013,early_proportional,0.0,0,0,13.300741555122045,10.0,107.50084484220571,-0.10191059664920998,1
leverage_cancer,30013,early_targeted,0.0,0,0,13.300741555122045,0.0,109.2147927880204,-0.10191059664920998,1
leverage_cancer,30014,breach_proportional,0.023812114491435832,1,1,26.413997325453124,19.499999999999993,109.04202309692207,-0.16620462046529183,0
leverage_cancer,30014,breach_targeted,0.023812114491435832,1,1,26.41399732545313,0.0,109.06951083876146,-0.16914559443375565,0
leverage_cancer,30014,early_proportional,0.0,0,0,13.300741555122045,10.0,110.71280508581948,-0.16031165984687934,1
leverage_cancer,30014,early_targeted,0.0,0,0,13.300741555122045,0.0,110.74569493730846,-0.16117435642278377,1
leverage_cancer,30015,breach_proportional,0.0,0,0,0.0,0.0,121.6923963811524,-0.07278593073609285,0
leverage_cancer,30015,breach_targeted,0.0,0,0,0.0,0.0,121.6923963811524,-0.07278593073609285,0
leverage_cancer,30015,early_proportional,0.0,0,0,13.300741555122045,10.0,121.63197251850693,-0.07106724321480618,1
leverage_cancer,30015,early_targeted,0.0,0,0,13.300741555122045,13.300741555122045,119.75296351448276,-0.07944311658120318,1
leverage_cancer,30016,breach_proportional,0.04818941093835116,2,1,47.48344991138318,43.489288311383184,78.554677752496,-0.2558899222770842,0
leverage_cancer,30016,breach_targeted,0.02175016436479682,1,1,23.494161599999998,0.0,84.07719460195369,-0.21618101660379518,0
leverage_cancer,30016,early_proportional,0.0,0,0,47.05674845023526,42.21208917734053,78.5379203979704,-0.24767727996996391,4
leverage_cancer,30016,early_targeted,1.6530208148513026e-05,1,1,35.17853980319848,12.0,84.84606550024553,-0.22186484748144464,1
leverage_cancer,30017,breach_proportional,0.033298775210484965,1,1,26.580928876878865,26.580928876878865,101.48356969802326,-0.12759584577755556,0
leverage_cancer,30017,breach_targeted,0.033298775210484965,1,1,26.580928876878872,26.580928876878872,99.16997953074676,-0.12759584577755556,0
leverage_cancer,30017,early_proportional,0.0,0,0,13.300741555122045,10.0,102.58922193636374,-0.12284171581589864,1
leverage_cancer,30017,early_targeted,0.0,0,0,13.300741555122045,0.0,101.07144068022367,-0.12475138650974116,1
leverage_cancer,30018,breach_proportional,0.0,0,0,0.0,0.0,115.8276241237054,-0.1285228901538178,0
leverage_cancer,30018,breach_targeted,0.0,0,0,0.0,0.0,115.8276241237054,-0.1285228901538178,0
leverage_cancer,30018,early_proportional,0.0,0,0,13.300741555122045,10.0,115.79716599015357,-0.12228809773433136,1
leverage_cancer,30018,early_targeted,0.0,0,0,13.300741555122045,13.300741555122045,115.27884670500113,-0.12847336872858217,1
leverage_cancer,30019,breach_proportional,0.03277061274256354,1,1,25.491879310774124,19.499999999999993,107.89276921770231,-0.2046985362682563,0
leverage_cancer,30019,breach_targeted,0.03277061274256354,1,1,25.491879310774134,25.491879310774134,113.42579593090885,-0.2069426151853737,0
leverage_cancer,30019,early_proportional,0.0,0,0,25.428790720461457,19.499999999999993,107.98747652577106,-0.20381175142578167,2
leverage_cancer,30019,early_targeted,0.0,0,0,25.454173486062793,12.793086243095523,107.82187599564132,-0.20345264681466446,2
leverage_cancer,30020,breach_proportional,0.0,0,0,0.0,0.0,149.18297814909968,-0.05309876448304485,0
leverage_cancer,30020,breach_targeted,0.0,0,0,0.0,0.0,149.18297814909968,-0.05309876448304485,0
leverage_cancer,30020,early_proportional,0.0,0,0,13.300741555122045,10.0,148.37964249197003,-0.0513735908885361,1
leverage_cancer,30020,early_targeted,0.0,0,0,13.300741555122045,0.0,146.33313571114638,-0.05083159026017192,1
leverage_cancer,30021,breach_proportional,0.02991864357177354,2,1,46.84997732343867,37.09875,84.5060089742107,-0.24143722294932712,0
leverage_cancer,30021,breach_targeted,0.024100288308244622,1,1,24.276758879546126,24.276758879546126,87.24697851815576,-0.21938018613537769,0
leverage_cancer,30021,early_proportional,0.0,0,0,47.08455844421971,37.09875,84.60322115446063,-0.24047069931581022,4
leverage_cancer,30021,early_targeted,0.0,0,0,47.182581809443036,35.943430591061514,84.14474408672818,-0.23443628453699983,4
leverage_cancer,30022,breach_proportional,0.03931483227100152,1,1,26.580928876878865,26.580928876878865,96.6794922833448,-0.20278581622741343,0
leverage_cancer,30022,breach_targeted,0.03931483227100152,1,1,26.580928876878875,26.580928876878875,95.60735605832463,-0.208630696497344,0
leverage_cancer,30022,early_proportional,0.02972075116582884,1,1,38.55262398815697,35.25188243303492,96.41259217617062,-0.1975255750113445,1
leverage_cancer,30022,early_targeted,0.014352255777233758,1,1,38.58484813037652,38.58484813037652,96.97977949070489,-0.19279748710300604,1
leverage_cancer,30023,breach_proportional,0.0,0,0,0.0,0.0,111.16720206356625,-0.19567218205001846,0
leverage_cancer,30023,breach_targeted,0.0,0,0,0.0,0.0,111.16720206356625,-0.19567218205001846,0
leverage_cancer,30023,early_proportional,0.0,0,0,12.449619938228778,10.0,109.82430453209527,-0.19552988422798923,1
leverage_cancer,30023,early_targeted,0.0,0,0,12.449619938228782,12.449619938228782,108.41321843132604,-0.19850768047603073,1
leverage_cancer,30024,breach_proportional,0.05808952338206508,1,1,25.8601245380316,19.499999999999993,88.94389433935079,-0.20879451045514896,0
leverage_cancer,30024,breach_targeted,0.05808952338206508,1,1,25.860124538031606,25.860124538031606,89.8354530270812,-0.21570532185980662,0
leverage_cancer,30024,early_proportional,0.05808952338206508,1,1,25.8601245380316,19.499999999999993,88.94389433935079,-0.20879451045514896,0
leverage_cancer,30024,early_targeted,0.05808952338206508,1,1,38.1553056410575,25.860124538031606,89.6894568493469,-0.21616297362379777,1
leverage_cancer,30025,breach_proportional,0.0,0,0,0.0,0.0,99.01458330990744,-0.1811400855894163,0
leverage_cancer,30025,breach_targeted,0.0,0,0,0.0,0.0,99.01458330990744,-0.1811400855894163,0
leverage_cancer,30025,early_proportional,0.0,0,0,13.300741555122045,10.0,98.86662684737473,-0.1811400855894163,1
leverage_cancer,30025,early_targeted,0.0,0,0,13.300741555122045,13.300741555122045,97.43623115164719,-0.1811400855894163,1
leverage_cancer,30026,breach_proportional,0.0,0,0,0.0,0.0,108.68970609663884,-0.1757767672737086,0
leverage_cancer,30026,breach_targeted,0.0,0,0,0.0,0.0,108.68970609663884,-0.1757767672737086,0
leverage_cancer,30026,early_proportional,0.0,0,0,13.300741555122045,10.0,108.05753886594403,-0.1757767672737086,1
leverage_cancer,30026,early_targeted,0.0,0,0,13.300741555122045,13.300741555122045,107.77412167813124,-0.1757767672737086,1
leverage_cancer,30027,breach_proportional,0.0,0,0,0.0,0.0,109.98140682629695,-0.3155555352324336,0
leverage_cancer,30027,breach_targeted,0.0,0,0,0.0,0.0,109.98140682629695,-0.3155555352324336,0
leverage_cancer,30027,early_proportional,0.0,0,0,13.300741555122045,10.0,111.41320831918254,-0.3013319476242734,1
leverage_cancer,30027,early_targeted,0.0,0,0,13.300741555122045,13.300741555122045,111.9545979782558,-0.29657000204761197,1
leverage_cancer,30028,breach_proportional,0.0,0,0,0.0,0.0,103.92481787019436,-0.1217570115932256,0
leverage_cancer,30028,breach_targeted,0.0,0,0,0.0,0.0,103.92481787019436,-0.1217570115932256,0
leverage_cancer,30028,early_proportional,0.0,0,0,13.300741555122045,10.0,103.6073604963292,-0.11921502794535133,1
leverage_cancer,30028,early_targeted,0.0,0,0,13.300741555122045,13.300741555122045,103.39492689979227,-0.12128239428635312,1
leverage_cancer,30029,breach_proportional,0.05897155980518276,2,1,50.57021718826206,50.57021718826206,80.54830487974101,-0.3354641994442994,0
leverage_cancer,30029,breach_targeted,0.052044082476273346,2,1,50.570217188262056,50.570217188262056,81.9724585447616,-0.32584776657891856,0
leverage_cancer,30029,early_proportional,0.035101925908147535,1,1,50.239713165497506,46.93897161037546,80.81552820783388,-0.33321898266618233,2
leverage_cancer,30029,early_targeted,0.05354859232364051,1,1,50.2868513017443,50.2868513017443,80.81549465619891,-0.3336687571909026,2
leverage_cancer,30030,breach_proportional,0.0,0,0,0.0,0.0,103.79947430023314,-0.18869668227720982,0
leverage_cancer,30030,breach_targeted,0.0,0,0,0.0,0.0,103.79947430023314,-0.18869668227720982,0
leverage_cancer,30030,early_proportional,0.0,0,0,13.300741555122045,10.0,104.15376865911566,-0.18111364283327136,1
leverage_cancer,30030,early_targeted,0.0,0,0,13.300741555122045,13.300741555122045,105.26546643096201,-0.17748583437145482,1
leverage_cancer,30031,breach_proportional,0.0,0,0,0.0,0.0,103.5423075124372,-0.19622080475120196,0
leverage_cancer,30031,breach_targeted,0.0,0,0,0.0,0.0,103.5423075124372,-0.19622080475120196,0
leverage_cancer,30031,early_proportional,0.0,0,0,13.300741555122045,10.0,103.8447800301919,-0.18975712248908883,1
leverage_cancer,30031,early_targeted,0.0,0,0,13.300741555122045,0.0,103.22821539539564,-0.1884244647026233,1
leverage_cancer,30032,breach_proportional,0.0,0,0,0.0,0.0,122.5732119347564,-0.1178215600836785,0
leverage_cancer,30032,breach_targeted,0.0,0,0,0.0,0.0,122.5732119347564,-0.1178215600836785,0
leverage_cancer,30032,early_proportional,0.0,0,0,13.300741555122045,10.0,121.45860524613795,-0.1178215600836785,1
leverage_cancer,30032,early_targeted,0.0,0,0,13.300741555122045,13.300741555122045,120.79863532875264,-0.1178215600836785,1
leverage_cancer,30033,breach_proportional,0.0,0,0,0.0,0.0,166.62591742601663,-0.03790584825372745,0
leverage_cancer,30033,breach_targeted,0.0,0,0,0.0,0.0,166.62591742601663,-0.03790584825372745,0
leverage_cancer,30033,early_proportional,0.0,0,0,13.300741555122045,10.0,165.31933857241128,-0.03790584825372745,1
leverage_cancer,30033,early_targeted,0.0,0,0,13.300741555122045,0.0,164.63070187537338,-0.03790584825372745,1
leverage_cancer,30034,breach_proportional,0.03764821948857433,1,1,26.580928876878865,26.580928876878865,92.59064333058569,-0.2493292982462184,0
leverage_cancer,30034,breach_targeted,0.03764821948857433,1,1,26.580928876878872,26.580928876878872,92.64898856978981,-0.2427459364569713,0
leverage_cancer,30034,early_proportional,0.0,0,0,26.250424854114307,22.949683298992262,93.57430768263939,-0.2408226895568849,2
leverage_cancer,30034,early_targeted,0.0,0,0,26.266950055252543,26.266950055252543,92.31332869356063,-0.2509984064158467,2
leverage_cancer,30035,breach_proportional,0.24698649231178083,3,1,78.07811312451301,60.33254078125001,76.64850913898653,-0.31877740117090947,0
leverage_cancer,30035,breach_targeted,0.09310769794246143,3,1,68.24711822896295,68.24711822896295,78.2460861764007,-0.3041319788627578,0
leverage_cancer,30035,early_proportional,0.013703701497909115,1,1,77.70962818198979,60.33254078125001,76.94954098263818,-0.3157670827343929,5
leverage_cancer,30035,early_targeted,0.01871931947024663,1,1,77.99633025730543,67.27234186787248,77.95849177046445,-0.31120249935924704,5
leverage_cancer,30036,breach_proportional,0.011636907613127523,1,1,26.580928876878865,19.499999999999993,100.77221437253564,-0.16833815426066323,0
leverage_cancer,30036,breach_targeted,0.011636907613127523,1,1,26.580928876878875,26.580928876878875,102.04763710835508,-0.1750325006258291,0
leverage_cancer,30036,early_proportional,0.0,0,0,25.98600604692686,22.949683298992262,100.45265927415758,-0.17142359463267232,2
leverage_cancer,30036,early_targeted,0.0,0,0,38.097168256585334,25.060845508650736,98.39955001971256,-0.1899321821652432,3
leverage_cancer,30037,breach_proportional,0.29638733441993326,4,1,91.19272965995792,84.67904627508008,61.58770236190484,-0.40969921158204203,0
leverage_cancer,30037,breach_targeted,0.19176859129578316,4,1,90.7428728772144,64.72918949233656,64.19293798383706,-0.3956986459230949,0
leverage_cancer,30037,early_proportional,0.0,0,0,100.07937387618566,90.44509396132607,61.965002947935794,-0.40608289168597145,9
leverage_cancer,30037,early_targeted,0.10606196587770889,1,1,90.57356674779496,64.66366208710922,63.227973226644245,-0.4015378430413038,6
leverage_cancer,30038,breach_proportional,0.013894771339791223,1,1,23.946827109004033,19.499999999999993,126.41501695200364,-0.1860373074931141,0
leverage_cancer,30038,breach_targeted,0.013894771339791223,1,1,23.94682710900404,0.0,122.85175893897649,-0.1860373074931141,0
leverage_cancer,30038,early_proportional,0.0,0,0,12.048288,10.0,128.86063886124,-0.18527516613828576,1
leverage_cancer,30038,early_targeted,0.0,0,0,12.048288,12.048288,126.81143530060285,-0.19444933630586558,1
leverage_cancer,30039,breach_proportional,0.0,0,0,0.0,0.0,140.82405441153392,-0.08253232168277014,0
leverage_cancer,30039,breach_targeted,0.0,0,0,0.0,0.0,140.82405441153392,-0.08253232168277014,0
leverage_cancer,30039,early_proportional,0.0,0,0,13.300741555122045,10.0,139.98839354070404,-0.08166990033729205,1
leverage_cancer,30039,early_targeted,0.0,0,0,13.300741555122045,13.300741555122045,140.1326836101587,-0.08029919204835645,1
leverage_cancer,30040,breach_proportional,0.024188135180539305,1,1,26.580928876878865,26.580928876878865,103.6620574423244,-0.1488875055470522,0
leverage_cancer,30040,breach_targeted,0.024188135180539305,1,1,26.580928876878872,26.580928876878872,103.25704337633563,-0.1488875055470522,0
leverage_cancer,30040,early_proportional,0.0,0,0,13.300741555122045,10.0,105.14405668000936,-0.14165504707789345,1
leverage_cancer,30040,early_targeted,0.0,0,0,13.300741555122045,13.300741555122045,105.04215207960117,-0.1410868468222204,1
leverage_cancer,30041,breach_proportional,0.0,0,0,0.0,0.0,104.99116589171933,-0.15730900355457422,0
leverage_cancer,30041,breach_targeted,0.0,0,0,0.0,0.0,104.99116589171933,-0.15730900355457422,0
leverage_cancer,30041,early_proportional,0.0,0,0,12.39187061412143,10.0,103.90549509690406,-0.15780467837913903,1
leverage_cancer,30041,early_targeted,0.0,0,0,12.391870614121434,12.391870614121434,104.96375201143303,-0.15818153280288083,1
leverage_cancer,30042,breach_proportional,0.12025575383415799,3,1,70.70879901401561,58.74908270102333,71.52700262276812,-0.32830891100297743,0
leverage_cancer,30042,breach_targeted,0.15826505804476865,4,1,88.97125214838255,63.82629701264637,67.72242390698862,-0.3619473703885666,0
leverage_cancer,30042,early_proportional,0.0,0,0,80.16881313638883,71.8826399617862,71.31459276454628,-0.3289080855834986,7
leverage_cancer,30042,early_targeted,0.0,0,0,79.01424905241744,54.118260937394425,68.86005262233664,-0.3483770354906198,7
leverage_cancer,30043,breach_proportional,0.0,0,0,0.0,0.0,116.21827667801792,-0.164156021972236,0
leverage_cancer,30043,breach_targeted,0.0,0,0,0.0,0.0,116.21827667801792,-0.164156021972236,0
leverage_cancer,30043,early_proportional,0.0,0,0,13.300741555122045,10.0,117.14168762827529,-0.1560093636137182,1
leverage_cancer,30043,early_targeted,0.0,0,0,13.300741555122045,0.0,117.527640262105,-0.1529539282507355,1
leverage_cancer,30044,breach_proportional,0.0,0,0,0.0,0.0,117.85091299556385,-0.15772599540831256,0
leverage_cancer,30044,breach_targeted,0.0,0,0,0.0,0.0,117.85091299556385,-0.15772599540831256,0
leverage_cancer,30044,early_proportional,0.0,0,0,13.300741555122045,10.0,117.75160356835055,-0.1500036073248725,1
leverage_cancer,30044,early_targeted,0.0,0,0,13.300741555122045,13.300741555122045,117.66760521047335,-0.15024865679983745,1
leverage_cancer,30045,breach_proportional,0.002830343321165607,1,3,26.580928876878865,26.580928876878865,93.00882354232772,-0.21883040236743545,0
leverage_cancer,30045,breach_targeted,0.002830343321165607,1,3,26.580928876878872,26.580928876878872,93.13821779694,-0.2168958913519624,0
leverage_cancer,30045,early_proportional,0.0,0,0,13.300741555122045,10.0,93.86275255021837,-0.2086350632545535,1
leverage_cancer,30045,early_targeted,0.0,0,0,13.300741555122045,13.300741555122045,92.83064160723382,-0.20896993234693406,1
leverage_cancer,30046,breach_proportional,0.0,0,0,0.0,0.0,100.42873221388172,-0.1734559737825374,0
leverage_cancer,30046,breach_targeted,0.0,0,0,0.0,0.0,100.42873221388172,-0.1734559737825374,0
leverage_cancer,30046,early_proportional,0.0,0,0,13.300741555122045,10.0,100.46871106812274,-0.17078019154374502,1
leverage_cancer,30046,early_targeted,0.0,0,0,13.300741555122045,13.300741555122045,101.00656143112207,-0.17078019154374502,1
leverage_cancer,30047,breach_proportional,0.0256334078384155,2,1,48.55961429532504,43.48928831138319,76.42833031912569,-0.25442920844319106,0
leverage_cancer,30047,breach_targeted,0.07705393309894415,3,1,69.86431196282064,69.86431196282064,75.18072388806414,-0.2693787981097995,0
leverage_cancer,30047,early_proportional,0.0,0,0,59.711971533846686,51.31482389581404,76.30605960847852,-0.2548249804604029,5
leverage_cancer,30047,early_targeted,0.0,0,0,59.78153087712872,47.80746323333848,76.9148204619955,-0.25347617007561296,5
leverage_cancer,30048,breach_proportional,0.0,0,0,0.0,0.0,100.33581907368854,-0.18108805531111927,0
leverage_cancer,30048,breach_targeted,0.0,0,0,0.0,0.0,100.33581907368854,-0.18108805531111927,0
leverage_cancer,30048,early_proportional,0.0,0,0,13.300741555122045,10.0,100.80267174920166,-0.17489287342937132,1
leverage_cancer,30048,early_targeted,0.0,0,0,13.300741555122045,0.0,100.45932317536419,-0.17601426050414648,1
leverage_cancer,30049,breach_proportional,0.0,0,0,0.0,0.0,118.33080397818178,-0.12483413537951171,0
leverage_cancer,30049,breach_targeted,0.0,0,0,0.0,0.0,118.33080397818178,-0.12483413537951171,0
leverage_cancer,30049,early_proportional,0.0,0,0,13.300741555122045,10.0,117.42678215912085,-0.12483413537951171,1
leverage_cancer,30049,early_targeted,0.0,0,0,13.300741555122045,13.300741555122045,118.10262579842106,-0.12483413537951171,1
leverage_cancer,30050,breach_proportional,0.0,0,0,0.0,0.0,94.33235416365491,-0.16448550455548872,0
leverage_cancer,30050,breach_targeted,0.0,0,0,0.0,0.0,94.33235416365491,-0.16448550455548872,0
leverage_cancer,30050,early_proportional,0.0,0,0,12.631369177307256,10.0,93.8462333757563,-0.16497854995755723,1
leverage_cancer,30050,early_targeted,0.0,0,0,12.631369177307256,12.631369177307256,95.65193630892382,-0.16497854995755723,1
leverage_cancer,30051,breach_proportional,0.018928281093003818,1,5,26.580928876878865,26.580928876878865,91.09188383859541,-0.23823285861323928,0
leverage_cancer,30051,breach_targeted,0.018928281093003818,1,5,26.580928876878872,26.580928876878872,91.26299176153881,-0.2367642181262306,0
leverage_cancer,30051,early_proportional,0.0,0,0,26.250424854114307,22.949683298992262,91.52299048977778,-0.22959192965867037,2
leverage_cancer,30051,early_targeted,0.0,0,0,26.200359737345075,12.89961818222303,91.93767213341313,-0.2276898330628998,2
leverage_cancer,30052,breach_proportional,0.020432044586932818,1,1,23.89409793379845,19.499999999999993,92.48051773737588,-0.21702399811399364,0
leverage_cancer,30052,breach_targeted,0.020432044586932818,1,1,23.894097933798456,0.0,88.58957841089929,-0.21091695525026777,0
leverage_cancer,30052,early_proportional,0.0,0,0,24.05380253399923,19.499999999999993,92.5453823705557,-0.21639100708601,2
leverage_cancer,30052,early_targeted,0.0,0,0,24.02506230312457,11.798398710442676,91.08209737358752,-0.21273842774849683,2
leverage_cancer,30053,breach_proportional,0.0,0,0,0.0,0.0,123.21689017773281,-0.10764288918767195,0
leverage_cancer,30053,breach_targeted,0.0,0,0,0.0,0.0,123.21689017773281,-0.10764288918767195,0
leverage_cancer,30053,early_proportional,0.0,0,0,13.300741555122045,10.0,122.14578636063196,-0.10764288918767195,1
leverage_cancer,30053,early_targeted,0.0,0,0,13.300741555122045,0.0,120.95583120076125,-0.10764288918767195,1
leverage_cancer,30054,breach_proportional,0.0,0,0,0.0,0.0,117.28899287515878,-0.07807739034385952,0
leverage_cancer,30054,breach_targeted,0.0,0,0,0.0,0.0,117.28899287515878,-0.07807739034385952,0
leverage_cancer,30054,early_proportional,0.0,0,0,13.300741555122045,10.0,117.03211264987559,-0.07807739034385952,1
leverage_cancer,30054,early_targeted,0.0,0,0,13.300741555122045,13.300741555122045,116.17678206808351,-0.07807739034385952,1
leverage_cancer,30055,breach_proportional,0.0863646827817095,2,5,46.96867706744938,37.09875,96.12082988254434,-0.2866016620860593,0
leverage_cancer,30055,breach_targeted,0.08542249288923642,2,6,47.056654155088815,24.57032598394185,93.37218430712579,-0.28473782237617107,0
leverage_cancer,30055,early_proportional,0.0,0,0,57.82066748326991,45.24381250000001,95.14819664863353,-0.2843309466857934,5
leverage_cancer,30055,early_targeted,0.00960081851295147,1,1,57.4957341759455,35.13342828164909,91.807650350151,-0.28670584540607136,3
leverage_cancer,30056,breach_proportional,0.0,0,0,0.0,0.0,112.07490797674183,-0.1267250755144801,0
leverage_cancer,30056,breach_targeted,0.0,0,0,0.0,0.0,112.07490797674183,-0.1267250755144801,0
leverage_cancer,30056,early_proportional,0.0,0,0,13.300741555122045,10.0,111.73840622953895,-0.12187520960638898,1
leverage_cancer,30056,early_targeted,0.0,0,0,13.300741555122045,13.300741555122045,112.8067655602696,-0.11789270928899376,1
leverage_cancer,30057,breach_proportional,0.07893990286002905,2,1,48.64657683819934,37.09875,82.80701480525737,-0.3009374883952216,0
leverage_cancer,30057,breach_targeted,0.14327941869806526,2,1,48.22491221466576,23.34297726008446,82.1759562837843,-0.2994073809563569,0
leverage_cancer,30057,early_proportional,0.0,0,0,48.399158164640134,37.09875,82.91978877857635,-0.2999201759452905,4
leverage_cancer,30057,early_targeted,0.0,0,0,48.16819132808554,12.694900954724162,83.67137966656975,-0.3018914439060937,4
leverage_cancer,30058,breach_proportional,0.0,0,0,0.0,0.0,120.45285137359465,-0.18761493277263075,0
leverage_cancer,30058,breach_targeted,0.0,0,0,0.0,0.0,120.45285137359465,-0.18761493277263075,0
leverage_cancer,30058,early_proportional,0.0,0,0,13.300741555122045,10.0,120.3945971450263,-0.17999337620650224,1
leverage_cancer,30058,early_targeted,0.0,0,0,13.300741555122045,0.0,120.74468049129754,-0.1751756785844618,1
leverage_cancer,30059,breach_proportional,0.05743078416927094,2,1,50.002971696261035,43.48928831138319,99.62555207352959,-0.2589518538208827,0
leverage_cancer,30059,breach_targeted,0.0972292458096482,2,1,49.83740093883509,23.823717553957245,98.83590485666228,-0.27427690113615777,0
leverage_cancer,30059,early_proportional,0.0,0,0,49.92394886547957,40.21208917734053,99.64438815112929,-0.25877700736142906,4
leverage_cancer,30059,early_targeted,0.0,0,0,49.697059041492494,11.594626219220977,100.2537833740843,-0.28469204975097784,4
leverage_cancer,30060,breach_proportional,0.03496522030851379,1,1,23.73963232292499,19.499999999999993,98.84896613062752,-0.21463181930564446,0
leverage_cancer,30060,breach_targeted,0.03496522030851379,1,1,23.739632322925,23.739632322925,101.14803306955606,-0.21360104659911472,0
leverage_cancer,30060,early_proportional,0.0,0,0,23.71316221158078,19.499999999999993,98.8433446055922,-0.2146874608863446,2
leverage_cancer,30060,early_targeted,0.0,0,0,23.717029496541755,23.717029496541755,101.1050167922752,-0.2140219406938868,2
leverage_cancer,30061,breach_proportional,0.0,0,0,0.0,0.0,125.08063180022211,-0.07959151039614154,0
leverage_cancer,30061,breach_targeted,0.0,0,0,0.0,0.0,125.08063180022211,-0.07959151039614154,0
leverage_cancer,30061,early_proportional,0.0,0,0,13.300741555122045,10.0,124.05024416541703,-0.07738335066310431,1
leverage_cancer,30061,early_targeted,0.0,0,0,13.300741555122045,0.0,122.72895204732771,-0.08016167611888492,1
leverage_cancer,30062,breach_proportional,0.0,0,0,0.0,0.0,115.94294248497233,-0.1964093754600531,0
leverage_cancer,30062,breach_targeted,0.0,0,0,0.0,0.0,115.94294248497233,-0.1964093754600531,0
leverage_cancer,30062,early_proportional,0.0,0,0,13.146947305053061,10.0,114.58671524818543,-0.196775823488069,1
leverage_cancer,30062,early_targeted,0.0,0,0,13.146947305053061,0.0,114.16029165646148,-0.19478074175384885,1
leverage_cancer,30063,breach_proportional,0.07383778748641978,3,1,67.90741104615822,52.98162187500001,83.18984851787698,-0.32553539549046395,0
leverage_cancer,30063,breach_targeted,0.052186710064220154,3,1,67.79072318301269,45.096656690477786,84.2099596367847,-0.32097469631157327,0
leverage_cancer,30063,early_proportional,0.0,0,0,78.15853470951295,65.81162856597217,82.58387608508562,-0.32431164254262523,7
leverage_cancer,30063,early_targeted,0.0579499671404764,1,1,57.14835949335639,32.85111028905923,84.12107927828976,-0.30104941752815717,3
leverage_cancer,30064,breach_proportional,0.0,0,0,0.0,0.0,127.6682982141958,-0.09911119132433888,0
leverage_cancer,30064,breach_targeted,0.0,0,0,0.0,0.0,127.6682982141958,-0.09911119132433888,0
leverage_cancer,30064,early_proportional,0.0,0,0,13.300741555122045,10.0,126.35648943547741,-0.09911119132433888,1
leverage_cancer,30064,early_targeted,0.0,0,0,13.300741555122045,0.0,127.05504192890041,-0.09911119132433888,1
leverage_cancer,30065,breach_proportional,0.0152680611531677,1,1,23.39999999999999,23.39999999999999,110.92952437245788,-0.22252487035736124,0
leverage_cancer,30065,breach_targeted,0.0152680611531677,1,1,23.4,23.4,109.99954477650822,-0.22252487035736124,0
leverage_cancer,30065,early_proportional,0.0152680611531677,1,1,23.39999999999999,23.39999999999999,110.92952437245788,-0.22252487035736124,0
leverage_cancer,30065,early_targeted,0.0152680611531677,1,1,23.4,23.4,109.99954477650822,-0.22252487035736124,0
leverage_cancer,30066,breach_proportional,0.040045307486181514,1,1,26.580928876878865,26.580928876878865,84.44534935658135,-0.21310862687751142,0
leverage_cancer,30066,breach_targeted,0.040045307486181514,1,1,26.580928876878875,26.580928876878875,84.40752239864567,-0.2127944990732451,0
leverage_cancer,30066,early_proportional,0.0,0,0,38.55262398815697,35.25188243303492,84.4494124890548,-0.21213736441854358,3
leverage_cancer,30066,early_targeted,0.0,0,0,38.58484813037652,38.58484813037652,85.16742691630218,-0.2066013348017055,3
leverage_cancer,30067,breach_proportional,0.14426635858424763,3,1,70.14474332097008,58.74908270102333,87.39122603446988,-0.27552924977700344,0
leverage_cancer,30067,breach_targeted,0.11138930461379815,3,1,70.17714797687229,46.59575011396299,86.71036121881549,-0.28096704395330396,0
leverage_cancer,30067,early_proportional,0.015759101654976515,1,1,69.98162986175882,58.74908270102333,87.56587597792121,-0.2737934406385376,4
leverage_cancer,30067,early_targeted,0.0,0,0,70.04020779436833,35.346679738438745,87.16555464177473,-0.28210519890345553,6
leverage_cancer,30068,breach_proportional,0.0,0,0,0.0,0.0,132.50235590986566,-0.11593462490690476,0
leverage_cancer,30068,breach_targeted,0.0,0,0,0.0,0.0,132.50235590986566,-0.11593462490690476,0
leverage_cancer,30068,early_proportional,0.0,0,0,13.300741555122045,10.0,132.50936252189234,-0.1102100034275656,1
leverage_cancer,30068,early_targeted,0.0,0,0,13.300741555122045,13.300741555122045,132.94265865677696,-0.10829271586593381,1
leverage_cancer,30069,breach_proportional,0.02155525637541622,1,1,25.710185811791703,19.499999999999993,91.19974090729711,-0.21150734257801718,0
leverage_cancer,30069,breach_targeted,0.02155525637541622,1,1,25.71018581179171,0.0,94.0214334367806,-0.20878430764461975,0
leverage_cancer,30069,early_proportional,0.0,0,0,25.708728145800002,19.499999999999993,91.28580187462508,-0.21071730144358947,2
leverage_cancer,30069,early_targeted,0.0,0,0,25.712527140586673,13.146947305053061,90.60326873313237,-0.20752377457547522,2
leverage_cancer,30070,breach_proportional,0.29241293491106557,4,1,95.16807138206359,78.89499478078989,71.97872120185482,-0.39233755939497206,0
leverage_cancer,30070,breach_targeted,0.23322983113312823,3,1,75.29828806546854,40.03138003505216,73.98871837902722,-0.39090078669278205,0
leverage_cancer,30070,early_proportional,0.00801332817697542,1,1,85.4848797636256,72.52104713767358,72.70798657189698,-0.3898850302249032,6
leverage_cancer,30070,early_targeted,0.050551724834687395,1,1,75.76585763473751,51.758317253895086,74.14202502756753,-0.37637387202856387,5
leverage_cancer,30071,breach_proportional,0.0,0,0,0.0,0.0,106.67894067882466,-0.13232070566215248,0
leverage_cancer,30071,breach_targeted,0.0,0,0,0.0,0.0,106.67894067882466,-0.13232070566215248,0
leverage_cancer,30071,early_proportional,0.0,0,0,13.300741555122045,10.0,106.17304934149571,-0.13232070566215248,1
leverage_cancer,30071,early_targeted,0.0,0,0,13.300741555122045,0.0,106.53771508736523,-0.13232070566215248,1
leverage_cancer,30072,breach_proportional,0.2735315767084887,2,1,61.67295190673557,61.67295190673557,77.35934154280406,-0.2897696625898274,0
leverage_cancer,30072,breach_targeted,0.1670409886024622,1,1,38.88312801092153,38.88312801092153,84.24111768214148,-0.24734347822591252,0
leverage_cancer,30072,early_proportional,0.0,0,0,61.34244788397101,58.04170632884897,78.21138791081374,-0.28168049062466993,5
leverage_cancer,30072,early_targeted,0.0,0,0,50.096902419913235,36.79616086479119,85.11359810472061,-0.24552262362121646,4
leverage_cancer,30073,breach_proportional,0.12310018423402713,2,1,46.506389710459736,37.09875,100.42311758286424,-0.25869751804623053,0
leverage_cancer,30073,breach_targeted,0.14035900447444805,2,1,46.39638952300476,22.119630643458635,96.37458329476028,-0.2612777089211348,0
leverage_cancer,30073,early_proportional,0.0,0,0,46.59259209676061,37.09875,100.65843722004549,-0.25635597444932623,4
leverage_cancer,30073,early_targeted,0.0,0,0,46.36449405876796,23.095190514167985,96.50505520385796,-0.2653307317933,4
leverage_cancer,30074,breach_proportional,0.0,0,0,0.0,0.0,104.70811326385676,-0.17350364241401317,0
leverage_cancer,30074,breach_targeted,0.0,0,0,0.0,0.0,104.70811326385676,-0.17350364241401317,0
leverage_cancer,30074,early_proportional,0.0,0,0,13.300741555122045,10.0,104.5870885183059,-0.17052936634254556,1
leverage_cancer,30074,early_targeted,0.0,0,0,13.300741555122045,13.300741555122045,105.86319945517927,-0.1603498809050916,1
leverage_cancer,30075,breach_proportional,0.24012215913123036,2,1,61.55012825443217,51.31482389581404,79.25646487416195,-0.3313095942939416,0
leverage_cancer,30075,breach_targeted,0.24007172585913317,2,1,61.516754004432144,22.75644964581403,78.78509734049925,-0.3385962148514561,0
leverage_cancer,30075,early_proportional,0.03005015393448396,1,1,61.26268247962673,51.31482389581404,79.72569597024017,-0.3270197330676319,3
leverage_cancer,30075,early_targeted,0.0,0,0,61.10521473460156,22.690600548439754,79.75430897097877,-0.3295747952831116,5
leverage_cancer,30076,breach_proportional,0.040204809260753205,2,1,49.48116762215732,43.48928831138319,74.30629621763376,-0.3143598883939799,0
leverage_cancer,30076,breach_targeted,0.029449406343671214,3,1,70.47407189200493,44.98219258123079,73.9161978402167,-0.3280497026142042,0
leverage_cancer,30076,early_proportional,0.0,0,0,60.65412279148764,54.5920230298567,74.47303384945913,-0.3128213645499326,5
leverage_cancer,30076,early_targeted,0.0,0,0,70.55905305496317,45.034050729600224,71.3406508687245,-0.34172453326949015,6
leverage_cancer,30077,breach_proportional,0.0,0,0,0.0,0.0,107.03295003472675,-0.1573054801919067,0
leverage_cancer,30077,breach_targeted,0.0,0,0,0.0,0.0,107.03295003472675,-0.1573054801919067,0
leverage_cancer,30077,early_proportional,0.0,0,0,13.300741555122045,10.0,107.13987867964012,-0.1521937481118114,1
leverage_cancer,30077,early_targeted,0.0,0,0,13.300741555122045,13.300741555122045,109.07912665646329,-0.14960037404334858,1
leverage_cancer,30078,breach_proportional,0.08468512078877799,1,1,24.631169895749146,19.499999999999993,84.03969132813161,-0.18830671136264954,0
leverage_cancer,30078,breach_targeted,0.08468512078877799,1,1,24.631169895749153,0.0,83.10198917627604,-0.18201224419144635,0
leverage_cancer,30078,early_proportional,0.0,0,0,36.90216702373678,31.802199134042652,84.2159056448721,-0.18837186172345322,3
leverage_cancer,30078,early_targeted,0.0,0,0,24.601527989996875,12.600167171252231,85.14921099345973,-0.179316661053451,2
leverage_cancer,30079,breach_proportional,0.0,0,0,0.0,0.0,100.34375689552215,-0.15589168518992624,0
leverage_cancer,30079,breach_targeted,0.0,0,0,0.0,0.0,100.34375689552215,-0.15589168518992624,0
leverage_cancer,30079,early_proportional,0.0,0,0,13.300741555122045,10.0,99.98055678528397,-0.15589168518992624,1
leverage_cancer,30079,early_targeted,0.0,0,0,13.300741555122045,13.300741555122045,100.25366525093929,-0.15589168518992624,1
leverage_cancer,30080,breach_proportional,0.0,0,0,0.0,0.0,106.72001346439845,-0.14168988033692553,0
leverage_cancer,30080,breach_targeted,0.0,0,0,0.0,0.0,106.72001346439845,-0.14168988033692553,0
leverage_cancer,30080,early_proportional,0.0,0,0,13.300741555122045,10.0,106.36767889614882,-0.14168988033692553,1
leverage_cancer,30080,early_targeted,0.0,0,0,13.300741555122045,0.0,106.83072273251018,-0.14168988033692553,1
leverage_cancer,30081,breach_proportional,0.0,0,0,0.0,0.0,141.80480087621302,-0.08253673568217479,0
leverage_cancer,30081,breach_targeted,0.0,0,0,0.0,0.0,141.80480087621302,-0.08253673568217479,0
leverage_cancer,30081,early_proportional,0.0,0,0,13.300741555122045,10.0,140.70260398833474,-0.08253673568217479,1
leverage_cancer,30081,early_targeted,0.0,0,0,13.300741555122045,0.0,142.7186462972754,-0.08253673568217479,1
leverage_cancer,30082,breach_proportional,0.0,0,0,0.0,0.0,103.3772450750493,-0.1967386303234252,0
leverage_cancer,30082,breach_targeted,0.0,0,0,0.0,0.0,103.3772450750493,-0.1967386303234252,0
leverage_cancer,30082,early_proportional,0.0,0,0,13.300741555122045,10.0,104.17478713640654,-0.18698432978728685,1
leverage_cancer,30082,early_targeted,0.0,0,0,13.300741555122045,0.0,103.65381069464212,-0.18774939629014142,1
leverage_cancer,30083,breach_proportional,0.10672883086379858,2,9,50.57021718826206,50.57021718826206,78.2511394436472,-0.33315690206406834,0
leverage_cancer,30083,breach_targeted,0.1485314850306354,2,9,50.57021718826206,50.57021718826206,78.13767000370852,-0.33340858619781344,0
leverage_cancer,30083,early_proportional,0.04870295405644409,1,1,50.239713165497506,46.93897161037546,79.15695172266656,-0.32541444688392196,2
leverage_cancer,30083,early_targeted,0.0,0,0,50.096902419913235,36.79616086479119,78.53142165117221,-0.3287505298276202,4
leverage_cancer,30084,breach_proportional,0.0,0,0,0.0,0.0,94.11355689519294,-0.15752086832964807,0
leverage_cancer,30084,breach_targeted,0.0,0,0,0.0,0.0,94.11355689519294,-0.15752086832964807,0
leverage_cancer,30084,early_proportional,0.0,0,0,13.300741555122045,10.0,94.71537385864312,-0.14990168373473067,1
leverage_cancer,30084,early_targeted,0.0,0,0,13.300741555122045,13.300741555122045,93.51110359378833,-0.15804356908208528,1
leverage_cancer,30085,breach_proportional,0.06592806725693912,1,1,26.580928876878865,26.580928876878865,85.32595632525877,-0.2912033409926762,0
leverage_cancer,30085,breach_targeted,0.06592806725693912,1,1,26.580928876878875,26.580928876878875,84.57052418828229,-0.29622247850996164,0
leverage_cancer,30085,early_proportional,0.0,0,0,37.32474988903492,35.25188243303492,84.97714441866415,-0.28256741447823575,3
leverage_cancer,30085,early_targeted,0.0,0,0,37.47669175591888,37.47669175591888,86.14279660376862,-0.278271495616503,3
leverage_cancer,30086,breach_proportional,0.0,0,0,0.0,0.0,102.6764803242504,-0.23361362379760575,0
leverage_cancer,30086,breach_targeted,0.0,0,0,0.0,0.0,102.6764803242504,-0.23361362379760575,0
leverage_cancer,30086,early_proportional,0.0,0,0,13.300741555122045,10.0,103.65261055332655,-0.2240234092013753,1
leverage_cancer,30086,early_targeted,0.0,0,0,13.300741555122045,13.300741555122045,104.71533022351385,-0.21852721034514355,1
leverage_cancer,30087,breach_proportional,0.0,0,0,0.0,0.0,114.52509859842039,-0.12270698637106525,0
leverage_cancer,30087,breach_targeted,0.0,0,0,0.0,0.0,114.52509859842039,-0.12270698637106525,0
leverage_cancer,30087,early_proportional,0.0,0,0,13.300741555122045,10.0,114.0072786549429,-0.11744427503758847,1
leverage_cancer,30087,early_targeted,0.0,0,0,13.300741555122045,13.300741555122045,113.79076820578535,-0.12268506299184889,1
leverage_cancer,30088,breach_proportional,0.0,0,0,0.0,0.0,133.36296741610292,-0.07942997604036095,0
leverage_cancer,30088,breach_targeted,0.0,0,0,0.0,0.0,133.36296741610292,-0.07942997604036095,0
leverage_cancer,30088,early_proportional,0.0,0,0,13.300741555122045,10.0,131.9667218144241,-0.07942997604036095,1
leverage_cancer,30088,early_targeted,0.0,0,0,13.300741555122045,0.0,131.51358728849473,-0.07942997604036095,1
leverage_cancer,30089,breach_proportional,0.0,0,0,0.0,0.0,127.08255408863263,-0.1513976999497263,0
leverage_cancer,30089,breach_targeted,0.0,0,0,0.0,0.0,127.08255408863263,-0.1513976999497263,0
leverage_cancer,30089,early_proportional,0.0,0,0,13.300741555122045,10.0,125.7538428398094,-0.15088669462946203,1
leverage_cancer,30089,early_targeted,0.0,0,0,13.300741555122045,0.0,126.14274252113499,-0.14486970127512722,1
leverage_cancer,30090,breach_proportional,0.0,0,0,0.0,0.0,102.70137923242176,-0.17602445405714617,0
leverage_cancer,30090,breach_targeted,0.0,0,0,0.0,0.0,102.70137923242176,-0.17602445405714617,0
leverage_cancer,30090,early_proportional,0.0,0,0,13.300741555122045,10.0,102.97296852531859,-0.1712409148517935,1
leverage_cancer,30090,early_targeted,0.0,0,0,13.300741555122045,0.0,105.07800044723362,-0.15315062960260106,1
leverage_cancer,30091,breach_proportional,0.05860670995392514,1,1,25.491879310774124,19.499999999999993,94.34578500313741,-0.17573021936399658,0
leverage_cancer,30091,breach_targeted,0.05860670995392514,1,1,25.491879310774134,25.491879310774134,94.30647650275591,-0.1668557595971386,0
leverage_cancer,30091,early_proportional,0.0,0,0,37.08482833588467,31.802199134042652,93.75793413832008,-0.17564932454240123,3
leverage_cancer,30091,early_targeted,0.0,0,0,36.94492795601127,24.58141944403357,91.674335873712,-0.19126361015205406,3
leverage_cancer,30092,breach_proportional,0.0,0,0,0.0,0.0,114.23075445017278,-0.13109708295180356,0
leverage_cancer,30092,breach_targeted,0.0,0,0,0.0,0.0,114.23075445017278,-0.13109708295180356,0
leverage_cancer,30092,early_proportional,0.0,0,0,13.300741555122045,10.0,114.28998926201984,-0.1252741969320108,1
leverage_cancer,30092,early_targeted,0.0,0,0,13.300741555122045,0.0,115.27662784166327,-0.12007662022733334,1
leverage_cancer,30093,breach_proportional,0.0947647153500717,3,1,69.23595917594633,58.74908270102333,79.94531514222493,-0.2801645196881293,0
leverage_cancer,30093,breach_targeted,0.19515915884498414,3,1,69.62036641270588,45.69903980765062,76.63801563657928,-0.31033384529252717,0
leverage_cancer,30093,early_proportional,0.020508113053173016,1,1,69.20923921283415,58.74908270102333,80.05960375097648,-0.2790216336006138,4
leverage_cancer,30093,early_targeted,0.0,0,0,79.30274366569418,55.65073689270244,75.83146450697556,-0.31153763816894353,7
leverage_cancer,30094,breach_proportional,0.0,0,0,0.0,0.0,94.65983998244123,-0.18404793011727938,0
leverage_cancer,30094,breach_targeted,0.0,0,0,0.0,0.0,94.65983998244123,-0.18404793011727938,0
leverage_cancer,30094,early_proportional,0.0,0,0,13.300741555122045,10.0,94.69887753773939,-0.1761215146245405,1
leverage_cancer,30094,early_targeted,0.0,0,0,13.300741555122045,13.300741555122045,94.72008242802129,-0.1798466249975752,1
leverage_cancer,30095,breach_proportional,0.0,0,0,0.0,0.0,148.71953115718873,-0.08170067457106045,0
leverage_cancer,30095,breach_targeted,0.0,0,0,0.0,0.0,148.71953115718873,-0.08170067457106045,0
leverage_cancer,30095,early_proportional,0.0,0,0,13.300741555122045,10.0,147.30026217873473,-0.07764967093890618,1
leverage_cancer,30095,early_targeted,0.0,0,0,13.300741555122045,0.0,145.83977049401943,-0.08031353637483929,1
leverage_cancer,30096,breach_proportional,0.18199503439190057,2,6,50.24028946498379,43.48928831138319,94.57963382172794,-0.26101887551415104,0
leverage_cancer,30096,breach_targeted,0.15150642424945504,2,6,50.27245741800342,50.27245741800342,95.25574907044509,-0.2526842165035582,0
leverage_cancer,30096,early_proportional,0.0,0,0,50.00116479212872,40.21208917734053,94.89716868520215,-0.2580527849863258,4
leverage_cancer,30096,early_targeted,0.0,0,0,38.32260704693971,13.222927200786263,96.60647685878826,-0.24598725825013013,3
leverage_cancer,30097,breach_proportional,0.025024706343674374,1,1,26.580928876878865,26.580928876878865,94.46995936576504,-0.11700081643019211,0
leverage_cancer,30097,breach_targeted,0.025024706343674374,1,1,26.580928876878872,26.580928876878872,94.54584274294581,-0.11700081643019211,0
leverage_cancer,30097,early_proportional,0.0,0,0,13.300741555122045,10.0,95.10933446625639,-0.11302804165279512,1
leverage_cancer,30097,early_targeted,0.0,0,0,13.300741555122045,13.300741555122045,95.4040219514348,-0.1040440603045173,1
leverage_cancer,30098,breach_proportional,0.00034790647572302547,1,1,26.580928876878865,26.580928876878865,102.80582473113459,-0.20863759850954655,0
leverage_cancer,30098,breach_targeted,0.00034790647572302547,1,1,26.580928876878872,26.580928876878872,101.57730907057564,-0.21163184394889656,0
leverage_cancer,30098,early_proportional,0.0,0,0,13.300741555122045,10.0,104.36827646736651,-0.2013386597503003,1
leverage_cancer,30098,early_targeted,0.0,0,0,13.300741555122045,13.300741555122045,104.82327877078315,-0.1986614138663888,1
leverage_cancer,30099,breach_proportional,0.12028693629559983,5,1,105.13030782636578,90.15537843723644,57.72861969534193,-0.4623662699488662,0
leverage_cancer,30099,breach_targeted,0.12134020097195553,5,1,102.21245624802165,78.26562913901762,52.792237533778895,-0.5079269273366974,0
leverage_cancer,30099,early_proportional,0.039697173660462326,1,1,105.21378260553493,90.15537843723644,57.79789550186207,-0.4617167336908877,8
leverage_cancer,30099,early_targeted,0.0005977926126190525,1,1,103.63265063252949,70.53938638152187,56.541783787498346,-0.4749139549122856,8
systemic_correlation,30000,breach_proportional,0.11500208263881095,1,1,23.39999999999999,0.0,87.26002026018098,-0.2510537381941027,0
systemic_correlation,30000,breach_targeted,0.11500208263881095,1,1,23.4,0.0,87.64945967209343,-0.260617536990182,0
systemic_correlation,30000,early_proportional,0.11500208263881095,1,1,23.39999999999999,0.0,87.26002026018098,-0.2510537381941027,0
systemic_correlation,30000,early_targeted,0.11500208263881095,1,1,23.4,0.0,87.64945967209343,-0.260617536990182,0
systemic_correlation,30001,breach_proportional,0.2928434837799374,4,3,80.77909649062502,0.0,66.53229939427789,-0.4705123459047803,0
systemic_correlation,30001,breach_targeted,0.292062400357882,4,3,80.779096490625,0.0,68.62029775558774,-0.47165605738149485,0
systemic_correlation,30001,early_proportional,0.09265685263346723,1,1,80.77909649062502,0.0,66.73279210564046,-0.46869784047967933,5
systemic_correlation,30001,early_targeted,0.10647265728495148,2,3,80.779096490625,0.0,66.57103372457065,-0.4701808279051658,4
systemic_correlation,30002,breach_proportional,0.01645724091054457,1,1,12.0,0.0,92.01657733116254,-0.40532588469181163,0
systemic_correlation,30002,breach_targeted,0.01645724091054457,1,1,12.0,0.0,91.74906348072976,-0.40925434159666907,0
systemic_correlation,30002,early_proportional,0.0,0,0,23.39999999999999,0.0,92.6161406825441,-0.3988135529931347,2
systemic_correlation,30002,early_targeted,0.0,0,0,23.4,0.0,93.65879911367406,-0.40089464306694145,2
systemic_correlation,30003,breach_proportional,0.4235333278330593,4,5,96.30313458278907,15.524038092164048,52.375242430629555,-0.5072932221197965,0
systemic_correlation,30003,breach_targeted,0.45239599173072476,4,5,96.30313458278906,15.524038092164066,53.477531732459425,-0.49919392518556505,0
systemic_correlation,30003,early_proportional,0.22501149847864355,3,5,103.48797785364961,14.747836187555848,52.41828408668518,-0.5053105232379357,4
systemic_correlation,30003,early_targeted,0.3432989126807051,3,5,96.30313458278906,7.562992916695315,53.17066403871141,-0.5026197561051214,2
systemic_correlation,30004,breach_proportional,0.6480524263632548,3,3,80.77909649062502,0.0,62.5240208542907,-0.4704833633350617,0
systemic_correlation,30004,breach_targeted,0.4638729745133561,4,5,88.74014166609375,0.0,64.18477138513362,-0.47696444417932715,0
systemic_correlation,30004,early_proportional,0.2665422500544765,3,3,80.77909649062502,0.0,63.244507766176056,-0.4635300391057703,2
systemic_correlation,30004,early_targeted,0.21451008361442314,3,5,88.74014166609375,0.0,62.911382352911836,-0.4709824905412494,3
systemic_correlation,30005,breach_proportional,0.06751966383610375,1,1,23.39999999999999,0.0,89.06660020979606,-0.3394869370853896,0
systemic_correlation,30005,breach_targeted,0.06751966383610375,1,1,23.4,0.0,88.29721133770867,-0.34277553622558865,0
systemic_correlation,30005,early_proportional,0.0,0,0,34.22999999999999,10.829999999999998,88.44855833639885,-0.3382816763100912,2
systemic_correlation,30005,early_targeted,0.0,0,0,34.23,10.829999999999998,87.55178141364203,-0.3400132043976104,2
systemic_correlation,30006,breach_proportional,0.0210119076484645,1,1,23.39999999999999,0.0,116.16148680265117,-0.3082255894316195,0
systemic_correlation,30006,breach_targeted,0.0210119076484645,1,1,23.4,0.0,114.42325199710993,-0.3082255894316195,0
systemic_correlation,30006,early_proportional,0.0,0,0,12.0,0.0,118.29528076855233,-0.3065343162562336,1
systemic_correlation,30006,early_targeted,0.0,0,0,12.0,0.0,117.25994116320514,-0.30892224054295825,1
systemic_correlation,30007,breach_proportional,0.0,0,0,0.0,0.0,149.6753081145858,-0.1236371096961929,0
systemic_correlation,30007,breach_targeted,0.0,0,0,0.0,0.0,149.6753081145858,-0.1236371096961929,0
systemic_correlation,30007,early_proportional,0.0,0,0,0.0,0.0,149.6753081145858,-0.1236371096961929,0
systemic_correlation,30007,early_targeted,0.0,0,0,0.0,0.0,149.6753081145858,-0.1236371096961929,0
systemic_correlation,30008,breach_proportional,0.5072890728196726,10,4,153.9633786219499,73.18428213132485,30.737921436630135,-0.7139473328313166,0
systemic_correlation,30008,breach_targeted,0.5306201171362974,9,4,144.66856357002754,63.88946707940255,32.63826250376411,-0.6967725175447679,0
systemic_correlation,30008,early_proportional,0.3026341075231298,4,4,153.96337862194986,65.22323695585611,30.79360556160191,-0.7134222514263244,12
systemic_correlation,30008,early_targeted,0.22804101968324675,6,4,149.43513539152613,60.694993725432425,32.19993421981601,-0.7006636330499079,7
systemic_correlation,30009,breach_proportional,0.13802795065967066,1,1,23.39999999999999,0.0,103.49083107578602,-0.2793698555039099,0
systemic_correlation,30009,breach_targeted,0.13802795065967066,1,1,23.4,0.0,101.98038712352567,-0.28162611011113825,0
systemic_correlation,30009,early_proportional,0.0,0,0,34.22999999999999,0.0,102.23439711529552,-0.2771935675540059,3
systemic_correlation,30009,early_targeted,0.0,0,0,34.23,0.0,102.60329638759163,-0.27922683345802224,3
systemic_correlation,30010,breach_proportional,0.06805923986834717,2,1,34.22999999999999,0.0,74.52912357163481,-0.39839526658568747,0
systemic_correlation,30010,breach_targeted,0.07016198053338474,2,1,34.23,0.0,71.69793222472913,-0.4053826519073007,0
systemic_correlation,30010,early_proportional,0.0,0,0,34.22999999999999,0.0,75.2889498891324,-0.39189295745573194,3
systemic_correlation,30010,early_targeted,0.0,0,0,44.518499999999996,10.288499999999999,75.71434900208732,-0.4037088121553707,4
systemic_correlation,30011,breach_proportional,0.009239104497181683,1,1,12.0,0.0,120.31858170654885,-0.2892629502880676,0
systemic_correlation,30011,breach_targeted,0.009239104497181683,1,1,12.0,0.0,121.99399943016084,-0.2892629502880676,0
systemic_correlation,30011,early_proportional,0.0,0,0,23.39999999999999,0.0,120.6526804208466,-0.2850955155150201,2
systemic_correlation,30011,early_targeted,0.0,0,0,23.4,0.0,121.49924446550247,-0.28544244178522926,2
systemic_correlation,30012,breach_proportional,0.14086808450311272,4,1,80.77909649062502,0.0,59.88991557639971,-0.48854248847863435,0
systemic_correlation,30012,breach_targeted,0.3398327008661566,4,1,80.779096490625,0.0,57.67918129564824,-0.4944838555962513,0
systemic_correlation,30012,early_proportional,0.14086808450311272,4,1,80.77909649062502,0.0,59.88991557639971,-0.48854248847863435,0
systemic_correlation,30012,early_targeted,0.20814952260871955,3,1,88.74014166609375,7.961045175468751,56.97522725585768,-0.4985240187004393,3
systemic_correlation,30013,breach_proportional,0.8330822390333923,8,1,144.66856357002757,33.69896404645131,35.53446279191102,-0.6805572814010141,0
systemic_correlation,30013,breach_targeted,1.0043135975342317,9,1,158.26520969085237,32.2300742993262,32.10640508119346,-0.7012167914099077,0
systemic_correlation,30013,early_proportional,0.41801049639302734,3,1,149.4351353915262,21.78401584412875,35.66879970151216,-0.6774188168389965,11
systemic_correlation,30013,early_targeted,0.3943215859228606,3,1,149.43513539152613,21.784015844128753,34.720252682963185,-0.6792479880384898,11
systemic_correlation,30014,breach_proportional,0.8182412794647931,6,1,128.8101047616592,12.01220474874043,45.03521610525997,-0.6208765511642105,0
systemic_correlation,30014,breach_targeted,1.0006047036194703,7,1,144.66856357002757,34.35498460906042,40.60738333662208,-0.6655644404141113,0
systemic_correlation,30014,early_proportional,0.4849333741062063,3,1,128.8101047616592,18.496525800692083,45.396742964087345,-0.6173745554725059,7
systemic_correlation,30014,early_targeted,0.4600191352255343,3,1,128.81010476165918,18.496525800692062,46.09127761111325,-0.6095599451824381,7
systemic_correlation,30015,breach_proportional,0.3319248666845267,2,5,54.292575000000014,0.0,92.84574596943571,-0.44059743694432996,0
systemic_correlation,30015,breach_targeted,0.3157494781320227,2,5,54.292575,0.0,96.56068026226198,-0.4351217161835882,0
systemic_correlation,30015,early_proportional,0.1647209496915094,2,5,63.57794625000001,0.0,91.57396584860999,-0.4390003881354876,2
systemic_correlation,30015,early_targeted,0.1557483921542384,2,5,54.292575,0.0,94.6509156896724,-0.4310288369304349,1
systemic_correlation,30016,breach_proportional,0.0026855039707217587,1,1,12.0,0.0,93.71062077291445,-0.250381691852847,0
systemic_correlation,30016,breach_targeted,0.0026855039707217587,1,1,12.0,0.0,92.85525915474699,-0.2580339807823815,0
systemic_correlation,30016,early_proportional,0.0,0,0,12.0,0.0,93.87974031794242,-0.2489683413831747,1
systemic_correlation,30016,early_targeted,0.0,0,0,12.0,0.0,93.0809731487173,-0.25614766433482483,1
systemic_correlation,30017,breach_proportional,0.023131724248663055,1,1,23.39999999999999,0.0,99.50744241684627,-0.3428771086480936,0
systemic_correlation,30017,breach_targeted,0.023131724248663055,1,1,23.4,0.0,101.74728677924755,-0.3317788282332269,0
systemic_correlation,30017,early_proportional,0.0,0,0,23.39999999999999,0.0,99.18661283666646,-0.3450865631525837,2
systemic_correlation,30017,early_targeted,0.0,0,0,23.4,0.0,100.32909695796998,-0.33908293477252716,2
systemic_correlation,30018,breach_proportional,0.0,0,0,0.0,0.0,141.69396775126728,-0.14131770896448115,0
systemic_correlation,30018,breach_targeted,0.0,0,0,0.0,0.0,141.69396775126728,-0.14131770896448115,0
systemic_correlation,30018,early_proportional,0.0,0,0,12.0,0.0,141.93584835250348,-0.13772522262936016,1
systemic_correlation,30018,early_targeted,0.0,0,0,12.0,0.0,142.27576090641222,-0.13712337975904598,1
systemic_correlation,30019,breach_proportional,0.009874354651808748,1,1,12.0,0.0,124.58380227854606,-0.18880175580440484,0
systemic_correlation,30019,breach_targeted,0.009874354651808748,1,1,12.0,0.0,123.89756174059406,-0.19314579260739084,0
systemic_correlation,30019,early_proportional,0.0,0,0,12.0,0.0,124.53926084333796,-0.18910479006319747,1
systemic_correlation,30019,early_targeted,0.0,0,0,12.0,0.0,123.65062354154583,-0.19770136879204936,1
systemic_correlation,30020,breach_proportional,0.26664221765677887,3,2,63.57794625000001,0.0,68.59593884787614,-0.5235096485422253,0
systemic_correlation,30020,breach_targeted,0.2806653648721822,3,2,63.57794625,0.0,71.55674737495619,-0.5274333371854942,0
systemic_correlation,30020,early_proportional,0.17674926558998427,2,1,72.39904893750001,0.0,68.3202423574226,-0.5221266048953581,3
systemic_correlation,30020,early_targeted,0.12674596329493726,2,1,72.3990489375,0.0,66.84253896959964,-0.5185074594023786,3
systemic_correlation,30021,breach_proportional,0.21544603698069853,3,4,63.57794625000001,0.0,66.49477911528726,-0.47259115222181636,0
systemic_correlation,30021,breach_targeted,0.2611349914498442,3,4,63.57794625,0.0,65.20930941179464,-0.4790051415056872,0
systemic_correlation,30021,early_proportional,0.07798096452560177,1,1,63.57794625000001,0.0,66.72049332110336,-0.4706746674143645,3
systemic_correlation,30021,early_targeted,0.1039326749799514,2,3,63.57794625,0.0,67.61584883198631,-0.47433789449428576,2
systemic_correlation,30022,breach_proportional,1.7722103066384043,3,6,128.8101047616592,0.0,44.48762278179123,-0.6084638992113345,0
systemic_correlation,30022,breach_targeted,1.704080189008796,2,3,116.19505000000001,0.0,44.42301146920774,-0.5875810376172864,0
systemic_correlation,30022,early_proportional,1.2270098634998248,3,3,122.95800501227285,0.0,46.17100222831286,-0.5942360947591858,2
systemic_correlation,30022,early_targeted,1.1757838705423094,3,3,121.51311097177344,0.0,43.79967300222876,-0.5875525897380356,2
systemic_correlation,30023,breach_proportional,0.5607611832341748,1,1,54.292575000000014,0.0,73.11523229630399,-0.3695116125393404,0
systemic_correlation,30023,breach_targeted,0.5607611832341748,1,1,50.0,0.0,72.95415357798379,-0.36926951972183464,0
systemic_correlation,30023,early_proportional,0.5607611832341748,1,1,54.292575000000014,0.0,73.11523229630399,-0.3695116125393404,0
systemic_correlation,30023,early_targeted,0.5607611832341748,1,1,50.0,0.0,72.95415357798379,-0.36926951972183464,0
systemic_correlation,30024,breach_proportional,0.8803266690051914,4,6,103.48797785364961,0.0,65.48770236840787,-0.5395249684071447,0
systemic_correlation,30024,breach_targeted,0.6883514562911373,4,1,103.48797785364961,0.0,72.20297932226532,-0.5223011911591241,0
systemic_correlation,30024,early_proportional,0.7278007586936881,3,6,103.48797785364961,0.0,65.69489667132285,-0.5375527416348571,2
systemic_correlation,30024,early_targeted,0.632062424287338,3,1,96.30313458278906,0.0,72.61622317442583,-0.5180344406230936,1
systemic_correlation,30025,breach_proportional,0.371647404138737,2,3,54.292575000000014,0.0,90.10752428461618,-0.3801920858766388,0
systemic_correlation,30025,breach_targeted,0.38192181660264923,2,3,54.292575,0.0,89.40804490711223,-0.3821544656542377,0
systemic_correlation,30025,early_proportional,0.371647404138737,2,3,54.292575000000014,0.0,90.10752428461618,-0.3801920858766388,0
systemic_correlation,30025,early_targeted,0.38192181660264923,2,3,54.292575,0.0,89.40804490711223,-0.3821544656542377,0
systemic_correlation,30026,breach_proportional,0.0149079056020327,1,1,12.0,0.0,89.0130452765675,-0.28402412486698025,0
systemic_correlation,30026,breach_targeted,0.0149079056020327,1,1,12.0,0.0,89.40231516014569,-0.27970928017070673,0
systemic_correlation,30026,early_proportional,0.0,0,0,12.0,0.0,89.43044020844746,-0.28028108847816846,1
systemic_correlation,30026,early_targeted,0.0,0,0,12.0,0.0,89.18882733404463,-0.2842677737380569,1
systemic_correlation,30027,breach_proportional,0.47951408278179697,3,1,80.77909649062502,0.0,69.29105238981514,-0.4949136427975547,0
systemic_correlation,30027,breach_targeted,0.42940044404714106,3,1,80.779096490625,0.0,71.89597163680386,-0.4896318955949648,0
systemic_correlation,30027,early_proportional,0.014463362717879402,2,1,88.74014166609376,0.0,69.2749369045659,-0.48778718557572065,5
systemic_correlation,30027,early_targeted,0.06397085413777504,2,1,88.74014166609375,0.0,69.1071232187977,-0.48895643221922813,5
systemic_correlation,30028,breach_proportional,1.09616668317945,6,10,139.65111954739743,29.337540586430308,38.088842859054694,-0.6312848843091179,0
systemic_correlation,30028,breach_targeted,1.151908405203653,6,10,137.331583344099,23.381465289020856,35.90741770219309,-0.6500797620767574,0
systemic_correlation,30028,early_proportional,0.9112207182827627,5,10,134.36959952357623,24.056020562609113,38.415036472597016,-0.6286636488526243,2
systemic_correlation,30028,early_targeted,0.798332328259451,3,10,142.465004176894,35.14909043470653,35.93168395714386,-0.6473891697382859,8
systemic_correlation,30029,breach_proportional,0.2621412661634639,3,1,72.39904893750001,0.0,56.83333369718257,-0.5104193353558351,0
systemic_correlation,30029,breach_targeted,0.2867529871064236,3,1,72.3990489375,0.0,60.43806416058849,-0.4923051260029908,0
systemic_correlation,30029,early_proportional,0.05273420806338747,2,1,80.77909649062502,8.38004755312501,57.0563574817114,-0.508245712582174,4
systemic_correlation,30029,early_targeted,0.05720927206928961,2,1,80.779096490625,8.380047553125,57.25233561311444,-0.5202819710671185,4
systemic_correlation,30030,breach_proportional,0.010733837945280156,1,1,12.0,0.0,96.51520146218184,-0.3431284333169943,0
systemic_correlation,30030,breach_targeted,0.010733837945280156,1,1,12.0,0.0,97.03305633991596,-0.3344824855017243,0
systemic_correlation,30030,early_proportional,0.0,0,0,12.0,0.0,96.9149921444515,-0.33993037115271585,1
systemic_correlation,30030,early_targeted,0.0,0,0,12.0,0.0,97.69036093338958,-0.3292244816411529,1
systemic_correlation,30031,breach_proportional,0.25236655027288357,2,1,44.5185,0.0,81.83427336304106,-0.4336163772664522,0
systemic_correlation,30031,breach_targeted,0.23522250606531525,2,1,44.518499999999996,0.0,80.1879121075939,-0.4307291230653043,0
systemic_correlation,30031,early_proportional,0.25236655027288357,2,1,44.5185,0.0,81.83427336304106,-0.4336163772664522,0
systemic_correlation,30031,early_targeted,0.23522250606531525,2,1,44.518499999999996,0.0,80.1879121075939,-0.4307291230653043,0
systemic_correlation,30032,breach_proportional,0.48254987234319024,5,1,103.48797785364961,0.0,51.108804715865304,-0.5343918033250714,0
systemic_correlation,30032,breach_targeted,0.43749480922811834,5,1,103.48797785364961,0.0,50.02763020642656,-0.5314512752213301,0
systemic_correlation,30032,early_proportional,0.27916223857391254,3,4,103.48797785364961,0.0,51.35587595968717,-0.5320430708491527,4
systemic_correlation,30032,early_targeted,0.19176896850277414,2,2,96.30313458278906,0.0,52.77204936046016,-0.5159636098583613,5
systemic_correlation,30033,breach_proportional,0.07475120959093795,2,1,44.5185,23.39999999999999,77.5639770772806,-0.3051493185582047,0
systemic_correlation,30033,breach_targeted,0.06371972887487631,2,1,44.518499999999996,23.4,75.83155643549938,-0.29222580208000204,0
systemic_correlation,30033,early_proportional,0.0,0,0,44.5185,34.22999999999999,77.72950401262914,-0.3034977766120178,3
systemic_correlation,30033,early_targeted,0.0002735352822207382,1,1,44.518499999999996,34.23,78.47005271248766,-0.31019469712566183,2
systemic_correlation,30034,breach_proportional,0.0021097472142103113,2,1,23.39999999999999,0.0,86.52566845275234,-0.3366596102449382,0
systemic_correlation,30034,breach_targeted,0.0018924577439445311,1,1,12.0,0.0,89.07332832589793,-0.33298728412321854,0
systemic_correlation,30034,early_proportional,0.0018924577439445311,1,1,23.39999999999999,0.0,86.85959989934582,-0.3339236400124648,1
systemic_correlation,30034,early_targeted,0.0018924577439445311,1,1,23.4,0.0,88.53729747586615,-0.32935316752231303,1
systemic_correlation,30035,breach_proportional,0.15605478765801983,3,7,63.57794625000001,0.0,76.41351099108873,-0.38787097344281407,0
systemic_correlation,30035,breach_targeted,0.12232085839689022,3,4,63.57794625,19.05944625,79.32916816790227,-0.35970853142908243,0
systemic_correlation,30035,early_proportional,0.12096922011179378,2,4,63.57794625000001,9.285371249999997,76.46920910096354,-0.38731640788172106,2
systemic_correlation,30035,early_targeted,0.11569410016363113,2,4,54.292575,0.0,82.12519308302713,-0.3502249817792483,1
systemic_correlation,30036,breach_proportional,0.04696413717629311,1,1,23.39999999999999,0.0,82.68525172495656,-0.31336971142295145,0
systemic_correlation,30036,breach_targeted,0.04696413717629311,1,1,23.4,0.0,80.89140883278714,-0.3282660422318522,0
systemic_correlation,30036,early_proportional,0.019228944592360464,1,1,34.22999999999999,0.0,82.71231899915654,-0.3131449408634236,1
systemic_correlation,30036,early_targeted,0.018049939898443945,1,1,34.23,0.0,84.85360866079311,-0.2953633618318052,1
systemic_correlation,30037,breach_proportional,0.03868422585879949,1,1,23.39999999999999,0.0,111.31281517811689,-0.24718709192184318,0
systemic_correlation,30037,breach_targeted,0.03868422585879949,1,1,23.4,0.0,109.51975348293493,-0.26543244050099146,0
systemic_correlation,30037,early_proportional,0.0,0,0,12.0,0.0,111.32322593153992,-0.24941978704128265,1
systemic_correlation,30037,early_targeted,0.0,0,0,12.0,0.0,110.8926488880964,-0.2552770902571372,1
systemic_correlation,30038,breach_proportional,0.6986921940449031,6,1,128.8101047616592,35.41220474874042,42.13020383711535,-0.5932954203816219,0
systemic_correlation,30038,breach_targeted,0.6784189843519148,6,1,122.95800501227284,23.4,41.06853778927256,-0.6057288181541427,0
systemic_correlation,30038,early_proportional,0.8551532899419114,3,1,122.95800501227285,12.0,41.93586737537404,-0.59589735454857,4
systemic_correlation,30038,early_targeted,0.6056353297410544,4,1,127.43745542318477,17.92434445141133,40.45380621275861,-0.6101064030584541,4
systemic_correlation,30039,breach_proportional,0.48310852800586535,2,1,63.57794625000001,19.059446250000008,78.96113520562527,-0.3713023121238188,0
systemic_correlation,30039,breach_targeted,0.4593136858252689,2,1,68.525,18.525,77.7161734325388,-0.374122584499465,0
systemic_correlation,30039,early_proportional,0.24477145531273514,1,1,63.57794625000001,19.059446250000008,79.57719181000408,-0.36516570178490504,3
systemic_correlation,30039,early_targeted,0.2618281706442849,1,1,63.57794625,19.059446250000004,77.11296899252964,-0.3777886633576879,3
systemic_correlation,30040,breach_proportional,0.12529388278093068,4,1,80.77909649062502,17.20115024062501,60.700489963972124,-0.49935480591040826,0
systemic_correlation,30040,breach_targeted,0.14003933057349682,5,1,96.30313458278906,32.725188332789074,56.53170414079604,-0.5154522237516131,0
systemic_correlation,30040,early_proportional,0.27245205832055186,2,2,88.74014166609376,25.162195416093752,60.08758580800983,-0.5021101645875964,4
systemic_correlation,30040,early_targeted,0.3336317114858014,2,2,96.30313458278906,32.725188332789074,57.474803781154804,-0.5247987768134286,5
systemic_correlation,30041,breach_proportional,0.0,0,0,0.0,0.0,95.36431166065859,-0.2850873615642263,0
systemic_correlation,30041,breach_targeted,0.0,0,0,0.0,0.0,95.36431166065859,-0.2850873615642263,0
systemic_correlation,30041,early_proportional,0.0,0,0,12.0,0.0,95.43822226483397,-0.28280248267998565,1
systemic_correlation,30041,early_targeted,0.0,0,0,12.0,0.0,94.7699909264037,-0.2826526950080922,1
systemic_correlation,30042,breach_proportional,0.013931105855241044,2,4,23.39999999999999,0.0,119.34426774940493,-0.29170234881139423,0
systemic_correlation,30042,breach_targeted,0.013713986791597965,2,4,23.4,0.0,119.48774263670822,-0.29161250803553196,0
systemic_correlation,30042,early_proportional,0.0,0,0,23.39999999999999,0.0,119.87834591558996,-0.28768134166759196,2
systemic_correlation,30042,early_targeted,0.0,0,0,23.4,0.0,120.50766574843173,-0.2874841491756238,2
systemic_correlation,30043,breach_proportional,0.02812780692904937,1,1,23.39999999999999,0.0,95.44445491258558,-0.20585395790996686,0
systemic_correlation,30043,breach_targeted,0.02812780692904937,1,1,23.4,0.0,96.43040919480387,-0.19669353023459313,0
systemic_correlation,30043,early_proportional,0.0,0,0,12.0,0.0,95.67697042088254,-0.20438122478454757,1
systemic_correlation,30043,early_targeted,0.0,0,0,12.0,0.0,96.16630991277455,-0.20555228961206629,1
systemic_correlation,30044,breach_proportional,0.018332577630909785,1,1,23.39999999999999,0.0,111.41070645926408,-0.34898350286095536,0
systemic_correlation,30044,breach_targeted,0.018332577630909785,1,1,23.4,0.0,113.2018003003891,-0.3502536187132823,0
systemic_correlation,30044,early_proportional,0.0,0,0,23.39999999999999,0.0,110.85376627370081,-0.35329767050802796,2
systemic_correlation,30044,early_targeted,0.0,0,0,23.4,0.0,110.37690558315464,-0.3564955493654772,2
systemic_correlation,30045,breach_proportional,0.18890014203152283,1,1,34.22999999999999,0.0,113.53296470650032,-0.4278371576756721,0
systemic_correlation,30045,breach_targeted,0.18890014203152283,1,1,34.23,0.0,114.22283245207521,-0.4278371576756721,0
systemic_correlation,30045,early_proportional,0.0,0,0,23.39999999999999,0.0,116.21412316088316,-0.42267656450578106,2
systemic_correlation,30045,early_targeted,0.0,0,0,23.4,0.0,115.11039710406814,-0.42157158320786414,2
systemic_correlation,30046,breach_proportional,0.0054078294725986575,1,1,12.0,0.0,149.74402297837165,-0.1480803157462578,0
systemic_correlation,30046,breach_targeted,0.0054078294725986575,1,1,12.0,0.0,149.59480655785754,-0.1480803157462578,0
systemic_correlation,30046,early_proportional,0.0,0,0,12.0,0.0,149.13660996449218,-0.1480803157462578,1
systemic_correlation,30046,early_targeted,0.0,0,0,12.0,0.0,148.9979165629165,-0.1480803157462578,1
systemic_correlation,30047,breach_proportional,0.0,0,0,0.0,0.0,121.7066309060245,-0.09878933038710591,0
systemic_correlation,30047,breach_targeted,0.0,0,0,0.0,0.0,121.7066309060245,-0.09878933038710591,0
systemic_correlation,30047,early_proportional,0.0,0,0,0.0,0.0,121.7066309060245,-0.09878933038710591,0
systemic_correlation,30047,early_targeted,0.0,0,0,0.0,0.0,121.7066309060245,-0.09878933038710591,0
systemic_correlation,30048,breach_proportional,0.040814668190867986,2,1,34.22999999999999,22.22999999999999,75.81486948355892,-0.4641828057926657,0
systemic_correlation,30048,breach_targeted,0.023254891712357728,2,1,34.23,22.229999999999997,77.2117457396216,-0.45683683333319236,0
systemic_correlation,30048,early_proportional,0.0,0,0,34.22999999999999,10.829999999999998,76.80818353693712,-0.4566145198988354,3
systemic_correlation,30048,early_targeted,0.0,0,0,34.23,10.829999999999998,77.61582974129195,-0.4470858324572766,3
systemic_correlation,30049,breach_proportional,0.026726811565719433,2,2,34.22999999999999,0.0,84.65511569029216,-0.33281124467341305,0
systemic_correlation,30049,breach_targeted,0.025803322174925536,2,2,34.23,0.0,86.00552272522327,-0.33069561565991157,0
systemic_correlation,30049,early_proportional,0.0,0,0,34.22999999999999,0.0,85.11744000269718,-0.3285903961631572,3
systemic_correlation,30049,early_targeted,0.0,0,0,34.23,0.0,86.1012188746827,-0.32860277391454573,3
systemic_correlation,30050,breach_proportional,1.2707236637749708,3,1,110.31357896096713,0.0,59.83493189705765,-0.5728120703396336,0
systemic_correlation,30050,breach_targeted,1.3149455485858663,2,1,100.33254078125,0.0,60.06189552002853,-0.5641725940598692,0
systemic_correlation,30050,early_proportional,0.8673183757249756,3,1,110.31357896096713,0.0,60.86400222834053,-0.5634087608213689,2
systemic_correlation,30050,early_targeted,1.015169040693534,3,1,108.712588334375,0.0,61.152125738410355,-0.5682896609878986,1
systemic_correlation,30051,breach_proportional,0.012634973968161156,1,1,12.0,0.0,132.7315358583459,-0.2281931975319501,0
systemic_correlation,30051,breach_targeted,0.012634973968161156,1,1,12.0,0.0,131.90093426935755,-0.2281931975319501,0
systemic_correlation,30051,early_proportional,0.0,0,0,23.39999999999999,0.0,131.7351235836103,-0.2288016235079684,2
systemic_correlation,30051,early_targeted,0.0,0,0,23.4,0.0,131.61921389527325,-0.2288016235079684,2
systemic_correlation,30052,breach_proportional,0.03980248328233282,1,1,23.39999999999999,0.0,93.36287298719473,-0.3520455366923123,0
systemic_correlation,30052,breach_targeted,0.03980248328233282,1,1,23.4,0.0,89.89364805359237,-0.3576746856058505,0
systemic_correlation,30052,early_proportional,0.0,0,0,23.39999999999999,0.0,94.05429802154516,-0.34607672969218894,2
systemic_correlation,30052,early_targeted,0.0,0,0,23.4,0.0,95.41975059031579,-0.34726866094412534,2
systemic_correlation,30053,breach_proportional,0.3402913500442466,4,1,88.74014166609376,39.74109272859374,54.97160291656581,-0.46564059234678157,0
systemic_correlation,30053,breach_targeted,0.2739112199917537,4,1,80.779096490625,23.4,56.90932272613979,-0.4682440431998791,0
systemic_correlation,30053,early_proportional,0.021456534174946196,2,1,88.74014166609376,19.96104517546874,55.49033092027947,-0.4604533123096449,5
systemic_correlation,30053,early_targeted,0.0,0,0,88.74014166609375,19.961045175468747,56.49478923801266,-0.4625555487034819,9
systemic_correlation,30054,breach_proportional,0.9460972575324051,8,4,153.96337862194986,65.22323695585611,30.392712570330477,-0.7280098857967193,0
systemic_correlation,30054,breach_targeted,1.194607184576855,8,4,151.97466626964686,66.73085376964686,31.374494769350115,-0.7192237318193089,0
systemic_correlation,30054,early_proportional,0.5728878882052535,4,1,153.9633786219499,65.22323695585611,30.588214151533396,-0.7262603052920094,10
systemic_correlation,30054,early_targeted,0.5841982980568963,5,4,142.46500417689407,65.36625417689403,33.94175501077475,-0.6962488359577174,6
systemic_correlation,30055,breach_proportional,0.08088528099709369,1,1,23.39999999999999,0.0,81.15386157218552,-0.29306223138637544,0
systemic_correlation,30055,breach_targeted,0.08088528099709369,1,1,23.4,0.0,82.42940916895954,-0.293718688222839,0
systemic_correlation,30055,early_proportional,0.0,0,0,23.39999999999999,12.0,81.24748683702626,-0.28331751099086944,2
systemic_correlation,30055,early_targeted,0.0,0,0,23.4,12.0,81.73648678429609,-0.2783207387758001,2
systemic_correlation,30056,breach_proportional,0.0,0,0,0.0,0.0,107.61312659314927,-0.23370208940142856,0
systemic_correlation,30056,breach_targeted,0.0,0,0,0.0,0.0,107.61312659314927,-0.23370208940142856,0
systemic_correlation,30056,early_proportional,0.0,0,0,12.0,0.0,107.9965758219988,-0.2298654244243966,1
systemic_correlation,30056,early_targeted,0.0,0,0,12.0,0.0,107.47702848478093,-0.23322527273922167,1
systemic_correlation,30057,breach_proportional,0.0029199455585928735,1,1,12.0,0.0,142.72958542049017,-0.2639310800921587,0
systemic_correlation,30057,breach_targeted,0.0029199455585928735,1,1,12.0,0.0,142.8728236631228,-0.2639310800921587,0
systemic_correlation,30057,early_proportional,0.0,0,0,12.0,0.0,141.93981858213542,-0.2639310800921587,1
systemic_correlation,30057,early_targeted,0.0,0,0,12.0,0.0,142.23612403424144,-0.2639310800921587,1
systemic_correlation,30058,breach_proportional,0.0,0,0,0.0,0.0,133.92119909914564,-0.12251019595264578,0
systemic_correlation,30058,breach_targeted,0.0,0,0,0.0,0.0,133.92119909914564,-0.12251019595264578,0
systemic_correlation,30058,early_proportional,0.0,0,0,12.0,0.0,133.84094418720534,-0.12251019595264578,1
systemic_correlation,30058,early_targeted,0.0,0,0,12.0,0.0,131.66873945962493,-0.12251019595264578,1
systemic_correlation,30059,breach_proportional,0.4524023151665908,5,1,110.31357896096713,0.0,57.45103395950723,-0.5432146810877541,0
systemic_correlation,30059,breach_targeted,0.6589126538079899,5,1,110.31357896096713,0.0,54.46909171867145,-0.5514482093868831,0
systemic_correlation,30059,early_proportional,0.5923877718081432,3,1,110.31357896096713,0.0,57.10245198820358,-0.5465968818994779,3
systemic_correlation,30059,early_targeted,0.6328574659924682,3,1,110.31357896096712,0.0,57.13964476741684,-0.5485842241365926,3
systemic_correlation,30060,breach_proportional,0.07876613867121962,2,1,44.5185,21.11850000000001,75.06142374365395,-0.4432297869582724,0
systemic_correlation,30060,breach_targeted,0.025942216086569547,1,1,23.4,0.0,77.46177556428589,-0.4235620314355466,0
systemic_correlation,30060,early_proportional,0.043846963355368196,1,1,44.5185,21.11850000000001,75.27067262037627,-0.4415612750003459,2
systemic_correlation,30060,early_targeted,0.026512720498180542,1,1,44.518499999999996,21.118499999999997,74.37818156817204,-0.4396335930921281,2
systemic_correlation,30061,breach_proportional,0.03330109620525179,1,1,23.39999999999999,0.0,91.20652939786031,-0.27349942475699796,0
systemic_correlation,30061,breach_targeted,0.03330109620525179,1,1,23.4,0.0,92.00159190129598,-0.26716639827398714,0
systemic_correlation,30061,early_proportional,0.0,0,0,23.39999999999999,0.0,91.99763741499935,-0.2671978975162921,2
systemic_correlation,30061,early_targeted,0.0,0,0,23.4,0.0,92.86799835673135,-0.2602650854795677,2
systemic_correlation,30062,breach_proportional,0.00226721344019587,1,1,12.0,0.0,117.51236672645965,-0.24002941657512333,0
systemic_correlation,30062,breach_targeted,0.00226721344019587,1,1,12.0,0.0,118.0002669831062,-0.24002941657512333,0
systemic_correlation,30062,early_proportional,0.0,0,0,12.0,0.0,116.50600083655706,-0.2372217089066877,1
systemic_correlation,30062,early_targeted,0.0,0,0,12.0,0.0,116.36959306963459,-0.2381671482570914,1
systemic_correlation,30063,breach_proportional,0.03069822930175059,1,1,23.39999999999999,0.0,105.25948398346223,-0.28632773484317275,0
systemic_correlation,30063,breach_targeted,0.03069822930175059,1,1,23.4,0.0,102.91663518392652,-0.28868631137311507,0
systemic_correlation,30063,early_proportional,0.0,0,0,12.0,0.0,106.026369507838,-0.28316269861941645,1
systemic_correlation,30063,early_targeted,0.0,0,0,12.0,0.0,105.6910669237542,-0.2781303623702115,1
systemic_correlation,30064,breach_proportional,0.005891631735492009,1,1,23.39999999999999,0.0,81.49982936546947,-0.3113314720299104,0
systemic_correlation,30064,breach_targeted,0.005891631735492009,1,1,23.4,0.0,80.50450214405573,-0.32457230623105393,0
systemic_correlation,30064,early_proportional,0.0,0,0,34.22999999999999,22.83,81.09825121768907,-0.32207695144976467,3
systemic_correlation,30064,early_targeted,0.0,0,0,34.23,22.83,79.1187586149629,-0.3238526803834806,3
systemic_correlation,30065,breach_proportional,0.0047809155801481484,1,1,12.0,0.0,109.73759517741661,-0.34470327148814606,0
systemic_correlation,30065,breach_targeted,0.0047809155801481484,1,1,12.0,0.0,109.7479189976492,-0.34470327148814606,0
systemic_correlation,30065,early_proportional,0.0,0,0,12.0,0.0,109.69932220042688,-0.3436988799165065,1
systemic_correlation,30065,early_targeted,0.0,0,0,12.0,0.0,107.3454794172955,-0.3442766768964731,1
systemic_correlation,30066,breach_proportional,0.00354429479606555,1,1,12.0,0.0,135.8670535194989,-0.1872091876699522,0
systemic_correlation,30066,breach_targeted,0.00354429479606555,1,1,12.0,0.0,137.1720694070672,-0.1872091876699522,0
systemic_correlation,30066,early_proportional,0.0,0,0,12.0,0.0,135.97195422125955,-0.18489147117780458,1
systemic_correlation,30066,early_targeted,0.0,0,0,12.0,0.0,134.8023225249219,-0.1845358820555909,1
systemic_correlation,30067,breach_proportional,1.491494903944857,8,18,158.26520969085237,0.0,32.43384334630962,-0.7296690540654254,0
systemic_correlation,30067,breach_targeted,1.1759378545325054,8,18,153.96337862194986,0.0,32.9895134242787,-0.7208899396037481,0
systemic_correlation,30067,early_proportional,0.9771270291128142,6,2,158.26520969085237,0.0,32.90615191376006,-0.7253411772433213,5
systemic_correlation,30067,early_targeted,0.8132551505361416,7,6,153.9633786219499,0.0,33.64179627128711,-0.7152272487745975,3
systemic_correlation,30068,breach_proportional,0.16987587918473512,3,1,54.292575000000014,20.062575000000024,63.28364735335558,-0.45145264666814156,0
systemic_correlation,30068,breach_targeted,0.16844165311425696,3,1,54.292575,20.062575000000002,62.612448390165234,-0.4592931116556541,0
systemic_correlation,30068,early_proportional,0.0,0,0,63.57794625000001,29.34794625000002,64.0368615184581,-0.4448614043626491,6
systemic_correlation,30068,early_targeted,0.0,0,0,54.292575,20.062575,64.18269814611726,-0.4429443208798264,5
systemic_correlation,30069,breach_proportional,0.03247484643893417,2,6,34.22999999999999,0.0,104.19802919302579,-0.3037058430822278,0
systemic_correlation,30069,breach_targeted,0.0338720395605534,2,6,34.23,0.0,102.34255582148589,-0.31101639293580585,0
systemic_correlation,30069,early_proportional,0.0,0,0,23.39999999999999,0.0,103.7095868164321,-0.30411936165893116,2
systemic_correlation,30069,early_targeted,0.0,0,0,23.4,0.0,104.02385564924622,-0.3119555025162225,2
systemic_correlation,30070,breach_proportional,0.4903740945593875,4,1,96.30313458278907,23.39999999999999,57.24827256008578,-0.5125168690513433,0
systemic_correlation,30070,breach_targeted,0.6920295167197206,4,1,103.35028643749999,23.4,53.345716943083204,-0.5347587680744412,0
systemic_correlation,30070,early_proportional,0.4048374998834894,3,1,103.48797785364961,41.41484327086053,57.10638788350542,-0.5096857360845369,3
systemic_correlation,30070,early_targeted,0.40401196932407935,4,1,103.4879778536496,34.23,56.870114682478125,-0.5112798473706384,2
systemic_correlation,30071,breach_proportional,0.06146947412920145,1,1,23.39999999999999,0.0,110.38124708454919,-0.26723892002896155,0
systemic_correlation,30071,breach_targeted,0.06146947412920145,1,1,23.4,0.0,109.06196753969057,-0.26723892002896155,0
systemic_correlation,30071,early_proportional,0.0,0,0,23.39999999999999,12.0,110.62317411952426,-0.25626812764522944,2
systemic_correlation,30071,early_targeted,0.0,0,0,23.4,12.0,109.26120307914057,-0.2577457580996557,2
systemic_correlation,30072,breach_proportional,1.2192110956855515,5,12,134.36959952357626,0.0,41.34259406752998,-0.6395174350841946,0
systemic_correlation,30072,breach_targeted,1.2008019365317053,5,12,134.36959952357623,0.0,40.5593547569908,-0.6332958724607762,0
systemic_correlation,30072,early_proportional,0.77145663188502,4,9,134.36959952357626,0.0,42.02584794117167,-0.6329420540311548,3
systemic_correlation,30072,early_targeted,0.8041736646897966,4,9,134.36959952357623,0.0,42.128490108643746,-0.6259020795417721,3
systemic_correlation,30073,breach_proportional,0.8237529555735184,7,1,139.65111954739743,34.241014785738216,38.37981819239026,-0.6409451954116768,0
systemic_correlation,30073,breach_targeted,0.6656032825918325,8,1,139.65111954739743,34.24101478573823,39.78969344826949,-0.632545134526535,0
systemic_correlation,30073,early_proportional,0.12769277089697884,4,1,134.36959952357623,39.78949476191702,39.21751851297463,-0.6338704752234952,8
systemic_correlation,30073,early_targeted,0.36925258815242534,4,1,144.66856357002757,44.52896404645132,34.16256743862363,-0.6646990306373863,9
systemic_correlation,30074,breach_proportional,0.018875057095348424,1,1,23.39999999999999,0.0,120.4738207842351,-0.21949564230656227,0
systemic_correlation,30074,breach_targeted,0.018875057095348424,1,1,23.4,0.0,123.70452242435982,-0.21949564230656227,0
systemic_correlation,30074,early_proportional,0.0,0,0,12.0,0.0,121.72718117700514,-0.22019076869198784,1
systemic_correlation,30074,early_targeted,0.0,0,0,12.0,0.0,122.73351760483587,-0.22019076869198784,1
systemic_correlation,30075,breach_proportional,0.08429102132738742,2,1,44.5185,21.11850000000001,76.98212890394164,-0.37971887848050234,0
systemic_correlation,30075,breach_targeted,0.1500125602179595,2,1,44.518499999999996,21.118499999999997,79.18393920737823,-0.3929114132678042,0
systemic_correlation,30075,early_proportional,0.07496759357283667,1,1,54.292575000000014,42.292575000000014,75.68643602929451,-0.3807251769950436,3
systemic_correlation,30075,early_targeted,0.05082285399448905,1,1,54.292575,42.292575,75.90790501304402,-0.3885119951159347,3
systemic_correlation,30076,breach_proportional,0.6435875811346694,5,1,116.79790001291877,13.30992215926917,56.606936680010456,-0.5787056572947912,0
systemic_correlation,30076,breach_targeted,0.5984799128404612,5,1,110.31357896096712,14.010444378178068,60.688940872969695,-0.5578196539441823,0
systemic_correlation,30076,early_proportional,0.2493790153802551,3,1,110.31357896096713,6.825601107317517,57.68922866535421,-0.5743944955983258,5
systemic_correlation,30076,early_targeted,0.2882940315721969,3,1,110.31357896096712,6.825601107317521,58.07896409115527,-0.5624632815832312,5
systemic_correlation,30077,breach_proportional,0.03580040883876867,3,1,54.292575000000014,42.292575000000014,67.01745081316095,-0.4693355781856312,0
systemic_correlation,30077,breach_targeted,0.05965163107848115,3,1,54.292575,42.292575,68.88245437853446,-0.4550279467419769,0
systemic_correlation,30077,early_proportional,0.0,0,0,54.292575000000014,30.892575000000022,67.36384332437292,-0.46652956430687,5
systemic_correlation,30077,early_targeted,0.0,0,0,54.292575,30.892575,68.55382865828062,-0.456777609333489,5
systemic_correlation,30078,breach_proportional,0.0,0,0,0.0,0.0,121.98206302477966,-0.18345995570227958,0
systemic_correlation,30078,breach_targeted,0.0,0,0,0.0,0.0,121.98206302477966,-0.18345995570227958,0
systemic_correlation,30078,early_proportional,0.0,0,0,12.0,0.0,121.98031431683125,-0.18325892181434478,1
systemic_correlation,30078,early_targeted,0.0,0,0,12.0,0.0,121.80036296564528,-0.18401930586377557,1
systemic_correlation,30079,breach_proportional,0.27992754798361363,5,5,96.30313458278907,32.72518833278906,48.52492324340086,-0.570620907600025,0
systemic_correlation,30079,breach_targeted,0.2593579334744873,5,5,96.30313458278906,32.725188332789074,50.34847500296305,-0.5542895784006345,0
systemic_correlation,30079,early_proportional,0.32045677381954407,2,2,103.48797785364961,31.088928916149598,47.81057726405543,-0.5705025924866293,6
systemic_correlation,30079,early_targeted,0.27294096867313655,2,2,103.4879778536496,31.088928916149616,47.887730143036976,-0.5722966135398679,6
systemic_correlation,30080,breach_proportional,0.46964822422404273,4,1,88.74014166609376,23.39999999999999,59.798403373719225,-0.4587423167465803,0
systemic_correlation,30080,breach_targeted,0.3079154755403888,4,1,88.74014166609375,23.4,62.48211356827673,-0.4504325269720939,0
systemic_correlation,30080,early_proportional,0.28663178782916443,3,1,88.74014166609376,12.0,60.09755000936363,-0.455770975278351,3
systemic_correlation,30080,early_targeted,0.2603447862451653,4,1,88.74014166609375,12.0,59.69441798751041,-0.45208232166177975,1
systemic_correlation,30081,breach_proportional,0.1268143066148264,1,1,23.39999999999999,0.0,118.21163095807808,-0.2941935470502107,0
systemic_correlation,30081,breach_targeted,0.1268143066148264,1,1,23.4,0.0,118.18315544262364,-0.2941935470502107,0
systemic_correlation,30081,early_proportional,0.0,0,0,23.39999999999999,0.0,118.47940939587698,-0.2917266716743848,2
systemic_correlation,30081,early_targeted,0.0,0,0,23.4,0.0,116.26211409523636,-0.2930111532192412,2
systemic_correlation,30082,breach_proportional,0.002107549915457696,1,1,12.0,0.0,126.65974863169016,-0.16746838502740635,0
systemic_correlation,30082,breach_targeted,0.002107549915457696,1,1,12.0,0.0,127.61791330056535,-0.16746838502740635,0
systemic_correlation,30082,early_proportional,0.0,0,0,12.0,0.0,127.024668274501,-0.16746838502740635,1
systemic_correlation,30082,early_targeted,0.0,0,0,12.0,0.0,127.59486494297066,-0.16746838502740635,1
systemic_correlation,30083,breach_proportional,0.03139688256913087,1,1,23.39999999999999,0.0,119.46285821502414,-0.22767609566403024,0
systemic_correlation,30083,breach_targeted,0.03139688256913087,1,1,23.4,0.0,119.13218464466763,-0.22767609566403024,0
systemic_correlation,30083,early_proportional,0.0,0,0,12.0,0.0,120.53579358959088,-0.22552243627031432,1
systemic_correlation,30083,early_targeted,0.0,0,0,12.0,0.0,120.42016822937693,-0.22512416181063155,1
systemic_correlation,30084,breach_proportional,0.49756944839883577,3,7,80.77909649062502,0.0,67.40371340495292,-0.45076353731556174,0
systemic_correlation,30084,breach_targeted,0.5766258399831137,3,5,85.2438125,0.0,65.12103313396034,-0.4558755812842914,0
systemic_correlation,30084,early_proportional,0.457543738640402,1,1,80.77909649062502,0.0,67.35141203719945,-0.4512755108435743,3
systemic_correlation,30084,early_targeted,0.457543738640402,1,1,85.24381250000002,0.0,65.96373239021038,-0.46041029937522093,4
systemic_correlation,30085,breach_proportional,0.23120612495797577,2,1,44.5185,0.0,87.7467166155441,-0.46770535726397344,0
systemic_correlation,30085,breach_targeted,0.18755682493901693,2,1,44.518499999999996,0.0,91.11866681101775,-0.4601423230288847,0
systemic_correlation,30085,early_proportional,0.0,0,0,44.5185,0.0,88.22243901449355,-0.4640495430334248,4
systemic_correlation,30085,early_targeted,0.0,0,0,44.518499999999996,0.0,90.53353755438201,-0.4582528553363916,4
systemic_correlation,30086,breach_proportional,0.4864942617992547,4,8,96.30313458278907,0.0,77.87247068363712,-0.5312690461312229,0
systemic_correlation,30086,breach_targeted,0.5064958433066904,4,8,96.30313458278906,0.0,72.98489825284513,-0.5292307299523509,0
systemic_correlation,30086,early_proportional,0.49097812193190205,3,1,103.48797785364961,0.0,76.29012439806802,-0.5323317732287576,3
systemic_correlation,30086,early_targeted,0.3983205468602957,3,1,103.4879778536496,0.0,72.98083736285646,-0.5299279702811459,3
systemic_correlation,30087,breach_proportional,0.491257181936688,7,9,122.95800501227285,36.04442605130571,43.18717235747632,-0.6058972402158874,0
systemic_correlation,30087,breach_targeted,0.29622389088756895,7,9,122.95800501227282,36.044426051305706,44.15299600757318,-0.5946123854214039,0
systemic_correlation,30087,early_proportional,0.1040175507194756,3,5,122.95800501227285,29.56010499935406,43.57252409902549,-0.6021355422224026,8
systemic_correlation,30087,early_targeted,0.11198171343034158,4,5,122.95800501227284,29.56010499935406,42.90121742228797,-0.6044318798365793,5
systemic_correlation,30088,breach_proportional,0.8499613992658013,5,1,116.79790001291877,0.0,60.814561300439316,-0.5959458143689276,0
systemic_correlation,30088,breach_targeted,0.7510285265554084,5,1,116.79790001291876,0.0,62.0022542120911,-0.5810439501850287,0
systemic_correlation,30088,early_proportional,0.5351346702637496,4,1,116.79790001291877,0.0,61.246941410409725,-0.5919168984240919,4
systemic_correlation,30088,early_targeted,0.5432064157759253,4,1,116.79790001291876,0.0,60.64518821334803,-0.5887436625314296,4
systemic_correlation,30089,breach_proportional,0.9245966869178743,6,5,134.36959952357626,11.411594511303392,40.46155270930402,-0.6311312687700503,0
systemic_correlation,30089,breach_targeted,0.75897436044125,5,5,120.25261215232422,12.936698410136717,45.47364248531445,-0.6048210907693486,0
systemic_correlation,30089,early_proportional,0.2947850636227831,4,5,128.8101047616592,5.852099749386362,41.27405418019273,-0.6243801306020641,6
systemic_correlation,30089,early_targeted,0.31903468391403234,3,5,122.9580050122728,6.160104999354061,43.21794652184666,-0.611451777581433,7
systemic_correlation,30090,breach_proportional,0.5392119294618443,5,6,103.48797785364961,0.0,54.946758928318424,-0.546574695390611,0
systemic_correlation,30090,breach_targeted,0.4019758176469539,5,4,103.48797785364961,0.0,56.03963183130264,-0.5354700942829953,0
systemic_correlation,30090,early_proportional,0.38734187270766407,3,4,103.48797785364961,0.0,55.18679505340469,-0.5442967163446821,4
systemic_correlation,30090,early_targeted,0.30315938661714936,3,4,103.4879778536496,0.0,56.56588091548229,-0.5365547761627384,4
systemic_correlation,30091,breach_proportional,0.6367418255072335,8,6,144.66856357002757,48.36542898723849,33.39488722184344,-0.6802718187634565,0
systemic_correlation,30091,breach_targeted,0.8120211188747484,8,6,144.66856357002754,48.36542898723849,34.8071603787594,-0.6665652619086565,0
systemic_correlation,30091,early_proportional,0.11877205827857296,2,6,144.66856357002754,48.36542898723849,33.85414741113097,-0.6758705787780888,14
systemic_correlation,30091,early_targeted,0.19577365020945248,3,6,144.66856357002757,48.36542898723849,34.51809227495142,-0.6692018784061862,12
systemic_correlation,30092,breach_proportional,0.9064140095558448,5,9,128.8101047616592,0.0,51.75423842763019,-0.6050654676442715,0
systemic_correlation,30092,breach_targeted,0.8597260759136827,5,9,122.95800501227284,0.0,49.89944742854455,-0.5960075545835554,0
systemic_correlation,30092,early_proportional,0.7243940395902597,5,9,128.8101047616592,0.0,51.93636950841583,-0.6032441568364152,1
systemic_correlation,30092,early_targeted,0.8674237534835343,4,9,128.81010476165918,0.0,48.89984166293824,-0.6056263061822117,3
systemic_correlation,30093,breach_proportional,0.050042383240889166,1,1,23.39999999999999,0.0,122.77160010135015,-0.27517091920716763,0
systemic_correlation,30093,breach_targeted,0.050042383240889166,1,1,23.4,0.0,119.24894947287079,-0.27517091920716763,0
systemic_correlation,30093,early_proportional,0.0,0,0,12.0,0.0,125.31327609497318,-0.27319551596566105,1
systemic_correlation,30093,early_targeted,0.0,0,0,12.0,0.0,123.50872589319414,-0.27317763863329536,1
systemic_correlation,30094,breach_proportional,0.0516102937327001,1,1,23.39999999999999,0.0,98.17185166610984,-0.22021959081994513,0
systemic_correlation,30094,breach_targeted,0.0516102937327001,1,1,23.4,0.0,95.34692088026598,-0.2226707157215796,0
systemic_correlation,30094,early_proportional,0.0,0,0,23.39999999999999,12.0,98.31438433476667,-0.21879426413337688,2
systemic_correlation,30094,early_targeted,0.0,0,0,23.4,12.0,98.461106287393,-0.21746999673898149,2
systemic_correlation,30095,breach_proportional,0.17493229724834114,3,4,63.57794625000001,0.0,82.54807323790395,-0.4061497598949405,0
systemic_correlation,30095,breach_targeted,0.1967602880971575,3,4,63.57794625,0.0,83.66447751107555,-0.4094534619401261,0
systemic_correlation,30095,early_proportional,0.08585492039251319,1,1,54.292575000000014,0.0,83.70344284428855,-0.40422333391190923,3
systemic_correlation,30095,early_targeted,0.08620014482478089,1,1,54.292575,0.0,83.46241010361268,-0.40390397453359705,3
systemic_correlation,30096,breach_proportional,1.391594478848583,7,1,149.4351353915262,0.0,35.590416486204866,-0.67545828250114,0
systemic_correlation,30096,breach_targeted,0.9816404966815431,7,1,142.8938289609671,10.490694378178066,37.67191643290689,-0.6565635281227791,0
systemic_correlation,30096,early_proportional,1.1386327901651465,5,13,144.66856357002754,12.0,36.28772408019608,-0.6698700396187238,4
systemic_correlation,30096,early_targeted,0.8491970069917798,5,13,142.8938289609671,12.0,36.70737064966917,-0.6646556948500972,5
systemic_correlation,30097,breach_proportional,0.0,0,0,0.0,0.0,95.51135232276427,-0.22187063445513944,0
systemic_correlation,30097,breach_targeted,0.0,0,0,0.0,0.0,95.51135232276427,-0.22187063445513944,0
systemic_correlation,30097,early_proportional,0.0,0,0,12.0,0.0,94.77656489657022,-0.21358860731091012,1
systemic_correlation,30097,early_targeted,0.0,0,0,12.0,0.0,92.84716624300232,-0.22627817514860926,1
systemic_correlation,30098,breach_proportional,0.44399262870633427,2,1,63.57794625000001,0.0,90.79904224988046,-0.36842625944377083,0
systemic_correlation,30098,breach_targeted,0.42164774374740643,2,1,54.292575,0.0,92.37062357984053,-0.36360033762292876,0
systemic_correlation,30098,early_proportional,0.31515046594942664,1,1,63.57794625000001,0.0,91.08201243167086,-0.36566881429440823,2
systemic_correlation,30098,early_targeted,0.2913061600045639,1,1,54.292575,0.0,97.80920864694025,-0.3605134028894864,2
systemic_correlation,30099,breach_proportional,0.007085782569289711,1,1,12.0,0.0,102.50320988996651,-0.23370879099507635,0
systemic_correlation,30099,breach_targeted,0.007085782569289711,1,1,12.0,0.0,102.82872912151035,-0.23439772560750338,0
systemic_correlation,30099,early_proportional,0.0,0,0,12.0,12.0,101.0920074650216,-0.23143111119841653,1
systemic_correlation,30099,early_targeted,0.0,0,0,12.0,12.0,100.48917885793155,-0.23078217294042136,1
combined,30000,breach_proportional,0.07643211382620929,2,1,44.5185,37.09875,88.80395893861916,-0.28144099870517436,0
combined,30000,breach_targeted,0.09622306648312107,3,1,54.292575,44.518499999999996,86.40307872606898,-0.2861044383364457,0
combined,30000,early_proportional,0.061282901098769216,1,1,54.292575000000014,45.24381250000001,89.44041855045977,-0.27292755425172965,3
combined,30000,early_targeted,0.061282901098769216,1,1,54.292575,44.518499999999996,87.33739331184886,-0.27750196269802463,3
combined,30001,breach_proportional,0.29948039250287184,3,1,72.39904893750001,60.33254078125001,65.6391114027307,-0.44832841922158984,0
combined,30001,breach_targeted,0.19031555011281298,4,1,72.3990489375,38.169048937499994,67.2215379717063,-0.4412984858509206,0
combined,30001,early_proportional,0.11309666368284066,2,1,72.39904893750001,61.80272456250001,65.94262056053205,-0.44550519632232044,3
combined,30001,early_targeted,0.10795577070371809,2,1,72.3990489375,48.9990489375,67.90204681419462,-0.4377700335568203,4
combined,30002,breach_proportional,0.06967638019768563,2,1,44.5185,37.09875,75.45525804797357,-0.39007229949524114,0
combined,30002,breach_targeted,0.06747127431292255,3,1,44.518499999999996,22.229999999999997,74.23960842185586,-0.3985048913959618,0
combined,30002,early_proportional,0.0605317073206979,1,1,44.5185,37.09875,75.04795018973688,-0.39361761158305797,2
combined,30002,early_targeted,0.0605317073206979,1,1,44.518499999999996,22.229999999999997,72.74717646141849,-0.40863263870357625,3
combined,30003,breach_proportional,0.07158897054253066,2,1,44.5185,37.09875,94.26144525947046,-0.3218518599330925,0
combined,30003,breach_targeted,0.07464500085509806,2,1,23.4,0.0,92.8174132481915,-0.32924211942697246,0
combined,30003,early_proportional,0.06697459544468087,1,1,44.5185,37.09875,93.31252747099202,-0.33013317207956216,2
combined,30003,early_targeted,0.06697459544468087,1,1,34.23,10.829999999999998,92.16198137557912,-0.33243761948901485,2
combined,30004,breach_proportional,0.06255961202485583,2,1,44.5185,37.09875,123.03393383661586,-0.15292734691080878,0
combined,30004,breach_targeted,0.06380112565905727,2,1,23.4,0.0,125.41547739310552,-0.15292734691080878,0
combined,30004,early_proportional,0.0576923076923076,1,1,44.5185,37.09875,122.84261574235299,-0.15292734691080878,2
combined,30004,early_targeted,0.0576923076923076,1,1,23.4,0.0,125.44804184709842,-0.15292734691080878,1
combined,30005,breach_proportional,0.09587181742016748,3,1,63.57794625000001,52.98162187500001,66.65765188233733,-0.3898216736867538,0
combined,30005,breach_targeted,0.3095111275315474,3,1,62.23,22.229999999999997,66.3201992705049,-0.40782759507089994,0
combined,30005,early_proportional,0.19715535017977248,2,1,63.57794625000001,52.98162187500001,65.65036733250544,-0.3996073425963279,2
combined,30005,early_targeted,0.3095111275315474,3,1,71.1185,31.118499999999997,65.91641581978176,-0.408276619702728,1
combined,30006,breach_proportional,0.17541222656772681,4,1,80.77909649062502,73.35934649062503,56.631446758091144,-0.47798978424683847,0
combined,30006,breach_targeted,0.10765271314397507,5,1,80.779096490625,58.490596490625,55.506974573363806,-0.4924671627421565,0
combined,30006,early_proportional,0.1052980423823725,2,1,80.77909649062502,71.73033399062501,57.301714826565046,-0.47169591381323117,4
combined,30006,early_targeted,0.08447644115068609,2,1,88.74014166609375,65.34014166609376,54.75889863725822,-0.49570955434054786,6
combined,30007,breach_proportional,0.04375447735648619,3,1,63.57794625000001,60.05819625000001,65.41523264451361,-0.37561123755990133,0
combined,30007,breach_targeted,0.015575116932555977,3,1,50.0,40.0,68.86830640935831,-0.35021472546245747,0
combined,30007,early_proportional,0.0,0,0,63.57794625000001,60.05819625000001,65.02295363245925,-0.379534027680445,6
combined,30007,early_targeted,0.0,0,0,54.292575,44.004075,67.70690658834154,-0.3555718300371872,5
combined,30008,breach_proportional,0.1116477912327265,2,1,44.5185,37.09875,114.91795101863414,-0.17178058318779077,0
combined,30008,breach_targeted,0.08652404078171705,2,1,44.518499999999996,34.23,121.14806092324997,-0.17490575323267743,0
combined,30008,early_proportional,0.08280784738803604,1,1,54.292575000000014,45.24381250000001,114.72538121448932,-0.16949025614077218,3
combined,30008,early_targeted,0.08280784738803604,1,1,54.292575,54.292575,119.89517725389852,-0.17139911157930432,2
combined,30009,breach_proportional,0.06757349850255578,2,1,44.5185,37.09875,80.66728480909934,-0.28308587276268105,0
combined,30009,breach_targeted,0.06586759566530476,3,1,54.292575,42.292575,78.61651884108485,-0.31044792291869117,0
combined,30009,early_proportional,0.06280419186878283,1,1,44.5185,37.09875,80.2417537059362,-0.28696818976576366,2
combined,30009,early_targeted,0.06280419186878283,1,1,44.518499999999996,22.229999999999997,81.4063490782488,-0.2862501637206982,3
combined,30010,breach_proportional,0.06509953853962103,2,1,44.5185,37.09875,109.30063821791364,-0.13857801290282523,0
combined,30010,breach_targeted,0.0662954737465854,2,1,44.518499999999996,44.518499999999996,109.91046986446966,-0.13962192544317553,0
combined,30010,early_proportional,0.06107430396496705,1,1,44.5185,37.09875,108.48639762184042,-0.14467132813510253,2
combined,30010,early_targeted,0.06107430396496705,1,1,54.292575,54.292575,109.61561358360599,-0.1364672698465551,3
combined,30011,breach_proportional,0.06950664892807379,2,1,44.5185,37.09875,102.31369716155343,-0.15093198862508916,0
combined,30011,breach_targeted,0.05970701743494722,2,1,34.23,23.4,103.82717384137361,-0.15439973411510222,0
combined,30011,early_proportional,0.0576923076923076,1,1,44.5185,37.09875,103.06924504929817,-0.1506382107188874,2
combined,30011,early_targeted,0.0576923076923076,1,1,44.518499999999996,23.4,104.62247397298832,-0.15418580750286226,2
combined,30012,breach_proportional,0.07610067142658816,2,1,44.5185,37.09875,79.93420952140613,-0.2981399787934197,0
combined,30012,breach_targeted,0.069462274866671,3,1,54.292575,44.518499999999996,80.5769895745357,-0.2995900869079625,0
combined,30012,early_proportional,0.0,0,0,54.292575000000014,47.24381250000001,79.23299679944267,-0.3005581655225341,5
combined,30012,early_targeted,0.0,0,0,54.292575,44.518499999999996,77.29909521524841,-0.3133361113271601,5
combined,30013,breach_proportional,0.07571941137167315,2,1,44.5185,37.09875,105.12956009505368,-0.19435830716530433,0
combined,30013,breach_targeted,0.07398338681328476,2,1,34.23,22.229999999999997,104.52298304704325,-0.1973862475628284,0
combined,30013,early_proportional,0.0576923076923076,1,1,44.5185,37.09875,105.99377048923417,-0.19194997312273776,2
combined,30013,early_targeted,0.0576923076923076,1,1,34.23,22.229999999999997,104.50220145146682,-0.19758328131315606,2
combined,30014,breach_proportional,0.0592430402106886,2,1,44.5185,37.09875,112.89053639638615,-0.12131555327366583,0
combined,30014,breach_targeted,0.07342120167867472,2,1,34.23,22.229999999999997,114.64801993964512,-0.12794833755527413,0
combined,30014,early_proportional,0.0576923076923076,1,1,44.5185,37.09875,113.7329564862635,-0.11663221047224193,2
combined,30014,early_targeted,0.0576923076923076,1,1,34.23,11.399999999999999,114.64041335317005,-0.12403561189240442,2
combined,30015,breach_proportional,0.058257707713747386,2,1,44.5185,37.09875,124.69627558026178,-0.14843094060277795,0
combined,30015,breach_targeted,0.06494436659359848,3,1,63.57794625,63.57794625,124.97385578476963,-0.14891845249527547,0
combined,30015,early_proportional,0.0576923076923076,1,1,44.5185,37.09875,123.47728222886522,-0.14843094060277795,2
combined,30015,early_targeted,0.0576923076923076,1,1,44.518499999999996,33.6885,123.60378648332242,-0.14948913618868398,2
combined,30016,breach_proportional,0.0622585624256069,2,1,44.5185,37.09875,107.80206740026912,-0.10859372303397785,0
combined,30016,breach_targeted,0.0609878634286507,2,1,44.518499999999996,44.518499999999996,111.1083385551721,-0.09450189190895819,0
combined,30016,early_proportional,0.05843996356686332,1,1,44.5185,37.09875,108.07489745500328,-0.10834280708882293,2
combined,30016,early_targeted,0.05843996356686332,1,1,54.292575,44.518499999999996,110.90124736333615,-0.0904274235092778,3
combined,30017,breach_proportional,0.08038610076199282,3,1,63.57794625000001,52.98162187500001,78.53176159556521,-0.39034716888365406,0
combined,30017,breach_targeted,0.07222671930787139,3,1,44.518499999999996,21.118499999999997,76.47073783745068,-0.4193288750148779,0
combined,30017,early_proportional,0.0576923076923076,1,1,54.292575000000014,45.24381250000001,78.71219504261246,-0.3876735553500832,3
combined,30017,early_targeted,0.0576923076923076,1,1,44.518499999999996,22.229999999999997,77.20822243167632,-0.4051837423841834,3
combined,30018,breach_proportional,0.28926319010736956,2,1,54.292575000000014,45.24381250000001,68.9799352381336,-0.36515917812630105,0
combined,30018,breach_targeted,0.38076111858159667,2,1,54.292575,20.062575,66.99782054925971,-0.38842197657300925,0
combined,30018,early_proportional,0.030137567302216617,1,1,54.292575000000014,47.24381250000001,68.79527609216414,-0.36697658240261866,3
combined,30018,early_targeted,0.044657490316866166,2,1,54.292575,32.062575,69.64767607112208,-0.36447154659529946,1
combined,30019,breach_proportional,0.061980736509750556,2,1,44.5185,37.09875,103.92370819410787,-0.22496632078383771,0
combined,30019,breach_targeted,0.08851051054635062,3,1,44.518499999999996,21.118499999999997,109.31165643640585,-0.22637620009175408,0
combined,30019,early_proportional,0.0576923076923076,1,1,54.292575000000014,45.24381250000001,103.56053522306969,-0.2200284905545642,3
combined,30019,early_targeted,0.0576923076923076,1,1,34.23,10.829999999999998,111.85966291504761,-0.21533493207660448,2
combined,30020,breach_proportional,0.06863441903259548,2,1,44.5185,37.09875,71.18875179540052,-0.3162101833769627,0
combined,30020,breach_targeted,0.27328701460255744,3,2,54.292575,20.062575,66.88127816685456,-0.34201599110381053,0
combined,30020,early_proportional,0.06383630994791711,1,1,54.292575000000014,45.24381250000001,71.38230838327777,-0.3129316333896086,3
combined,30020,early_targeted,0.1988397176450849,2,2,54.292575,20.062575,67.82808127765382,-0.3380632011746506,2
combined,30021,breach_proportional,0.06342548521612457,2,1,44.5185,37.09875,138.19442691589543,-0.19589980936640072,0
combined,30021,breach_targeted,0.06670958388893855,2,1,34.23,22.229999999999997,138.3728604928186,-0.2038645079857314,0
combined,30021,early_proportional,0.0576923076923076,1,1,44.5185,37.09875,138.4778694543767,-0.19375186686867907,2
combined,30021,early_targeted,0.0576923076923076,1,1,34.23,10.829999999999998,142.79918365880482,-0.2021765145534833,2
combined,30022,breach_proportional,0.12398476512869094,3,1,63.57794625000001,52.98162187500001,77.98516524152404,-0.3501857345827588,0
combined,30022,breach_targeted,0.10143291783225161,3,1,44.518499999999996,21.118499999999997,84.52926989630133,-0.33693305875324364,0
combined,30022,early_proportional,0.07747210133431826,1,1,54.292575000000014,45.24381250000001,79.65194405034636,-0.3402154160300386,3
combined,30022,early_targeted,0.09783443483764809,2,1,54.292575,30.892575,83.46889234534373,-0.33871271156044025,2
combined,30023,breach_proportional,0.20528517983764882,3,1,63.57794625000001,56.15819625000001,64.13190579089522,-0.38303273119265335,0
combined,30023,breach_targeted,0.216143857065076,4,1,88.74014166609375,88.74014166609375,53.77345962574969,-0.4677193070158736,0
combined,30023,early_proportional,0.0,0,0,63.57794625000001,56.52918375000001,64.97139457740725,-0.37769585572738273,6
combined,30023,early_targeted,0.0,0,0,63.57794625,52.74794625,63.08897675333738,-0.39356442124970537,6
combined,30024,breach_proportional,0.07453395909411653,2,1,44.5185,37.09875,118.6229237504724,-0.16894237242499355,0
combined,30024,breach_targeted,0.07767874184286605,2,1,34.23,23.4,115.8513949479849,-0.17702069268001774,0
combined,30024,early_proportional,0.059778553080867214,1,1,44.5185,37.09875,118.93174055174363,-0.16680060989736833,2
combined,30024,early_targeted,0.059778553080867214,1,1,44.518499999999996,23.4,115.87087736636468,-0.17585643307940968,2
combined,30025,breach_proportional,0.12287008433300439,3,1,63.57794625000001,52.98162187500001,92.19653771809567,-0.4078744975592221,0
combined,30025,breach_targeted,0.12781339618808052,3,1,63.57794625,34.23,94.16295926829729,-0.4117669147947868,0
combined,30025,early_proportional,0.09924359140289352,2,1,63.57794625000001,52.98162187500001,92.41050230548376,-0.40588363669465966,2
combined,30025,early_targeted,0.10176425444322823,2,1,63.57794625,34.23,94.57667242055236,-0.40791746786511573,1
combined,30026,breach_proportional,0.06853392309601503,2,1,44.5185,37.09875,99.36309044628288,-0.2126988901468322,0
combined,30026,breach_targeted,0.0649740085582503,3,1,44.518499999999996,22.229999999999997,99.70971619251556,-0.21615734658774743,0
combined,30026,early_proportional,0.0576923076923076,1,1,54.292575000000014,45.24381250000001,99.26886938423985,-0.20889789798838143,3
combined,30026,early_targeted,0.0576923076923076,1,1,44.518499999999996,22.229999999999997,99.9586769075776,-0.21353436236897638,3
combined,30027,breach_proportional,0.06291579943067227,2,1,44.5185,37.09875,107.731798438369,-0.2034616135357904,0
combined,30027,breach_targeted,0.07072341070623189,3,1,44.518499999999996,21.118499999999997,104.83504084336174,-0.22215339537544576,0
combined,30027,early_proportional,0.06018323425886962,1,1,54.292575000000014,45.24381250000001,106.97799527270195,-0.2041192245552863,3
combined,30027,early_targeted,0.06018323425886962,1,1,34.23,10.829999999999998,104.93433037910098,-0.2244435706362784,2
combined,30028,breach_proportional,0.06350111376506595,3,1,63.57794625000001,56.15819625000001,64.28780994759457,-0.433674619542072,0
combined,30028,breach_targeted,0.0743579112640228,4,1,72.3990489375,62.624973937499995,63.57204080264887,-0.4224770261217141,0
combined,30028,early_proportional,0.0576923076923076,1,1,72.39904893750001,63.35028643750001,64.26810515488775,-0.4320653593429602,5
combined,30028,early_targeted,0.06349356498036152,2,1,72.3990489375,51.2805489375,62.51355853560862,-0.4422812959599872,3
combined,30029,breach_proportional,0.05807359752423813,2,1,44.5185,37.09875,100.96864853328876,-0.22271775246727799,0
combined,30029,breach_targeted,0.05815121505023668,2,1,34.23,23.4,100.82191717769831,-0.22724951639365665,0
combined,30029,early_proportional,0.0576923076923076,1,1,44.5185,37.09875,100.55096594583591,-0.22382790981004008,2
combined,30029,early_targeted,0.0576923076923076,1,1,34.23,23.4,100.19156484336816,-0.227554411503042,1
combined,30030,breach_proportional,0.06431428409699147,2,1,44.5185,37.09875,75.08485310843184,-0.38649070404207075,0
combined,30030,breach_targeted,0.10301077677421555,4,1,63.57794625,40.17794625,73.26537311460262,-0.4042779807434832,0
combined,30030,early_proportional,0.0576923076923076,1,1,54.292575000000014,46.87282500000001,74.95246261871372,-0.3833237038331714,3
combined,30030,early_targeted,0.08208434667561948,2,1,54.292575,30.892574999999997,73.94582888871062,-0.4007125995361963,2
combined,30031,breach_proportional,0.06283093723849076,2,1,44.5185,37.09875,85.0364231918671,-0.2577110068584052,0
combined,30031,breach_targeted,0.06743129754302368,2,1,23.4,0.0,81.76659712249732,-0.30001547061816813,0
combined,30031,early_proportional,0.060828190641897595,1,1,44.5185,37.09875,85.13398481513012,-0.2568286955855892,2
combined,30031,early_targeted,0.060828190641897595,1,1,44.518499999999996,32.518499999999996,84.87493056920955,-0.25989731214688816,3
combined,30032,breach_proportional,0.07813831168685792,2,1,44.5185,37.09875,105.85106922056191,-0.1437215338644905,0
combined,30032,breach_targeted,0.06482891387808454,2,1,34.23,23.4,107.96021753302385,-0.13433729376347148,0
combined,30032,early_proportional,0.062241931822378804,1,1,44.5185,37.09875,105.85490297764854,-0.1436897872954137,2
combined,30032,early_targeted,0.062241931822378804,1,1,44.518499999999996,23.4,108.46272836742024,-0.13248333500441378,2
combined,30033,breach_proportional,0.07238956169251809,3,1,63.57794625000001,56.15819625000001,63.54417217153556,-0.44181214230236543,0
combined,30033,breach_targeted,0.07525008695136626,3,1,54.292575,44.518499999999996,69.7527024437566,-0.38861031143704405,0
combined,30033,early_proportional,0.060166743661938415,1,1,63.57794625000001,54.52918375000001,64.86008356540177,-0.4299495201168281,4
combined,30033,early_targeted,0.060166743661938415,1,1,54.292575,44.004075,68.54964193749612,-0.3980925410563515,3
combined,30034,breach_proportional,0.06857224020028496,2,1,44.5185,37.09875,75.42970464236059,-0.29553890755604884,0
combined,30034,breach_targeted,0.0743719326933805,3,1,54.292575,44.518499999999996,75.15450954101287,-0.3083275863806364,0
combined,30034,early_proportional,0.0576923076923076,1,1,54.292575000000014,45.24381250000001,75.43380295055393,-0.2939021047010777,3
combined,30034,early_targeted,0.0576923076923076,1,1,54.292575,44.518499999999996,75.9465198747766,-0.30059543379778875,2
combined,30035,breach_proportional,0.057793674588589306,2,1,44.5185,37.09875,76.54799243173963,-0.3834052126636872,0
combined,30035,breach_targeted,0.06452500203096867,3,1,54.292575,43.462575,75.25418655631188,-0.4020276775687509,0
combined,30035,early_proportional,0.0576923076923076,1,1,54.292575000000014,45.24381250000001,76.20445436431524,-0.38193701693004256,3
combined,30035,early_targeted,0.0576923076923076,1,1,54.292575,33.6885,76.98362748491752,-0.39322539717576255,3
combined,30036,breach_proportional,0.0647442105645698,2,1,44.5185,37.09875,99.4469731654135,-0.24677858862735336,0
combined,30036,breach_targeted,0.060641482106521316,2,1,34.23,23.4,98.8598066572508,-0.2481821942710133,0
combined,30036,early_proportional,0.0576923076923076,1,1,44.5185,37.09875,99.61213213002954,-0.24546640297571753,2
combined,30036,early_targeted,0.0576923076923076,1,1,44.518499999999996,23.4,100.3262033970175,-0.23537791144926756,2
combined,30037,breach_proportional,0.06987558342461309,3,1,63.57794625000001,52.98162187500001,79.26573584656096,-0.35902976297720524,0
combined,30037,breach_targeted,0.06598775294880732,3,1,54.292575,43.462575,79.02443226932348,-0.3522456121919363,0
combined,30037,early_proportional,0.0576923076923076,1,1,54.292575000000014,45.24381250000001,80.66345711757944,-0.35069351623563083,3
combined,30037,early_targeted,0.0576923076923076,1,1,44.518499999999996,23.4,78.35121267937001,-0.3604740581803402,2
combined,30038,breach_proportional,0.06187443094864087,2,1,44.5185,37.09875,114.06695044079225,-0.19833122254452473,0
combined,30038,breach_targeted,0.07129302520248404,3,1,54.292575,43.462575,112.34292261928782,-0.20368456251454248,0
combined,30038,early_proportional,0.05947297147153752,1,1,54.292575000000014,45.24381250000001,114.50705422718949,-0.19528771425079405,3
combined,30038,early_targeted,0.05947297147153752,1,1,44.518499999999996,34.23,113.43301953144149,-0.20196813636214006,2
combined,30039,breach_proportional,0.0779162962245622,2,1,44.5185,37.09875,67.62702687225804,-0.3724077937676751,0
combined,30039,breach_targeted,0.0634176592382063,3,1,44.518499999999996,23.4,65.8610900978793,-0.3887960368645159,0
combined,30039,early_proportional,0.060139478937862534,1,1,54.292575000000014,45.24381250000001,67.55231652057897,-0.3731011206313154,3
combined,30039,early_targeted,0.060139478937862534,1,1,54.292575,33.174075,66.13897582318654,-0.38621720228473366,3
combined,30040,breach_proportional,0.07078404343834632,2,1,44.5185,37.09875,151.14185955899856,-0.08062559803593339,0
combined,30040,breach_targeted,0.07318902039434616,2,1,54.292575,54.292575,148.3232187670488,-0.08246180293864735,0
combined,30040,early_proportional,0.06636408755045231,1,1,44.5185,37.09875,150.05501814839042,-0.08062559803593339,2
combined,30040,early_targeted,0.06636408755045231,1,1,44.518499999999996,34.23,147.56481550943914,-0.08246180293864735,1
combined,30041,breach_proportional,0.08839034654500122,2,1,44.5185,37.09875,71.62992455746353,-0.4256237322116041,0
combined,30041,breach_targeted,0.08598274184580446,2,1,44.518499999999996,34.23,69.06835294234334,-0.44352798285495043,0
combined,30041,early_proportional,0.06948158412030148,1,1,54.292575000000014,45.24381250000001,71.21039679618586,-0.4238024966149764,3
combined,30041,early_targeted,0.06948158412030148,1,1,54.292575,34.23,69.64599790923192,-0.43925216570613346,2
combined,30042,breach_proportional,0.07231655720913155,3,1,63.57794625000001,56.15819625000001,61.348334934027555,-0.4047329221712648,0
combined,30042,breach_targeted,0.13231593472402148,4,1,72.3990489375,41.5064739375,59.67485854475734,-0.42294071910509323,0
combined,30042,early_proportional,0.0576923076923076,1,1,63.57794625000001,54.52918375000001,61.28613569691449,-0.40533644561096827,4
combined,30042,early_targeted,0.12668122543838234,2,1,72.3990489375,41.506473937500004,58.22259301202545,-0.43742762500581134,3
combined,30043,breach_proportional,0.19245888426729718,3,1,63.57794625000001,52.98162187500001,78.71611277121173,-0.4461641527124014,0
combined,30043,breach_targeted,0.13195059941772824,4,1,63.57794625,41.28944625,76.94528976866278,-0.4642650306133105,0
combined,30043,early_proportional,0.06930733621848706,1,1,63.57794625000001,52.98162187500001,79.5187540496809,-0.43899393727200897,4
combined,30043,early_targeted,0.06930733621848706,1,1,63.57794625,41.80387125,77.04564801017928,-0.45074068357578156,5
combined,30044,breach_proportional,0.07096108389770572,2,1,44.5185,37.09875,112.25346222885666,-0.1324143046259585,0
combined,30044,breach_targeted,0.05985236517959136,2,1,23.4,0.0,110.66614870289436,-0.12836737183347113,0
combined,30044,early_proportional,0.0582858354164838,1,1,44.5185,37.09875,112.00286069527138,-0.12795590936941914,2
combined,30044,early_targeted,0.0582858354164838,1,1,44.518499999999996,22.229999999999997,110.2195797796418,-0.1207626151511727,3
combined,30045,breach_proportional,0.07029284886797904,2,1,44.5185,37.09875,100.1943538074712,-0.19439558281292435,0
combined,30045,breach_targeted,0.08097100971070359,3,1,44.518499999999996,22.229999999999997,96.10609923272516,-0.20266353359335754,0
combined,30045,early_proportional,0.0698556876696953,1,1,54.292575000000014,45.24381250000001,99.47390491892193,-0.198439420793585,3
combined,30045,early_targeted,0.0698556876696953,1,1,34.23,10.829999999999998,96.81971601761491,-0.2086325256979228,2
combined,30046,breach_proportional,0.07592265036639367,2,1,44.5185,37.09875,77.06781017389325,-0.34743042714705474,0
combined,30046,breach_targeted,0.08606449034398556,3,1,44.518499999999996,21.118499999999997,75.47974185521545,-0.3680692919560541,0
combined,30046,early_proportional,0.0692224590826489,1,1,44.5185,37.09875,77.14000096006932,-0.3467930579353993,2
combined,30046,early_targeted,0.0692224590826489,1,1,34.23,10.829999999999998,76.02670943753664,-0.3618531691053486,2
combined,30047,breach_proportional,0.07694493622011889,2,1,44.5185,40.99875,98.10414655347846,-0.33995931960084447,0
combined,30047,breach_targeted,0.09725623873004474,2,1,44.518499999999996,23.4,100.24420107385284,-0.3328636780216373,0
combined,30047,early_proportional,0.007763127910505041,1,1,54.292575000000014,49.14381250000001,96.6781335767846,-0.3386624013087781,3
combined,30047,early_targeted,0.0,0,0,44.518499999999996,34.23,99.65745781235213,-0.30848872049170006,4
combined,30048,breach_proportional,0.2595430940838932,4,1,80.77909649062502,67.31591374218752,71.07472522710998,-0.4556451762346766,0
combined,30048,breach_targeted,0.44740440529705805,5,1,88.74014166609375,65.34014166609376,71.12216749168573,-0.4733035967040945,0
combined,30048,early_proportional,0.41402541520106484,3,1,80.77909649062502,67.31591374218752,71.05015968911026,-0.4558831314475156,1
combined,30048,early_targeted,0.320993472962139,3,1,88.74014166609373,65.34014166609376,69.40545174239311,-0.4721731878799137,3
combined,30049,breach_proportional,0.0589455730720303,2,1,44.5185,37.09875,111.354009303528,-0.13115179851436998,0
combined,30049,breach_targeted,0.07709722522353357,2,1,44.518499999999996,44.518499999999996,109.7620867943765,-0.14343050859411632,0
combined,30049,early_proportional,0.0576923076923076,1,1,44.5185,37.09875,111.33028173849904,-0.1291873316099833,2
combined,30049,early_targeted,0.0576923076923076,1,1,44.518499999999996,33.6885,109.64906967390876,-0.13558551520087503,2
combined,30050,breach_proportional,0.06620354631361935,2,1,44.5185,37.09875,104.04621269706878,-0.22710572979913524,0
combined,30050,breach_targeted,0.07400753807793836,2,1,23.4,0.0,101.57748425417653,-0.23825468568187735,0
combined,30050,early_proportional,0.06300361179907077,1,1,44.5185,37.09875,103.80620189059847,-0.229035996185036,2
combined,30050,early_targeted,0.06300361179907077,1,1,34.23,11.399999999999999,102.16993193757239,-0.23355143273114176,2
combined,30051,breach_proportional,0.0604785913571676,2,1,44.5185,37.09875,89.1427071105382,-0.2903022417553691,0
combined,30051,breach_targeted,0.06918750283680875,2,1,23.4,0.0,86.14526148079233,-0.31032506417312244,0
combined,30051,early_proportional,0.0576923076923076,1,1,44.5185,37.09875,89.15681167448002,-0.2901847277979074,2
combined,30051,early_targeted,0.0576923076923076,1,1,34.23,10.829999999999998,87.46484570941215,-0.29979797816139164,2
combined,30052,breach_proportional,0.09450958311902757,2,1,44.5185,37.09875,102.06615042626072,-0.13306987042544793,0
combined,30052,breach_targeted,0.07864139337704767,2,1,44.518499999999996,34.23,99.60302405746761,-0.13790509863711042,0
combined,30052,early_proportional,0.07635959153360561,1,1,54.292575000000014,45.24381250000001,102.58011223068011,-0.13447023488276844,3
combined,30052,early_targeted,0.07635959153360561,1,1,44.518499999999996,34.23,99.29989028323011,-0.1384074800973336,1
combined,30053,breach_proportional,0.08414815815462862,2,1,44.5185,37.09875,102.65186613694893,-0.24251281255204915,0
combined,30053,breach_targeted,0.08166707098402815,3,1,44.518499999999996,22.229999999999997,103.09074957159727,-0.23389991364309892,0
combined,30053,early_proportional,0.07580839136343254,1,1,54.292575000000014,45.24381250000001,101.84197898956198,-0.24545246388417974,3
combined,30053,early_targeted,0.07580839136343254,1,1,34.23,10.829999999999998,98.79756850121956,-0.2501117804940993,2
combined,30054,breach_proportional,0.14653955235587413,3,1,63.57794625000001,52.98162187500001,70.99851645919486,-0.43637132913494603,0
combined,30054,breach_targeted,0.244049177309559,3,1,63.57794625,40.17794625,68.02036121336785,-0.45835208917071846,0
combined,30054,early_proportional,0.08369429694881081,1,1,63.57794625000001,54.52918375000001,71.9016115312248,-0.42808425323890964,4
combined,30054,early_targeted,0.08369429694881081,1,1,72.3990489375,48.9990489375,67.58596239081518,-0.4594780412279922,5
combined,30055,breach_proportional,0.06543274672287558,2,1,44.5185,37.09875,120.18135703918517,-0.2048623559940823,0
combined,30055,breach_targeted,0.0670489557081212,2,1,34.23,23.4,118.69950403529047,-0.2119889745658471,0
combined,30055,early_proportional,0.06444514976269278,1,1,44.5185,37.09875,119.45125623184134,-0.20438224446920294,2
combined,30055,early_targeted,0.06444514976269278,1,1,44.518499999999996,33.6885,117.57671173631695,-0.2079475093190738,2
combined,30056,breach_proportional,0.07974928200692666,2,1,44.5185,37.09875,140.62448291107094,-0.06660028065876411,0
combined,30056,breach_targeted,0.06856574155795303,2,1,54.292575,54.292575,140.59350978443567,-0.07779229602066717,0
combined,30056,early_proportional,0.06834226835926083,1,1,44.5185,37.09875,141.0509780227916,-0.06641077981210086,2
combined,30056,early_targeted,0.06834226835926083,1,1,44.518499999999996,34.23,142.23087463564892,-0.06823181666148437,1
combined,30057,breach_proportional,0.07598031219905277,4,1,80.77909649062502,70.18277211562503,62.91534331229346,-0.508695258495641,0
combined,30057,breach_targeted,0.3592042696927892,6,1,96.30313458278906,72.90313458278906,58.51531782018689,-0.5326486137057584,0
combined,30057,early_proportional,0.07526310505536238,2,1,88.74014166609376,79.69137916609375,61.09040373928243,-0.5213270021785754,5
combined,30057,early_targeted,0.17133956111695803,3,1,96.30313458278906,73.47313458278907,58.85851658995742,-0.5327925167069592,5
combined,30058,breach_proportional,0.09944015980911924,3,1,63.57794625000001,52.98162187500001,96.05848469747778,-0.2560919924717985,0
combined,30058,breach_targeted,0.11249166183196668,3,1,44.518499999999996,22.229999999999997,95.22227105805942,-0.2675751177952359,0
combined,30058,early_proportional,0.06864456311974776,1,1,54.292575000000014,45.24381250000001,95.90061771923655,-0.25124576843414914,2
combined,30058,early_targeted,0.06864456311974776,1,1,44.518499999999996,22.229999999999997,95.04429498571363,-0.2626972218540832,3
combined,30059,breach_proportional,0.07447571744465276,2,1,44.5185,37.09875,112.03634682956144,-0.2554367770888444,0
combined,30059,breach_targeted,0.07421269700809974,2,1,54.292575,54.292575,114.61547393830556,-0.22405740236352256,0
combined,30059,early_proportional,0.07031019751102252,1,1,44.5185,37.09875,112.3795740520406,-0.25263402814091207,2
combined,30059,early_targeted,0.07031019751102252,1,1,54.292575,54.292575,112.59100577248324,-0.23893186130442046,2
combined,30060,breach_proportional,0.1290398271583535,3,1,63.57794625000001,56.15819625000001,66.42339256938479,-0.41053779151116165,0
combined,30060,breach_targeted,0.1248078903490738,4,1,72.3990489375,61.5690489375,63.44406199319231,-0.4289301155633434,0
combined,30060,early_proportional,0.063533700858309,1,1,63.57794625000001,54.52918375000001,67.47799073366394,-0.4004143124943511,4
combined,30060,early_targeted,0.20708106069127363,2,1,72.3990489375,61.5690489375,63.23625071898254,-0.4300414050177336,3
combined,30061,breach_proportional,0.06923815458079041,2,1,44.5185,37.09875,115.11616791191773,-0.23178117937872322,0
combined,30061,breach_targeted,0.08255641579141137,2,1,34.23,23.4,117.9545921856975,-0.23951390765820768,0
combined,30061,early_proportional,0.0576923076923076,1,1,44.5185,37.09875,115.13618747104108,-0.23160710124821493,2
combined,30061,early_targeted,0.0576923076923076,1,1,44.518499999999996,23.4,118.80807238547777,-0.22987015560601476,2
combined,30062,breach_proportional,0.07746288958857017,2,1,44.5185,37.09875,105.1228871298222,-0.29135210927813515,0
combined,30062,breach_targeted,0.07110146066987855,3,1,54.292575,44.518499999999996,106.11096118591216,-0.28076243164669523,0
combined,30062,early_proportional,0.0576923076923076,1,1,54.292575000000014,45.24381250000001,105.73072389973218,-0.2839269142420494,3
combined,30062,early_targeted,0.0576923076923076,1,1,44.518499999999996,23.4,105.47749124235703,-0.28488791788344714,2
combined,30063,breach_proportional,0.09509422747406027,3,1,63.57794625000001,52.98162187500001,67.97530630714331,-0.3900955626649386,0
combined,30063,breach_targeted,0.5193894833015993,3,1,63.4,40.0,68.21699193023584,-0.40690244124650365,0
combined,30063,early_proportional,0.25959733279794917,2,1,63.57794625000001,52.98162187500001,67.74139782320731,-0.3923211847276028,1
combined,30063,early_targeted,0.5054350895898561,2,1,60.83,20.83,71.84843398870741,-0.4081334694931613,1
combined,30064,breach_proportional,0.06846755108659963,2,1,44.5185,37.09875,87.06365981511611,-0.23131054655366834,0
combined,30064,breach_targeted,0.06590440809322085,2,1,44.518499999999996,34.23,85.10012633639427,-0.24720513193367488,0
combined,30064,early_proportional,0.06534892972511452,1,1,44.5185,37.09875,86.40940326052184,-0.23666626609551722,2
combined,30064,early_targeted,0.06534892972511452,1,1,44.518499999999996,34.23,85.54523965616208,-0.24191159820791674,1
combined,30065,breach_proportional,0.5160307177233538,4,1,96.30313458278907,84.15261215232422,53.78112579461675,-0.5021561786872045,0
combined,30065,breach_targeted,0.5301966944239362,4,1,88.74014166609375,67.62164166609375,56.403301448532346,-0.4871233133073215,0
combined,30065,early_proportional,0.3047788726697229,2,1,96.30313458278907,82.25261215232422,54.03931354062549,-0.4996600210241877,5
combined,30065,early_targeted,0.32091074750995485,3,1,96.30313458278906,75.18463458278907,54.43613266469752,-0.501262824944507,3
combined,30066,breach_proportional,0.06117429743756475,2,1,44.5185,37.09875,107.62346924330461,-0.290055291094903,0
combined,30066,breach_targeted,0.06383692356273596,3,1,44.518499999999996,21.118499999999997,107.01352147784164,-0.3130181401121629,0
combined,30066,early_proportional,0.0576923076923076,1,1,54.292575000000014,45.24381250000001,106.85511772198575,-0.28739345521203363,3
combined,30066,early_targeted,0.0576923076923076,1,1,34.23,11.399999999999999,107.18699655112631,-0.3054054325601111,2
combined,30067,breach_proportional,0.10150786394502886,2,1,44.5185,37.09875,107.66204806965256,-0.23824700117796127,0
combined,30067,breach_targeted,0.08828683458763487,2,1,44.518499999999996,34.23,112.14912015369515,-0.20635790917302665,0
combined,30067,early_proportional,0.0843273538373106,1,1,54.292575000000014,45.24381250000001,107.75042207918565,-0.23771699754495146,3
combined,30067,early_targeted,0.0843273538373106,1,1,44.518499999999996,34.23,112.53940419057959,-0.20210585465339792,1
combined,30068,breach_proportional,0.09433012662144324,2,1,44.5185,37.09875,101.16039121140376,-0.2724615605649062,0
combined,30068,breach_targeted,0.0646893122810922,3,1,54.292575,44.518499999999996,101.31549213928427,-0.2767268084429956,0
combined,30068,early_proportional,0.0576923076923076,1,1,54.292575000000014,45.24381250000001,101.59686603241788,-0.2676623419460856,3
combined,30068,early_targeted,0.0576923076923076,1,1,44.518499999999996,23.4,104.66339197899258,-0.25902990361148126,2
combined,30069,breach_proportional,0.2605990142338146,4,1,80.77909649062502,70.18277211562503,58.09172887027535,-0.4797454742777537,0
combined,30069,breach_targeted,0.2715628714096987,4,1,72.3990489375,48.99904893749999,61.58228569309267,-0.44587689945190545,0
combined,30069,early_proportional,0.07151986922470666,1,1,72.39904893750001,61.80272456250001,58.5749241633381,-0.47552712371246697,5
combined,30069,early_targeted,0.24867750419291423,2,1,69.7885,29.7885,58.96782042429986,-0.46940209967326196,3
combined,30070,breach_proportional,0.9315794525108082,3,3,103.48797785364961,86.239981544708,71.11308933277012,-0.5246647597980316,0
combined,30070,breach_targeted,1.2143431861613498,4,3,109.679,69.679,64.09086752706361,-0.5559434245732358,0
combined,30070,early_proportional,0.761002861169542,3,3,103.48797785364961,86.239981544708,71.33191231034849,-0.522571926878362,1
combined,30070,early_targeted,1.2143431861613498,4,3,109.679,69.679,64.09086752706361,-0.5559434245732358,0
combined,30071,breach_proportional,0.05841933550381362,2,1,44.5185,37.09875,90.55832205925354,-0.27741058100801275,0
combined,30071,breach_targeted,0.08958337840354735,3,1,44.518499999999996,21.118499999999997,90.01277062400538,-0.2852004490022175,0
combined,30071,early_proportional,0.0576923076923076,1,1,54.292575000000014,45.24381250000001,91.15166913409617,-0.27012160840769983,3
combined,30071,early_targeted,0.0576923076923076,1,1,34.23,11.399999999999999,92.79536516667937,-0.2592806527663941,2
combined,30072,breach_proportional,0.13731941459781927,3,1,63.57794625000001,52.98162187500001,79.2192693082829,-0.4357936669961716,0
combined,30072,breach_targeted,0.24812151365262125,3,1,62.23,22.229999999999997,76.69136767232335,-0.4308353084642276,0
combined,30072,early_proportional,0.06625913828204033,1,1,72.39904893750001,60.33254078125001,78.42689856458773,-0.4344792353296718,5
combined,30072,early_targeted,0.2580022598770897,2,1,72.3990489375,48.99904893750001,78.00111738824222,-0.43902908349387604,3
combined,30073,breach_proportional,0.06961133653546514,2,1,44.5185,37.09875,86.1976189691779,-0.31768706498429344,0
combined,30073,breach_targeted,0.07430214729415674,2,1,44.518499999999996,34.23,82.52532272142624,-0.34320208646498973,0
combined,30073,early_proportional,0.06635304212501347,1,1,54.292575000000014,45.24381250000001,85.19311069053303,-0.31908711008866053,3
combined,30073,early_targeted,0.06635304212501347,1,1,54.292575,44.004075,81.3264556033962,-0.34036543235546934,2
combined,30074,breach_proportional,0.09055888008324142,2,1,44.5185,37.09875,103.83198189067281,-0.1247432730641641,0
combined,30074,breach_targeted,0.08487513721066586,2,1,54.292575,54.292575,108.39922754799812,-0.12982292480845004,0
combined,30074,early_proportional,0.08040524597527765,1,1,44.5185,37.09875,103.89670058524669,-0.1247432730641641,2
combined,30074,early_targeted,0.08040524597527765,1,1,54.292575,44.518499999999996,105.60014477330716,-0.12982292480845004,2
combined,30075,breach_proportional,0.06393173134864738,2,1,44.5185,37.09875,105.564123042092,-0.2076867901377476,0
combined,30075,breach_targeted,0.06648878142084613,2,1,23.4,0.0,105.96115787741103,-0.22134477657921103,0
combined,30075,early_proportional,0.0576923076923076,1,1,44.5185,37.09875,106.72798760527945,-0.19835626657134287,2
combined,30075,early_targeted,0.0576923076923076,1,1,23.4,0.0,106.67723358720714,-0.21566017110536684,1
combined,30076,breach_proportional,0.10359533789266373,3,1,63.57794625000001,56.15819625000001,63.59702488924464,-0.3944939130699241,0
combined,30076,breach_targeted,0.12140744258112934,4,1,63.57794625,40.17794625,65.1055442987365,-0.3813043514121559,0
combined,30076,early_proportional,0.0576923076923076,1,1,63.57794625000001,54.52918375000001,63.84089035845715,-0.3920926229671672,4
combined,30076,early_targeted,0.0576923076923076,1,1,72.3990489375,50.1105489375,60.88621406664613,-0.417732269587444,6
combined,30077,breach_proportional,0.06681850402539158,2,1,44.5185,37.09875,117.89507684844789,-0.2223534972576734,0
combined,30077,breach_targeted,0.06646369280641207,2,1,44.518499999999996,34.23,116.73896607196421,-0.22448685486333153,0
combined,30077,early_proportional,0.06583225933071246,1,1,54.292575000000014,45.24381250000001,117.50171899537291,-0.21693688707150083,3
combined,30077,early_targeted,0.06583225933071246,1,1,54.292575,34.23,116.33366655947803,-0.22297499981086377,2
combined,30078,breach_proportional,0.10345152073228803,3,1,63.57794625000001,56.15819625000001,62.320537948705315,-0.4006360312731859,0
combined,30078,breach_targeted,0.09917859694083797,4,1,72.3990489375,61.5690489375,62.685699864022375,-0.39498648060334984,0
combined,30078,early_proportional,0.08199232751912577,2,1,63.57794625000001,56.15819625000001,62.34669860599339,-0.4003796686468474,2
combined,30078,early_targeted,0.0576923076923076,1,1,63.57794625,53.28944625,63.46522123435732,-0.3900495371438004,4
combined,30079,breach_proportional,0.07633227444843016,2,1,44.5185,37.09875,76.04496505306074,-0.3165586578886175,0
combined,30079,breach_targeted,0.07722491912555207,2,1,54.292575,54.292575,75.83549085438521,-0.3244446504692964,0
combined,30079,early_proportional,0.0,0,0,54.292575000000014,47.24381250000001,75.62008729528101,-0.3117832975700686,5
combined,30079,early_targeted,0.0,0,0,54.292575,34.23,78.13017847747344,-0.2994080239309165,4
combined,30080,breach_proportional,0.08130260495661223,2,1,44.5185,40.99875,85.6323493060746,-0.26474661448984715,0
combined,30080,breach_targeted,0.09016309868335082,3,1,54.292575,43.462575,80.5714375770151,-0.2778418379712636,0
combined,30080,early_proportional,0.0,0,0,44.5185,40.99875,84.98189118930954,-0.2619434706273692,4
combined,30080,early_targeted,0.0,0,0,44.518499999999996,34.23,87.92417779358856,-0.25795080182425345,4
combined,30081,breach_proportional,0.08247712015796582,2,1,44.5185,37.09875,108.08848655629556,-0.31444590906942416,0
combined,30081,breach_targeted,0.07550366304138167,2,1,44.518499999999996,34.23,103.64704889069732,-0.3162646386796415,0
combined,30081,early_proportional,0.071652521720044,1,1,54.292575000000014,45.24381250000001,106.38675782885807,-0.31696787470436816,3
combined,30081,early_targeted,0.071652521720044,1,1,44.518499999999996,34.23,104.29653435522685,-0.30833527742101086,1
combined,30082,breach_proportional,0.0622215724094346,2,1,44.5185,37.09875,79.40154273968338,-0.2737692345410868,0
combined,30082,breach_targeted,0.06439557854522127,3,1,54.292575,43.462575,76.12173877635819,-0.3037673235032854,0
combined,30082,early_proportional,0.0576923076923076,1,1,54.292575000000014,45.24381250000001,79.25511011874966,-0.27510855202434403,3
combined,30082,early_targeted,0.0576923076923076,1,1,44.518499999999996,23.4,75.32588129525048,-0.3110464791438242,2
combined,30083,breach_proportional,0.12180286787873151,3,1,63.57794625000001,56.15819625000001,63.654274657952904,-0.3769297112809207,0
combined,30083,breach_targeted,0.11932233524867641,3,1,54.292575,44.518499999999996,64.68893260382704,-0.3809807962960773,0
combined,30083,early_proportional,0.0,0,0,63.57794625000001,54.98162187500001,64.53622029445413,-0.36945670025312594,5
combined,30083,early_targeted,0.0,0,0,63.57794625,54.292575,64.36662353187211,-0.36673254724079973,6
combined,30084,breach_proportional,0.20216928121986888,3,1,63.57794625000001,56.15819625000001,80.55408297481864,-0.42828155560409154,0
combined,30084,breach_targeted,0.17286727796850576,3,1,63.57794625,40.177946250000005,80.71695851072948,-0.4157059872932315,0
combined,30084,early_proportional,0.08875464022943469,1,1,63.57794625000001,54.52918375000001,81.67538410096674,-0.41765482765397266,4
combined,30084,early_targeted,0.17086244478649404,2,1,63.57794625,40.177946250000005,81.27966943654118,-0.4186153909096709,2
combined,30085,breach_proportional,0.06215310954415587,2,1,44.5185,37.09875,112.71880379102119,-0.18833490707735923,0
combined,30085,breach_targeted,0.0680482549994631,2,1,34.23,23.4,113.92387778973342,-0.1833023317136555,0
combined,30085,early_proportional,0.0576923076923076,1,1,44.5185,37.09875,112.39586617133334,-0.18586330913628257,2
combined,30085,early_targeted,0.0576923076923076,1,1,54.292575,54.292575,110.4179702094791,-0.1790294966383983,3
combined,30086,breach_proportional,0.05801719639357583,2,1,44.5185,37.09875,122.26772907573118,-0.213144863713722,0
combined,30086,breach_targeted,0.05943652023398671,2,1,34.23,22.229999999999997,123.51103397271065,-0.21618165825512914,0
combined,30086,early_proportional,0.0,0,0,44.5185,39.09875,123.01756561439302,-0.2140001551937767,4
combined,30086,early_targeted,0.0,0,0,34.23,34.23,122.48714062739906,-0.21465087260595572,3
combined,30087,breach_proportional,0.07745047867851085,2,1,44.5185,37.09875,106.7374928132726,-0.13548573154073063,0
combined,30087,breach_targeted,0.06181166932220439,2,1,44.518499999999996,44.518499999999996,110.73961635500518,-0.13548573154073063,0
combined,30087,early_proportional,0.0576923076923076,1,1,44.5185,37.09875,106.49445094644956,-0.13548573154073063,2
combined,30087,early_targeted,0.0576923076923076,1,1,44.518499999999996,34.23,108.11181247211204,-0.13548573154073063,2
combined,30088,breach_proportional,0.06774409870548437,2,1,44.5185,37.09875,87.99351331624403,-0.31912687604332024,0
combined,30088,breach_targeted,0.07886790654506948,3,1,44.518499999999996,23.4,90.89188572447738,-0.3168726912537375,0
combined,30088,early_proportional,0.0576923076923076,1,1,54.292575000000014,45.24381250000001,87.2196214822306,-0.32184045997519306,3
combined,30088,early_targeted,0.0576923076923076,1,1,44.518499999999996,23.4,91.08329482483482,-0.31521874241818704,2
combined,30089,breach_proportional,0.040291243927979004,3,1,63.57794625000001,63.57794625000001,69.04140215897893,-0.36328580664368804,0
combined,30089,breach_targeted,0.01936490330547569,2,1,44.518499999999996,44.518499999999996,70.0240907117329,-0.3517830103608719,0
combined,30089,early_proportional,0.0,0,0,54.292575000000014,54.292575000000014,69.51780600808802,-0.36072715559158064,5
combined,30089,early_targeted,0.0,0,0,54.292575,54.292575,69.2404133237178,-0.35901762098773915,5
combined,30090,breach_proportional,0.0823716774138159,2,1,44.5185,37.09875,90.58854067914753,-0.2650838175031238,0
combined,30090,breach_targeted,0.07381284930181897,2,1,34.23,22.229999999999997,94.7045964693956,-0.25650133715252843,0
combined,30090,early_proportional,0.07214699175051698,1,1,44.5185,37.09875,90.46807813608838,-0.2662567961773461,2
combined,30090,early_targeted,0.07214699175051698,1,1,44.518499999999996,32.518499999999996,91.16845241323198,-0.27412326630781825,3
combined,30091,breach_proportional,0.13671468573133605,2,6,44.5185,37.09875,103.83584597789007,-0.31025949100275285,0
combined,30091,breach_targeted,0.11562262644157728,2,5,34.23,22.229999999999997,105.5327909245597,-0.3148227858902495,0
combined,30091,early_proportional,0.13671468573133605,2,6,44.5185,37.09875,103.83584597789007,-0.31025949100275285,0
combined,30091,early_targeted,0.16341747638133064,2,6,44.518499999999996,21.118499999999997,106.8751251502617,-0.31623300688328126,1
combined,30092,breach_proportional,0.07157335848120927,2,1,44.5185,37.09875,88.21644941906065,-0.21999775187615045,0
combined,30092,breach_targeted,0.0713804435135309,2,1,23.4,0.0,89.94331110996292,-0.20950248444409358,0
combined,30092,early_proportional,0.07112281301280032,1,1,44.5185,37.09875,88.27447566938665,-0.2194798287352131,2
combined,30092,early_targeted,0.07112281301280032,1,1,34.23,10.829999999999998,90.07537502006632,-0.20871670188015745,2
combined,30093,breach_proportional,0.07047600657565023,2,1,44.5185,37.09875,91.52888845619336,-0.2714656103770543,0
combined,30093,breach_targeted,0.06838181191117365,2,1,44.518499999999996,44.518499999999996,94.1945496180411,-0.23517516235125324,0
combined,30093,early_proportional,0.06101901133778376,1,1,44.5185,37.09875,92.68910574173466,-0.26079905395403835,2
combined,30093,early_targeted,0.06101901133778376,1,1,44.518499999999996,34.23,93.1162513445206,-0.24206991799281719,2
combined,30094,breach_proportional,0.059334416070052076,2,1,44.5185,37.09875,101.93775081343583,-0.24516976716948524,0
combined,30094,breach_targeted,0.06320634616295995,3,1,54.292575,43.462575,101.74935133189888,-0.26217848273732247,0
combined,30094,early_proportional,0.0576923076923076,1,1,54.292575000000014,45.24381250000001,100.72093152292967,-0.24960174029008664,3
combined,30094,early_targeted,0.0576923076923076,1,1,54.292575,54.292575,98.72296016908824,-0.266553670237619,3
combined,30095,breach_proportional,0.07028700326095316,2,1,44.5185,37.09875,115.12816803015005,-0.14855141803540728,0
combined,30095,breach_targeted,0.08001571440824384,2,1,34.23,22.229999999999997,119.58546629474856,-0.14798920681604766,0
combined,30095,early_proportional,0.06578017038811224,1,1,44.5185,37.09875,115.41981082180682,-0.14855141803540728,2
combined,30095,early_targeted,0.06578017038811224,1,1,23.4,0.0,118.21265422320171,-0.14798920681604766,1
combined,30096,breach_proportional,0.08280736786138942,2,1,44.5185,37.09875,82.16652858970927,-0.25702986059020605,0
combined,30096,breach_targeted,0.09194849938978222,2,1,44.518499999999996,34.23,85.46602170022273,-0.26722294243254674,0
combined,30096,early_proportional,0.07986974164246752,1,1,54.292575000000014,45.24381250000001,82.05564314874923,-0.2578048452451389,3
combined,30096,early_targeted,0.07986974164246752,1,1,54.292575,34.23,85.79720323304892,-0.2610799287122739,2
combined,30097,breach_proportional,0.06247366625622275,2,1,44.5185,37.09875,84.01647719804222,-0.24810019460189936,0
combined,30097,breach_targeted,0.07228372240406178,2,1,34.23,22.229999999999997,85.77916218696038,-0.22537041257738366,0
combined,30097,early_proportional,0.0576923076923076,1,1,44.5185,37.09875,84.53786730294493,-0.24323916643321586,2
combined,30097,early_targeted,0.0576923076923076,1,1,34.23,11.399999999999999,86.8111871026373,-0.216182889423574,2
combined,30098,breach_proportional,0.07106636541432909,2,1,44.5185,37.09875,105.39781543232553,-0.202572027645175,0
combined,30098,breach_targeted,0.07733792868778755,3,1,44.518499999999996,22.229999999999997,104.16842239970596,-0.21037788752901398,0
combined,30098,early_proportional,0.06483249061730223,1,1,54.292575000000014,45.24381250000001,105.72175613477408,-0.20219483484250889,3
combined,30098,early_targeted,0.06483249061730223,1,1,34.23,10.829999999999998,103.47530147398498,-0.21038154520770425,2
combined,30099,breach_proportional,0.08185900759540865,2,1,44.5185,37.09875,95.13603311809344,-0.26548330803687226,0
combined,30099,breach_targeted,0.08081630938033668,3,1,50.0,40.0,95.74759471674551,-0.26157452947485194,0
combined,30099,early_proportional,0.062081263789146135,1,1,54.292575000000014,45.24381250000001,94.29932665108477,-0.26571158164492836,3
combined,30099,early_targeted,0.062081263789146135,1,1,44.518499999999996,23.4,95.12547458807659,-0.26593182378701774,2
benign_volatility,30000,breach_proportional,0.0,0,0,0.0,0.0,111.15158843721387,-0.1861687822477629,0
benign_volatility,30000,breach_targeted,0.0,0,0,0.0,0.0,111.15158843721387,-0.1861687822477629,0
benign_volatility,30000,early_proportional,0.0,0,0,0.0,0.0,111.15158843721387,-0.1861687822477629,0
benign_volatility,30000,early_targeted,0.0,0,0,0.0,0.0,111.15158843721387,-0.1861687822477629,0
benign_volatility,30001,breach_proportional,0.0210498079813628,1,1,23.39999999999999,23.39999999999999,118.01003120282986,-0.2107905766022653,0
benign_volatility,30001,breach_targeted,0.0210498079813628,1,1,23.4,23.4,120.31023102757227,-0.2080903396380549,0
benign_volatility,30001,early_proportional,0.0,0,0,12.0,12.0,120.20053170052464,-0.20945877629008425,1
benign_volatility,30001,early_targeted,0.0,0,0,12.0,12.0,120.85439926486099,-0.1998228500450443,1
benign_volatility,30002,breach_proportional,0.0,0,0,0.0,0.0,136.77674391038062,-0.14551849047003396,0
benign_volatility,30002,breach_targeted,0.0,0,0,0.0,0.0,136.77674391038062,-0.14551849047003396,0
benign_volatility,30002,early_proportional,0.0,0,0,0.0,0.0,136.77674391038062,-0.14551849047003396,0
benign_volatility,30002,early_targeted,0.0,0,0,0.0,0.0,136.77674391038062,-0.14551849047003396,0
benign_volatility,30003,breach_proportional,0.0,0,0,0.0,0.0,90.1540419421878,-0.22043151407391703,0
benign_volatility,30003,breach_targeted,0.0,0,0,0.0,0.0,90.1540419421878,-0.22043151407391703,0
benign_volatility,30003,early_proportional,0.0,0,0,0.0,0.0,90.1540419421878,-0.22043151407391703,0
benign_volatility,30003,early_targeted,0.0,0,0,0.0,0.0,90.1540419421878,-0.22043151407391703,0
benign_volatility,30004,breach_proportional,0.1915580395483163,2,1,54.292575000000014,54.292575000000014,72.24314014535774,-0.36636758096584043,0
benign_volatility,30004,breach_targeted,0.2055013974788742,3,1,63.57794625,63.57794625,64.53051517148236,-0.3755257790140757,0
benign_volatility,30004,early_proportional,0.021367527510494977,1,1,63.57794625000001,63.57794625000001,71.85833523444457,-0.3657756809540018,4
benign_volatility,30004,early_targeted,0.0016573128030858975,1,1,63.57794625,63.57794625,69.95983763017848,-0.36208485073986396,4
benign_volatility,30005,breach_proportional,0.3441940572297879,3,1,72.39904893750001,72.39904893750001,64.48457495246043,-0.3949481248733191,0
benign_volatility,30005,breach_targeted,0.3209949353122452,2,1,63.57794625,63.57794625,75.17748942984375,-0.3619076358695136,0
benign_volatility,30005,early_proportional,0.3441940572297879,3,1,72.39904893750001,72.39904893750001,64.48457495246043,-0.3949481248733191,0
benign_volatility,30005,early_targeted,0.3209949353122452,2,1,63.57794625,63.57794625,75.17748942984375,-0.3619076358695136,0
benign_volatility,30006,breach_proportional,0.0,0,0,0.0,0.0,106.166317007531,-0.28006222174622875,0
benign_volatility,30006,breach_targeted,0.0,0,0,0.0,0.0,106.166317007531,-0.28006222174622875,0
benign_volatility,30006,early_proportional,0.0,0,0,12.0,12.0,104.85219834790576,-0.2806578273522111,1
benign_volatility,30006,early_targeted,0.0,0,0,12.0,12.0,103.91194153743083,-0.2806578273522111,1
benign_volatility,30007,breach_proportional,0.0,0,0,0.0,0.0,106.64578524339073,-0.13391046445534005,0
benign_volatility,30007,breach_targeted,0.0,0,0,0.0,0.0,106.64578524339073,-0.13391046445534005,0
benign_volatility,30007,early_proportional,0.0,0,0,0.0,0.0,106.64578524339073,-0.13391046445534005,0
benign_volatility,30007,early_targeted,0.0,0,0,0.0,0.0,106.64578524339073,-0.13391046445534005,0
benign_volatility,30008,breach_proportional,0.0,0,0,0.0,0.0,131.707765477035,-0.10817555842565352,0
benign_volatility,30008,breach_targeted,0.0,0,0,0.0,0.0,131.707765477035,-0.10817555842565352,0
benign_volatility,30008,early_proportional,0.0,0,0,0.0,0.0,131.707765477035,-0.10817555842565352,0
benign_volatility,30008,early_targeted,0.0,0,0,0.0,0.0,131.707765477035,-0.10817555842565352,0
benign_volatility,30009,breach_proportional,0.03466946321603448,1,1,23.39999999999999,23.39999999999999,111.60603891747436,-0.27019983469567344,0
benign_volatility,30009,breach_targeted,0.03466946321603448,1,1,23.4,23.4,111.97250823997074,-0.27207070091105234,0
benign_volatility,30009,early_proportional,0.06444556128433732,1,1,34.22999999999999,34.22999999999999,109.59101970692578,-0.2717332763002869,1
benign_volatility,30009,early_targeted,0.06363962201885798,1,1,34.23,34.23,105.65133643061368,-0.2715413730331684,1
benign_volatility,30010,breach_proportional,0.2615170571769414,5,1,96.30313458278907,96.30313458278907,50.23022991914387,-0.4980110939933432,0
benign_volatility,30010,breach_targeted,0.19413845584811895,5,1,96.30313458278906,96.30313458278906,51.773409912257584,-0.48226590087742416,0
benign_volatility,30010,early_proportional,0.26700888943942136,2,1,96.30313458278907,96.30313458278907,50.132637016089895,-0.498987023023883,5
benign_volatility,30010,early_targeted,0.24707249363602823,2,1,88.74014166609375,88.74014166609375,54.236364926827186,-0.45763635073172815,4
benign_volatility,30011,breach_proportional,0.0,0,0,0.0,0.0,127.70323085471544,-0.13228782210114765,0
benign_volatility,30011,breach_targeted,0.0,0,0,0.0,0.0,127.70323085471544,-0.13228782210114765,0
benign_volatility,30011,early_proportional,0.0,0,0,0.0,0.0,127.70323085471544,-0.13228782210114765,0
benign_volatility,30011,early_targeted,0.0,0,0,0.0,0.0,127.70323085471544,-0.13228782210114765,0
benign_volatility,30012,breach_proportional,0.0,0,0,0.0,0.0,128.3236048273702,-0.18914063214886645,0
benign_volatility,30012,breach_targeted,0.0,0,0,0.0,0.0,128.3236048273702,-0.18914063214886645,0
benign_volatility,30012,early_proportional,0.0,0,0,0.0,0.0,128.3236048273702,-0.18914063214886645,0
benign_volatility,30012,early_targeted,0.0,0,0,0.0,0.0,128.3236048273702,-0.18914063214886645,0
benign_volatility,30013,breach_proportional,0.0,0,0,0.0,0.0,106.19482461254236,-0.21803676446116438,0
benign_volatility,30013,breach_targeted,0.0,0,0,0.0,0.0,106.19482461254236,-0.21803676446116438,0
benign_volatility,30013,early_proportional,0.0,0,0,0.0,0.0,106.19482461254236,-0.21803676446116438,0
benign_volatility,30013,early_targeted,0.0,0,0,0.0,0.0,106.19482461254236,-0.21803676446116438,0
benign_volatility,30014,breach_proportional,0.18933785660153557,2,1,44.5185,44.5185,87.53329387844373,-0.3206950408050957,0
benign_volatility,30014,breach_targeted,0.17263680584962504,2,1,44.518499999999996,44.518499999999996,87.42664692102717,-0.316936748670973,0
benign_volatility,30014,early_proportional,0.030351738197172295,1,1,44.5185,44.5185,87.76969035683352,-0.31843716182557225,2
benign_volatility,30014,early_targeted,0.026278176645115447,1,1,44.518499999999996,44.518499999999996,85.89265721473366,-0.31751821473673913,2
benign_volatility,30015,breach_proportional,0.0,0,0,0.0,0.0,101.7147344723165,-0.21103825315783808,0
benign_volatility,30015,breach_targeted,0.0,0,0,0.0,0.0,101.7147344723165,-0.21103825315783808,0
benign_volatility,30015,early_proportional,0.0,0,0,0.0,0.0,101.7147344723165,-0.21103825315783808,0
benign_volatility,30015,early_targeted,0.0,0,0,0.0,0.0,101.7147344723165,-0.21103825315783808,0
benign_volatility,30016,breach_proportional,0.09445246746368463,1,1,23.39999999999999,23.39999999999999,100.5751930076749,-0.23735261655551365,0
benign_volatility,30016,breach_targeted,0.09445246746368463,1,1,23.4,23.4,104.00127844659272,-0.23735261655551365,0
benign_volatility,30016,early_proportional,0.0,0,0,23.39999999999999,23.39999999999999,100.82436586229667,-0.23489829490441605,2
benign_volatility,30016,early_targeted,0.0,0,0,23.4,23.4,101.27799252528969,-0.23629925869162915,2
benign_volatility,30017,breach_proportional,0.019500516498777376,1,1,23.39999999999999,23.39999999999999,90.62799680815951,-0.20647695424093482,0
benign_volatility,30017,breach_targeted,0.019500516498777376,1,1,23.4,23.4,95.5649098046196,-0.20647695424093482,0
benign_volatility,30017,early_proportional,0.0,0,0,12.0,12.0,91.36905118063503,-0.2050009853752609,1
benign_volatility,30017,early_targeted,0.0,0,0,12.0,12.0,93.9344022646333,-0.20466497708122655,1
benign_volatility,30018,breach_proportional,0.44569065067813973,4,1,88.74014166609376,88.74014166609376,72.37703258986897,-0.49701842118207795,0
benign_volatility,30018,breach_targeted,0.5365524313109469,4,1,88.74014166609375,88.74014166609375,72.7037530898444,-0.5066417526536211,0
benign_volatility,30018,early_proportional,0.14126724071437824,3,1,88.74014166609376,88.74014166609376,72.89350619045005,-0.49216612431847906,3
benign_volatility,30018,early_targeted,0.024431258375557263,2,1,88.74014166609375,88.74014166609375,70.8959767460733,-0.4923412413182736,5
benign_volatility,30019,breach_proportional,0.6752076076303193,2,2,72.39904893750001,72.39904893750001,70.452700679153,-0.4044888069707534,0
benign_volatility,30019,breach_targeted,0.7252170974387782,2,2,80.6185,80.6185,74.12054741706011,-0.4200828436293158,0
benign_volatility,30019,early_proportional,0.613392055474145,1,1,72.39904893750001,72.39904893750001,70.56633809107382,-0.4033524328515451,2
benign_volatility,30019,early_targeted,0.8811980055681099,1,1,78.8135,78.8135,75.49698278305588,-0.41629407284427644,1
benign_volatility,30020,breach_proportional,0.0,0,0,0.0,0.0,140.4857984082584,-0.12188368830835816,0
benign_volatility,30020,breach_targeted,0.0,0,0,0.0,0.0,140.4857984082584,-0.12188368830835816,0
benign_volatility,30020,early_proportional,0.0,0,0,0.0,0.0,140.4857984082584,-0.12188368830835816,0
benign_volatility,30020,early_targeted,0.0,0,0,0.0,0.0,140.4857984082584,-0.12188368830835816,0
benign_volatility,30021,breach_proportional,0.0,0,0,0.0,0.0,81.938854820684,-0.32161870965112527,0
benign_volatility,30021,breach_targeted,0.0,0,0,0.0,0.0,81.938854820684,-0.32161870965112527,0
benign_volatility,30021,early_proportional,0.0,0,0,12.0,12.0,81.89100848947885,-0.3220148349810733,1
benign_volatility,30021,early_targeted,0.0,0,0,12.0,12.0,82.03682079592615,-0.321990662387061,1
benign_volatility,30022,breach_proportional,0.1434268181399907,2,1,44.5185,44.5185,81.55673200882558,-0.3538170962998973,0
benign_volatility,30022,breach_targeted,0.18143259877075524,2,1,44.518499999999996,44.518499999999996,83.14906302515075,-0.3472632379552276,0
benign_volatility,30022,early_proportional,0.0,0,0,44.5185,44.5185,81.81789685123404,-0.3514200473964262,4
benign_volatility,30022,early_targeted,0.0,0,0,34.23,34.23,83.72086041524999,-0.34471643340972735,3
benign_volatility,30023,breach_proportional,0.034729612857687275,2,1,44.5185,44.5185,72.48366584426883,-0.3456155034799725,0
benign_volatility,30023,breach_targeted,0.016945935077673724,2,1,44.518499999999996,44.518499999999996,73.23164481636938,-0.34331273051733135,0
benign_volatility,30023,early_proportional,0.014373885387408691,1,1,54.292575000000014,54.292575000000014,72.16734571884778,-0.3456684777914296,3
benign_volatility,30023,early_targeted,0.014373885387408691,1,1,63.57794625,63.57794625,68.52842285640233,-0.38246038353331235,4
benign_volatility,30024,breach_proportional,0.08796478344033387,2,4,44.5185,44.5185,107.65239826422551,-0.2878306717340905,0
benign_volatility,30024,breach_targeted,0.11392514634414841,2,4,44.518499999999996,44.518499999999996,110.97665861980815,-0.29387228468432103,0
benign_volatility,30024,early_proportional,0.0,0,0,34.22999999999999,34.22999999999999,109.8004722164133,-0.2855264929688621,3
benign_volatility,30024,early_targeted,0.0,0,0,34.23,34.23,109.3282226872052,-0.286111792296863,3
benign_volatility,30025,breach_proportional,0.3698311375990979,4,14,80.77909649062502,80.77909649062502,78.31779966663431,-0.43242802874312125,0
benign_volatility,30025,breach_targeted,0.2845952420895488,4,14,80.779096490625,80.779096490625,76.39669569552115,-0.4206925331862009,0
benign_volatility,30025,early_proportional,0.0002445070237446778,1,1,80.77909649062502,80.77909649062502,78.91458452867566,-0.4264898658046332,6
benign_volatility,30025,early_targeted,0.0007690018260952947,2,1,80.779096490625,80.779096490625,77.08374170125154,-0.415912480505104,4
benign_volatility,30026,breach_proportional,0.0,0,0,0.0,0.0,149.59903148093784,-0.17752647798833965,0
benign_volatility,30026,breach_targeted,0.0,0,0,0.0,0.0,149.59903148093784,-0.17752647798833965,0
benign_volatility,30026,early_proportional,0.0,0,0,0.0,0.0,149.59903148093784,-0.17752647798833965,0
benign_volatility,30026,early_targeted,0.0,0,0,0.0,0.0,149.59903148093784,-0.17752647798833965,0
benign_volatility,30027,breach_proportional,0.0,0,0,0.0,0.0,111.95423915806782,-0.18374810643700823,0
benign_volatility,30027,breach_targeted,0.0,0,0,0.0,0.0,111.95423915806782,-0.18374810643700823,0
benign_volatility,30027,early_proportional,0.0,0,0,0.0,0.0,111.95423915806782,-0.18374810643700823,0
benign_volatility,30027,early_targeted,0.0,0,0,0.0,0.0,111.95423915806782,-0.18374810643700823,0
benign_volatility,30028,breach_proportional,0.005077293405465255,1,1,23.39999999999999,23.39999999999999,80.6867430458028,-0.27392630077300517,0
benign_volatility,30028,breach_targeted,0.005077293405465255,1,1,23.4,23.4,79.91718430593754,-0.2792255499697719,0
benign_volatility,30028,early_proportional,0.0,0,0,23.39999999999999,23.39999999999999,80.73425795091082,-0.27348294528549744,2
benign_volatility,30028,early_targeted,0.0,0,0,23.4,23.4,82.13077194085052,-0.2686542800226257,2
benign_volatility,30029,breach_proportional,0.0,0,0,0.0,0.0,107.63465901709009,-0.1726404487452432,0
benign_volatility,30029,breach_targeted,0.0,0,0,0.0,0.0,107.63465901709009,-0.1726404487452432,0
benign_volatility,30029,early_proportional,0.0,0,0,0.0,0.0,107.63465901709009,-0.1726404487452432,0
benign_volatility,30029,early_targeted,0.0,0,0,0.0,0.0,107.63465901709009,-0.1726404487452432,0
benign_volatility,30030,breach_proportional,0.0,0,0,0.0,0.0,101.57118889550404,-0.2124181339475898,0
benign_volatility,30030,breach_targeted,0.0,0,0,0.0,0.0,101.57118889550404,-0.2124181339475898,0
benign_volatility,30030,early_proportional,0.0,0,0,0.0,0.0,101.57118889550404,-0.2124181339475898,0
benign_volatility,30030,early_targeted,0.0,0,0,0.0,0.0,101.57118889550404,-0.2124181339475898,0
benign_volatility,30031,breach_proportional,0.0,0,0,0.0,0.0,119.61274794120956,-0.16333566008105627,0
benign_volatility,30031,breach_targeted,0.0,0,0,0.0,0.0,119.61274794120956,-0.16333566008105627,0
benign_volatility,30031,early_proportional,0.0,0,0,0.0,0.0,119.61274794120956,-0.16333566008105627,0
benign_volatility,30031,early_targeted,0.0,0,0,0.0,0.0,119.61274794120956,-0.16333566008105627,0
benign_volatility,30032,breach_proportional,0.0,0,0,0.0,0.0,121.4474324224237,-0.24610070315796317,0
benign_volatility,30032,breach_targeted,0.0,0,0,0.0,0.0,121.4474324224237,-0.24610070315796317,0
benign_volatility,30032,early_proportional,0.0,0,0,0.0,0.0,121.4474324224237,-0.24610070315796317,0
benign_volatility,30032,early_targeted,0.0,0,0,0.0,0.0,121.4474324224237,-0.24610070315796317,0
benign_volatility,30033,breach_proportional,0.3872683144399325,2,3,54.292575000000014,54.292575000000014,68.64746642919255,-0.36799117614165444,0
benign_volatility,30033,breach_targeted,0.2985210386122201,2,1,54.292575,54.292575,70.14327501211781,-0.34762557886357315,0
benign_volatility,30033,early_proportional,0.18192288212346064,2,3,54.292575000000014,54.292575000000014,69.13861277751064,-0.36318217695975197,1
benign_volatility,30033,early_targeted,0.11943955831219011,2,3,54.292575,54.292575,71.56806172877002,-0.3370458817902059,1
benign_volatility,30034,breach_proportional,0.0,0,0,0.0,0.0,114.55424374463409,-0.16177273408155046,0
benign_volatility,30034,breach_targeted,0.0,0,0,0.0,0.0,114.55424374463409,-0.16177273408155046,0
benign_volatility,30034,early_proportional,0.0,0,0,0.0,0.0,114.55424374463409,-0.16177273408155046,0
benign_volatility,30034,early_targeted,0.0,0,0,0.0,0.0,114.55424374463409,-0.16177273408155046,0
benign_volatility,30035,breach_proportional,0.22688316922443175,2,1,54.292575000000014,54.292575000000014,78.94458023374341,-0.3292684516448722,0
benign_volatility,30035,breach_targeted,0.061076690199228345,2,1,44.518499999999996,44.518499999999996,84.09232375727606,-0.3166629822311502,0
benign_volatility,30035,early_proportional,0.0,0,0,44.5185,44.5185,80.02490762991344,-0.3247132963138203,4
benign_volatility,30035,early_targeted,0.0,0,0,44.518499999999996,44.518499999999996,81.97712030702,-0.324047575477165,4
benign_volatility,30036,breach_proportional,0.0,0,0,0.0,0.0,108.6808213076828,-0.1275134118108655,0
benign_volatility,30036,breach_targeted,0.0,0,0,0.0,0.0,108.6808213076828,-0.1275134118108655,0
benign_volatility,30036,early_proportional,0.0,0,0,0.0,0.0,108.6808213076828,-0.1275134118108655,0
benign_volatility,30036,early_targeted,0.0,0,0,0.0,0.0,108.6808213076828,-0.1275134118108655,0
benign_volatility,30037,breach_proportional,0.0,0,0,0.0,0.0,98.90954614827686,-0.23292801889848258,0
benign_volatility,30037,breach_targeted,0.0,0,0,0.0,0.0,98.90954614827686,-0.23292801889848258,0
benign_volatility,30037,early_proportional,0.0,0,0,12.0,12.0,98.01722489995043,-0.2335535381059347,1
benign_volatility,30037,early_targeted,0.0,0,0,12.0,12.0,96.94101159981798,-0.2335535381059347,1
benign_volatility,30038,breach_proportional,0.0,0,0,0.0,0.0,87.79124854321726,-0.2476343569208761,0
benign_volatility,30038,breach_targeted,0.0,0,0,0.0,0.0,87.79124854321726,-0.2476343569208761,0
benign_volatility,30038,early_proportional,0.0,0,0,0.0,0.0,87.79124854321726,-0.2476343569208761,0
benign_volatility,30038,early_targeted,0.0,0,0,0.0,0.0,87.79124854321726,-0.2476343569208761,0
benign_volatility,30039,breach_proportional,0.0,0,0,0.0,0.0,102.89835757855988,-0.22934786593639023,0
benign_volatility,30039,breach_targeted,0.0,0,0,0.0,0.0,102.89835757855988,-0.22934786593639023,0
benign_volatility,30039,early_proportional,0.0,0,0,0.0,0.0,102.89835757855988,-0.22934786593639023,0
benign_volatility,30039,early_targeted,0.0,0,0,0.0,0.0,102.89835757855988,-0.22934786593639023,0
benign_volatility,30040,breach_proportional,0.05194921869192637,2,1,44.5185,44.5185,71.19731463584118,-0.35293477250974614,0
benign_volatility,30040,breach_targeted,0.04067013656417107,2,1,44.518499999999996,44.518499999999996,72.40986808248131,-0.35052937958919705,0
benign_volatility,30040,early_proportional,0.0,0,0,34.22999999999999,34.22999999999999,71.4028467436852,-0.35117700065813495,3
benign_volatility,30040,early_targeted,0.0,0,0,34.23,34.23,72.56874560740303,-0.345666196464415,3
benign_volatility,30041,breach_proportional,0.0,0,0,0.0,0.0,110.35822441114695,-0.1911642202260544,0
benign_volatility,30041,breach_targeted,0.0,0,0,0.0,0.0,110.35822441114695,-0.1911642202260544,0
benign_volatility,30041,early_proportional,0.0,0,0,0.0,0.0,110.35822441114695,-0.1911642202260544,0
benign_volatility,30041,early_targeted,0.0,0,0,0.0,0.0,110.35822441114695,-0.1911642202260544,0
benign_volatility,30042,breach_proportional,0.00500356262594881,1,1,23.39999999999999,23.39999999999999,89.2533100476389,-0.2776521310314709,0
benign_volatility,30042,breach_targeted,0.00500356262594881,1,1,23.4,23.4,90.31536497635155,-0.27628581562013066,0
benign_volatility,30042,early_proportional,0.0,0,0,34.22999999999999,34.22999999999999,88.38923178746228,-0.27895358394168124,3
benign_volatility,30042,early_targeted,0.012913121378484771,1,1,34.23,34.23,89.13418356548428,-0.2904632511104892,1
benign_volatility,30043,breach_proportional,0.0,0,0,0.0,0.0,124.76156555667772,-0.1482016111442861,0
benign_volatility,30043,breach_targeted,0.0,0,0,0.0,0.0,124.76156555667772,-0.1482016111442861,0
benign_volatility,30043,early_proportional,0.0,0,0,0.0,0.0,124.76156555667772,-0.1482016111442861,0
benign_volatility,30043,early_targeted,0.0,0,0,0.0,0.0,124.76156555667772,-0.1482016111442861,0
benign_volatility,30044,breach_proportional,0.13952914536770322,1,1,23.39999999999999,23.39999999999999,95.5134768648543,-0.28659756049379936,0
benign_volatility,30044,breach_targeted,0.13952914536770322,1,1,23.4,23.4,95.97426558166342,-0.28659756049379936,0
benign_volatility,30044,early_proportional,0.13952914536770322,1,1,23.39999999999999,23.39999999999999,95.5134768648543,-0.28659756049379936,0
benign_volatility,30044,early_targeted,0.13952914536770322,1,1,23.4,23.4,95.97426558166342,-0.28659756049379936,0
benign_volatility,30045,breach_proportional,0.0,0,0,0.0,0.0,90.06056454897288,-0.3625538383621383,0
benign_volatility,30045,breach_targeted,0.0,0,0,0.0,0.0,90.06056454897288,-0.3625538383621383,0
benign_volatility,30045,early_proportional,0.0,0,0,0.0,0.0,90.06056454897288,-0.3625538383621383,0
benign_volatility,30045,early_targeted,0.0,0,0,0.0,0.0,90.06056454897288,-0.3625538383621383,0
benign_volatility,30046,breach_proportional,0.0,0,0,0.0,0.0,114.44920494541311,-0.13947753105046767,0
benign_volatility,30046,breach_targeted,0.0,0,0,0.0,0.0,114.44920494541311,-0.13947753105046767,0
benign_volatility,30046,early_proportional,0.0,0,0,0.0,0.0,114.44920494541311,-0.13947753105046767,0
benign_volatility,30046,early_targeted,0.0,0,0,0.0,0.0,114.44920494541311,-0.13947753105046767,0
benign_volatility,30047,breach_proportional,0.20968317737724362,4,1,80.77909649062502,80.77909649062502,58.956268726407245,-0.5108158059728961,0
benign_volatility,30047,breach_targeted,0.24339200405351846,4,1,80.779096490625,80.779096490625,62.0706365502197,-0.491724396363037,0
benign_volatility,30047,early_proportional,0.0913159825179064,3,1,88.74014166609376,88.74014166609376,58.84643230815482,-0.5100729648759749,3
benign_volatility,30047,early_targeted,0.04604285196596569,1,1,80.779096490625,80.779096490625,60.805482124416244,-0.49746408017611377,6
benign_volatility,30048,breach_proportional,0.068638025808061,2,1,44.5185,44.5185,72.17317865545172,-0.3652167292537092,0
benign_volatility,30048,breach_targeted,0.0431933054435798,2,1,44.518499999999996,44.518499999999996,71.51725606911414,-0.3736291530733996,0
benign_volatility,30048,early_proportional,0.03916334315706127,1,1,44.5185,44.5185,72.22138763325415,-0.3647779309435718,2
benign_volatility,30048,early_targeted,0.03916334315706127,1,1,44.518499999999996,44.518499999999996,72.71017290686333,-0.367420828702651,2
benign_volatility,30049,breach_proportional,0.14946170792877167,3,4,63.57794625000001,63.57794625000001,94.63115500217727,-0.3955775467513378,0
benign_volatility,30049,breach_targeted,0.08655892878391658,2,1,44.518499999999996,44.518499999999996,101.83291565935731,-0.3634414445724423,0
benign_volatility,30049,early_proportional,0.09000036112200371,2,1,63.57794625000001,63.57794625000001,94.77337688857621,-0.3942278833072237,2
benign_volatility,30049,early_targeted,0.04679809064306495,1,1,54.292575,54.292575,97.65887557312952,-0.36991869042366554,3
benign_volatility,30050,breach_proportional,0.0,0,0,0.0,0.0,124.89115589251188,-0.18416923950938335,0
benign_volatility,30050,breach_targeted,0.0,0,0,0.0,0.0,124.89115589251188,-0.18416923950938335,0
benign_volatility,30050,early_proportional,0.0,0,0,0.0,0.0,124.89115589251188,-0.18416923950938335,0
benign_volatility,30050,early_targeted,0.0,0,0,0.0,0.0,124.89115589251188,-0.18416923950938335,0
benign_volatility,30051,breach_proportional,0.0,0,0,0.0,0.0,115.28144969827788,-0.1609580194683784,0
benign_volatility,30051,breach_targeted,0.0,0,0,0.0,0.0,115.28144969827788,-0.1609580194683784,0
benign_volatility,30051,early_proportional,0.0,0,0,0.0,0.0,115.28144969827788,-0.1609580194683784,0
benign_volatility,30051,early_targeted,0.0,0,0,0.0,0.0,115.28144969827788,-0.1609580194683784,0
benign_volatility,30052,breach_proportional,0.0,0,0,0.0,0.0,94.19227139974956,-0.1766511785231386,0
benign_volatility,30052,breach_targeted,0.0,0,0,0.0,0.0,94.19227139974956,-0.1766511785231386,0
benign_volatility,30052,early_proportional,0.0,0,0,0.0,0.0,94.19227139974956,-0.1766511785231386,0
benign_volatility,30052,early_targeted,0.0,0,0,0.0,0.0,94.19227139974956,-0.1766511785231386,0
benign_volatility,30053,breach_proportional,0.0,0,0,0.0,0.0,151.60408799768132,-0.10224811626726682,0
benign_volatility,30053,breach_targeted,0.0,0,0,0.0,0.0,151.60408799768132,-0.10224811626726682,0
benign_volatility,30053,early_proportional,0.0,0,0,0.0,0.0,151.60408799768132,-0.10224811626726682,0
benign_volatility,30053,early_targeted,0.0,0,0,0.0,0.0,151.60408799768132,-0.10224811626726682,0
benign_volatility,30054,breach_proportional,0.0,0,0,0.0,0.0,98.95445813519991,-0.15251930974067995,0
benign_volatility,30054,breach_targeted,0.0,0,0,0.0,0.0,98.95445813519991,-0.15251930974067995,0
benign_volatility,30054,early_proportional,0.0,0,0,0.0,0.0,98.95445813519991,-0.15251930974067995,0
benign_volatility,30054,early_targeted,0.0,0,0,0.0,0.0,98.95445813519991,-0.15251930974067995,0
benign_volatility,30055,breach_proportional,0.16106446147557962,2,1,44.5185,44.5185,72.15150719856031,-0.39457311754238455,0
benign_volatility,30055,breach_targeted,0.18200990841072962,2,1,54.292575,54.292575,70.80978653147514,-0.39511246633575825,0
benign_volatility,30055,early_proportional,0.15223991829601813,1,1,54.292575000000014,54.292575000000014,71.8433321640456,-0.3950268939232675,3
benign_volatility,30055,early_targeted,0.1381763373598872,1,1,44.518499999999996,44.518499999999996,71.74840080332291,-0.39069706628198675,2
benign_volatility,30056,breach_proportional,0.0913305948890959,4,4,80.77909649062502,80.77909649062502,58.57336499383275,-0.49122457501674455,0
benign_volatility,30056,breach_targeted,0.08517703773627261,3,4,63.57794625,63.57794625,60.205945998808,-0.4770437763770671,0
benign_volatility,30056,early_proportional,0.05258819618264754,1,1,72.39904893750001,72.39904893750001,58.69823526279707,-0.4901399365609074,5
benign_volatility,30056,early_targeted,0.05258819618264754,1,1,63.57794625,63.57794625,61.69355628957643,-0.46412221112339147,4
benign_volatility,30057,breach_proportional,0.09482941262638844,2,1,44.5185,44.5185,79.28535589385422,-0.3376219703993931,0
benign_volatility,30057,breach_targeted,0.07407917844607104,2,1,44.518499999999996,44.518499999999996,78.74986906216684,-0.35190297902424106,0
benign_volatility,30057,early_proportional,0.06190883346622034,1,1,44.5185,44.5185,79.35128586445768,-0.3369885567958657,2
benign_volatility,30057,early_targeted,0.06190883346622034,1,1,54.292575,54.292575,77.8507875623888,-0.3533926837582013,3
benign_volatility,30058,breach_proportional,0.0,0,0,0.0,0.0,123.18802585980643,-0.18527275209675342,0
benign_volatility,30058,breach_targeted,0.0,0,0,0.0,0.0,123.18802585980643,-0.18527275209675342,0
benign_volatility,30058,early_proportional,0.0,0,0,0.0,0.0,123.18802585980643,-0.18527275209675342,0
benign_volatility,30058,early_targeted,0.0,0,0,0.0,0.0,123.18802585980643,-0.18527275209675342,0
benign_volatility,30059,breach_proportional,0.0,0,0,0.0,0.0,93.23939739444299,-0.17883536059249983,0
benign_volatility,30059,breach_targeted,0.0,0,0,0.0,0.0,93.23939739444299,-0.17883536059249983,0
benign_volatility,30059,early_proportional,0.0,0,0,0.0,0.0,93.23939739444299,-0.17883536059249983,0
benign_volatility,30059,early_targeted,0.0,0,0,0.0,0.0,93.23939739444299,-0.17883536059249983,0
benign_volatility,30060,breach_proportional,0.0,0,0,0.0,0.0,107.67978792536812,-0.2536191529976317,0
benign_volatility,30060,breach_targeted,0.0,0,0,0.0,0.0,107.67978792536812,-0.2536191529976317,0
benign_volatility,30060,early_proportional,0.0,0,0,0.0,0.0,107.67978792536812,-0.2536191529976317,0
benign_volatility,30060,early_targeted,0.0,0,0,0.0,0.0,107.67978792536812,-0.2536191529976317,0
benign_volatility,30061,breach_proportional,0.028751855655386294,1,1,23.39999999999999,23.39999999999999,99.90888525651901,-0.21810765822041,0
benign_volatility,30061,breach_targeted,0.028751855655386294,1,1,23.4,23.4,100.48648688313672,-0.21810765822041,0
benign_volatility,30061,early_proportional,0.0,0,0,12.0,12.0,101.20264956868205,-0.2161402051950131,1
benign_volatility,30061,early_targeted,0.0,0,0,12.0,12.0,101.4245291218811,-0.21687482282963155,1
benign_volatility,30062,breach_proportional,0.0,0,0,0.0,0.0,108.10530630007156,-0.15024586876784007,0
benign_volatility,30062,breach_targeted,0.0,0,0,0.0,0.0,108.10530630007156,-0.15024586876784007,0
benign_volatility,30062,early_proportional,0.0,0,0,0.0,0.0,108.10530630007156,-0.15024586876784007,0
benign_volatility,30062,early_targeted,0.0,0,0,0.0,0.0,108.10530630007156,-0.15024586876784007,0
benign_volatility,30063,breach_proportional,0.0,0,0,0.0,0.0,97.1899005438454,-0.18517165952283887,0
benign_volatility,30063,breach_targeted,0.0,0,0,0.0,0.0,97.1899005438454,-0.18517165952283887,0
benign_volatility,30063,early_proportional,0.0,0,0,0.0,0.0,97.1899005438454,-0.18517165952283887,0
benign_volatility,30063,early_targeted,0.0,0,0,0.0,0.0,97.1899005438454,-0.18517165952283887,0
benign_volatility,30064,breach_proportional,0.0,0,0,0.0,0.0,125.88813854630143,-0.1850326270387066,0
benign_volatility,30064,breach_targeted,0.0,0,0,0.0,0.0,125.88813854630143,-0.1850326270387066,0
benign_volatility,30064,early_proportional,0.0,0,0,0.0,0.0,125.88813854630143,-0.1850326270387066,0
benign_volatility,30064,early_targeted,0.0,0,0,0.0,0.0,125.88813854630143,-0.1850326270387066,0
benign_volatility,30065,breach_proportional,0.06455324710817134,1,1,23.39999999999999,23.39999999999999,97.56355364112284,-0.2514241352490042,0
benign_volatility,30065,breach_targeted,0.06455324710817134,1,1,23.4,23.4,99.64203411815733,-0.2513876673838694,0
benign_volatility,30065,early_proportional,0.0,0,0,23.39999999999999,23.39999999999999,97.71726094147283,-0.24991968704085887,2
benign_volatility,30065,early_targeted,0.0,0,0,23.4,23.4,97.25241450940227,-0.2625440111494871,2
benign_volatility,30066,breach_proportional,0.08349453722645306,2,1,44.5185,44.5185,71.93728825130454,-0.3253182287233418,0
benign_volatility,30066,breach_targeted,0.22469487568655744,2,1,44.518499999999996,44.518499999999996,68.2679795247624,-0.35973175432547566,0
benign_volatility,30066,early_proportional,0.0,0,0,34.22999999999999,34.22999999999999,72.20108930369832,-0.32284410486323845,3
benign_volatility,30066,early_targeted,0.0,0,0,44.518499999999996,44.518499999999996,69.25040410916257,-0.35051784072293135,4
benign_volatility,30067,breach_proportional,0.0,0,0,0.0,0.0,111.25477707133277,-0.18832009510808112,0
benign_volatility,30067,breach_targeted,0.0,0,0,0.0,0.0,111.25477707133277,-0.18832009510808112,0
benign_volatility,30067,early_proportional,0.0,0,0,0.0,0.0,111.25477707133277,-0.18832009510808112,0
benign_volatility,30067,early_targeted,0.0,0,0,0.0,0.0,111.25477707133277,-0.18832009510808112,0
benign_volatility,30068,breach_proportional,0.13193219262418943,1,1,23.39999999999999,23.39999999999999,81.76861750978605,-0.41562726660117233,0
benign_volatility,30068,breach_targeted,0.13193219262418943,1,1,23.4,23.4,82.7363473127502,-0.41562726660117233,0
benign_volatility,30068,early_proportional,0.13193219262418943,1,1,23.39999999999999,23.39999999999999,81.76861750978605,-0.41562726660117233,0
benign_volatility,30068,early_targeted,0.13193219262418943,1,1,23.4,23.4,82.7363473127502,-0.41562726660117233,0
benign_volatility,30069,breach_proportional,0.0,0,0,0.0,0.0,98.97882764301274,-0.20512290712737635,0
benign_volatility,30069,breach_targeted,0.0,0,0,0.0,0.0,98.97882764301274,-0.20512290712737635,0
benign_volatility,30069,early_proportional,0.0,0,0,0.0,0.0,98.97882764301274,-0.20512290712737635,0
benign_volatility,30069,early_targeted,0.0,0,0,0.0,0.0,98.97882764301274,-0.20512290712737635,0
benign_volatility,30070,breach_proportional,0.0,0,0,0.0,0.0,88.89509563525085,-0.3128767437591353,0
benign_volatility,30070,breach_targeted,0.0,0,0,0.0,0.0,88.89509563525085,-0.3128767437591353,0
benign_volatility,30070,early_proportional,0.0,0,0,12.0,12.0,88.53037046284072,-0.3128706834536069,1
benign_volatility,30070,early_targeted,0.0,0,0,12.0,12.0,89.55005268602787,-0.31491498332816203,1
benign_volatility,30071,breach_proportional,0.036315116101064415,3,1,63.57794625000001,63.57794625000001,66.213780123858,-0.44714412934151293,0
benign_volatility,30071,breach_targeted,0.11923257474414628,3,1,63.57794625,63.57794625,64.50574708169373,-0.45933558462371005,0
benign_volatility,30071,early_proportional,0.019617891218659533,1,1,54.292575000000014,54.292575000000014,66.356118256207,-0.4465903914860736,3
benign_volatility,30071,early_targeted,0.019617891218659533,1,1,63.57794625,63.57794625,65.0616298513163,-0.45611959191413776,4
benign_volatility,30072,breach_proportional,0.0,0,0,0.0,0.0,104.54910277261243,-0.2512528329081567,0
benign_volatility,30072,breach_targeted,0.0,0,0,0.0,0.0,104.54910277261243,-0.2512528329081567,0
benign_volatility,30072,early_proportional,0.0,0,0,0.0,0.0,104.54910277261243,-0.2512528329081567,0
benign_volatility,30072,early_targeted,0.0,0,0,0.0,0.0,104.54910277261243,-0.2512528329081567,0
benign_volatility,30073,breach_proportional,0.0,0,0,0.0,0.0,89.62244070859417,-0.28683327442435924,0
benign_volatility,30073,breach_targeted,0.0,0,0,0.0,0.0,89.62244070859417,-0.28683327442435924,0
benign_volatility,30073,early_proportional,0.0,0,0,0.0,0.0,89.62244070859417,-0.28683327442435924,0
benign_volatility,30073,early_targeted,0.0,0,0,0.0,0.0,89.62244070859417,-0.28683327442435924,0
benign_volatility,30074,breach_proportional,0.501258079310837,3,5,80.77909649062502,80.77909649062502,84.44515682451872,-0.4562931249637453,0
benign_volatility,30074,breach_targeted,0.3714805256263345,3,5,80.779096490625,80.779096490625,87.95700067912465,-0.44758218796952,0
benign_volatility,30074,early_proportional,0.4214937071125262,2,5,80.77909649062502,80.77909649062502,84.62599885300445,-0.4545783090793669,2
benign_volatility,30074,early_targeted,0.3714805256263345,3,5,80.779096490625,80.779096490625,87.95700067912465,-0.44758218796952,0
benign_volatility,30075,breach_proportional,0.0,0,0,0.0,0.0,115.5341206228107,-0.22893088082300506,0
benign_volatility,30075,breach_targeted,0.0,0,0,0.0,0.0,115.5341206228107,-0.22893088082300506,0
benign_volatility,30075,early_proportional,0.0,0,0,0.0,0.0,115.5341206228107,-0.22893088082300506,0
benign_volatility,30075,early_targeted,0.0,0,0,0.0,0.0,115.5341206228107,-0.22893088082300506,0
benign_volatility,30076,breach_proportional,0.0,0,0,0.0,0.0,97.1045197990651,-0.15956313250580734,0
benign_volatility,30076,breach_targeted,0.0,0,0,0.0,0.0,97.1045197990651,-0.15956313250580734,0
benign_volatility,30076,early_proportional,0.0,0,0,0.0,0.0,97.1045197990651,-0.15956313250580734,0
benign_volatility,30076,early_targeted,0.0,0,0,0.0,0.0,97.1045197990651,-0.15956313250580734,0
benign_volatility,30077,breach_proportional,0.2341477016346083,2,1,54.292575000000014,54.292575000000014,72.8253449282513,-0.35000786467801026,0
benign_volatility,30077,breach_targeted,0.19089449044483597,1,1,34.23,34.23,75.61021543154612,-0.3172059232454004,0
benign_volatility,30077,early_proportional,0.01980063229850426,1,1,44.5185,44.5185,73.62808770014486,-0.34497560821479756,2
benign_volatility,30077,early_targeted,0.018181018395025728,1,1,44.518499999999996,44.518499999999996,75.86038245857932,-0.3375335652901459,2
benign_volatility,30078,breach_proportional,0.0,0,0,0.0,0.0,83.57640261701108,-0.19421783922040636,0
benign_volatility,30078,breach_targeted,0.0,0,0,0.0,0.0,83.57640261701108,-0.19421783922040636,0
benign_volatility,30078,early_proportional,0.0,0,0,0.0,0.0,83.57640261701108,-0.19421783922040636,0
benign_volatility,30078,early_targeted,0.0,0,0,0.0,0.0,83.57640261701108,-0.19421783922040636,0
benign_volatility,30079,breach_proportional,0.0,0,0,0.0,0.0,119.16897702486558,-0.1328831655335454,0
benign_volatility,30079,breach_targeted,0.0,0,0,0.0,0.0,119.16897702486558,-0.1328831655335454,0
benign_volatility,30079,early_proportional,0.0,0,0,0.0,0.0,119.16897702486558,-0.1328831655335454,0
benign_volatility,30079,early_targeted,0.0,0,0,0.0,0.0,119.16897702486558,-0.1328831655335454,0
benign_volatility,30080,breach_proportional,0.27858366780601784,2,5,44.5185,44.5185,79.87002790232508,-0.31352978172557755,0
benign_volatility,30080,breach_targeted,0.2540148541055234,2,5,44.518499999999996,44.518499999999996,79.12222546754606,-0.32695892360234646,0
benign_volatility,30080,early_proportional,0.14659530946695876,1,1,44.5185,44.5185,80.09605177553136,-0.3112695429935145,2
benign_volatility,30080,early_targeted,0.14659530946695876,1,1,44.518499999999996,44.518499999999996,78.2780538111637,-0.3222957134602191,2
benign_volatility,30081,breach_proportional,0.0,0,0,0.0,0.0,99.69277004153822,-0.18861065342570582,0
benign_volatility,30081,breach_targeted,0.0,0,0,0.0,0.0,99.69277004153822,-0.18861065342570582,0
benign_volatility,30081,early_proportional,0.0,0,0,0.0,0.0,99.69277004153822,-0.18861065342570582,0
benign_volatility,30081,early_targeted,0.0,0,0,0.0,0.0,99.69277004153822,-0.18861065342570582,0
benign_volatility,30082,breach_proportional,0.0,0,0,0.0,0.0,108.65844262067756,-0.15674726120610527,0
benign_volatility,30082,breach_targeted,0.0,0,0,0.0,0.0,108.65844262067756,-0.15674726120610527,0
benign_volatility,30082,early_proportional,0.0,0,0,0.0,0.0,108.65844262067756,-0.15674726120610527,0
benign_volatility,30082,early_targeted,0.0,0,0,0.0,0.0,108.65844262067756,-0.15674726120610527,0
benign_volatility,30083,breach_proportional,0.0,0,0,0.0,0.0,143.95879093401024,-0.11759198897881662,0
benign_volatility,30083,breach_targeted,0.0,0,0,0.0,0.0,143.95879093401024,-0.11759198897881662,0
benign_volatility,30083,early_proportional,0.0,0,0,0.0,0.0,143.95879093401024,-0.11759198897881662,0
benign_volatility,30083,early_targeted,0.0,0,0,0.0,0.0,143.95879093401024,-0.11759198897881662,0
benign_volatility,30084,breach_proportional,0.0,0,0,0.0,0.0,103.70417649960564,-0.1927305326690848,0
benign_volatility,30084,breach_targeted,0.0,0,0,0.0,0.0,103.70417649960564,-0.1927305326690848,0
benign_volatility,30084,early_proportional,0.0,0,0,0.0,0.0,103.70417649960564,-0.1927305326690848,0
benign_volatility,30084,early_targeted,0.0,0,0,0.0,0.0,103.70417649960564,-0.1927305326690848,0
benign_volatility,30085,breach_proportional,0.0,0,0,0.0,0.0,97.01927508184797,-0.26728210640081884,0
benign_volatility,30085,breach_targeted,0.0,0,0,0.0,0.0,97.01927508184797,-0.26728210640081884,0
benign_volatility,30085,early_proportional,0.0,0,0,0.0,0.0,97.01927508184797,-0.26728210640081884,0
benign_volatility,30085,early_targeted,0.0,0,0,0.0,0.0,97.01927508184797,-0.26728210640081884,0
benign_volatility,30086,breach_proportional,0.0,0,0,0.0,0.0,103.21067605128417,-0.2532149406561386,0
benign_volatility,30086,breach_targeted,0.0,0,0,0.0,0.0,103.21067605128417,-0.2532149406561386,0
benign_volatility,30086,early_proportional,0.0,0,0,0.0,0.0,103.21067605128417,-0.2532149406561386,0
benign_volatility,30086,early_targeted,0.0,0,0,0.0,0.0,103.21067605128417,-0.2532149406561386,0
benign_volatility,30087,breach_proportional,0.0,0,0,0.0,0.0,92.36987796923322,-0.17331093640106843,0
benign_volatility,30087,breach_targeted,0.0,0,0,0.0,0.0,92.36987796923322,-0.17331093640106843,0
benign_volatility,30087,early_proportional,0.0,0,0,12.0,12.0,91.81762938876625,-0.17398293640106843,1
benign_volatility,30087,early_targeted,0.0,0,0,12.0,12.0,93.05849757841254,-0.17398293640106843,1
benign_volatility,30088,breach_proportional,0.12800222053270005,3,1,63.57794625000001,63.57794625000001,63.64859814571073,-0.39156471255964187,0
benign_volatility,30088,breach_targeted,0.1297277212014727,3,1,63.57794625,63.57794625,63.28081590151083,-0.3852235561725037,0
benign_volatility,30088,early_proportional,0.0,0,0,63.57794625000001,63.57794625000001,63.86196977278349,-0.3894309962889143,6
benign_volatility,30088,early_targeted,0.1422697421926329,1,1,63.57794625,63.57794625,63.02511028141332,-0.3859907052804714,4
benign_volatility,30089,breach_proportional,0.0,0,0,0.0,0.0,152.8430735137806,-0.09548699405748673,0
benign_volatility,30089,breach_targeted,0.0,0,0,0.0,0.0,152.8430735137806,-0.09548699405748673,0
benign_volatility,30089,early_proportional,0.0,0,0,0.0,0.0,152.8430735137806,-0.09548699405748673,0
benign_volatility,30089,early_targeted,0.0,0,0,0.0,0.0,152.8430735137806,-0.09548699405748673,0
benign_volatility,30090,breach_proportional,0.0,0,0,0.0,0.0,92.1937161591262,-0.2520968145348742,0
benign_volatility,30090,breach_targeted,0.0,0,0,0.0,0.0,92.1937161591262,-0.2520968145348742,0
benign_volatility,30090,early_proportional,0.0,0,0,12.0,12.0,91.63590100285248,-0.2523035359014921,1
benign_volatility,30090,early_targeted,0.0,0,0,12.0,12.0,91.52777608298399,-0.2550145998282325,1
benign_volatility,30091,breach_proportional,0.0,0,0,0.0,0.0,114.21796170955867,-0.16771555946068095,0
benign_volatility,30091,breach_targeted,0.0,0,0,0.0,0.0,114.21796170955867,-0.16771555946068095,0
benign_volatility,30091,early_proportional,0.0,0,0,0.0,0.0,114.21796170955867,-0.16771555946068095,0
benign_volatility,30091,early_targeted,0.0,0,0,0.0,0.0,114.21796170955867,-0.16771555946068095,0
benign_volatility,30092,breach_proportional,0.24679676030698072,5,1,96.30313458278907,96.30313458278907,54.291534396951135,-0.4956776755432464,0
benign_volatility,30092,breach_targeted,0.16526367648773865,5,1,96.30313458278906,96.30313458278906,50.207302587581246,-0.5318548145188339,0
benign_volatility,30092,early_proportional,0.04766581603522546,1,1,96.30313458278907,96.30313458278907,54.686979396083444,-0.4918150344069645,8
benign_volatility,30092,early_targeted,0.09270119017770817,2,1,103.48797785364961,103.48797785364961,52.32650002277632,-0.5131845380154383,7
benign_volatility,30093,breach_proportional,0.0,0,0,0.0,0.0,99.2452676667965,-0.17932659398482353,0
benign_volatility,30093,breach_targeted,0.0,0,0,0.0,0.0,99.2452676667965,-0.17932659398482353,0
benign_volatility,30093,early_proportional,0.0,0,0,0.0,0.0,99.2452676667965,-0.17932659398482353,0
benign_volatility,30093,early_targeted,0.0,0,0,0.0,0.0,99.2452676667965,-0.17932659398482353,0
benign_volatility,30094,breach_proportional,0.0,0,0,0.0,0.0,116.38944198749606,-0.198499177076227,0
benign_volatility,30094,breach_targeted,0.0,0,0,0.0,0.0,116.38944198749606,-0.198499177076227,0
benign_volatility,30094,early_proportional,0.0,0,0,0.0,0.0,116.38944198749606,-0.198499177076227,0
benign_volatility,30094,early_targeted,0.0,0,0,0.0,0.0,116.38944198749606,-0.198499177076227,0
benign_volatility,30095,breach_proportional,0.0,0,0,0.0,0.0,129.9513680680152,-0.09691064277980632,0
benign_volatility,30095,breach_targeted,0.0,0,0,0.0,0.0,129.9513680680152,-0.09691064277980632,0
benign_volatility,30095,early_proportional,0.0,0,0,0.0,0.0,129.9513680680152,-0.09691064277980632,0
benign_volatility,30095,early_targeted,0.0,0,0,0.0,0.0,129.9513680680152,-0.09691064277980632,0
benign_volatility,30096,breach_proportional,0.0,0,0,0.0,0.0,124.10028543985806,-0.142880174609473,0
benign_volatility,30096,breach_targeted,0.0,0,0,0.0,0.0,124.10028543985806,-0.142880174609473,0
benign_volatility,30096,early_proportional,0.0,0,0,0.0,0.0,124.10028543985806,-0.142880174609473,0
benign_volatility,30096,early_targeted,0.0,0,0,0.0,0.0,124.10028543985806,-0.142880174609473,0
benign_volatility,30097,breach_proportional,0.0,0,0,0.0,0.0,101.87938272105774,-0.20238341626745981,0
benign_volatility,30097,breach_targeted,0.0,0,0,0.0,0.0,101.87938272105774,-0.20238341626745981,0
benign_volatility,30097,early_proportional,0.0,0,0,0.0,0.0,101.87938272105774,-0.20238341626745981,0
benign_volatility,30097,early_targeted,0.0,0,0,0.0,0.0,101.87938272105774,-0.20238341626745981,0
benign_volatility,30098,breach_proportional,0.09852172701100681,2,5,44.5185,44.5185,90.24183370709665,-0.3491380544391681,0
benign_volatility,30098,breach_targeted,0.08001269956527857,2,5,44.518499999999996,44.518499999999996,89.14168454933483,-0.3413280380845791,0
benign_volatility,30098,early_proportional,0.031062394145319416,1,1,44.5185,44.5185,90.4321188129228,-0.3473624681928653,2
benign_volatility,30098,early_targeted,0.08001269956527857,2,5,44.518499999999996,44.518499999999996,89.14168454933483,-0.3413280380845791,0
benign_volatility,30099,breach_proportional,0.24221034809373698,2,1,54.292575000000014,54.292575000000014,72.61990767328221,-0.365270721230873,0
benign_volatility,30099,breach_targeted,0.26822595696788776,2,1,54.292575,54.292575,77.99643493666545,-0.367713380012783,0
benign_volatility,30099,early_proportional,0.1847205539160348,1,1,54.292575000000014,54.292575000000014,72.71033497196287,-0.36441506654657285,2
benign_volatility,30099,early_targeted,0.19253081178822784,1,1,54.292575,54.292575,76.79412252593012,-0.3600359843996569,2
