name,age,aliq_at,aliq_mat,ami_126d,at_be,at_gr1,at_me,at_turnover,be_gr1a,be_me,beta_60m,beta_dimson_21d,betabab_1260d,betadown_252d,bev_mev,bidaskhl_21d,capex_abn,capx_gr1,capx_gr2,capx_gr3,cash_at,chcsho_12m,coa_gr1a,col_gr1a,cop_atl1,corr_1260d,coskew_21d,cowc_gr1a,dbnetis_at,debt_gr3,debt_me,dgp_dsale,dolvol_126d,dolvol_var_126d,dsale_dinv,dsale_drec,dsale_dsga,earnings_variability,ebit_bev,ebit_sale,ebitda_mev,emp_gr1,eq_dur,eqnetis_at,eqnpo_12m,eqnpo_me,eqpo_me,f_score,fcf_me,fnl_gr1a,gp_at,inv_gr1,inv_gr1a,iskew_ff3_21d,ival_me,ivol_capm_252d,ivol_ff3_21d,kz_index,lnoa_gr1a,lti_gr1a,market_equity,mispricing_mgmt,mispricing_perf,ncoa_gr1a,ncol_gr1a,netdebt_me,netis_at,nfna_gr1a,ni_ar1,ni_be,ni_inc8q,ni_ivol,ni_me,niq_at,niq_be,niq_su,nncoa_gr1a,noa_at,noa_gr1a,o_score,oaccruals_at,oaccruals_ni,ocf_at,ocf_at_chg1,ocf_me,ocfq_saleq_std,op_atl1,ope_be,opex_at,pi_nix,ppeinv_gr1a,prc,prc_highprc_252d,qmj,qmj_growth,qmj_prof,qmj_safety,rd5_at,rd_me,rd_sale,resff3_12_1,resff3_6_1,ret_12_1,ret_12_7,ret_1_0,ret_3_1,ret_60_12,ret_6_1,ret_9_1,rmax1_21d,rmax5_21d,rmax5_rvol_21d,rskew_21d,rvol_21d,sale_bev,sale_emp_gr1,sale_gr1,sale_gr3,sale_me,saleq_su,seas_11_15an,seas_11_15na,seas_16_20an,seas_16_20na,seas_1_1an,seas_1_1na,seas_2_5an,seas_2_5na,seas_6_10an,seas_6_10na,sti_gr1a,taccruals_at,taccruals_ni,tangibility,tax_gr1a,turnover_126d,turnover_var_126d,z_score,zero_trades_126d,zero_trades_21d,zero_trades_252d
age,1.0,-0.5645503734138662,0.23995928360441815,0.5319909550632809,-0.1369392371767093,-0.4326400813953768,-0.05269188510561715,0.1820099259126954,-0.4270674051311253,-0.028187578033489605,-0.39584480375515585,-0.2050482514144502,-0.4916430564139246,-0.6014083245153998,-0.33354704742579067,0.7181110114274403,0.2596858403444461,-0.40679261144218315,-0.4117434289192079,-0.4198241012686721,0.5374165893428899,-0.5787700324789777,-0.4588731029601769,-0.4625689555606663,0.057699771083058876,-0.0038422398212160248,0.06401550239887005,-0.14648232385997462,-0.042908180333405835,-0.034743208621971264,-0.05001752970429773,-0.01264438146715899,0.4404700916710228,-0.5685435840891959,-0.011629327926789328,0.03872389914289999,0.18409348781214555,-0.352464532395769,-0.4336872967696231,-0.5868438036884259,-0.4666448684772111,-0.519502971468599,-0.3311124010806679,-0.6299902607324137,-0.6417929984228956,-0.6745063293715874,-0.6656369918671939,-0.44156642640193944,-0.045921336353866055,0.1496780030077851,0.15065559671183792,-0.3912589484144023,-0.325362745835738,-0.1501369019690373,-0.13569683658740758,-0.7305434847425563,-0.807259534451324,-0.011033150982803866,-0.3321980850959404,-0.3222760204932279,0.48540883207557856,-0.5359933314986681,-0.15548978431047844,-0.1434768871156262,0.1383649295095704,0.4133735979865688,-0.576304161772788,0.18518135915130962,0.14801638113737464,0.0021622428071922245,0.09379618283738955,0.5466998997437473,-0.06489609996698621,-0.3534830978181791,-0.4041705290752413,0.07668545239476629,-0.21954089791943066,-0.11198618154371057,-0.322121009085005,-0.24535169212264102,-0.1497833552528238,0.031395599735679715,-0.3899462472591907,0.11012856809196857,-0.5635420431147011,-0.6042380754432146,0.09944179830077482,-0.36751478476635174,0.17539789989842383,0.012730517747787688,-0.3667298702917247,0.35772821706261915,-0.36372766575894006,-0.20432948837549653,-0.2201866483728938,-0.280085620007235,-0.11707762352776876,0.35913622563729497,0.03618893123998113,0.4939152732529968,-0.018838016643708766,-0.07334645544080892,0.06253626290401249,0.20357718788084134,0.09215608942013397,-0.04067664849551056,-0.06368321297910891,-0.00012107604097528797,0.02881940242570863,-0.75589287213549,-0.6014799816439348,-0.08353561607956479,-0.2447679224692921,-0.7783245160191743,0.25797258214025615,0.04700308445039544,-0.31747110867306927,-0.29341241309948174,-0.1937897976246012,0.4147441149000366,0.03656602738723472,0.13560483584293226,-0.0636338969700142,0.017926097805189445,0.14378418424601275,0.21953079764281885,0.06514554684638993,-0.3823988061673831,0.13259415997997984,-0.30089010843383346,0.008775326172990861,0.014177194484217545,-0.24178224587159114,0.16950170201867237,0.26007738273672854,-0.5075962741292301,-0.49395094722817534,0.29734649989841516,-0.6872662859846912,-0.7074654723177969,-0.6494651270026834
aliq_at,-0.5645503734138662,1.0,-0.42670157312394036,-0.1359754621528873,-0.10810672449467551,0.6593999011595919,0.29109976696723006,-0.4190329747233321,0.6363716384188248,0.10436198646804504,0.10691810608017696,0.08709686945890915,0.5334181249840766,0.6011161729204402,0.48410391075543424,-0.5507229466309043,-0.17145142545825642,0.5447815595889516,0.5780786217922068,0.6077202216283455,-0.6337009652246971,0.5658148363340917,0.5728631151932745,0.6093134211333715,-0.22371405399880404,0.26651300692723723,0.0018562374963293506,0.09334625016766167,0.08153598963047227,0.09239582949828595,0.38213832222326954,0.012730684115588354,-0.017674845328921246,0.09816135539561682,-0.014844532705669114,0.005573905175830465,-0.3252556876039569,0.36686939109142336,0.10436176993207792,0.5263812565977899,0.5378932283473605,0.633173042017134,0.48451709062042636,0.5944638698389284,0.6198677055364743,0.7977774257844719,0.8067956355374202,0.371637398950822,-0.06434438064347944,-0.118287596059181,-0.2660903337904994,0.5012252165740387,0.4685723047047707,0.04897235495467084,0.25170611419328537,0.5864257571051559,0.559832900813409,0.22846663978746098,0.4604389392834329,0.3696859548448996,-0.03909220236045831,0.5892386603409085,-0.03690856808767906,0.4430145633102901,-0.039019624084904225,-0.5803930290558352,0.5277953987151968,-0.21530598668241221,-0.23825167241572998,-0.29861360513781326,-0.3730545198633414,-0.5470578560279804,0.07740776867665719,0.07063202895504819,0.16445679701291688,-0.06494116981405613,0.4727004520562181,0.09978851252517425,0.5027859886590818,-0.08295474740899993,0.36741356568582256,0.0470345424567189,0.20359990576546075,-0.08542635858442343,0.5751234640121664,0.5501525339096119,-0.2408513070065614,0.25423362268533534,-0.1554470660429607,0.03378504534047105,0.494722263871856,-0.004644007493767291,0.3435304610875544,-0.03757928963673273,0.1565823113812339,0.059115100177409986,-0.10162583142277126,-0.4479006139689941,-0.1133073555183611,-0.600351278953327,0.10865327243189465,0.1879459053640962,-0.0035750782264375803,-0.2306691742312759,-0.13517442229058393,0.029953812848642226,0.10355728746174248,0.040208267552395656,0.02160401087432122,0.5636638648191576,0.594493431282436,0.11083102756021562,0.19645242789581321,0.5882030843773569,-0.5030930482733597,-0.1639550033815177,0.45987314047036076,0.45487314211579494,0.1651495120595493,-0.47819912814102655,-0.10568997620887391,-0.16736891511619237,0.03161606979848988,0.057235696186981815,-0.1925770699406992,-0.17423635049167327,-0.1529977162198014,0.47837515392669117,-0.19935721464970108,0.46058015168368716,-0.21230270708516777,0.14455294872447377,0.29407242096338837,-0.22171515421291985,-0.47338728053428875,0.43851552068586835,0.02993809807005576,-0.5673631626713982,0.568433604332703,0.5824308688698361,0.5581459169993805
aliq_mat,0.23995928360441815,-0.42670157312394036,1.0,-0.08280067569970245,0.25973734358808337,-0.3305495667994095,-0.4755176202195722,0.32279325466179565,-0.4336109794327653,-0.1068436876099367,-0.01397331122141583,-0.051957784650535896,-0.13260387221603376,-0.3211670371966392,-0.5259570999688425,0.12728880540749618,0.05119965548080675,-0.34160080541921334,-0.28028064875078673,-0.2964365398412879,0.3576538718782149,-0.13349335317864724,-0.2996672082348941,-0.3766326834066764,0.4598575783513863,-0.1687341459616425,0.04627916854979273,0.013487008295457433,-0.10219575848604856,0.05617839370043701,-0.4118021213369788,0.001654862681866278,-0.18731684301997914,0.1045563193976922,0.06178821275274813,0.011995483070963351,0.12448426901893207,-0.16771914274044372,0.2234732637789531,-0.09828081970419328,-0.35100677777871614,-0.32961647587816345,-0.4815773739340653,-0.23086097403308894,-0.25561722258304354,-0.33823267682119024,-0.3912235924076699,-0.08758593900600654,0.17356028866309567,0.13362117795291562,0.5680071992967094,-0.28836453115503324,-0.3440704215790438,-0.01576004559185757,-0.35377599205947935,-0.21832046035563743,-0.1872959574774377,-0.3143085874504904,-0.2782198591586945,-0.2148321684542794,-0.0077849689598222475,-0.14069286242704515,0.40660369577817146,-0.26310814435226604,0.01421863360208708,0.45994248309231983,-0.2140175297276575,0.18484917228826464,0.147003276003273,0.40552127938614907,0.3223573062068766,0.29595382977502105,-0.09798752305867287,0.3076796830937003,0.1389226819666567,0.0410479069240062,-0.3343402172114509,0.047360484897419806,-0.28208531725246566,0.4504726817795991,-0.2648449733815851,-0.2013205312417703,0.2465371805337704,0.03299508685077512,-0.34637300460765297,-0.06070538114414272,0.5197906149356943,0.09257770459340302,0.19536521130919127,-0.06730188541677176,-0.23810434175722223,-0.04819589483322842,-0.12696237662595927,0.4509528150115073,-0.038707830460128406,0.384817109799555,0.48077941452880046,0.37122472839456144,-0.007115380744103072,0.4095537019486776,-0.14697489451248508,-0.11236182414013811,0.030620874158530903,0.1334589117016588,-0.07911306931904777,-0.003573112538658928,-0.103672904099513,0.09038876340243387,0.06445581896300455,-0.08364258412208826,-0.15242685625889535,-0.04807272730078446,-0.019709579209780483,-0.2229226286005738,0.46711495599934133,0.14734227439221403,-0.29681935370617046,-0.29876514928373127,-0.4638141642371081,0.23506566599152562,0.1429127853187585,-0.002310692963638241,-0.047018868227348055,-0.07225899592874473,0.04596462654659256,0.07535553988856869,0.10855789344400457,-0.31237049398452776,0.24693009904344468,-0.30556569858743465,0.13199659926795043,-0.09292049782831888,-0.3630924084573395,0.01529068072300908,0.34801421101671026,-0.04802556814587411,0.15197314016307634,0.5106145121990266,-0.23065684176187407,-0.22625640169380545,-0.2451322709649553
ami_126d,0.5319909550632809,-0.1359754621528873,-0.08280067569970245,1.0,-0.3039605419607693,-0.030054423483870565,0.2577734590039489,0.04641332929096986,-0.000690916407174419,0.30738270721536604,-0.3244448638374343,0.055258895685818606,-0.12691374432317865,-0.08765190241123963,0.13534262834170235,0.48680573509453057,0.17529089987886157,-0.1390821942632161,-0.07447942645646749,-0.06839394709588378,0.08106309534295338,-0.16862414916127216,-0.16330758703046463,-0.07080715308881166,-0.09926109886089118,0.48449342829783804,0.022810993085343085,-0.18821874129260685,-0.003694766094719124,-0.0849715542287263,0.20769274175894067,-0.23098416602728952,0.7953468272913848,-0.7613042037881611,-0.09852733426128088,-0.0111099940023973,0.14562041322990132,-0.24664147943903128,-0.30854925992009685,-0.3762786300953105,0.006666215930174318,-0.1090709092044235,0.15481043431120242,-0.1645338199096476,-0.23318806704578746,-0.2930962135115554,-0.31853890092105636,-0.4173655526979829,-0.24304113629251295,0.022167542125365123,-0.03435416134574496,-0.09289536550861634,-0.07221575509304877,-0.18466492980193192,0.1959678199847161,-0.421972145814675,-0.5240656923354131,0.17824394844264074,-0.026142014688713498,-0.15988480499815286,0.5864801019951662,-0.14277685897505302,-0.34553183229986656,0.21330106325847628,0.11619800660113237,-0.017843125810450625,-0.25563312928919424,0.06759503025108696,-0.05622085216861889,-0.3054453624797065,-0.23519879074701613,0.298862469625938,0.2353750055965803,-0.350708152964572,-0.4164089007697406,-0.23521385159100802,0.14543007637879668,-0.08295100864672736,-0.006292414763885092,-0.4784997607178441,0.04699720915036578,-0.02018886448118317,-0.3157297633568293,0.033339978509236465,-0.15248899669217061,-0.2926827565400763,-0.15382305588076686,-0.31723124803816194,0.23230724241536868,0.013352144756869484,-0.09625546757684483,0.5696434507849443,-0.3161318996539838,-0.34089349238450967,-0.10913401189765636,-0.32872499260208454,-0.27724784444849226,0.09295314779618799,0.2201751919689921,0.11717061441276201,0.014688247337280521,0.07312244700050163,-0.15457246322252227,-0.07369986088195177,0.10612451980093739,-0.1520484186307132,0.1956034529182616,-0.14837520728356274,-0.16296352156717478,-0.3945438412623482,-0.23007429674544938,0.12735146843970602,-0.10694575111381316,-0.4152491379854266,0.14294506910207244,0.030397474057045258,-0.12453592114563336,-0.14452519080479725,0.1523323466217804,0.0975557081673442,-0.09092331014583724,0.06011186645716533,-0.001911799951602376,0.054864764504728394,-0.08937895692754791,-0.023149937308579775,-0.05159073405366698,0.07668270271362057,0.033930587841781365,0.0950865098435764,-0.05688481542638946,0.11769140759872286,-0.1195428825734991,0.002115830078824354,-0.07495365624009753,-0.28103394492206285,-0.7677495011782486,0.012297960669990029,-0.24905147113177056,-0.30469179908349975,-0.17219256517283799
at_be,-0.1369392371767093,-0.10810672449467551,0.25973734358808337,-0.3039605419607693,1.0,-0.06633910903754114,-0.5074181466717174,0.3071796967319419,-0.3193972841484358,-0.3259164165131332,0.196622691262282,-0.06694732006423287,-0.09305883489202195,-0.10952479926216,-0.3515488428624176,-0.1915277787033921,-0.3121418281702865,0.26252448810095363,-0.07703490115878733,-0.028705005090959933,0.3115386031708356,0.14609396424806964,-0.17131373896333738,-0.26167465980342003,-0.09360384554965706,-0.31013026845651126,-0.004960764474297625,-0.038998601551812284,0.16091433650790363,0.39280257728077395,-0.4289348880494519,0.5371342959083547,-0.35898930920209526,0.3437988092260509,-0.09312947378158375,0.2859788918674381,-0.26337934376681804,-0.24002139355047483,0.21327613476317553,0.042594476119315626,-0.13611834347024943,-0.13968068485541796,-0.3125168350646689,-0.056398654665801407,-0.003678177573057307,-0.07294971288736894,-0.09830823109532645,0.12410442865487198,0.2189703595981223,0.19200823156814856,0.358644487834237,-0.19851053995665324,-0.2865050810316696,0.0913546797169813,-0.35660916616793403,-0.012462205271190945,0.12377531260309131,-0.28343153774267693,-0.18079638455131095,0.25506312721450625,-0.2429008948224996,-0.2271945165301146,0.4653429444785314,-0.4615313446374328,0.3337754076917968,0.3250698362505704,0.3831207010988011,-0.13775885461073575,0.214805052356275,0.2232973503318268,0.0569339490556775,0.22057686791526696,-0.2886179800250548,0.4305623566694154,0.2861139994798505,0.25637919345215565,-0.4705028552595225,-0.20358361746813147,-0.41364124153273896,0.39821810974841626,-0.44380119555791436,-0.006686474863956534,0.06268755295745881,-0.0008423194141351875,-0.22340202989565716,-0.022994402383867338,0.43987936937004496,0.29157108937977455,0.20042930908678375,0.3166634976327428,-0.2283307178282445,-0.37808881449676035,0.1800438364920721,0.2347479732263562,-0.18780859808220518,0.17001273264884942,0.2671783321385315,0.14409850934265686,-0.09687622969289678,0.09542193886256448,-0.11472064682749002,-0.23747870000609408,0.1917969450252003,0.2722297535991777,0.049177345985476247,0.08925953023851013,-0.19440586509751082,0.028677581903292587,0.08872620118862497,0.05685626313035216,0.010212595987939006,-0.09579978634978474,-0.00968691281082578,0.06036310602584824,0.15877252461124866,-0.31175622744969944,0.17142723067079055,0.2062112916758889,-0.29402193354045225,0.22005525496686085,0.09639761365385857,-0.05502302118001719,0.03510132984303277,-0.17125471098529507,0.2592604777523059,0.09590356190446772,0.14454574936466952,-0.11586160282763049,0.06626184952149533,-0.22767366178993664,0.08220068152006738,-0.424456102825291,-0.031224434246396312,0.38743309981361196,0.2617792041537764,0.042304027935680444,0.3641414962772454,0.242802063096974,-0.008398927743622255,0.028957128183608988,-0.029069558795243002
at_gr1,-0.4326400813953768,0.6593999011595919,-0.3305495667994095,-0.030054423483870565,-0.06633910903754114,1.0,0.4794693852195848,-0.41390491277054386,0.7784411009151351,0.456549048834544,0.1073727988206097,0.20356244811907764,0.4161912660269568,0.5369111108236351,0.6072630951597757,-0.32632490946626924,-0.25657842068555997,0.5921468863970731,0.5387039576290567,0.5384667091195101,-0.30059087651817024,0.49761573128408676,0.3744402962617265,0.40255858052159854,-0.21273300151548302,0.23459716868294123,0.0037906609304772234,-0.0797482478447737,0.10273024793694932,0.25926355881214724,0.474481887582401,-0.029271829696105603,0.03679173318924353,-0.026324818411566874,-0.37658267423727493,0.30723832187689315,-0.41350909840322747,0.22973796161117835,0.042045819379403854,0.3124634122444032,0.5912943050179109,0.6545691512214091,0.5970924436941312,0.48126220306211415,0.7022157393771205,0.5682195335968323,0.5605511544884166,0.20044539305195508,-0.39875642991977367,0.0183078038363299,-0.09804226099683583,0.34547849475617864,0.2748819273933244,0.08586646156899377,0.3571876751867585,0.4629912504027523,0.41392216503052554,-0.09513824909358727,0.14009080828485299,0.36346002873997196,0.08002741813201933,0.61173565641661,-0.19486272897406542,0.3790998249525,0.00041443781748722687,-0.6067716017128019,0.5223609301672705,-0.2123430104451195,-0.16326360666282214,-0.40615571227708913,-0.3554510138584238,-0.42845490086237653,0.43158542868074,-0.12575943230585876,-0.05361361495304344,-0.21046370276203216,0.38700192743604395,0.15426676846173903,0.5298491484434997,-0.0811398333528158,0.33477960166172027,0.05326635813384512,0.08687335133846108,-0.06630697483826001,0.5051999401612244,0.3761780297865002,-0.1147533379105925,0.22851696438700878,0.018274366826585564,0.21277143032715998,0.23616523167248282,0.2200199534162926,0.14753370036645697,-0.24011756965753348,-0.10047881027126443,0.04533417001706509,-0.26176596224508786,-0.30965922142223345,0.08271247934869809,-0.40515612447501503,-0.09611753536160564,0.10169224641338817,-0.28385843159858404,-0.313584491056072,0.09111204721814258,-0.1477260247445567,0.4534197144696681,-0.1794838118293474,-0.262911058177986,0.4388760536871236,0.4418630222282496,0.18716338930843052,0.14921271967193445,0.4572985154206374,-0.33513481484193874,-0.21922315466558265,0.41596860839058025,0.39603074343801936,0.2784612247151994,-0.44300785716698465,-0.15836634583427303,-0.056568680010623255,0.010479868247386268,0.15987723598417755,-0.2495565405457754,-0.34201717117673547,-0.29026091498116685,0.6236630848110832,-0.1491882479342553,0.3609389395671101,-0.2112068042638961,0.3800266070335684,0.32051362244391346,0.04073516554049861,-0.5780887927739522,0.33612522912903653,-0.08410776044456669,-0.5219142426143357,0.4401065424744146,0.436117309423509,0.4549890773889646
at_me,-0.05269188510561715,0.29109976696723006,-0.4755176202195722,0.2577734590039489,-0.5074181466717174,0.4794693852195848,1.0,-0.42009662031428713,0.5992863689138533,0.6438543713085492,-0.05929531074750987,0.21106637720727703,0.21850961227995103,0.26762023247521605,0.7040739935563278,0.13979637924723334,-0.10251416834883631,0.20481508051824066,0.17192350728846614,0.1671516481932431,-0.14561313287644867,0.11017137056508182,0.15277129377022886,0.21355398220095934,-0.10590584019040511,0.30051122886224274,-0.06797851319186138,-0.07059558565236734,-0.18165445792942933,0.06040071286154341,0.789614014670071,-0.1905127813098674,0.32395263289635035,-0.3398983773897887,-0.31775982466854413,0.10204615023947997,-0.23566552811542577,-0.0014091866991386398,-0.3444387182342647,-0.02463017552779214,0.5371141748373109,0.3626549138186418,0.6991292206688579,0.18783108529979775,0.40561365120310927,0.2237860205853692,0.28071787994953923,-0.17539345595506312,-0.5767424131630111,-0.13444803972633113,-0.2522717311184549,0.11570916589676103,0.13506360193364772,0.05760465859318581,0.6229867903524601,0.13317786345984128,-0.01237789988370799,0.01574826298051539,-0.07825043599277279,0.06588272813766917,0.27841554561048987,0.27378151994050565,-0.5347416995947947,0.20218659847473358,-0.13821673394389397,-0.5714644641398905,0.08195491321356715,-0.19678806835992257,-0.15776812489602732,-0.41832973300964293,-0.33140250862256637,-0.22276224187555208,0.6144657026402202,-0.5022467603544847,-0.429078304397174,-0.3516774350554197,0.23135192059589535,0.008315307321154762,0.3277453859269629,-0.30589227694573706,0.314656918548188,0.03269020133160278,-0.053869282631965894,0.00012802963988970632,0.2901473006395955,0.025631673131274898,-0.24399674808363622,-0.11195525528646597,-0.04483706923594235,0.11014790454534733,0.009654572280653206,0.4928176648047025,-0.2650495107436658,-0.46588268500804736,-0.16116087261256573,-0.23441579411841146,-0.3948340573390173,-0.2814753806353595,0.20743997420454907,-0.17400211291642903,-0.1833653703282217,-0.04511243018523799,-0.4382194512822348,-0.32168669664091143,0.2111798004556723,-0.27412839956997526,0.4622988119309811,-0.3278970447614086,-0.4275278792529965,0.057412938867390254,0.01147128051101172,0.09935712558911791,-0.026323366468709253,0.06555350421012648,-0.37205245541132276,-0.03465254159612859,0.2675517234198187,0.2533096865947007,0.4972608820211832,-0.3725913310311591,-0.09682685488727139,0.1220576621526725,-0.010196194291023666,0.2648466603589119,-0.17727113663895977,-0.4066518559218717,-0.2386644272202003,0.4512325498399794,-0.06542459476580023,0.3297280577026756,-0.15979356259742503,0.4789841097749255,0.06406153966536227,0.01849158296982567,-0.479042274029962,0.1260484526737904,-0.36700994468958315,-0.4998637854691681,0.1669069057589374,0.10366361926810361,0.20985849841708495
at_turnover,0.1820099259126954,-0.4190329747233321,0.32279325466179565,0.04641332929096986,0.3071796967319419,-0.41390491277054386,-0.42009662031428713,1.0,-0.47832954480601203,-0.30475421770098426,-0.07885266284678524,-0.09297264807300173,-0.35306848497292675,-0.32222252129402695,-0.42350363503472205,0.19234365725182578,-0.06014398768144097,-0.31886056619643416,-0.38319159046199147,-0.3562557962828803,0.3599591535499437,-0.06263934836529664,-0.4640412365287966,-0.44537897719931907,0.27744092732115155,-0.10559653486070086,0.008003421360772605,-0.29293368650435136,0.16603011714009108,-0.050046796173104174,-0.44709600878644923,0.0809606061352516,-0.02267803935870365,0.1426420931332422,-0.0382090291176361,0.04270621202464216,0.2580734291871459,-0.19896941953053895,0.27722535789323727,-0.31755189985055293,-0.2500862726319891,-0.3873009049746904,-0.4095773823205233,-0.13826066402985288,-0.2865677266776595,-0.3480712275330419,-0.3621233272411908,-0.0418703304219086,0.1315326689665883,0.028781175594599903,0.559628267817378,-0.3676281063625475,-0.4840892995373454,-0.04307944151106897,-0.41224378743509604,-0.30963901781550485,-0.292418554014564,-0.1884302500090447,-0.19363915329931708,0.0589923821826225,0.05279856457482761,-0.30801638631705663,0.4720525867475578,-0.23615573821244257,0.08734842896488125,0.43510745087227176,-0.03728896946250604,0.0064139577159974155,0.17546269799052744,0.41534221834751145,0.2518143618885491,0.40677384007094103,-0.23857285938216166,0.39538951185720506,0.2311285175123666,0.28021070196493597,-0.28930185359834903,-0.01664282487972527,-0.38011619123124873,0.21702422552699926,-0.32839147722153983,-0.3029637625089597,0.1876777571887156,-0.07946424332040578,-0.21692314865592982,-0.058522315791500724,0.44755437194227865,0.23631517280091488,0.6282603615313279,0.306667972135795,-0.37229696461919126,-0.03494774474442882,-0.09552022327141592,0.26190551812673357,-0.02531012789621474,0.3275622060386407,0.1513314228593694,0.1706632191814667,0.03615818354119703,0.12160922830458307,-0.023085799765912393,-0.09183268399559805,0.1551389936840262,0.20136330667787417,-0.0378810874510828,0.131333188392002,-0.203629991355202,0.0839086804573615,0.08664633968173155,-0.28812833616456546,-0.07016536741579438,-0.05470931614133232,-0.05717554095809668,-0.32136429772898006,0.639462085453241,0.08001236700134115,-0.39914637758720256,-0.3809208090269453,-0.14021340324459405,0.23237301792403614,0.03190327387277522,-0.18503864467027487,0.024680440384950042,-0.2317879396247167,0.15873895451913195,0.1764344361291542,0.04241300122646882,-0.2708167936400728,0.060341239526949135,-0.22832302594872778,0.18971058960578577,-0.3006925287543448,-0.25004734752466207,0.10575425274399283,0.47731608333280456,-0.3524702567990224,0.16255628658586194,0.6018801418083717,-0.302999918388205,-0.2981725737882812,-0.3018677257372211
be_gr1a,-0.4270674051311253,0.6363716384188248,-0.4336109794327653,-0.000690916407174419,-0.3193972841484358,0.7784411009151351,0.5992863689138533,-0.47832954480601203,1.0,0.5020246064448572,0.10344356930119655,0.24962693906815778,0.4414934903167421,0.5588333794824838,0.7041300097272876,-0.29292138389621253,-0.22173580375068086,0.508552235145071,0.4848212904904814,0.4750584225763665,-0.4166456105174461,0.48636831161384114,0.4098251411491678,0.47422957535079224,-0.23674910975438518,0.2928290638583441,-0.024494190424488624,-0.04244548609129732,-0.06702569511731088,0.09032670217704318,0.5742121504721793,-0.1241278234857984,0.1257143138538799,-0.03724369969099449,-0.2739100723355976,0.17772016984643033,-0.29195298326176883,0.3140854719431629,0.0351862847384622,0.34774170499095813,0.5874163912678938,0.6518348256493118,0.6594187089828474,0.528065249178769,0.6793995290998931,0.5822487453634545,0.5811613804688214,0.15074947838864378,-0.41401034108753476,-0.17826839980298065,-0.2775291990157074,0.3696458083098816,0.32263676686659615,0.05596575325111327,0.46617230957408445,0.463504883470557,0.4136193867790058,0.007220234289170813,0.23754881582582668,0.2957017111006109,0.10515064679631661,0.602845267262945,-0.3675569368007795,0.4135105053648692,-0.048836453560170745,-0.6888521195019933,0.4319057408881396,-0.29188182550753056,-0.2201239191551396,-0.4125725587157887,-0.3280235117968028,-0.47375747717418126,0.4434819097180607,-0.22821758169097417,-0.08413804029323778,-0.29484664556739004,0.44024536547633414,0.13167528085973437,0.5473938460521834,-0.1983029998940264,0.35450331625224574,0.03862221080380261,0.08165283936967341,-0.0786891931824765,0.5298697763676281,0.39605453462388096,-0.31482631065206623,0.12438363872990643,-0.11030966897252989,0.024993235697774428,0.30213417878830795,0.30655436322929885,0.08543101543652107,-0.34574425725337266,-0.03404375839635561,-0.07389095768808894,-0.3143636816505617,-0.3758453878628752,0.13767600930870394,-0.42538028985346515,-0.043052465561447095,0.12732562268943715,-0.3045664999068643,-0.35339434998190006,0.11265649378087286,-0.16922585153365588,0.44106168264430173,-0.20351786703962133,-0.2845262239011872,0.43202202838712717,0.44786613308790985,0.20103012075232227,0.1561125211733424,0.46403040223220765,-0.4313029062227384,-0.15214629397606522,0.3616381362699698,0.3576658425417547,0.368687851576992,-0.455552201470564,-0.13694482323957058,-0.060830529710162715,0.0215414276371885,0.20266339845323417,-0.25110625333317776,-0.3681545618656094,-0.23201605304386377,0.6058239120703685,-0.20108276575156941,0.4449869021664871,-0.14412567615528216,0.4742589549207983,0.3691130343460792,-0.13839598087602986,-0.6250165258150309,0.32243755763373766,-0.10293096368583307,-0.5401297389716581,0.4813594800658179,0.4533436895535255,0.4965176525531102
be_me,-0.028187578033489605,0.10436198646804504,-0.1068436876099367,0.30738270721536604,-0.3259164165131332,0.456549048834544,0.6438543713085492,-0.30475421770098426,0.5020246064448572,1.0,-0.02882650326736671,0.2688847514091165,0.22257634195742124,0.26715323865692253,0.6402062541113709,0.16540958214388185,-0.07861595292238582,0.13260731256420577,0.14352296680003468,0.149761449197501,-0.141306413071144,0.20077689894747502,0.03218109053593911,0.09835147179556952,-0.03242379444740552,0.3276942143362229,-0.08267359293259462,-0.13568168686322524,-0.22062375321176186,0.09123498798941847,0.6343728005632634,-0.24315851330885233,0.3747880171723861,-0.3445527021250748,-0.34076480454536884,0.17848191642517425,-0.16219541230198267,-0.07742061982952401,-0.06518981938994897,0.009648199246710523,0.5204007527436018,0.3814976109213886,0.6376630120808884,0.21261682005451682,0.4367948758036432,0.06977456141270251,0.07991975562049974,-0.17604590439599427,-0.6243391615948228,-0.21675032839340053,-0.09045364170515932,0.06754283994562063,0.03949435428450526,0.043022305902181146,0.5815173969898941,0.15642908369532516,-0.022583535076175942,-0.07109790487500076,-0.16976728674088337,0.01004808512149612,0.34386826956000105,0.24238392903144293,-0.4098595598418164,0.11096600794230832,-0.16523330921153248,-0.5451317225372334,0.053034419471037895,-0.2155399084173861,-0.17311965909296184,-0.35452735110384614,-0.09568089053617153,-0.1670561877228216,0.7132248964193673,-0.40097447577553624,-0.4383244247642239,-0.49828300485076166,0.14441272995745238,0.021033954408043405,0.2771384839409852,-0.13766801052274105,0.20533211691790307,0.02559951414231194,-0.0393066318503095,-0.01181731782042118,0.2533298147205728,0.08316767586019154,-0.09191561857595121,-0.0432503009555955,0.11828324523238115,0.15494680722023899,-0.07074381212745201,0.552525602194808,-0.245482707933559,-0.3856579200484507,-0.10837985761551812,-0.14436721128847127,-0.3238970903724041,-0.18673508495589655,0.22273182661325097,-0.15208718227419682,-0.20743905685186093,-0.0007219474037018895,-0.3998115834178958,-0.26696604084346764,0.22208601839866607,-0.2759574673415507,0.5767780336331124,-0.3088540823314611,-0.38775413254309354,0.08583252356417562,0.06823189403380558,0.083561969368217,-0.0078031496656780245,0.07584058272733121,-0.0777359873603691,0.04265134427949259,0.10092381853212376,0.0668059936342291,0.4321976101852074,-0.06539790329360384,-0.06340657526748311,0.0826006151077344,-0.0314536531238102,0.31534710978336095,-0.153941634768037,-0.35943575853744414,-0.20053117681922866,0.4510480342795008,-0.014586524630540039,0.2847559600953143,-0.29441882189528906,0.4920957182506768,0.06540654283669584,0.04968063707216928,-0.4311646863402828,0.13924908297701694,-0.369218680152644,-0.4612406611324187,0.23037637249034035,0.13395322989315794,0.2857356882754687
beta_60m,-0.39584480375515585,0.10691810608017696,-0.01397331122141583,-0.3244448638374343,0.196622691262282,0.1073727988206097,-0.05929531074750987,-0.07885266284678524,0.10344356930119655,-0.02882650326736671,1.0,0.47757754960491716,0.4744742076416354,0.42619627377057984,-0.052511264841480845,-0.3587403557358415,-0.007240936772778079,0.03196991354637045,0.05976358489595882,0.06048695079138213,-0.041033005177087856,0.05907577164938245,0.41357790126864874,0.3243003993169107,0.042790983059382566,0.17829385998009073,-0.1065430650704137,0.41958611933579243,0.007470017114698763,-0.011370880683412793,-0.005538336322415309,-0.04396009113609166,-0.2042718660348162,0.3128244265805664,0.04089351132983493,-0.04569829918592895,0.025334016457963085,0.040976698781234305,0.022888660946077,0.08789732888919768,-0.06015384189850927,0.2978363293943347,-0.054782234912406996,0.04463051200339214,0.3334261752134341,0.10579141975624576,0.09873770219103987,0.027659666255369558,0.16703719023305796,0.03383138362557264,-0.24836115013118173,0.3359760058277711,0.09746814479000165,0.07913158353587682,0.024803147920180804,0.11190898577694276,0.48216273901254647,-0.015698118420762016,0.10966483542917879,0.07825234185692759,-0.5109213668237422,0.29262933408695624,0.07613784164952678,-0.17693211729595815,0.14848117060365146,0.0752594440439254,0.009389558927795659,0.08261851736837739,-0.036652422273789606,-0.04768175712939163,-0.030671893032432562,-0.09034399251106892,-0.03837374651060986,0.016600879971312557,0.026329331257507922,-0.03874863250033765,-0.1649845948192763,-0.1014769404065153,0.11080248910534188,0.02176246362835522,0.10306921059546495,0.0026266745500857407,0.03951317818332267,0.005764247125552282,0.024358528907160896,0.0872864603986554,-0.1955596936967835,-0.21916667572327747,-0.35606826532171765,-0.054470638430666136,0.06927351990272257,-0.37815440858065846,0.3901994063357711,0.2511258837049521,0.06559013391879623,-0.05763839102044366,0.4496450379896622,-0.20280253568635218,-0.039057547668062985,-0.025528768125506945,0.09388818417179573,0.08233984900154155,0.12686630887561295,0.10151171107097,-0.14861021318089426,0.1723463357060834,0.026021332631999634,0.2158409365180055,0.19125874663054776,0.46162639225059704,0.06879053942506747,0.027255652739881703,0.04548272034532402,0.48694987896290615,-0.07548409605292218,-0.0050543673327066215,0.3608401112815024,0.3209195740821236,0.008854662340372755,0.0052255330912526245,0.01186875455887194,0.011207802038543904,0.02783002010966725,0.025546960066421168,-0.10352348843429303,0.15910783930532701,-0.09773387214190578,0.15088136676793557,-0.07046525057631049,0.0591598977341288,0.23177582541657804,-0.040808500313151294,0.006526335152213074,-0.002372083384852392,-0.04641422473585606,0.5200642423612932,0.3042970542279622,-0.09696698919719485,0.46286281192487316,0.48015805950107193,0.4334922874098654
beta_dimson_21d,-0.2050482514144502,0.08709686945890915,-0.051957784650535896,0.055258895685818606,-0.06694732006423287,0.20356244811907764,0.21106637720727703,-0.09297264807300173,0.24962693906815778,0.2688847514091165,0.47757754960491716,1.0,0.44616670332139996,0.5090018130333328,0.22948778248389273,-0.09513588770498525,0.1566227087828908,0.030598378491305867,0.06884655792469123,0.06103525186523958,-0.16349414778724813,0.24758354306219876,0.29777500978463717,0.2708660642815477,0.002977793786953283,0.2621976426102679,-0.1407247433128798,0.2691215759779329,-0.12422214733182155,-0.10875482539039155,0.19771776722164083,-0.24712359853577356,0.20685845931348415,-0.04942816859407847,0.02953116705493039,-0.15245093547062438,0.13184372562037497,0.09935986512677983,0.03476006756667463,0.06277693759797645,0.18226481404792166,0.31431717322735486,0.23454921642086296,0.16081356687769738,0.352901735151346,0.08692815744710569,0.0797812800014379,0.011464507956552785,-0.13548059464915213,-0.0437724172798383,-0.265857077869974,0.2185700975995003,0.1806388992464184,0.06687990612152886,0.3662205494715777,0.052861418147135075,0.29205859407371926,0.08605367427907384,0.08746649714577856,0.011844611165276905,-0.1063318870028277,0.26360541851617736,-0.2372669462430379,0.04767743469999657,-0.05735457358837927,-0.13618805730710562,-0.05920752648962998,0.04148721004207856,-0.17910237997206446,-0.09793955495577976,-0.06783873175126162,-0.12173070789029924,0.29510457771957815,-0.01327185426152368,-0.23599386539502973,-0.23094218919522297,0.05667479151550181,-0.07875415148269758,0.21836693152320147,-0.03855812863377976,0.20531334763156434,-0.03944434176054367,0.028875566252130024,-0.004323647347128535,0.14281258664798674,0.06916964019520233,-0.2309108168381963,-0.20419476724020225,-0.16518296180000044,-0.05005493422295992,0.18283223368002133,0.04327945901859637,0.13378413137763256,0.008731120921780515,0.040079867440364556,-0.11902227510805895,0.18078208959341996,-0.2953374533208958,-0.042998697360786334,-0.24275518885315162,0.03701288492862498,0.049203232159518315,-0.11455786933864089,-0.15066818759069645,0.004780015051018427,0.037457957709159106,0.19975105871428872,-0.007475143138168011,-0.0864686552216154,0.3750029236765304,0.07512461745598584,0.2403243957425189,0.09555860159452514,0.37389199108148485,-0.041839738940996796,0.13118812584885417,0.17217991056810647,0.09417022964393454,0.061884589489707084,-0.04519179442944475,-0.08846620414839507,0.13616325110819424,0.06491977307442096,0.05859323676071302,-0.03974244377223218,-0.11498887879035607,-0.06684537859265513,0.2794472910503102,-0.0647357425004485,0.17271008098599322,0.17237569834747626,0.20354416951649956,0.01593248429519441,-0.1522191251813094,-0.0624110107119056,0.4442345370294329,-0.08082821971003554,-0.10485622239323691,0.4712614346627085,0.43060479671332147,0.46853897819159374
betabab_1260d,-0.4916430564139246,0.5334181249840766,-0.13260387221603376,-0.12691374432317865,-0.09305883489202195,0.4161912660269568,0.21850961227995103,-0.35306848497292675,0.4414934903167421,0.22257634195742124,0.4744742076416354,0.44616670332139996,1.0,0.7274875896211609,0.3104555560459159,-0.6120331014745721,-0.06431398164606024,0.36718610900545323,0.3816485699854109,0.3803680392596596,-0.4672987899002793,0.3521800638485016,0.4994060759106008,0.49804955231731035,-0.051699207993094756,0.5224284763161055,-0.03229262893641115,0.2269919651992818,0.005756542767493832,0.034114721751748664,0.27317366163245693,-0.07218817892566887,0.0082808533891504,0.049100013118952505,-0.007456011003354721,-0.04368407304324948,-0.11002994801954197,0.33682587059998004,0.1689866922984788,0.37301220968691406,0.3180617382092288,0.4895483541277808,0.3422837596069864,0.3511919066077752,0.5241747052961137,0.5318452251267818,0.5070814478906884,0.16195105144571603,-0.013924983176634265,-0.10656920713147397,-0.20940587837765792,0.37743049398155426,0.3817040781401492,0.053511304516359166,0.28863554620765397,0.5027819432333344,0.6017806020032601,0.137274695277473,0.3169630766510835,0.09630512558715787,-0.35269789668184287,0.47921343355969304,0.055400080274232974,0.15439533093867433,-0.033960360483057075,-0.40168760645286333,0.27400812295035865,-0.08687822711208716,-0.30001273621575186,-0.19230241468875264,-0.18853272305794289,-0.4974686500918683,0.16019557836889348,0.15226532058195455,0.17911773410909887,-0.193738363919814,0.18810125856904564,-0.08883054855933899,0.3331572184340437,-0.08107172780375407,0.19671683936648493,-0.1731911258520636,0.2893245629387698,0.012324453651042226,0.3383286825677575,0.4545954001590162,-0.16848785564287783,0.07963194167272464,-0.21547661033689533,-0.11891727074932776,0.3674548051360842,-0.1402972365942729,0.39869184692345894,0.2536847308759269,0.24830643315752698,0.09462384193219717,0.3099272832712923,-0.3215467127502602,-0.1208862230803348,-0.3821127623287196,0.1357818344948977,0.18138772693348443,-0.03265330697929211,0.019132852396264777,0.01547836060554418,0.03400894835900681,-0.0633060820571604,0.05368161585519368,0.02771481063012961,0.6763115819774593,0.5184665427940722,0.2588184089283486,0.2432657996088578,0.6649482755237333,-0.2322604669929884,-0.11008792954466427,0.3585750849461181,0.3251762470371188,0.05237868066946965,-0.2277514102485902,-0.08035920798297702,-0.005870527703446469,0.03209623137304969,0.1382798347640471,-0.15508043967405324,-0.0666096396761729,-0.12048942845698038,0.40425421028983677,-0.20085451630550544,0.44390518630072473,0.02217695682058527,0.08236877805373674,-0.020076121854527722,-0.20563632840933266,-0.23384236110800882,0.5575872705770812,-0.009732825543102811,-0.33016138729001365,0.658599358395469,0.6641029340670589,0.6405979217242568
betadown_252d,-0.6014083245153998,0.6011161729204402,-0.3211670371966392,-0.08765190241123963,-0.10952479926216,0.5369111108236351,0.26762023247521605,-0.32222252129402695,0.5588333794824838,0.26715323865692253,0.42619627377057984,0.5090018130333328,0.7274875896211609,1.0,0.4403774226059862,-0.551177657789514,-0.09754083403350108,0.42441073670129836,0.46129490258443984,0.46398009633313764,-0.5978448468682158,0.48965905685346667,0.5222025653724613,0.5725457279840064,-0.17218936402472873,0.43378831422093156,-0.01393271111445011,0.15346676594775516,0.04698607518491717,-0.0008462562528554439,0.27451529629391624,-0.1694912770039026,0.07664062810549704,0.06529802962193962,-0.06382230939469216,-0.051861045756638545,-0.1458643164383287,0.39780471126583505,0.23259256362978745,0.4384249083675107,0.4510375468842499,0.58810933985655,0.4567442289650647,0.5320987012691103,0.629032691104491,0.6089523797879075,0.5770832248148128,0.2205284727554558,-0.0666164499383548,-0.15471447616130662,-0.30474676464432104,0.45418373838955206,0.38821124325206113,0.08861540643506098,0.31934111937737253,0.6036392353108874,0.6708895592069029,0.15054735288984178,0.4086720048657938,0.18712702148958593,-0.2518921522620964,0.5559053203148141,-0.08379410565665556,0.2614270307551021,-0.04663695058179859,-0.5132627540994138,0.38875573971782384,-0.15659216820158472,-0.3446231360874772,-0.26902866186450014,-0.2779988712474193,-0.5774688127952441,0.2000177053907979,0.09747603174660724,0.12492153677470459,-0.2925318415139583,0.2961091568091058,-0.02868527906793746,0.4062131497339523,-0.12919499338981177,0.26161401403847995,-0.09527346834397138,0.23560661997374835,-0.041512670500586685,0.47245027105481274,0.528957862872796,-0.3060265559082652,0.10853051913390935,-0.17194740025101965,-0.04919285105501765,0.41952799711726485,-0.062273077137984474,0.38057044282632246,0.09627570375485618,0.21159977993999574,0.042313239290291446,0.1293619841440944,-0.4119824211875153,-0.021602771354063813,-0.4569414947014357,0.1096757495964544,0.16552637605379777,-0.177445042599149,-0.274421891817038,-0.01885875896379172,-0.03272830905042056,0.24338306984478966,-0.061412017724763276,-0.10355702701892655,0.7245244372709314,0.570748412032294,0.2237051564551481,0.2533193358230724,0.7457130291948607,-0.24809105832050915,-0.13308337463031583,0.38606131718983683,0.3480353773513224,0.17224040969175383,-0.3286182681507358,-0.09076887367474859,-0.09228969544832769,0.059137303450660525,0.059559383692756165,-0.2330449862140561,-0.21266928276483427,-0.16252092688431027,0.5837688786652584,-0.2107983751222908,0.47394214665495,-0.015129318214165535,0.10835021991927263,0.1781233086024846,-0.2545762662321229,-0.37900955435524514,0.5818499621232263,-0.014420702262782071,-0.38784046355318325,0.7568137019694998,0.7530385300632527,0.7517844476674704
bev_mev,-0.33354704742579067,0.48410391075543424,-0.5259570999688425,0.13534262834170235,-0.3515488428624176,0.6072630951597757,0.7040739935563278,-0.42350363503472205,0.7041300097272876,0.6402062541113709,-0.052511264841480845,0.22948778248389273,0.3104555560459159,0.4403774226059862,1.0,-0.13181892717895832,-0.2527339647068846,0.34307951602565606,0.2918884858964826,0.31270463090417,-0.42177144785065307,0.3469286688063832,0.2626737114164462,0.375136721354296,-0.23743995968249385,0.2811604275021059,-0.05898935262879139,-0.12640611301449653,-0.10682992875319239,0.012577099338282126,0.668412583920066,-0.13982766440540534,0.28067401936213465,-0.08394427122269119,-0.26811308720403604,0.1263637677627478,-0.24290568787869476,0.15882652649167783,0.0181586194618576,0.3049813473473789,0.7560943568576729,0.5250388104693244,0.8583170742231004,0.4406339788143764,0.5662012641313536,0.4207103960022581,0.48834928718127035,0.11848653961617706,-0.5346528300722936,-0.24625524149550848,-0.30926266053300255,0.24373197299505325,0.24046810338605865,0.06919318624306928,0.6460361364116158,0.36816607821076686,0.24900510946125887,0.09443805510296373,0.12653358641871199,0.23566469373671062,0.26022285657558597,0.41056461637536207,-0.4649498360457366,0.31409717185673924,-0.1914265826650823,-0.7671141929283103,0.32367071937122927,-0.33226996104913703,-0.25050766684302556,-0.393622536633766,-0.31386049495422874,-0.43281263665976266,0.6193238779220964,-0.27325665892039575,-0.1772929153916793,-0.35178085278689175,0.38231776116931515,-0.002528050838244149,0.428408314379363,-0.27819443092156243,0.32219070667467703,0.11039458502884955,0.030025944204964756,-0.14752703293282793,0.5794744410186989,0.3056479243404582,-0.31097158568168737,0.10647111399731594,-0.04982854608686542,0.18184512134586178,0.1684954806378431,0.43125828443054465,-0.1609650456836259,-0.4514450449873436,-0.0029313848749318847,-0.12151485820938172,-0.4765524966870861,-0.44518902497153745,0.22007472165336323,-0.4992903789310225,-0.16755903178675646,0.0033481289236679296,-0.3945834673215007,-0.39276852763433445,0.14726506267200176,-0.27211489942069256,0.45683273248452316,-0.3404281408350756,-0.407520677728056,0.2933814077617942,0.3821506705045773,0.13819672990000756,0.05037527044878434,0.31546096985392674,-0.45177034686793965,-0.039826324984047534,0.23137262258719646,0.2257829157520658,0.5261698856284216,-0.37144798636937193,-0.15537929246323717,0.007205310039051887,0.030624547686601847,0.17800503958154612,-0.18637032899710748,-0.5181635616406183,-0.19352244057599718,0.5751156345113775,-0.1226066349992088,0.4525728316443073,-0.19234093720190443,0.42292114653135743,0.35323846711463325,-0.10734011296711801,-0.5322946032308916,0.17386649636604484,-0.1505766224046723,-0.5569766383868189,0.3900692372921421,0.3301648969543274,0.4234817022031546
bidaskhl_21d,0.7181110114274403,-0.5507229466309043,0.12728880540749618,0.48680573509453057,-0.1915277787033921,-0.32632490946626924,0.13979637924723334,0.19234365725182578,-0.29292138389621253,0.16540958214388185,-0.3587403557358415,-0.09513588770498525,-0.6120331014745721,-0.551177657789514,-0.13181892717895832,1.0,0.210887744236652,-0.4157219595389089,-0.37384880771627793,-0.38427220641937143,0.4958428109918856,-0.4906099134212561,-0.3756760199126674,-0.3766910559945476,0.09385236483777948,-0.051585786339255396,-0.007273824273683517,-0.10229418269085169,-0.11401855430342431,-0.027526368421713743,0.1207177949711411,-0.14496521581110489,0.45705355595751496,-0.48100229086647056,-0.057450587111991316,-0.03991427985828593,0.17015851794838394,-0.39550877731550493,-0.39458557059444654,-0.5724934453034022,-0.2770648332505692,-0.42481519660021405,-0.13803748888046416,-0.5149042490473096,-0.48577073147743155,-0.621306212000858,-0.603206143497665,-0.46901954198948775,-0.20592933028813487,0.1011037515412014,0.09916037350110612,-0.3257036673637064,-0.28209058697299616,-0.08071079609054506,0.058879519812675835,-0.6470519186520318,-0.7774609104499564,-0.0060057433320356065,-0.32610538605865874,-0.2738874660088393,0.5252709293457944,-0.4216368376433038,-0.2863936538382591,-0.09128298788436637,0.05009823448277767,0.306681482651055,-0.5067516003138551,0.1533320148222218,0.16966280521534688,-0.11303801898651968,0.07340792750357364,0.5419383201320356,0.16131875344209662,-0.42213023451315557,-0.549065929871776,-0.11348333674538635,-0.1532843520988853,-0.003635219571188604,-0.21081672597613352,-0.19710052597866318,-0.06074079296784561,0.1716666150472505,-0.31648279096936927,0.026802833926877795,-0.47041710163342065,-0.581256613005652,0.04105484403938854,-0.3864329870688019,0.16912806402900654,0.007513743381010369,-0.3621984211688942,0.46926123776401424,-0.5408941271664913,-0.3229177052209542,-0.2684446051484225,-0.2874691015383271,-0.23075178642913557,0.29671105909014117,0.1954355146181524,0.4620644691059422,-0.1587666861889757,-0.1466102769479708,-0.14310722761760997,-0.01389688853178025,0.001486365035078496,-0.21773187467384483,0.2438993072746927,-0.19485886862148047,-0.20227691386386246,-0.74541817452937,-0.6387046080171268,-0.16376788558925648,-0.22447673977530616,-0.7524594097957429,0.24523639170690134,0.08855873309195665,-0.24566451685717666,-0.26928907357156984,0.06865995077308083,0.28573746551205087,0.04303036349989031,0.16348086910017554,-0.05019958365865064,0.060757834986842896,0.10143983386543959,0.025793937751772474,0.05280950720900571,-0.2779866099430285,0.16231680741185966,-0.29430554727085684,-0.009604371369492234,0.14255263369233656,-0.10725496678904282,0.1862799662701849,0.0835026424867919,-0.45171937281757957,-0.41751707322156695,0.2295451852641335,-0.5864967760678627,-0.6484124045348227,-0.5389445013651033
capex_abn,0.2596858403444461,-0.17145142545825642,0.05119965548080675,0.17529089987886157,-0.3121418281702865,-0.25657842068555997,-0.10251416834883631,-0.06014398768144097,-0.22173580375068086,-0.07861595292238582,-0.007240936772778079,0.1566227087828908,-0.06431398164606024,-0.09754083403350108,-0.2527339647068846,0.210887744236652,1.0,-0.2251507779779086,0.21527040825604565,0.22769139982119652,0.02317930305502004,-0.2228194747435377,0.08067015845867162,0.03383267897498467,0.23683477106802883,0.08671659495462358,0.05498938712042177,0.3086675361581448,0.11907586494523731,-0.20454289440686818,-0.10180390659516825,-0.3323865029512384,0.10878861675484644,-0.23315374083139742,0.374418160914515,-0.41267210868174165,0.3884695760349505,-0.07636866687599025,-0.23367443049088482,-0.2336675931117669,-0.3116776283285715,-0.03529811655306228,-0.2507962629534848,-0.1861079467523155,-0.25914137888314737,-0.19843034020050743,-0.2204674524803002,-0.08629954672780984,0.1367125887809686,0.23338777279146333,-0.22683852561626955,0.10613660980844142,0.14721542542035626,-0.13667447495871526,-0.06560482663642572,-0.17750206204586527,-0.17733770027110368,0.2997225687825953,0.18431009632801182,-0.2796738162188421,-0.027463842336302814,0.01948425093485706,-0.07994068387628149,0.2673004842994994,-0.19630555430118823,0.22930358837648895,-0.44976443220339074,0.5122037477117185,-0.0012241285581423976,0.030825460619954594,0.16599840751974443,0.19566858680208027,-0.06746151373865104,-0.09481002577871225,-0.15621629359438838,0.08568315466664018,0.2463077655999548,0.22686776770211173,0.23175270339408371,0.019232731187252435,0.3127410416891313,0.024501391333559844,-0.18395483300651488,0.1407911133173985,-0.19421253534009586,-0.2434213586370232,-0.21156121323248067,-0.34985511160631955,-0.20123337573315492,-0.26977785738624316,0.18708640221216022,-0.036768443302982706,0.13345031171980046,0.06584840851981857,0.10445432790806233,-0.15170297183414866,0.16482486630651272,0.06464595842841075,-0.2586322948730604,0.16492234721464924,0.3632231245465428,0.3144077997866024,0.1599429510441654,0.13831506589000403,-0.29055179578727675,0.14580078045263908,-0.0352675252086134,0.22445477453946047,0.22624427075039955,-0.1526541232170941,-0.20899491554850247,-0.06271831322698054,0.019591733574427256,-0.15855055011700459,0.1460864759452392,0.40308920467178605,-0.30435989253404855,-0.28830739040484193,-0.07276176325150971,0.2605217340025089,-0.018463917198762655,0.1610821318210197,0.018659912608195557,-0.04100079424226549,-0.03288716863904584,0.40046474776286917,-0.011905324677172785,-0.10313908360452714,0.0018286601646692277,-0.10061248439918002,0.036711762348009436,0.05417279735062836,-0.15276904306573214,-0.08252432727750617,0.26100292509090117,0.035927376147686096,-0.2036269352022382,0.021182429202632143,-0.12399322172767178,-0.15042008032835022,-0.12720255308191303
capx_gr1,-0.40679261144218315,0.5447815595889516,-0.34160080541921334,-0.1390821942632161,0.26252448810095363,0.5921468863970731,0.20481508051824066,-0.31886056619643416,0.508552235145071,0.13260731256420577,0.03196991354637045,0.030598378491305867,0.36718610900545323,0.42441073670129836,0.34307951602565606,-0.4157219595389089,-0.2251507779779086,1.0,0.6412951038327582,0.6127512844590624,-0.24179415159912485,0.4779364060903764,0.26554974843277734,0.23077917564701053,-0.37881124982062986,0.15291710609942827,0.04214836065843282,-0.0793647351880071,0.1554501235013971,0.38851387496606604,0.18914968578797903,0.32435837331739437,-0.10768512347467532,0.05495509892019967,-0.3333244238183692,0.3856384492927485,-0.5691474656117991,0.2181508764978103,0.07200079544100224,0.3107302641378449,0.35065507325938755,0.4416141232790484,0.3310166475430165,0.3775476064113305,0.5328652445339903,0.5314853880758162,0.5138362465994458,0.19052545560820702,-0.1131442954954657,-0.005996152744825411,0.0005906290391271597,0.19178081046136464,0.18060013874800618,0.039027216931457026,0.12293456379568656,0.40916439647513897,0.4158136627555494,-0.07514732045214133,0.14572297191882055,0.40912450325517413,-0.04342671291093725,0.30689261182931715,0.0827975949718564,0.08874411609726923,0.25512973680515,-0.45288470116905616,0.6260071299389325,-0.36842955588804943,-0.14533242193627807,-0.2653954278579026,-0.27020956530383927,-0.39640638059062927,0.06881588607351988,0.046656508314055004,0.15921159911211663,0.053871447198367506,0.11213287001293393,-0.07586381947068144,0.16645130619618737,-0.022776848770238285,-0.07360432355019972,0.00027710779496949807,0.10217882396351158,-0.06545465362423414,0.2957988145266436,0.37487932631769355,0.02107968582452196,0.341497983727042,0.06500289187799597,0.2230201003660599,0.23269582889390755,-0.009710260947913418,0.35219342181179814,-0.16953106730935955,-0.14510043046289794,0.015444657659971932,-0.16381174930747286,-0.17546100730134206,-0.05253511194873566,-0.3350525187065481,0.03356490268365052,0.02707073600074751,0.021907705392271506,0.03064006655452902,0.13289938827309855,-0.04249296839727894,0.20366712328642703,-0.07275611900264758,-0.0586340981913399,0.40552335827761177,0.4470396508876525,0.06931887710678167,0.195358417061741,0.4317925712857762,-0.2830559242925789,-0.43328351179829117,0.49672447561606453,0.5481488248737925,0.08628547955189475,-0.29390114086027574,-0.06232201138351832,-0.05315535477657464,0.026527584665108454,0.029528410395935414,0.006587273460461059,-0.07224514245104827,-0.12941271069034993,0.4454655983997675,-0.15911735425386142,0.2651053193639132,-0.15422125606817078,0.0421837664012647,0.2527519354052299,0.1492618945891039,-0.36459078852448745,0.2790506453403745,0.021116462133716943,-0.3594314790658816,0.347008644535844,0.3657006104040018,0.35640169249460923
capx_gr2,-0.4117434289192079,0.5780786217922068,-0.28028064875078673,-0.07447942645646749,-0.07703490115878733,0.5387039576290567,0.17192350728846614,-0.38319159046199147,0.4848212904904814,0.14352296680003468,0.05976358489595882,0.06884655792469123,0.3816485699854109,0.46129490258443984,0.2918884858964826,-0.37384880771627793,0.21527040825604565,0.6412951038327582,1.0,0.785512919266063,-0.3922981388833847,0.41048516147396363,0.42107128141960604,0.42400451883344176,-0.1590392151526132,0.20494258922841524,-0.014851928787273731,0.10840714124540513,0.1658906647183654,0.19732729082496947,0.1456587451558875,-0.022371923823055778,-0.02278812113658132,0.048240648274057635,-0.047315963160557487,0.07591863556372198,-0.24104773231040683,0.2530609615919445,0.0851978789287617,0.32370627072736247,0.3174630603232018,0.5686267914148251,0.2926647223691007,0.44688248905886474,0.49175106107696925,0.556204072170241,0.5245471576302229,0.2694526839444675,-0.006846564165970166,0.12155209901003307,-0.19346926365426934,0.39535699687724013,0.3857728268602049,0.018815734758818405,0.08840960714922116,0.49429306237361414,0.45307825803922924,0.14045753590862517,0.4500913214073668,0.1491518393310709,-0.0944471274533136,0.5183484410427682,0.00700616560966211,0.469666056089481,0.0008614750196902323,-0.3976358060167862,0.4110505584120463,0.011142947281162108,-0.1345377056271788,-0.2848882915873898,-0.23737992311206424,-0.4022054766210197,0.07321511033701886,0.03832967442203354,0.12727555283932496,0.052125258043160885,0.47658529298385066,0.15239042841943184,0.4941223315379706,-0.027221481728335335,0.29702462914415617,0.02248745846359233,0.12153048278499223,-0.07069969939032601,0.37637425576635586,0.4376096734357475,-0.2020486703709502,0.14969740201594223,-0.10260926100648285,-0.07832252648228574,0.5272088605761993,-0.019075038031209794,0.35482505967235645,-0.05391364494418949,0.009093399866297293,0.0392249804267021,-0.01823896042222991,-0.23160639287751258,-0.04087996963044948,-0.318459987734388,0.22915344783164512,0.3207976235886796,0.032143801478714665,-0.055446521079025396,-0.1693234521208314,0.04123448400345466,0.3579720222844538,0.11651237586039906,0.08601432965628243,0.4481091554969327,0.4513549810275782,0.03608789244075079,0.19865191692656986,0.4704742264564382,-0.3055592657431412,-0.17635613500049074,0.28490731166754124,0.4006977817421486,0.0873347817047349,-0.23470270646879665,-0.13213527821086452,-0.014267822329486434,-0.01301142323931646,0.08914063404218153,-0.10907210592718646,-0.01569510197248017,-0.18088199428565077,0.4950603562643245,-0.18359010915870616,0.25571685151690526,-0.13898958484165908,0.1067880378434007,0.1318587064531777,-0.09695666105509212,-0.3160036174023617,0.3667550760910695,-0.003022795527138333,-0.42500942923143065,0.4202732902918372,0.43001837114032315,0.42122512583401517
capx_gr3,-0.4198241012686721,0.6077202216283455,-0.2964365398412879,-0.06839394709588378,-0.028705005090959933,0.5384667091195101,0.1671516481932431,-0.3562557962828803,0.4750584225763665,0.149761449197501,0.06048695079138213,0.06103525186523958,0.3803680392596596,0.46398009633313764,0.31270463090417,-0.38427220641937143,0.22769139982119652,0.6127512844590624,0.785512919266063,1.0,-0.4056976111298125,0.45298897940215366,0.4195354742773852,0.42289467809596837,-0.14973680331139816,0.22717903876800064,-0.01239255309394498,0.1221410447778014,0.16735811875141332,0.2710025710428876,0.15955224001788165,0.018204556717823627,-0.01496072855578013,0.02577598548569754,-0.04698413185193269,0.02353618063320692,-0.20421761879375866,0.21127986371285917,0.09903085722885072,0.3553182913956304,0.35310490984299975,0.5728589348290751,0.32396733617149,0.46770144720512835,0.5134090898248005,0.5668420101454091,0.5340722580670393,0.33421968115394873,-0.02026963472865992,0.09982222709389293,-0.21523911734246456,0.37247943207591383,0.3724170253863889,0.032555347954209043,0.10585110501996357,0.48874566187276974,0.4428863934726298,0.1723057736747034,0.4422972411490994,0.23824063275655952,-0.08161342966814193,0.5229646750408733,0.0327510571346719,0.45582582112895426,0.005648160688468634,-0.41093917291456505,0.45302467679064307,-0.029696897416837616,-0.12198124224884994,-0.24323152150421154,-0.20656293023193342,-0.4112000597346117,0.13256906117260864,0.08276338509981893,0.16285636918806945,0.09758379360387562,0.48153187163608774,0.1793463862507571,0.5138665696780533,-0.00790471138002079,0.2902991079105613,-0.010643751131093223,0.11363140268449683,-0.03219400414109118,0.41957743283105164,0.40809752532708676,-0.18986845127860247,0.19756153714225397,-0.11358301132404247,-0.009103687972619876,0.4852251473754807,-0.010604991019442124,0.3833966905300583,-0.038117299415898837,0.05281531221216736,0.061296591037055516,-0.08484144226031641,-0.2673497927644838,-0.09005782618340442,-0.3846538147488743,0.1994295811378774,0.28655609458201503,0.05390842034700957,-0.08663530012054951,-0.13441173230439174,0.06644365473592458,0.2648103544210747,0.13460484833465858,0.07039449488782384,0.4404137559557952,0.4772410997270525,0.09676393153629506,0.19543167301775438,0.4617195362495073,-0.3195867662115911,-0.03597258323996391,0.20320235156015298,0.3727701784064291,0.06999486612525704,-0.2743302876432468,-0.10604878328742609,-0.05079301035113662,0.027335937396668862,0.0727490313738413,-0.147943081461762,0.017328396974507436,-0.1806675884396456,0.48991259163170336,-0.1524994122079218,0.2702004630759714,-0.1686705551558827,0.08060440121901973,0.14798768482918603,-0.06152393768140212,-0.292562113776962,0.3801405270377449,-0.028360671942075644,-0.4425688872728575,0.429275693572556,0.4416523031693542,0.42960783732147767
cash_at,0.5374165893428899,-0.6337009652246971,0.3576538718782149,0.08106309534295338,0.3115386031708356,-0.30059087651817024,-0.14561313287644867,0.3599591535499437,-0.4166456105174461,-0.141306413071144,-0.041033005177087856,-0.16349414778724813,-0.4672987899002793,-0.5978448468682158,-0.42177144785065307,0.4958428109918856,0.02317930305502004,-0.24179415159912485,-0.3922981388833847,-0.4056976111298125,1.0,-0.4463466021035041,-0.5305454429808552,-0.6269796434442737,0.24523633964661884,-0.27595579178433033,-0.018748502524471924,-0.17646179607806656,-0.02173804186918156,0.19909760265756157,-0.13929046659731442,0.1714780374106986,-0.0871251986995248,-0.10986352563994314,-0.2937865229616876,0.34185842161351787,-0.042602039606055804,-0.4073342685096122,-0.29353108886206325,-0.5222973555535734,-0.46453290111135553,-0.44525686784218194,-0.41434902488238046,-0.5859849605115113,-0.40585088935421265,-0.6252941247980193,-0.6237702050595684,-0.35709503147765564,-0.04747736234752483,0.2635967278617208,0.4441164687163366,-0.4662971582798301,-0.48148617261195803,-0.04904255803329671,-0.29597488942025285,-0.5657008915561508,-0.545887960607387,-0.4386905098673445,-0.5603688813837507,-0.12439302244678754,0.09872400561518754,-0.40078392375044025,0.09083043884188649,-0.3354406595679025,0.17498863372237577,0.5486514007777197,-0.2837836403395831,0.12436271135760298,0.319572149406014,0.23337300319762738,0.22216715513786772,0.5497063672812288,-0.03537284008958193,-0.14017861979096072,-0.17176095361720262,0.12614429083565076,-0.40150474760504806,0.059135472681985074,-0.34319707880747075,0.0735845706355046,-0.21436163375066034,0.008777725084049955,-0.2288096169883776,0.10034993429384846,-0.5470033606283388,-0.5651064995584303,0.4042900303582947,-0.086790244760143,0.2741098969360482,0.21296871243576448,-0.545648095152141,0.03418086483989308,-0.26218173938607064,0.004211703443486647,-0.34021995149247475,0.035395852474017955,0.08682151343104011,0.5002828634855389,0.08193049768623417,0.6314040261587384,-0.20045979338218356,-0.19271900050994017,0.010729761976249502,0.2451282840257509,0.1047085224607705,-0.06867502820850993,-0.021073840581430005,-0.029319370711890506,-0.07724189268413822,-0.5439456318640081,-0.5618407502076026,-0.11500501778310204,-0.21633538716159262,-0.5869393769187532,0.3332042882260231,-0.013596967613636383,-0.17147476296503672,-0.13466851588509576,-0.160334374214605,0.3588035670106293,0.09236517890084613,0.13535306757525942,-0.049906898957483736,0.001716756321701208,0.1689517793238236,0.14398484507762632,-0.0260840070160904,-0.3332811689632913,0.2210044377281929,-0.49088141244502437,0.1516955373949716,-0.03446551677054953,-0.22558273654517533,0.44848334589296857,0.28097289730239183,-0.35451541789894253,-0.034148786257110035,0.4517911645393934,-0.6175581863977179,-0.6043537655849074,-0.5994300645149819
chcsho_12m,-0.5787700324789777,0.5658148363340917,-0.13349335317864724,-0.16862414916127216,0.14609396424806964,0.49761573128408676,0.11017137056508182,-0.06263934836529664,0.48636831161384114,0.20077689894747502,0.05907577164938245,0.24758354306219876,0.3521800638485016,0.48965905685346667,0.3469286688063832,-0.4906099134212561,-0.2228194747435377,0.4779364060903764,0.41048516147396363,0.45298897940215366,-0.4463466021035041,1.0,0.30204964407214013,0.323705802323502,-0.14805838059398238,0.09978905957767595,-0.06885509254312921,-0.030131399351373312,-0.003553040546007963,0.06691770732197198,0.07946821754926653,0.0035292566990269675,-0.07431629339254792,0.1932784069373772,-0.08818336899718378,0.036211265244665,-0.1702573190575914,0.30602508084312985,0.4278650786564461,0.5197565195991165,0.510667538535444,0.564157587106343,0.36434904340965724,0.7681639364776375,0.6907060869111179,0.6727484543321793,0.6260615335676922,0.39467613306377153,-0.08020410953478678,-0.25410802611029204,-0.026725750978972458,0.3411443682048483,0.2614986225065895,0.0467374104038253,0.18132400436278517,0.5518865538309182,0.5341606325425607,-0.017500245220824003,0.3121629856158194,0.39765994726033904,0.06369715146965499,0.6018631745575803,0.1324831166897648,0.2530629028923952,-0.023777490265667833,-0.46222993599003365,0.6141485689387766,-0.3218112181132594,-0.1402791390296883,0.05689286405721859,-0.1467124842752322,-0.3873361477195625,0.17961029721596433,0.29518976587466356,0.3438769722104137,-0.09510595233785869,0.2965771414678495,0.16706867403038975,0.32389175882890153,0.296644120312908,0.10599478170714294,-0.16705951072268924,0.3266680904351552,-0.09578539119504818,0.5614573245865586,0.5616263179385501,-0.02086214706797703,0.4610924247454361,0.08796965782976376,0.11082848696636237,0.31133649790631046,0.05771915221720479,0.2626035878722958,0.05057065002727218,0.16199807766875945,0.22978197403466707,-0.0727166565706622,-0.3259092347097733,-0.07565575331490848,-0.560877567505477,0.013498328792959891,0.143537803900278,-0.022347373534746917,-0.19432426013241666,0.05937874822228997,-0.003066546440921749,0.1711319990992145,0.05031637806102424,-0.03633949616712662,0.5323666693097318,0.5934785804502247,0.11272576438660159,0.18291045144861445,0.5292041803385839,-0.14763978603907807,0.026308649615044075,0.18847950775016012,0.1126984986929312,0.09333952909753726,-0.39169924098472214,-0.04701524952143411,-0.2643893590272115,0.04650740488707657,-0.010180709553454263,-0.11630196681612937,-0.18531551436335064,-0.1536472773513531,0.443634617033447,-0.07193567068986609,0.35329420958977714,-0.1210296684146341,0.04240949369225155,0.20093770971114702,-0.10266704455030583,-0.2959700426625197,0.3187730317362072,0.13333791691464297,-0.22096409529411173,0.5544766563095718,0.5422076635253019,0.5521358992968415
coa_gr1a,-0.4588731029601769,0.5728631151932745,-0.2996672082348941,-0.16330758703046463,-0.17131373896333738,0.3744402962617265,0.15277129377022886,-0.4640412365287966,0.4098251411491678,0.03218109053593911,0.41357790126864874,0.29777500978463717,0.4994060759106008,0.5222025653724613,0.2626737114164462,-0.3756760199126674,0.08067015845867162,0.26554974843277734,0.42107128141960604,0.4195354742773852,-0.5305454429808552,0.30204964407214013,1.0,0.7817787820894132,-0.1415641709893184,0.19910945991498247,-0.04440641037774917,0.6085198543009633,0.04792927658942314,-0.14053117087504835,0.09298163683926103,-0.21704661074648815,-0.03796190305608551,0.12115651086343121,0.38720291586578937,-0.43510053984066166,0.021498359261499164,0.2390318375078598,-0.0002996469473355195,0.28363636054145536,0.2310702732116851,0.5143629729165047,0.25837577275618073,0.36756437901210803,0.39411347781733996,0.49176229770883306,0.5072707183874955,0.18534329522797982,0.138485974828975,-0.019989127675356943,-0.5648472469638334,0.7527599134545707,0.7378197968586364,0.022339316211299816,0.27448784208424787,0.3726632535225454,0.48079018123708184,0.4650523113903348,0.5731626955417799,0.10543241180803606,-0.2823275447859144,0.5519797133929689,-0.19679343561111498,0.3559006357362279,0.033921145181403524,-0.2141765750292717,0.1710537029065713,0.12418944701845372,-0.14917209215779687,-0.3920649867815947,-0.3832762099393521,-0.32313278855008387,-0.02487854944064381,-0.08720872634204627,-0.07538312656026243,-0.0950934253334621,0.3713026259362742,0.0797658694514202,0.5031247249726618,-0.08034705570895471,0.36483196624792885,0.19368015160455962,0.13995245945277335,-0.06701814085367228,0.3145641071878718,0.3048210228254184,-0.5257258844546964,-0.2460113447588271,-0.5310001177491315,-0.3757039757389354,0.6770588467441314,-0.19668490906345984,0.3080950977825436,0.03719671517231382,0.14030604859026563,-0.19952526268439616,0.19344586843468561,-0.35899183203417884,-0.0647482696112534,-0.40784304619293865,0.2559206974244856,0.2544861578642998,0.026176680736357608,-0.16317422970933482,-0.13011283834628945,0.07005637589090932,0.06904638665545923,0.12011593827827059,0.1270768674216215,0.46477861181422614,0.35406795261365737,0.08889154364675135,0.134187172959438,0.49820043084229565,-0.36124441819788056,-0.06370263849480856,0.4278877289123431,0.3274919942256303,0.2245431992325388,-0.4679308765844619,-0.05663854098138622,0.016066665488823895,0.028011910642203236,0.1396797448005663,-0.17466533901866518,-0.016636639502876208,0.014601964354155478,0.2770963688161507,-0.12721013636580936,0.3025727655412105,0.004466239115201361,0.18505710266578762,0.3438886311113548,-0.323833409838184,-0.5127955667396268,0.47686443482038054,0.07628110427373867,-0.4982474396772707,0.513532369523021,0.5277300400779429,0.48834801976027303
col_gr1a,-0.4625689555606663,0.6093134211333715,-0.3766326834066764,-0.07080715308881166,-0.26167465980342003,0.40255858052159854,0.21355398220095934,-0.44537897719931907,0.47422957535079224,0.09835147179556952,0.3243003993169107,0.2708660642815477,0.49804955231731035,0.5725457279840064,0.375136721354296,-0.3766910559945476,0.03383267897498467,0.23077917564701053,0.42400451883344176,0.42289467809596837,-0.6269796434442737,0.323705802323502,0.7817787820894132,1.0,-0.23110106414576065,0.24650477373177995,-0.0742679600692269,0.3385188379028,0.011324750985618703,-0.19940873114186,0.16847074808340762,-0.25824594658151945,0.07888401061970918,0.07191617629929829,0.2856536326967616,-0.39297163537862867,0.008147808913577104,0.23424429937064295,0.053419963498382544,0.32568719056930373,0.3111009460387347,0.5030918817438781,0.36995109983812724,0.42076428870974314,0.3921741842198181,0.5207294212315374,0.5401644352274404,0.14003534097932085,0.07199777534967958,-0.09408018121048661,-0.5715391894187473,0.6888031482738961,0.6367203051937248,0.0323546058276399,0.39719137575534647,0.40944195119385496,0.4832467249295561,0.4537681007361616,0.6161740846356826,0.07502338149236218,-0.18105148861476145,0.5264207384945057,-0.2701336357971703,0.40828499558321263,-0.01665478321767405,-0.33249683869411906,0.1731511415160974,0.020640143858404666,-0.2362082780605594,-0.39500403750502805,-0.38989178355623527,-0.36952952237311787,0.013548848152523246,-0.10644908604836106,-0.06611045908914392,-0.2687250254085339,0.4325782446887849,0.02355141706642222,0.4587902429748505,-0.16539030474629643,0.30155122696843806,0.07120304930345422,0.10300587717936566,-0.0973670746656114,0.34729843715776865,0.3532538524547898,-0.5787987364709999,-0.22205975791137558,-0.45867725339092236,-0.3587937753682747,0.6697909963182895,-0.05697194826153925,0.18346657703579344,-0.022226465285507754,0.19189787726801963,-0.21082847149068604,0.09583057029400728,-0.33894571921374655,0.09459167406761135,-0.4244704866231179,0.18421541357625315,0.19455073918766944,-0.10667939869323166,-0.283038779063789,-0.05554486694165768,-0.002604153156290633,0.10025523186925914,-0.005866570024620777,0.002954622813343981,0.4912355672463272,0.42839088241096546,0.17037374327182297,0.12226349485887905,0.5190701716549873,-0.41088654508771616,-0.08946108299381456,0.41923202578937746,0.2845011368646168,0.26585607441491577,-0.4582750752705905,-0.12495942259161559,-0.0441981644912635,0.021837647229445253,0.13730204093385784,-0.228510604298415,-0.15313503580489263,0.008722605154601458,0.3246527216449776,-0.17676518208021488,0.360133916358831,-0.0803323010190421,0.13037648349498135,0.3263378822314488,-0.4200810753075249,-0.5610872113400257,0.4374265744229987,0.006300186218166455,-0.5035838021746446,0.543793281931471,0.5425393300525999,0.5180391562839672
cop_atl1,0.057699771083058876,-0.22371405399880404,0.4598575783513863,-0.09926109886089118,-0.09360384554965706,-0.21273300151548302,-0.10590584019040511,0.27744092732115155,-0.23674910975438518,-0.03242379444740552,0.042790983059382566,0.002977793786953283,-0.051699207993094756,-0.17218936402472873,-0.23743995968249385,0.09385236483777948,0.23683477106802883,-0.37881124982062986,-0.1590392151526132,-0.14973680331139816,0.24523633964661884,-0.14805838059398238,-0.1415641709893184,-0.23110106414576065,1.0,-0.013188075060516597,-0.02564419037839417,0.05937692806789186,-0.02336219729609201,-0.016557514155429186,-0.08856574930705112,-0.2791306375510327,-0.15431317063746355,0.1017455277288521,0.07276920315018223,-0.08797990663927491,0.2599545794982948,-0.19484638554919856,0.18829785602767043,-0.07520149326710743,-0.08529706771076509,-0.0864398387126441,-0.16207873020565355,-0.1136795710449417,-0.041965302730514804,-0.16651414895852373,-0.1872442888508413,0.034187593150440176,0.025438086323005517,0.20835195387846844,0.44381375782988586,-0.14914117185996184,-0.11131762373910217,-0.009989189277639343,-0.23660293095817844,-0.08916409480805623,-0.0893776279211619,-0.24269774245352013,-0.21832222739608897,-0.15715844064570456,-0.017841676079765702,0.06713056298752915,0.4043799952545346,0.13838910860557835,-0.34710185984983394,0.2577091154060578,-0.24210234314477871,0.3822514172254641,0.13308685439209209,0.34037435187132203,0.14308751239648665,0.2190638588442864,0.045943928494411375,0.34542264833810016,0.08300877335017046,0.005627450318708831,0.10641716451786656,0.45139849713537206,0.19680645080298062,0.4418447301826921,0.2824792725936342,-0.0591975093442759,0.4413836742658661,0.09960329855905126,-0.01581299397451301,0.050261941845756386,0.5134385976731267,0.1424705917156296,0.19721966270830804,0.05081881620631913,-0.2973514149334048,-0.04959929873110695,-0.055689541802878106,0.498768353150345,0.18414938549170023,0.5704766325150293,0.3487535484394854,0.19106605396313217,-0.02591433049232702,0.2714046484423,0.023377639486217332,0.13368984586553645,0.009728637213437353,0.05831981688224802,-0.2747366197532608,0.012929491080685928,0.034337552271988626,0.12412514639245477,0.054529626034210285,-0.0461853597464081,-0.12702234973125082,-0.04865629673210649,-0.0011951561579174436,-0.11210714150379264,0.38496415094266884,0.5013311039755173,-0.37894863138715307,-0.3227593388188845,-0.1968046309153232,0.08288732227655538,0.02423480800134998,0.04754678981662617,-0.07569610396761359,0.03201080707165848,-0.06538278268869586,0.14074845410205322,-0.027716996636795072,-0.15374733611607855,0.13105804170642665,-0.1330680240817674,0.06489414122538706,0.16464722908254925,-0.3192090340986442,0.21320343676056613,0.331238575365787,-0.03980108759062713,0.13296195304698172,0.28816990220200694,-0.12574263101930497,-0.12823974321384116,-0.12908441221182398
corr_1260d,-0.0038422398212160248,0.26651300692723723,-0.1687341459616425,0.48449342829783804,-0.31013026845651126,0.23459716868294123,0.30051122886224274,-0.10559653486070086,0.2928290638583441,0.3276942143362229,0.17829385998009073,0.2621976426102679,0.5224284763161055,0.43378831422093156,0.2811604275021059,-0.051585786339255396,0.08671659495462358,0.15291710609942827,0.20494258922841524,0.22717903876800064,-0.27595579178433033,0.09978905957767595,0.19910945991498247,0.24650477373177995,-0.013188075060516597,1.0,0.07233942343855859,0.028019168286560772,0.09092041289760903,0.008298778162587603,0.3516527196617275,-0.1769835003993967,0.5460086165550831,-0.4722647543438258,-0.023626587821029832,0.0048440390861534,0.10360806126860791,0.08734516295691275,-0.025244394019332206,0.016943617028562098,0.2242195425904641,0.26628303911004825,0.31203015040276183,0.1520922443945641,0.2226828369568306,0.15199410199330227,0.11524483392371346,-0.1658413740954915,-0.17268385129141772,-0.0779701031104593,-0.15567805464317933,0.17170430015125604,0.17788232037556026,-0.08298718672684866,0.2245564905960518,0.03724486149923977,0.0294007845471851,0.26881164903865784,0.2098412331595211,0.03208560321551784,0.1621080385302066,0.22912990521273682,-0.030856232230936705,0.22810979417717792,0.032364678933698335,-0.3332120128512952,0.046470643927486274,-0.03526948497062641,-0.2729894243058034,-0.3136643941604659,-0.24287245259138046,-0.13006059321292857,0.25386822802347075,0.0012459709582717268,-0.05182403887521732,-0.13280311337109835,0.21129373512866972,-0.10194386825329857,0.21768243991657488,-0.4377312282929882,0.1689393574886098,-0.223930282342259,0.11821766400989876,0.09312845445851219,0.16737947438965534,0.1390259052714136,-0.1469967000374675,-0.09693868850181743,0.03725376436410607,-0.04528152395968147,0.10562192318635233,0.2604678566911811,0.15588516885726453,0.014049871032532319,0.1760626248646167,-0.07089562749612308,0.032728649157107985,-0.20824114914300662,0.0012127716586008812,-0.23658759976042348,0.19413093876171655,0.23517801292743737,0.015508988579586788,0.0913285108113974,0.0159144334467642,-0.005158620144348095,0.1307089166833022,0.042497988020019764,0.02235879437504617,0.20490761726357812,0.22679375597498674,0.2469002339673584,0.17800273163854435,0.14664173144829235,0.0012886302864493536,-0.007338178908360856,0.06313249467054541,0.05598047000902641,0.14267211632420768,-0.026355600791591716,-0.12977541508474064,0.008040752888895919,0.0353681014588361,0.12439953151579142,-0.13514875853633437,0.08972982268297772,-0.1421122508521116,0.3274876618008348,-0.1776265323675212,0.42275943927628484,-0.034142590215898175,0.1315377858412586,-0.10762725127899939,-0.08394459962125557,-0.1045400723772973,0.0049525650947664784,-0.5066999046588054,-0.15552973236351422,0.22405867189832943,0.19426244979514493,0.2815248016370756
coskew_21d,0.06401550239887005,0.0018562374963293506,0.04627916854979273,0.022810993085343085,-0.004960764474297625,0.0037906609304772234,-0.06797851319186138,0.008003421360772605,-0.024494190424488624,-0.08267359293259462,-0.1065430650704137,-0.1407247433128798,-0.03229262893641115,-0.01393271111445011,-0.05898935262879139,-0.007273824273683517,0.05498938712042177,0.04214836065843282,-0.014851928787273731,-0.01239255309394498,-0.018748502524471924,-0.06885509254312921,-0.04440641037774917,-0.0742679600692269,-0.02564419037839417,0.07233942343855859,1.0,0.004244492965810756,0.15811291827281385,0.04501541021317716,-0.06172146162472195,0.032055789200122434,-0.02049521944051357,-0.02949094210560805,0.04306070522962632,0.07877305735756313,-0.04761412758628488,0.064516578342808,0.0021069116013506146,-0.02650351197552381,-0.0323816027753098,-0.08247231654906588,-0.05758118703588184,-0.042013472058633455,-0.060959491621098094,0.004036319130872457,0.005472829087463058,-0.004281911934510482,0.0034907184656232503,0.04011325118678403,0.055153493303465154,0.0012035597978448586,0.03364642433044705,-0.10857223838500187,-0.19645291497348177,-0.07280894010714228,-0.0562208473988976,0.05030119798832396,-0.048301794984490456,0.025922221651174394,0.020769127909983892,-0.020340078864731714,0.09493689756228271,-0.023985492754877852,0.036035004703017764,0.0362145616182156,0.021791673145142246,0.03354066203527295,-0.10532847761753432,-0.07053591735436412,-0.04248189686667581,-0.07735579315890438,-0.08390401075028411,0.04544121758264055,0.0333210867709096,0.14489944245118555,-0.06799986309973093,0.002569852824981158,-0.052291194612649874,-0.08424442858214158,-0.02566206997996151,0.09954570630813259,0.06840131343475855,-0.1257900880347661,0.0031839731172724327,-0.021975004925524025,0.058898470574656546,0.03947687333331231,0.06297630300886947,0.05784572817729084,0.003245859966456906,-0.043102522735067456,0.14691650326198175,-0.003505389648976051,-0.08450000462647327,0.019536695703070997,-0.024812471919875824,-0.005277875389665879,-0.0894645311092759,-0.021692669666867323,0.0867752313403544,0.04540614811997131,0.11918025090415593,0.018093704014124815,-0.034881740821214646,0.12060330250826098,-0.051571504497716955,0.09574097037576187,0.09384854829102011,-0.0021948392370825867,0.03585552716397084,0.1394998445175618,0.295579964933938,-0.02394515429127187,0.07407160152786349,-0.14330593432412536,-0.021144075474988176,0.013865550226408854,0.026685548755762394,0.03327517405364509,0.06716752015765073,0.04552218962320697,-0.09704883928156718,-0.13753618375777493,-0.028402642947852552,0.09659439481001766,-0.03380372071098584,-0.000702803947488282,-0.05565178375488244,-0.01582241905470028,0.02240288008191425,0.016951028911148983,0.03650985412517742,0.051755611308302134,0.011995339484893997,-0.10095800928379048,-0.006133782601900963,0.055076891620041195,-0.07743470042012175,-0.05810271842147148,-0.07056288829069843
cowc_gr1a,-0.14648232385997462,0.09334625016766167,0.013487008295457433,-0.18821874129260685,-0.038998601551812284,-0.0797482478447737,-0.07059558565236734,-0.29293368650435136,-0.04244548609129732,-0.13568168686322524,0.41958611933579243,0.2691215759779329,0.2269919651992818,0.15346676594775516,-0.12640611301449653,-0.10229418269085169,0.3086675361581448,-0.0793647351880071,0.10840714124540513,0.1221410447778014,-0.17646179607806656,-0.030131399351373312,0.6085198543009633,0.3385188379028,0.05937692806789186,0.028019168286560772,0.004244492965810756,1.0,0.06468369068304822,-0.1252459820646389,-0.1166484290418717,-0.11583114507366267,-0.12483857926858023,0.09770992407763626,0.5502367184734609,-0.500388598095012,0.22540527938431096,0.07138687384306988,-0.1584500877530471,-0.022185136192981486,-0.11370731738124726,0.13356061537676842,-0.1343419638040052,0.0022401458636129414,0.02774168810755997,0.09234696929721586,0.09128671820442,0.034559070518631635,0.2762154443156418,0.14761623896073026,-0.44658457278140584,0.4789841545946599,0.5139265742338199,-0.004102151112641034,0.013296906323727962,0.04224320667907914,0.18585695865615995,0.4201632822278324,0.31890510950188583,-0.06733599217490263,-0.3573423541869385,0.21571895529104174,-0.09014557455632426,0.03176220773282199,0.037380883966665966,0.16812238838034665,-0.13284670588863412,0.36153959664002194,0.024333607704763942,-0.15957868811674697,-0.15218394577797031,0.01525505155870038,-0.13284571032836093,-0.07166524527882183,-0.14832002422314386,0.1434561319081772,0.04227420530076359,0.025581779857030307,0.23502653867218656,0.021410963091246252,0.26100484098921356,0.33116888163843883,0.04116587564438115,0.06498710850819453,-0.05398602775614479,-0.06943821976252938,-0.3516133157953554,-0.3976208129906692,-0.5277020567338737,-0.4117135698931583,0.42695105966764935,-0.3533613568881853,0.2681555559925854,0.14068527488959862,0.03622701029589396,-0.25120987457172106,0.3683497355308719,-0.19118144599815778,-0.27276595779758744,-0.05678967725572326,0.3037968265752875,0.17260524704750407,0.20595005674510009,0.09761765652787822,-0.1726695018614224,0.22035720114124646,-0.07449510669822731,0.23934469871577607,0.2733561912772592,0.16880934837655637,-0.06115435925256267,-0.04611299717567764,0.04918281875454439,0.17571532256790873,-0.09742648468250245,0.06603366648450587,0.23023003022793762,0.19056719794348162,0.06897655471939443,-0.0906019385326916,0.07089447755299952,0.1338399373559659,0.003950632068538301,0.08863130874178701,0.029269253768949257,0.23926018588052234,0.12523758406919588,-0.05529419450279706,0.03458818763235849,0.03272976241690551,0.17407118940553,0.11445593106189897,0.08467645751454583,-0.14095776011100264,-0.09150986191673041,0.31626308865673664,0.11669465575189453,-0.25746007249095354,0.19210745214228375,0.21997240272308238,0.15952766117253125
dbnetis_at,-0.042908180333405835,0.08153598963047227,-0.10219575848604856,-0.003694766094719124,0.16091433650790363,0.10273024793694932,-0.18165445792942933,0.16603011714009108,-0.06702569511731088,-0.22062375321176186,0.007470017114698763,-0.12422214733182155,0.005756542767493832,0.04698607518491717,-0.10682992875319239,-0.11401855430342431,0.11907586494523731,0.1554501235013971,0.1658906647183654,0.16735811875141332,-0.02173804186918156,-0.003553040546007963,0.04792927658942314,0.011324750985618703,-0.02336219729609201,0.09092041289760903,0.15811291827281385,0.06468369068304822,1.0,0.1770039393070634,-0.20927782981001483,0.16613809157683865,-0.0932392458861194,0.01687549599722277,0.11996317845480595,0.024856695167990436,0.0053502647545222385,-0.03736375838879251,0.013057807138131563,-0.04633679770539452,-0.032448235379679335,0.020070146587291806,-0.11982171875909474,0.04703419420790078,-0.014650687875682779,0.033507227596779404,0.020320235665930775,0.08413339848267654,0.1565044492666972,0.586086882962211,0.0591398625649293,0.0432495765192059,0.04589011188556234,-0.024043831192955847,-0.2909499931998375,0.032861041117276266,0.043865941079035076,0.0628018271360411,0.11749639045551848,0.10061698805412467,-0.10990550483009821,0.03889952004676221,0.21264191474191452,0.06785142297102692,0.06740635545260151,0.034817878954124304,0.2278411622271292,0.32985489117441713,-0.020750574395175934,-0.06674474171377036,-0.04425927291694917,0.01933747927379899,-0.14931272967872442,0.13800291557228617,0.15088455266515804,0.2699150291766992,0.07226879172870868,0.001309388189979647,0.08621346098074095,-0.03487138145718631,0.054082824876932695,0.08906255168721731,0.066334409404932,0.14592666152746134,0.05492932819244087,0.04911787740355239,0.06830770922335075,0.10407462894985425,0.10381668452369615,0.11693130670238126,0.09229373056700588,-0.1861380023174057,0.19573946052592872,0.06958348629500144,-0.03525468318723256,0.0630482672188627,0.04055485337872264,-0.04980740082404313,-0.15246526274874939,-0.05397082439152637,0.1970247133205114,0.1757181965581054,0.08349385290156164,0.1445428749388841,-0.1125327403438382,0.11659093829009233,-0.042844677472796466,0.0905630706091142,0.12073436564720487,0.03518630733143644,0.10789271949340169,-0.0022972118194193192,0.10425449515265384,0.04301266272442204,0.0964815751857073,-0.09461347508699565,0.00023786993400530044,0.08239488742156956,0.10709896733718696,0.020273924996384488,-0.0871668893091514,-0.0036116787350875873,0.031019660280219692,-0.14981549083840087,0.001875265540793037,0.2006782336115177,-0.11294276665654429,0.08571289466930493,-0.09495180558678154,0.004799219587990691,0.04215837969425229,-0.16954737490863353,-0.000330265069795114,0.10014410492802284,0.15084387395344542,-0.07357381207384091,0.014458785569920793,-8.480197944578622e-05,-0.023767866555387325,0.02546638491871819,-0.02525700617629486
debt_gr3,-0.034743208621971264,0.09239582949828595,0.05617839370043701,-0.0849715542287263,0.39280257728077395,0.25926355881214724,0.06040071286154341,-0.050046796173104174,0.09032670217704318,0.09123498798941847,-0.011370880683412793,-0.10875482539039155,0.034114721751748664,-0.0008462562528554439,0.012577099338282126,-0.027526368421713743,-0.20454289440686818,0.38851387496606604,0.19732729082496947,0.2710025710428876,0.19909760265756157,0.06691770732197198,-0.14053117087504835,-0.19940873114186,-0.016557514155429186,0.008298778162587603,0.04501541021317716,-0.1252459820646389,0.1770039393070634,1.0,0.08911966244228767,0.44268917951747816,-0.1600149979886231,0.014444999616075871,-0.2898589192602976,0.41273497081423743,-0.4177673246715782,-0.2261525689100395,-0.051739986612404636,-0.08084513521174745,0.09161784351048284,0.05633524477422208,0.04302473171161425,-0.048279741302048165,0.16902075246421477,0.026863464211148495,-0.02972187721347594,0.11677849316011013,-0.15077972614204765,0.32152676153848453,0.31249067982653156,-0.23687142550749232,-0.21333232012178616,0.05422689033972416,-0.11401774918383786,0.00210208119100431,0.018617470418006682,-0.2901185094329679,-0.25661379794704486,0.26804564166834605,-0.046348204295272366,-0.06497064863026941,0.230074006590829,-0.22122788027726925,0.2481574315551306,-0.055677542571529626,0.3697605422738578,-0.11146242575598489,0.09670075985586071,-0.0665110578190074,-0.07828037697110829,0.011017362331744997,0.09330225899463983,0.07703869896199157,0.0055608793974169755,0.1611778103145671,-0.22571310651550022,-0.09113539253400973,-0.11185460446014009,0.09471226959017533,-0.1675310274502945,0.12017273216486184,0.09551271694209197,0.05157945940818199,-0.02937079601584691,0.062347317467642965,0.3947558624576909,0.23697131291263063,0.29163490370832035,0.37766328721746084,-0.22195502207596654,-0.05351658783023164,0.07249201876171876,0.008744013069874674,-0.2085474405065331,0.13486123964048102,-0.05089610366689504,0.043761365791204085,-0.05750224036220057,0.051139572073084096,-0.1344182482714785,-0.16530260496867957,0.04927155121012061,0.18184754337959275,0.2044238437764166,-0.006999181066853869,0.1476732230745365,-0.0464868990843519,-0.06458158059651939,-0.00543673364248713,-0.040156013794916276,-0.03255118916852282,-0.04697705583863463,0.00429241826430239,0.09985886977944661,-0.28181913025753913,0.1877280932984631,0.35980137660184824,0.013880173706233075,0.020272547059999077,-0.01441581437033404,0.05706818239458478,-0.05695324657166083,0.0883655592090948,0.10606214813647862,0.020485154784044505,-0.10690852614804508,0.10422829382118441,0.03670974597730241,-0.03125115509407411,-0.05426132245980764,-0.049399650362825835,-0.1020764682709412,0.473721602253956,0.04746938448274647,0.030655878393233128,0.025131254693485296,-0.10097393111403369,-0.07101868168232131,-0.048226213015209234,-0.07175905484299008
debt_me,-0.05001752970429773,0.38213832222326954,-0.4118021213369788,0.20769274175894067,-0.4289348880494519,0.474481887582401,0.789614014670071,-0.44709600878644923,0.5742121504721793,0.6343728005632634,-0.005538336322415309,0.19771776722164083,0.27317366163245693,0.27451529629391624,0.668412583920066,0.1207177949711411,-0.10180390659516825,0.18914968578797903,0.1456587451558875,0.15955224001788165,-0.13929046659731442,0.07946821754926653,0.09298163683926103,0.16847074808340762,-0.08856574930705112,0.3516527196617275,-0.06172146162472195,-0.1166484290418717,-0.20927782981001483,0.08911966244228767,1.0,-0.13114378357920864,0.2849118381465451,-0.3034110333145553,-0.3323107758758502,0.208979034000228,-0.25966195279707416,0.028325811471602777,-0.3303455706882429,0.10432006884616873,0.4957696610484106,0.37198564443193693,0.639349064386741,0.14832247714076624,0.4144113151748754,0.2774802124683515,0.33575471418582836,-0.13736984267334185,-0.594578982973077,-0.18267265584644543,-0.22204148673243926,0.0647171647225179,0.0628417471131691,0.033802412847044855,0.5644826288019239,0.15411090742027897,0.010305838225435595,0.0003333007537229092,-0.12089028242102842,0.09138406321719238,0.28758185386830515,0.2465060246367489,-0.4756899742035512,0.18198859195679568,-0.19623533935511372,-0.6237706590459786,0.06376118183533859,-0.24668422405373647,-0.17525761035837892,-0.37547645909649585,-0.2589178857318034,-0.24737563931249903,0.5833416620318939,-0.4331312965699918,-0.392998983711018,-0.34059449773954686,0.2144284782463079,-0.0057473727237789705,0.3309953759568473,-0.3067529006253354,0.31994819523143797,0.014684295301620427,-0.0613168973884764,-0.008252903572290223,0.2738955686180493,0.03581439836304589,-0.18379005874477836,-0.03535379221547136,-0.04348026019977078,0.1667344026628255,-0.06886698227717772,0.4733227898232634,-0.1997816731036282,-0.40520792754957896,-0.060321759957886786,-0.1872358066727307,-0.37667984149731676,-0.3084814335767986,0.111690140867666,-0.18964204755659514,-0.17380475133878193,-0.04288168044600592,-0.33781560501811336,-0.2565252233335726,0.11845129648139228,-0.2206102168171536,0.4155369750724647,-0.2747883754091569,-0.3431553612561461,0.0761517030422822,0.021704974790428593,0.05894697190396109,-0.009247485419911649,0.08650222701811822,-0.39396829520486143,-0.008601836043337103,0.23485738777217727,0.25271305625522034,0.36582461642589326,-0.03873044316025077,-0.10875857177660148,0.12820039460422636,-0.026621470933544073,0.2749915700442083,-0.1448107613978502,-0.37018466707072845,-0.23792379419926657,0.4344704432495612,-0.08544434053222458,0.30467545387679396,-0.1716558060652682,0.4684078370380159,0.0635709274651335,0.039822024154742966,-0.4175728957586118,0.13910175530615598,-0.32976240588073374,-0.5123158457085075,0.17987408180963022,0.11458993385261108,0.21203398242322963
dgp_dsale,-0.01264438146715899,0.012730684115588354,0.001654862681866278,-0.23098416602728952,0.5371342959083547,-0.029271829696105603,-0.1905127813098674,0.0809606061352516,-0.1241278234857984,-0.24315851330885233,-0.04396009113609166,-0.24712359853577356,-0.07218817892566887,-0.1694912770039026,-0.13982766440540534,-0.14496521581110489,-0.3323865029512384,0.32435837331739437,-0.022371923823055778,0.018204556717823627,0.1714780374106986,0.0035292566990269675,-0.21704661074648815,-0.25824594658151945,-0.2791306375510327,-0.1769835003993967,0.032055789200122434,-0.11583114507366267,0.16613809157683865,0.44268917951747816,-0.13114378357920864,1.0,-0.2946522664748763,0.1506305865818393,-0.04307683023494965,0.28699480700852315,-0.34982191808845536,-0.004110983348780038,0.1174374884556204,0.18414894747068025,-0.03182259861789982,-0.2320743728269397,-0.13432265711099894,-0.0492721900614303,-0.023672127155249995,0.005035343712231846,0.004969095689439529,0.26670415801519837,0.11681049310556565,0.1466086679910416,0.20171629802875707,-0.2724219580569128,-0.29215808204076116,0.09737123791958299,-0.12077826367657964,-0.042259746755909766,0.03762166613751321,-0.21147525119307742,-0.17900487892804867,0.2744936012854466,-0.07917112303639472,-0.35406668298884436,0.29914914864292047,-0.5043901899158674,0.3586774847452672,0.04066293530182752,0.3903338248304495,-0.3095050157096786,0.08043397030266508,0.3009810942570543,0.2965557338063507,-0.08077429264840698,-0.2120266227674974,0.15978944719459715,0.27440651853144693,0.3511635323675521,-0.4797107479595024,-0.4446522465851616,-0.4622989589654402,0.06238915919144976,-0.5419136822471565,-0.15024463549171296,-0.05947945120324934,0.15512296412510362,-0.1935915186589548,-0.04935195489737344,0.28663813384222014,0.3329889512273805,0.106471275857309,0.25521486620391187,-0.1678899770537632,-0.18663133175419092,0.17730441367822602,0.05899107956813783,-0.06498301053690146,0.03648186790168784,-0.01328896448997068,0.03278674986318398,-0.11319472172060208,0.021608085893190368,-0.024665496467949567,-0.25394961270179317,0.32533376980003137,0.36732227971020215,0.1572880670370272,0.22673573391720894,-0.13755584261383608,0.08727176071748625,0.18030912852955494,-0.011390750916081965,0.08293031372696726,-0.13310161178248311,-0.012278477361036178,-0.015427356897228737,-0.03530741564355294,-0.396720107427138,0.13907378419505453,0.29456289028396426,-0.22183812567903305,0.15928885530744347,0.07003723851904045,-0.021310812318623838,-0.0259199743496868,-0.029158055135636407,0.3527750156960763,0.12874539656407283,0.15293392336898948,-0.12094412081946254,0.019704931366305946,-0.12783631360030343,0.05474922223466415,-0.37590542281177614,-0.16318494189504462,0.17367296924904482,0.29221663133480735,-0.1175738857133302,0.17281229677931548,0.06669990812766179,-0.1699895537770556,-0.12137472832922663,-0.19129248011486016
dolvol_126d,0.4404700916710228,-0.017674845328921246,-0.18731684301997914,0.7953468272913848,-0.35898930920209526,0.03679173318924353,0.32395263289635035,-0.02267803935870365,0.1257143138538799,0.3747880171723861,-0.2042718660348162,0.20685845931348415,0.0082808533891504,0.07664062810549704,0.28067401936213465,0.45705355595751496,0.10878861675484644,-0.10768512347467532,-0.02278812113658132,-0.01496072855578013,-0.0871251986995248,-0.07431629339254792,-0.03796190305608551,0.07888401061970918,-0.15431317063746355,0.5460086165550831,-0.02049521944051357,-0.12483857926858023,-0.0932392458861194,-0.1600149979886231,0.2849118381465451,-0.2946522664748763,1.0,-0.6930809301648291,-0.10483963595448147,-0.048195128362662834,0.15365051141881889,-0.07414435007490251,-0.23736793013079174,-0.28161511748376056,0.1365847454797814,0.010135603441135812,0.2784431484710268,-0.061987516580463184,-0.09552264319281685,-0.19838974923719785,-0.20041606114489208,-0.3257883310127507,-0.29408804999503835,-0.1087581252984906,-0.17223035655828048,0.039351827614687696,0.0338520675985628,-0.16493572936869513,0.29887546687029165,-0.33922893017880384,-0.4032626626839688,0.2358283119132733,0.08147482710159243,-0.12698120729945256,0.5525460546818308,-0.03402762742245128,-0.41279965797633983,0.23824468539799584,0.07084393594083381,-0.15739301018030877,-0.23360167612755345,-0.02842242012480247,-0.1729962282646434,-0.37828708253567794,-0.26039693673427555,0.14057421259099345,0.28116721591577015,-0.3355249999109659,-0.4307654805026798,-0.2978932632532202,0.20085487117007872,-0.08893967354435464,0.07108579797335018,-0.5402758540088388,0.1343434729620156,-0.015507087751582316,-0.24314667531512746,-0.2335137656816228,-0.02133381414053177,-0.2447365735514891,-0.2825473557897057,-0.3293948949925679,0.08817508602583915,-0.027046971993423756,0.028617365055187218,0.5798494875051529,-0.3388879796951209,-0.3484869930032704,-0.04527064033398181,-0.3337107698328784,-0.28884398259525096,-0.0398548391336242,0.20209204354266136,-0.048772915694017926,-0.036814598579558266,0.04326555592936464,-0.17307030578096694,-0.1320285756093681,0.10408286319208512,-0.1463923578398208,0.2410618350738178,-0.1590561030729456,-0.16977612789497537,-0.28886939539370865,-0.14549243596788314,0.15350648061894187,-0.11119893510005496,-0.28518424882747684,-0.014814293233653818,0.027064579384465604,-0.05341508186467077,-0.09648348608737356,0.2112502699529001,0.01469432024993855,-0.06428777733540089,-0.029937629518390727,0.018338776937809494,0.0850939425489439,-0.06660278596934574,-0.14887766766605115,-0.06334194177610064,0.13319091070988137,-0.02170565299596796,0.194050379962855,-0.03485144894277509,0.18392327089065136,0.0037925610180628575,-0.11716474316408261,-0.18650211920113763,-0.16870829039127613,-0.7045942030712041,-0.07746949356477073,-0.03685629836380869,-0.10784280792420592,0.047600484412851606
dolvol_var_126d,-0.5685435840891959,0.09816135539561682,0.1045563193976922,-0.7613042037881611,0.3437988092260509,-0.026324818411566874,-0.3398983773897887,0.1426420931332422,-0.03724369969099449,-0.3445527021250748,0.3128244265805664,-0.04942816859407847,0.049100013118952505,0.06529802962193962,-0.08394427122269119,-0.48100229086647056,-0.23315374083139742,0.05495509892019967,0.048240648274057635,0.02577598548569754,-0.10986352563994314,0.1932784069373772,0.12115651086343121,0.07191617629929829,0.1017455277288521,-0.4722647543438258,-0.02949094210560805,0.09770992407763626,0.01687549599722277,0.014444999616075871,-0.3034110333145553,0.1506305865818393,-0.6930809301648291,1.0,0.10401692935087581,0.004582393526250736,-0.05783386797395172,0.19826912453876006,0.4733644868293505,0.4241749847610631,0.061364892551321645,0.07754735134872734,-0.11980292284523439,0.23560963907486204,0.1960496552022159,0.2559291499265722,0.27969103409272805,0.4116865342938677,0.2607239881477713,-0.056154563239035477,0.10463528937042214,0.059523113854316634,0.005477338478269041,0.15364625130858786,-0.26265655928549303,0.3982929026599753,0.5247916346319587,-0.15548224118246806,0.0925814213874876,0.17502954311686478,-0.5076218201520769,0.11324304458118677,0.3803376298363693,-0.17186861973281362,-0.12992075255656946,0.02522554552152151,0.2949067547733638,-0.08159322228689456,0.02833772770242414,0.3031740277376562,0.2056753639573501,-0.23161664640076896,-0.22647679213999175,0.4588678881882234,0.49662441737790547,0.22285957194754122,-0.10403497540159337,0.06007550358652065,-0.021382851474803965,0.4916011865508889,-0.09939324131127214,0.04036089498053999,0.43995637458316167,-0.18044222928860162,0.24372455079470903,0.3433969751614904,0.161737627672771,0.37663650957693956,-0.12127466104147261,0.02055077153682329,0.07688316254426233,-0.5064616954795775,0.19395133633602282,0.32277273237957127,0.10729151458879,0.3964570457544717,0.22701770377461086,-0.11598386773977754,-0.06906058390833417,-0.19349797792585444,-0.05032550428070079,-0.0753461032870297,0.13111457862873124,0.013829087791986478,-0.11979195405364962,0.10162521284940865,-0.21183498204089843,0.10407358337617975,0.11987373992550437,0.39321739280584445,0.2950786948933907,-0.07641936623484341,0.10366796834868267,0.41719946390685025,-0.06267040715934982,0.02709067986470118,0.03398164662985226,0.05122354447899803,-0.15278699974308224,-0.12922568986428037,0.030630655997097522,-0.12656943142536026,0.01406921840799519,-0.14489321439981345,0.09645535358443691,-0.06929452525525713,0.09177180433135106,-0.08515877639552366,-0.02036892346435603,-0.08190621088486766,0.05523012273147162,-0.19689326385889674,0.1195521258852692,-0.08432022275079745,0.10748505659048338,0.21650689678795987,0.8865884981857131,0.14478635095967707,0.27368171518877205,0.31503377119331044,0.20186355575804665
dsale_dinv,-0.011629327926789328,-0.014844532705669114,0.06178821275274813,-0.09852733426128088,-0.09312947378158375,-0.37658267423727493,-0.31775982466854413,-0.0382090291176361,-0.2739100723355976,-0.34076480454536884,0.04089351132983493,0.02953116705493039,-0.007456011003354721,-0.06382230939469216,-0.26811308720403604,-0.057450587111991316,0.374418160914515,-0.3333244238183692,-0.047315963160557487,-0.04698413185193269,-0.2937865229616876,-0.08818336899718378,0.38720291586578937,0.2856536326967616,0.07276920315018223,-0.023626587821029832,0.04306070522962632,0.5502367184734609,0.11996317845480595,-0.2898589192602976,-0.3323107758758502,-0.04307683023494965,-0.10483963595448147,0.10401692935087581,1.0,-0.6586034217324388,0.47294575647285153,0.05883738850083564,0.07578716067686819,0.13789668336020022,-0.2069977647944105,-0.14480640517742102,-0.25123431376757166,0.08615901314823406,-0.26597423539571163,0.04389866441811652,0.04997170886797063,0.2834123882932168,0.49275708013061886,0.13456334743369391,-0.3658044216561848,0.37228489214581506,0.40818173044933614,-0.054119402258803385,-0.10624257179339981,-0.026374205282590116,0.037685345897498904,0.49721064884436167,0.46155062437515787,-0.18929343954897035,-0.15298145313761974,-0.007844687795616189,0.03623567461607158,0.11735617326372469,-0.1028992040902006,0.2679689202565383,-0.17862184151269128,0.44513323375484914,0.013679815003518201,0.13701085814084946,0.12367257552466349,0.13143882728438197,-0.34203946375749117,0.14956492693807355,0.07409363544174552,0.2454915667915243,0.1433094847219573,0.043773332329788917,0.09214507516091594,0.12481444945126657,0.13686695690147524,0.169970757229089,0.15532969325123658,0.18563269697132126,-0.09175326013145076,-0.05528946279640172,-0.27874539003340143,-0.2657778345976848,-0.3884314254751259,-0.500841171178841,0.40887063768314347,-0.29835995093519474,0.20078818952919902,0.24698909906696795,0.3269813443912264,-0.12983905905783508,0.2716642698751373,-0.1439799011378753,-0.22633254337087663,-0.13283557889668365,0.3983040884756089,0.14902868423447202,0.3072303295668698,0.13721725319007377,-0.24916527202776673,0.30653152353654034,-0.357749068216229,0.2683544188708546,0.3710465903949428,0.013718112757103388,0.01625000894312327,-0.04724234456310074,0.07553815026449504,0.013168483396936588,-0.00727472836142219,0.23044055041964417,-0.16789672383619428,-0.1994623379175982,-0.06459467271752271,0.02816330601567649,0.015573571211797393,-0.009343408494546346,-0.020138920720413022,0.025016180985406512,0.056654612455136207,0.3333157850643087,0.2513194594611534,-0.35205207902594515,0.0236939513916435,0.023012914355853273,0.10757524439642036,-0.09730290824601179,0.035537831834754785,-0.3500390314744969,0.23261410396509052,-0.00871790863930472,0.12132483895943827,-0.015760514900916726,-0.0003611525611721772,0.015817573869099922,-0.03920605634077339
dsale_drec,0.03872389914289999,0.005573905175830465,0.011995483070963351,-0.0111099940023973,0.2859788918674381,0.30723832187689315,0.10204615023947997,0.04270621202464216,0.17772016984643033,0.17848191642517425,-0.04569829918592895,-0.15245093547062438,-0.04368407304324948,-0.051861045756638545,0.1263637677627478,-0.03991427985828593,-0.41267210868174165,0.3856384492927485,0.07591863556372198,0.02353618063320692,0.34185842161351787,0.036211265244665,-0.43510053984066166,-0.39297163537862867,-0.08797990663927491,0.0048440390861534,0.07877305735756313,-0.500388598095012,0.024856695167990436,0.41273497081423743,0.208979034000228,0.28699480700852315,-0.048195128362662834,0.004582393526250736,-0.6586034217324388,1.0,-0.4857967907377457,-0.06248225234818355,0.005074479020030973,-0.03384507146919221,0.10445405398246628,0.10538598202430849,0.10247720694733088,-0.10510968652241251,0.2030003506257713,-0.03579286169066323,-0.03655494620347052,-0.12588526885520038,-0.30894961949568933,-0.02021704491500819,0.426077180255389,-0.3418770360239421,-0.36927044031255374,0.03035082396428785,-0.19263371258739648,-0.06251917409439198,-0.028750438172215217,-0.4823315965079028,-0.5046948134367998,0.26281079914872124,0.11342084343384631,-0.096405081894398,0.13617938994959308,-0.2244443588599081,0.17570866320672557,-0.2033334780938164,0.2810570380739956,-0.41878772229210687,-0.044671251816326626,-0.053516743088083574,-0.04843312729154875,-0.07924164027716135,0.13838090681935042,-0.020555691630843743,0.0637885624978208,-0.0002505928959027343,-0.24836769734025022,-0.13381326526068904,-0.1853351909492264,-0.10088833374619971,-0.20031176917669666,-0.022333014737380228,-0.003042137564053661,0.011880201082674704,0.07352450012784613,-0.030214161637997373,0.41272167736122667,0.3565102864231307,0.4042487675995548,0.5341014887814954,-0.4320971301143802,0.15701744122449218,-0.015640423168450254,-0.2056285987046456,-0.34530849103365363,0.20465881876472244,-0.26756182437395837,0.10410300941316053,0.055770451490643524,0.09873898106514788,-0.24901824734247935,-0.10708756861239078,-0.05239809402020097,0.07769284999424679,0.16094242780527218,-0.09480313518101258,0.2116347308165232,-0.11393224553775608,-0.14271006177467394,-0.032294556114688844,0.014877643354452857,0.02344590246795256,-0.06467917600980302,-0.02561971889693925,-0.004318454861588487,-0.2718125834722377,0.10893537642037114,0.24375903860815193,-0.09379264023213256,0.20258695935779525,0.0112655442106476,0.011810896154685942,-0.03186745179032929,-0.03917960835842234,0.04324715334387334,-0.13056251735593677,-0.23598688724268235,0.21934928157118858,-0.03730625244401371,-0.09341836878236126,-0.13327600338470696,0.03268417525883323,-0.01358549205693282,0.45673469051818316,-0.03561777825687318,-0.0675126257939073,0.011288152871139882,0.044528827979803565,-0.1126868545461433,-0.07672211886220846,-0.09108594111939806
dsale_dsga,0.18409348781214555,-0.3252556876039569,0.12448426901893207,0.14562041322990132,-0.26337934376681804,-0.41350909840322747,-0.23566552811542577,0.2580734291871459,-0.29195298326176883,-0.16219541230198267,0.025334016457963085,0.13184372562037497,-0.11002994801954197,-0.1458643164383287,-0.24290568787869476,0.17015851794838394,0.3884695760349505,-0.5691474656117991,-0.24104773231040683,-0.20421761879375866,-0.042602039606055804,-0.1702573190575914,0.021498359261499164,0.008147808913577104,0.2599545794982948,0.10360806126860791,-0.04761412758628488,0.22540527938431096,0.0053502647545222385,-0.4177673246715782,-0.25966195279707416,-0.34982191808845536,0.15365051141881889,-0.05783386797395172,0.47294575647285153,-0.4857967907377457,1.0,-0.01069292301172444,0.18223482802165378,-0.12657573706951208,-0.19945104846158979,-0.15456435238085037,-0.23128744660446113,-0.04407822207849761,-0.3124008558034333,-0.2874725661440193,-0.2959453394737041,0.07363049166583525,0.2669018204110912,0.011335441547988798,-0.16820284165286656,0.05407314464242922,0.08484202859350598,-0.09630586400334917,-0.1190451289824405,-0.17907993788570392,-0.19290419443405116,0.2746231209971939,0.24234021711710996,-0.2897630165214926,0.010492169040075234,-0.012695053074272614,-0.04266520843350523,0.19355736057774792,-0.20954700098440746,0.30591107199500905,-0.37816890505708645,0.4280133946757825,0.042913781767926915,0.24832675175663496,0.24271375003992393,0.25357116245068684,-0.06577231787844955,0.16870216145459221,0.08304303407345331,0.12874075772024493,0.18151827253760036,0.16832584405218146,0.11622473591474736,0.03551477757409978,0.18336052752151483,-0.1002219514271413,0.07372757361075781,0.13385444611439232,-0.04839970493382306,-0.09409190783890772,-0.18971891594882345,-0.2633959035128596,-0.11452487234724616,-0.36801083350012587,0.09793285500382208,-0.0516337924343636,-0.04960684561368142,0.20259683918007051,0.3068215492988988,-0.02731589350646426,0.19138467929088449,-0.012838451270668148,-0.020401178169492655,0.03589989419629668,0.1830938613280086,0.15483866694852855,0.12436814196951006,0.00939635724845311,-0.19409487389137176,0.09598696069091725,-0.18349189712287411,0.1689191037071424,0.19730507795849317,-0.17441514924278076,-0.2091996252786413,0.005020420429067137,0.05185579503847412,-0.19458786756742702,0.2838849980234203,0.503113880168162,-0.5500792127939975,-0.5460277313905457,-0.04388390236766797,0.23905257208618522,-0.006012917280869579,-0.03863762007633033,0.0024529099911560345,0.04701360801834791,-0.10303370027760453,0.21296504099893657,-0.0005976199549145286,-0.3058314502817492,0.03526448964059087,0.03338140347149075,0.24692806888983776,-0.0009344758703671094,-0.06867973869964496,-0.23203991900428572,0.38515291232770665,-0.2583393790433452,-0.05492131536467439,0.30225128337826734,-0.12116403209079506,-0.1413504179503563,-0.1275493813237295
earnings_variability,-0.352464532395769,0.36686939109142336,-0.16771914274044372,-0.24664147943903128,-0.24002139355047483,0.22973796161117835,-0.0014091866991386398,-0.19896941953053895,0.3140854719431629,-0.07742061982952401,0.040976698781234305,0.09935986512677983,0.33682587059998004,0.39780471126583505,0.15882652649167783,-0.39550877731550493,-0.07636866687599025,0.2181508764978103,0.2530609615919445,0.21127986371285917,-0.4073342685096122,0.30602508084312985,0.2390318375078598,0.23424429937064295,-0.19484638554919856,0.08734516295691275,0.064516578342808,0.07138687384306988,-0.03736375838879251,-0.2261525689100395,0.028325811471602777,-0.004110983348780038,-0.07414435007490251,0.19826912453876006,0.05883738850083564,-0.06248225234818355,-0.01069292301172444,1.0,0.39822785469488553,0.512425588443381,0.18208923165505214,0.20859648136513115,0.15895381112928106,0.34939757309318353,0.3281951232300303,0.48162106823970835,0.48051598776828686,0.34320466996767546,0.17996705187577292,-0.23680866838571782,-0.1538428899030308,0.24384745946978048,0.22593114113868273,0.05149573417674162,0.021141362783491754,0.46562326763049194,0.4488532664902638,0.00616612261618105,0.365885201513458,0.006033123605264579,-0.06620277449027709,0.3266902881081015,0.06225267454517306,0.199456592500175,-0.24734192572789204,-0.3305401961504051,0.23984229222696596,-0.14313724391375077,-0.2817048293717047,0.12338187181361007,0.25276704052909993,-0.6149550525285412,-0.09775327832363648,0.19906320340808203,0.3637907607435768,-0.04128545296303051,0.26325741515440915,0.06951890005341888,0.2575180060597366,0.026541898535791978,0.13046181799818934,-0.13080774305814594,0.28976727636840927,-0.017086332526771983,0.31173659380064966,0.4301226904020641,-0.20507163203147744,0.30218286035144937,-0.1872081607294775,-0.16356119620124784,0.3647369130447434,-0.017958105809924713,0.31119957584309765,0.16238959725320454,0.3233008572082122,0.1767941722774818,0.0759719479272246,-0.284729219918877,-0.188858606977268,-0.31944270139137143,0.12338709090202904,0.10488536018315955,0.049274778805269606,-0.07170784005470313,-0.029430925888581795,0.015913614271616756,0.04895090273435054,0.07213600401441565,0.10335071555077084,0.4374002999598202,0.47943821126415137,0.07502262100842633,0.23277120605177373,0.45466209703364924,-0.1914822221056149,-0.10924436276979674,0.07993621101247003,0.004158568145403933,-0.1397631873339007,-0.23284633707380648,0.03322170281974392,-0.23131506527056173,0.08444166968814965,-0.10663755074727589,-0.021914709445192887,-0.0967553221160257,-0.059011965738601,0.18331637770127315,-0.16270976505135967,0.26084067035244546,0.04509127640353726,0.0674207281157189,0.09614136790899451,-0.46287871247668005,-0.12860530013704807,0.20673536403127768,0.14412404275245394,-0.07840463520486117,0.42659635628660764,0.44317133787115703,0.4226742117921135
ebit_bev,-0.4336872967696231,0.10436176993207792,0.2234732637789531,-0.30854925992009685,0.21327613476317553,0.042045819379403854,-0.3444387182342647,0.27722535789323727,0.0351862847384622,-0.06518981938994897,0.022888660946077,0.03476006756667463,0.1689866922984788,0.23259256362978745,0.0181586194618576,-0.39458557059444654,-0.23367443049088482,0.07200079544100224,0.0851978789287617,0.09903085722885072,-0.29353108886206325,0.4278650786564461,-0.0002996469473355195,0.053419963498382544,0.18829785602767043,-0.025244394019332206,0.0021069116013506146,-0.1584500877530471,0.013057807138131563,-0.051739986612404636,-0.3303455706882429,0.1174374884556204,-0.23736793013079174,0.4733644868293505,0.07578716067686819,0.005074479020030973,0.18223482802165378,0.39822785469488553,1.0,0.5990512313421161,0.2704789045985196,0.11068354662493951,0.08970741876432578,0.46882521117959863,0.31585005143310846,0.32161918495952985,0.2734837429061348,0.46776239107264417,0.16553508311093562,-0.1870594737933906,0.2900068579214386,0.02044705783708477,-0.05448136427789069,0.06016604840656612,-0.14684896727867558,0.4179223452036259,0.4307972313796905,-0.15702491226161006,0.1877694427117012,0.14953607470784083,-0.0460887062269596,0.1941615909192715,0.5094184888798933,0.00844146481177905,-0.22451607738275917,-0.14102373685397934,0.4166849504090985,-0.15159541613939553,-0.15720698437045844,0.5091237343693823,0.3821482306277401,-0.3639140651849873,0.008390548413850493,0.6932982576884188,0.6533034226752816,-0.005836134541660718,0.05763578410588642,0.041855983400804195,0.041494017500791194,0.49225052650906015,-0.18852609515751084,-0.310018530820573,0.6214090681372543,-0.026549157754159565,0.36583742860825486,0.55956674254299,0.29442323887957794,0.6377323037961612,0.21096946720062593,0.05443531880575979,0.04701477304190997,-0.030867440272961927,0.1991497226826388,0.4714456243246714,0.44329575553281864,0.6270751958037065,0.17789597027978912,-0.1540290911170517,-0.005045380379727588,-0.3358652890191478,-0.007035614254646086,0.024332267819358468,0.09753113127045997,-0.06434435376435985,-0.10543421915925125,0.07564508931353472,-0.041149461489816186,0.0854592649597432,0.10676194202445866,0.38881163199132884,0.47887364919101316,0.03770842237707629,0.19362532493830004,0.3947787514558287,0.2687805578113908,0.18731312400674627,-0.2601152093496719,-0.2792283276767549,-0.29588780430499023,-0.092184422814288,-0.03149610834297154,-0.22146560028798076,0.028714277561009322,-0.09185224755821036,0.005718433240991629,-0.07347936743911286,0.05108426331768473,0.0460352730784116,-0.055499091349782585,0.19499987759548398,-0.004391022155462341,-0.2075482908265902,-0.0913022177206234,-0.24767723890679721,0.15716718768414226,-0.027094511470668724,0.42349003100654514,0.36221455486109433,0.3469563327840878,0.33702475858796516,0.32826935064477
ebit_sale,-0.5868438036884259,0.5263812565977899,-0.09828081970419328,-0.3762786300953105,0.042594476119315626,0.3124634122444032,-0.02463017552779214,-0.31755189985055293,0.34774170499095813,0.009648199246710523,0.08789732888919768,0.06277693759797645,0.37301220968691406,0.4384249083675107,0.3049813473473789,-0.5724934453034022,-0.2336675931117669,0.3107302641378449,0.32370627072736247,0.3553182913956304,-0.5222973555535734,0.5197565195991165,0.28363636054145536,0.32568719056930373,-0.07520149326710743,0.016943617028562098,-0.02650351197552381,-0.022185136192981486,-0.04633679770539452,-0.08084513521174745,0.10432006884616873,0.18414894747068025,-0.28161511748376056,0.4241749847610631,0.13789668336020022,-0.03384507146919221,-0.12657573706951208,0.512425588443381,0.5990512313421161,1.0,0.4144436188274472,0.37326455490333865,0.32188746940796104,0.61623598733203,0.5260784231978927,0.6759911427727703,0.6648973640948016,0.580052243241367,0.12489562287713883,-0.25106794721028214,-0.11193476887687331,0.27712534904639663,0.25040439062765385,0.08590483931329264,0.09922582718080497,0.6323412154572845,0.6404539483594958,-0.052264518309148814,0.37215307138399917,0.20799115077431424,-0.05955849428148424,0.4131957028250637,0.1925179903886679,0.17579647026311798,-0.2792412692631666,-0.4358625758076777,0.4804392917185638,-0.25203426448604,-0.2317340628974282,0.269067349134996,0.16909688675755827,-0.6247441647428699,0.019589856197769144,0.41479275620055783,0.54251841971435,-0.02221421445806383,0.2670056150178062,0.08329604316974089,0.28862399322072063,0.28614542275526933,0.06655938109156075,-0.18336810519325655,0.4195639760220047,-0.029942800275553547,0.5581312980048844,0.5684775610959522,-0.05695917341672668,0.5276886740947097,-0.22762954798306184,-0.07876734964612808,0.33689184742607703,-0.03349232031906675,0.3318343202724815,0.22026688000590058,0.4038409749043304,0.36923509849221053,0.0049433310970162896,-0.30215400995613517,-0.09674045190607215,-0.5013846477979427,0.024997545039671387,0.09780779183209062,0.12769139024321335,-0.14925377599474537,-0.21705943864311555,0.07953376178883192,0.011600963871778256,0.15618327419766162,0.15012625559729514,0.5972823358109551,0.6129438741712008,0.04873482463957753,0.2064738820412096,0.61669417575888,-0.34616621599379116,0.13731567391227192,0.06289278398945024,0.05004167341260245,-0.27393263835202414,-0.2661608971790821,-0.03285329509886349,-0.22787933811066213,0.07594430951539578,-0.046227634304768714,-0.06839117091271374,-0.14236457938513025,-0.007325533274534316,0.25924531468575474,-0.10089997406282447,0.3505293645721476,-0.12191839086826986,-0.06838768358154829,0.07957200577688625,-0.3634843298282256,-0.13452881727837374,0.2627656116514137,0.3600850155630657,-0.14154579478178464,0.5550906242305594,0.5576099569181651,0.5328642370052447
ebitda_mev,-0.4666448684772111,0.5378932283473605,-0.35100677777871614,0.006666215930174318,-0.13611834347024943,0.5912943050179109,0.5371141748373109,-0.2500862726319891,0.5874163912678938,0.5204007527436018,-0.06015384189850927,0.18226481404792166,0.3180617382092288,0.4510375468842499,0.7560943568576729,-0.2770648332505692,-0.3116776283285715,0.35065507325938755,0.3174630603232018,0.35310490984299975,-0.46453290111135553,0.510667538535444,0.2310702732116851,0.3111009460387347,-0.08529706771076509,0.2242195425904641,-0.0323816027753098,-0.11370731738124726,-0.032448235379679335,0.09161784351048284,0.4957696610484106,-0.03182259861789982,0.1365847454797814,0.061364892551321645,-0.2069977647944105,0.10445405398246628,-0.19945104846158979,0.18208923165505214,0.2704789045985196,0.4144436188274472,1.0,0.5117263012321469,0.7881543370597186,0.5907105647985998,0.6502892180663169,0.5266969879015673,0.578905315366681,0.24399745583226085,-0.43659687760066784,-0.1686528705500281,-0.10765448175089612,0.21496873095695337,0.17870758620236823,0.10772964948958672,0.5486086943571856,0.47927217366205327,0.3552387837480415,0.038546397665394166,0.13121766054556322,0.32086957224526363,0.22693030732275074,0.452769360816322,-0.14774805050752005,0.26684905042333096,-0.20469685487000555,-0.7007302089945034,0.5049526582559091,-0.29874733518566843,-0.2172999784811115,-0.15647336690643532,-0.26440412604776564,-0.4254105676551633,0.609436460567751,0.057744076166854855,0.052160571305564604,-0.20633282640061162,0.33433145017932164,0.06235066150808336,0.3794902284148066,0.037403512489240814,0.28317032702926986,0.031478160030445415,0.26153639688227354,-0.12409756817995599,0.6956985878474169,0.45325911124176643,-0.05433142701613909,0.34242693955670034,0.09399164042644625,0.2723571427028667,0.1294353350725458,0.31928190430784836,-0.09286975216398893,-0.15397850029831903,0.13126890751294398,0.1430809617289968,-0.31246925971978595,-0.4845024999893168,0.15983858868056364,-0.5797322285430289,-0.17980301045238645,-0.014767697126464049,-0.3354060070441812,-0.36631487630074455,0.09327675843256547,-0.19315980021117618,0.37609568913102576,-0.28213055618052607,-0.35604963409178547,0.38714153743084806,0.4664173416484937,0.12866899364919723,0.09597319059160542,0.40149122059145315,-0.26969890100999894,0.005938620229395363,0.18190056252109432,0.1919735552317841,0.4217610465422692,-0.4205397029056558,-0.13603096347361185,-0.04846330621248702,0.039008718956910035,0.10508902199142597,-0.1578018901884381,-0.49844284703169794,-0.17585043897203445,0.4991594496411657,-0.11453259045810277,0.4681270851956568,-0.1509994406297493,0.2790677885026071,0.23262912693761853,-0.016650730791676914,-0.3733597985782838,0.16481512770784135,-0.005430451898512281,-0.4404028904081789,0.4332696714595291,0.3917109925984933,0.45091474357130223
emp_gr1,-0.519502971468599,0.633173042017134,-0.32961647587816345,-0.1090709092044235,-0.13968068485541796,0.6545691512214091,0.3626549138186418,-0.3873009049746904,0.6518348256493118,0.3814976109213886,0.2978363293943347,0.31431717322735486,0.4895483541277808,0.58810933985655,0.5250388104693244,-0.42481519660021405,-0.03529811655306228,0.4416141232790484,0.5686267914148251,0.5728589348290751,-0.44525686784218194,0.564157587106343,0.5143629729165047,0.5030918817438781,-0.0864398387126441,0.26628303911004825,-0.08247231654906588,0.13356061537676842,0.020070146587291806,0.05633524477422208,0.37198564443193693,-0.2320743728269397,0.010135603441135812,0.07754735134872734,-0.14480640517742102,0.10538598202430849,-0.15456435238085037,0.20859648136513115,0.11068354662493951,0.37326455490333865,0.5117263012321469,1.0,0.5108528711854636,0.5412763052556862,0.6982735767049568,0.5932364076122374,0.5779954961209754,0.2633068259221315,-0.2501532295088491,-0.12054419384358618,-0.2855269249154656,0.5277412531793437,0.4680217667452397,0.08732694160028455,0.2558878920499229,0.5238381229511402,0.5187414519742429,0.057953251534377415,0.29968223529234705,0.2726315275473712,-0.06962140804173492,0.6798214956597384,-0.11949027686212543,0.4220721485600908,-0.1389258515173175,-0.5671159060773259,0.3730143949840637,-0.13052677225636095,-0.17851350112393222,-0.32915098086711675,-0.3253332087259917,-0.4322626817434212,0.32210949473979206,0.017929198722519656,0.045692073638457814,-0.13467640437123057,0.4568100679259358,0.19541395456367897,0.6204500224367206,-0.008821413008591314,0.46759048514508067,0.023055288212960004,0.13683109950239675,-0.07780038578744808,0.5914660266066636,0.4593641442204216,-0.2393545817890647,0.12834172853465725,-0.1322788222727767,0.051158218065155636,0.34386301507672157,0.056048619104895614,0.2784213882877581,-0.10352371888285364,0.0666959020623282,0.04934760907429087,-0.10824384716085446,-0.4212922057059211,-0.055238534717005856,-0.46090229308488617,0.09350572932975688,0.2902689143462218,-0.10933575756109648,-0.23686374875071822,-0.09063588658663276,-0.0273482071370695,0.3604462768272916,0.020144861959335555,-0.06186828072309703,0.5165284029557233,0.45051802071933833,0.11785210686024411,0.1928352280144527,0.5521482720193807,-0.3600108168432149,0.15735169170965105,0.2656683517630689,0.2794342587967595,0.20250817186455836,-0.3500153031121053,-0.1316226917115621,-0.010849391379492354,0.02741939794413579,0.156051087992463,-0.22371303391697228,-0.18369294391420776,-0.2823893555971036,0.5800340632984233,-0.1908899417003387,0.4211229835193213,-0.08561757866097933,0.3120422256063019,0.25876454105573743,-0.014195099584495002,-0.4303191487850553,0.45632820139706837,0.017640562425863166,-0.512884815323092,0.5645764412557877,0.5666683901285179,0.5710770478207203
eq_dur,-0.3311124010806679,0.48451709062042636,-0.4815773739340653,0.15481043431120242,-0.3125168350646689,0.5970924436941312,0.6991292206688579,-0.4095773823205233,0.6594187089828474,0.6376630120808884,-0.054782234912406996,0.23454921642086296,0.3422837596069864,0.4567442289650647,0.8583170742231004,-0.13803748888046416,-0.2507962629534848,0.3310166475430165,0.2926647223691007,0.32396733617149,-0.41434902488238046,0.36434904340965724,0.25837577275618073,0.36995109983812724,-0.16207873020565355,0.31203015040276183,-0.05758118703588184,-0.1343419638040052,-0.11982171875909474,0.04302473171161425,0.639349064386741,-0.13432265711099894,0.2784431484710268,-0.11980292284523439,-0.25123431376757166,0.10247720694733088,-0.23128744660446113,0.15895381112928106,0.08970741876432578,0.32188746940796104,0.7881543370597186,0.5108528711854636,1.0,0.44293034197551007,0.5938855124561417,0.4332706181180312,0.4992844910593134,0.11560020825488355,-0.5257960659722059,-0.2070747094775743,-0.2591661968895011,0.22846939275468753,0.22823431945306008,0.0826579803285224,0.6741617876426683,0.37703437186507877,0.2578291380095096,0.08605798423871593,0.11041511057411486,0.21894357497265202,0.2747610218627138,0.41339410018853456,-0.39515850932458507,0.30993927006547367,-0.22064265466832075,-0.7149986893878841,0.328581198275647,-0.299476842105205,-0.2377709643881593,-0.3295948914679968,-0.314201978051209,-0.42380628843348167,0.6436418034089876,-0.19185595371693132,-0.14690486077668985,-0.36383488504582007,0.3731179002328263,0.014897059902841198,0.42952313607912385,-0.1763039633892232,0.32485133746347206,0.07455144277553495,0.08997400867340045,-0.13710867087919454,0.5685330651301164,0.341799645545633,-0.2274224633335284,0.1367298913983931,-0.005965146798323519,0.18992405831926804,0.13240422010631475,0.4480778367710865,-0.15552714109353338,-0.3344429627567639,0.049176213779948505,-0.05314211603418981,-0.3922173720476403,-0.4573739633679559,0.20887030015060387,-0.47717395226428083,-0.18034034385486675,-0.012325353999797683,-0.4150455791006409,-0.39796756475309464,0.14217110944701378,-0.2734312295141037,0.4501275955216829,-0.346515939340037,-0.42224130822964545,0.31286259611012945,0.3903242521487142,0.1449688758712798,0.06307605573275989,0.3284069150375436,-0.3908468525827344,-0.021868549037316797,0.22721916116118454,0.20626042579233655,0.4651812539415594,-0.40245950682364995,-0.13612826244275564,0.04037558709287797,0.045487009911742246,0.16910698073582364,-0.20472137505037702,-0.5221572825600538,-0.20283140843308547,0.5740523056619298,-0.1151156467567508,0.4726804550811299,-0.18743432666187299,0.38787181089702594,0.25734315180742695,-0.07696801425098818,-0.499372032151554,0.19248128787233054,-0.18684159777112785,-0.5146432901873645,0.3985394520618606,0.3409654292273465,0.429621763716705
eqnetis_at,-0.6299902607324137,0.5944638698389284,-0.23086097403308894,-0.1645338199096476,-0.056398654665801407,0.48126220306211415,0.18783108529979775,-0.13826066402985288,0.528065249178769,0.21261682005451682,0.04463051200339214,0.16081356687769738,0.3511919066077752,0.5320987012691103,0.4406339788143764,-0.5149042490473096,-0.1861079467523155,0.3775476064113305,0.44688248905886474,0.46770144720512835,-0.5859849605115113,0.7681639364776375,0.36756437901210803,0.42076428870974314,-0.1136795710449417,0.1520922443945641,-0.042013472058633455,0.0022401458636129414,0.04703419420790078,-0.048279741302048165,0.14832247714076624,-0.0492721900614303,-0.061987516580463184,0.23560963907486204,0.08615901314823406,-0.10510968652241251,-0.04407822207849761,0.34939757309318353,0.46882521117959863,0.61623598733203,0.5907105647985998,0.5412763052556862,0.44293034197551007,1.0,0.661265973193439,0.7345504594783429,0.7001874023527922,0.4430593868840908,-0.07067032686099153,-0.20409288293786101,-0.1288493169693307,0.4002733343015765,0.3170305527931508,0.040208278123093695,0.24456136136992507,0.5928222999086593,0.578756202213524,0.0773229849869439,0.4047983157737498,0.33188390078472585,0.09617696786995297,0.5940057373543456,0.06970611999741683,0.31981796547224306,-0.14592745026824874,-0.556461028813364,0.6079488366451627,-0.21521586424939504,-0.19042088425456982,0.07058805770702958,-0.13161468849887079,-0.4611878011144423,0.2098717705425231,0.29059691676967997,0.36708476223774084,-0.04732581268220217,0.38599662619602637,0.1780633417384234,0.40279536977569363,0.24201891612066456,0.20532887296216087,-0.12794822807469766,0.4096981229798481,-0.09679391415297603,0.6782236280229673,0.6122619191563063,-0.1287791330674189,0.43291345314400453,-0.026775386938372045,-0.012104115116159902,0.38381802598370607,0.10133043551627337,0.23515879946483742,0.05207550786886053,0.29715509442747573,0.24025612107191419,-0.13162980798360224,-0.404398532747989,0.016376174872413284,-0.6096659208654825,0.06279538037881222,0.15634854056661307,-0.06638161721766783,-0.24590447076543365,-0.03637822427124323,-0.022820711197853418,0.1643967993013783,-0.020421203078653822,-0.043228314927781744,0.5662676387467618,0.6336234689051241,0.1379040358757304,0.2647398423899231,0.5784988456893394,-0.23796536022162124,0.03407288762953815,0.1437152104044995,0.09002765535761352,0.1630788230597055,-0.4362396691882444,-0.09190654574287,-0.2533264822289485,0.0357263080919199,0.039821505506150365,-0.13533800864734438,-0.23739034602845843,-0.10074592191787685,0.4199780671113743,-0.1323239664917094,0.41473078627343085,-0.19831883991134347,0.07632359611271727,0.23703445594103362,-0.24876962457642018,-0.3198618542334666,0.26556200402311625,0.16211196518191487,-0.28261294938901926,0.5832506702107053,0.5729172117514776,0.5845138700166598
eqnpo_12m,-0.6417929984228956,0.6198677055364743,-0.25561722258304354,-0.23318806704578746,-0.003678177573057307,0.7022157393771205,0.40561365120310927,-0.2865677266776595,0.6793995290998931,0.4367948758036432,0.3334261752134341,0.352901735151346,0.5241747052961137,0.629032691104491,0.5662012641313536,-0.48577073147743155,-0.25914137888314737,0.5328652445339903,0.49175106107696925,0.5134090898248005,-0.40585088935421265,0.6907060869111179,0.39411347781733996,0.3921741842198181,-0.041965302730514804,0.2226828369568306,-0.060959491621098094,0.02774168810755997,-0.014650687875682779,0.16902075246421477,0.4144113151748754,-0.023672127155249995,-0.09552264319281685,0.1960496552022159,-0.26597423539571163,0.2030003506257713,-0.3124008558034333,0.3281951232300303,0.31585005143310846,0.5260784231978927,0.6502892180663169,0.6982735767049568,0.5938855124561417,0.661265973193439,1.0,0.6969879934292421,0.6807844871914247,0.3254871027274322,-0.3033376681623889,-0.1824446410957926,-0.09116375214836073,0.371275237184239,0.25290947362193295,0.09376655460103467,0.3698682947938746,0.6190335193287022,0.6329230912068664,-0.12427860884616891,0.1792505628728418,0.39883369057348456,-0.02420428250098394,0.6645808890734904,-0.011554243792468968,0.2268518876696409,-0.1341611889469923,-0.6301238696795086,0.5657545860409005,-0.315024835472015,-0.20329138754199766,-0.10821706512850152,-0.1742575785902964,-0.5479942055384912,0.4581608102867213,0.13723024002966486,0.15042373063444617,-0.19873876277523445,0.28119411724447896,0.13594314810471048,0.48129027124694157,0.1802316023097801,0.28015905137056235,-0.0717643821541176,0.31826028187008076,-0.09313502312854878,0.6040123676867998,0.565309561038173,-0.038217057321044516,0.38873247268459354,-0.016646099373280147,0.2082186200671098,0.21723204721266343,0.1238732952185551,0.27943864332176505,-0.00808962337691348,0.14741786757727668,0.23308171490189034,-0.10108738162680443,-0.448662966987476,-0.018096228041958245,-0.5178554914660382,-0.05066375472711787,0.11920770677427212,-0.14112769028361255,-0.2444569750622378,-0.011003061181836242,-0.06020174670823214,0.40287263813702334,-0.06935996615139219,-0.13638441642957244,0.6285524955509437,0.5575574904409659,0.12834445414088924,0.194939278258698,0.6546347746813456,-0.28206651955544726,-0.0013521014879243121,0.35186963736015053,0.35123222119471925,0.18771343326185744,-0.4048660189404284,-0.07213626514236521,-0.10444523721356397,0.026030331627450085,0.1335452268920524,-0.18024116741679141,-0.273763647834675,-0.24976875931585865,0.6147297874650097,-0.12897592367904728,0.4429218389332575,-0.15319406876209413,0.2735005660864346,0.20329063193022348,-0.012692138995093995,-0.4329724683164856,0.4869570438999747,0.13306706392889567,-0.3969296102592513,0.649197935507134,0.6411213467287868,0.644938344397157
eqnpo_me,-0.6745063293715874,0.7977774257844719,-0.33823267682119024,-0.2930962135115554,-0.07294971288736894,0.5682195335968323,0.2237860205853692,-0.3480712275330419,0.5822487453634545,0.06977456141270251,0.10579141975624576,0.08692815744710569,0.5318452251267818,0.6089523797879075,0.4207103960022581,-0.621306212000858,-0.19843034020050743,0.5314853880758162,0.556204072170241,0.5668420101454091,-0.6252941247980193,0.6727484543321793,0.49176229770883306,0.5207294212315374,-0.16651414895852373,0.15199410199330227,0.004036319130872457,0.09234696929721586,0.033507227596779404,0.026863464211148495,0.2774802124683515,0.005035343712231846,-0.19838974923719785,0.2559291499265722,0.04389866441811652,-0.03579286169066323,-0.2874725661440193,0.48162106823970835,0.32161918495952985,0.6759911427727703,0.5266969879015673,0.5932364076122374,0.4332706181180312,0.7345504594783429,0.6969879934292421,1.0,0.8861123184293319,0.45162813493721704,0.02875882121792779,-0.19744477836355762,-0.19874081652926628,0.48646977597765756,0.4241622964996601,0.07693213743521497,0.24198875802262518,0.7129501921158807,0.6801125716285181,0.10036162906467905,0.47551808773186777,0.3279147364795032,-0.06486014463070162,0.6415097570349375,0.08862397312602638,0.368172875830949,-0.16486738934671435,-0.5803388327557676,0.6042338117144946,-0.23648304611759677,-0.21779541290396937,-0.05465955329381756,-0.20137902550860662,-0.6212931637752249,0.06186437918878699,0.2271405640811146,0.35771677180691164,-0.06035465651240293,0.4328412674150896,0.17908211288618484,0.48016229016477774,0.16828418770733772,0.2959472333653488,-0.026867591813554685,0.3666247645994862,-0.07368764374073453,0.6021883765423126,0.6515740230285124,-0.17502704435562538,0.4420412665356777,-0.1402425663561127,-0.02631842575914696,0.4932728331521408,-0.020693206400337914,0.3901065099255056,0.12377768894359584,0.305038799989206,0.24374560675474086,-0.04802237162181641,-0.41012181063589487,-0.10487468838186126,-0.5817692444074599,0.09776981612402477,0.16829554024333004,-0.08247371490813467,-0.24153129535506235,-0.10014024304175165,-0.004400530688881554,0.05636059239782223,0.004977665980840814,-0.035040009677660536,0.6609924847488959,0.6813672633391746,0.1272373101719747,0.26265569782912956,0.6811002958330834,-0.41095207545612544,-0.04702499623303109,0.38523599334890474,0.34602906975574377,0.08596858326856416,-0.4947576570444173,-0.061169543544112234,-0.20949647604441005,0.04312397425476077,0.023716036240282356,-0.16053706217716254,-0.20842079234816813,-0.12534704468010477,0.4728804984525442,-0.18058921060750321,0.435962913920782,-0.16792005426104822,0.09128984133047419,0.2709255960465938,-0.27266882352462296,-0.4076672402203289,0.43711549288143237,0.18783654812334763,-0.4290988024519629,0.6398415101698579,0.6424266097096718,0.6247090179480037
eqpo_me,-0.6656369918671939,0.8067956355374202,-0.3912235924076699,-0.31853890092105636,-0.09830823109532645,0.5605511544884166,0.28071787994953923,-0.3621233272411908,0.5811613804688214,0.07991975562049974,0.09873770219103987,0.0797812800014379,0.5070814478906884,0.5770832248148128,0.48834928718127035,-0.603206143497665,-0.2204674524803002,0.5138362465994458,0.5245471576302229,0.5340722580670393,-0.6237702050595684,0.6260615335676922,0.5072707183874955,0.5401644352274404,-0.1872442888508413,0.11524483392371346,0.005472829087463058,0.09128671820442,0.020320235665930775,-0.02972187721347594,0.33575471418582836,0.004969095689439529,-0.20041606114489208,0.27969103409272805,0.04997170886797063,-0.03655494620347052,-0.2959453394737041,0.48051598776828686,0.2734837429061348,0.6648973640948016,0.578905315366681,0.5779954961209754,0.4992844910593134,0.7001874023527922,0.6807844871914247,0.8861123184293319,1.0,0.4332710072086041,-0.007347650548425405,-0.2260126384209896,-0.239414375021321,0.5032190452107382,0.4453796813864158,0.08218076542871389,0.2822156635900998,0.6824043966214567,0.6567676741530114,0.12246277594735776,0.46673407345418466,0.31921155509498234,-0.060192736796422786,0.6229147554050662,0.02117228350262213,0.3596412208338522,-0.17154091006298694,-0.5892070121099655,0.5739652129826704,-0.2710988646027429,-0.22512944174052954,-0.1025685000419401,-0.23577051221265846,-0.6169767598987861,0.07096358782313836,0.18377251809826975,0.31869805761372694,-0.06376872194555108,0.4311750055376732,0.14750330046128543,0.4705849333018147,0.1255890285673736,0.31153288724636496,0.008327860948135892,0.33735580611325283,-0.09274152147571488,0.630397013785648,0.623729851479399,-0.21238288160434776,0.3992953391866054,-0.18868600745030384,0.003874636925985236,0.5095900749206478,-0.01644174645377939,0.3040521239248708,0.06045626235994421,0.27346411113083846,0.2029511026670615,-0.10832082195612376,-0.44649838861243213,-0.06695361715556129,-0.6055055811745832,0.03112925847428702,0.10955769534299127,-0.08690402769968486,-0.2696498344069575,-0.1091434662259296,0.0008856476969052647,0.06511057882344545,-0.02414515698545658,-0.0652352481983823,0.6349744743229087,0.6468156561217999,0.09679977562682338,0.21084623545052594,0.6597922616497534,-0.48251317734378313,-0.06080970426984753,0.41459228988215935,0.3726503546278529,0.14884824160274307,-0.5256704734417181,-0.06708804036651858,-0.17700833548617417,0.04894182881828248,0.023593710660371636,-0.12770020575985602,-0.27561117978471483,-0.10258064355917533,0.46587927784665956,-0.17515773070581314,0.4401568589630577,-0.15838737907584607,0.12194401715554347,0.30160398707466457,-0.2644341742586939,-0.4326123242977425,0.4037803157304304,0.2148235847361439,-0.47270487699736147,0.6116357693935961,0.6161168241579681,0.59477793177399
f_score,-0.44156642640193944,0.371637398950822,-0.08758593900600654,-0.4173655526979829,0.12410442865487198,0.20044539305195508,-0.17539345595506312,-0.0418703304219086,0.15074947838864378,-0.17604590439599427,0.027659666255369558,0.011464507956552785,0.16195105144571603,0.2205284727554558,0.11848653961617706,-0.46901954198948775,-0.08629954672780984,0.19052545560820702,0.2694526839444675,0.33421968115394873,-0.35709503147765564,0.39467613306377153,0.18534329522797982,0.14003534097932085,0.034187593150440176,-0.1658413740954915,-0.004281911934510482,0.034559070518631635,0.08413339848267654,0.11677849316011013,-0.13736984267334185,0.26670415801519837,-0.3257883310127507,0.4116865342938677,0.2834123882932168,-0.12588526885520038,0.07363049166583525,0.34320466996767546,0.46776239107264417,0.580052243241367,0.24399745583226085,0.2633068259221315,0.11560020825488355,0.4430593868840908,0.3254871027274322,0.45162813493721704,0.4332710072086041,1.0,0.22282648269779076,-0.021714885934894457,-0.056228441289309455,0.15425632385460106,0.1525568449826396,0.05442198980600654,-0.10302270621421868,0.44620992014424177,0.46053832092361113,0.03799985497982246,0.282391235387661,0.23593170417594078,-0.14767883279465643,0.297495753655207,0.22334948680129182,0.18368312095621592,-0.22401056863961696,-0.21920338228941982,0.40154830056626184,-0.03258484341122443,-0.10692821049417996,0.3077494702783125,0.27951890173205557,-0.3845831850108796,-0.030866133327794712,0.4212399320811772,0.4714266405063363,0.2986433196558872,0.2637237724813701,0.14219055140586068,0.28895958867727933,0.2766734589619409,0.19795248224395445,-0.010252685326880628,0.3207698629839135,-0.0071332958318939535,0.45532517544626433,0.41742403362954833,0.022847106142567488,0.4391294411259493,-0.08813470162350162,0.05980329033796892,0.2366385556222666,-0.262676039751784,0.4048363983169649,0.22537901856250583,0.3902730167705492,0.3593415178311982,-0.040401094948017,-0.30281944190201443,-0.22198563465766735,-0.4490312115115385,0.03740307597703884,0.011758856852471094,0.23338332013104632,-0.035629434929424504,-0.2793072629825575,0.21794841075734703,-0.054043471739176834,0.20855599987305848,0.22317143077045226,0.3639977243061898,0.4559823156185949,-0.12448087199058835,0.06848788435284127,0.4018255074670606,-0.21012953145489321,0.2150099707991039,-0.18573829310978643,-0.04411442554827213,-0.14407532850936056,-0.2003304510604431,-0.05195905938539695,-0.2047524753393341,5.623044373923756e-05,-0.07307931535742444,-0.06598462519376715,-0.017762228776163312,-0.08054524038367004,0.08574718248260305,0.004426208196721392,0.1825253597871817,-0.050839442482912216,-0.03325582966260127,0.1843620724317816,-0.20791377405450634,0.1590304157855139,0.1824703844144367,0.38025811637704976,-0.07181304586629376,0.34272892254996523,0.35155331652169153,0.3245103486138743
fcf_me,-0.045921336353866055,-0.06434438064347944,0.17356028866309567,-0.24304113629251295,0.2189703595981223,-0.39875642991977367,-0.5767424131630111,0.1315326689665883,-0.41401034108753476,-0.6243391615948228,0.16703719023305796,-0.13548059464915213,-0.013924983176634265,-0.0666164499383548,-0.5346528300722936,-0.20592933028813487,0.1367125887809686,-0.1131442954954657,-0.006846564165970166,-0.02026963472865992,-0.04747736234752483,-0.08020410953478678,0.138485974828975,0.07199777534967958,0.025438086323005517,-0.17268385129141772,0.0034907184656232503,0.2762154443156418,0.1565044492666972,-0.15077972614204765,-0.594578982973077,0.11681049310556565,-0.29408804999503835,0.2607239881477713,0.49275708013061886,-0.30894961949568933,0.2669018204110912,0.17996705187577292,0.16553508311093562,0.12489562287713883,-0.43659687760066784,-0.2501532295088491,-0.5257960659722059,-0.07067032686099153,-0.3033376681623889,0.02875882121792779,-0.007347650548425405,0.22282648269779076,1.0,0.1298075789034146,-0.029655414133267215,0.15417638246021,0.12247100097943682,0.007782529998086162,-0.4423878943152437,0.009197067895220856,0.14733020491938248,0.14017574471283012,0.4394723369280548,-0.17031014409321965,-0.2847277224927022,-0.09326175196071496,0.33186855821978845,-0.022588389771079992,0.21931056307186028,0.5099794815846913,-0.07026006676660207,0.2828780626709816,0.14253381212754132,0.34063769699501767,0.2374921356138675,0.007356644249443425,-0.620912645697048,0.25670099060612106,0.3429528002898965,0.2909464616964633,-0.04155963730232913,-0.009657260500165434,-0.1608279028128689,0.16855606091602915,-0.08960490443528193,0.1135741031818892,0.20824719574411144,0.23991353001574356,-0.1737921658254558,0.11938610444559991,-0.08015848132044164,-0.07115920209183496,-0.1707253982553986,-0.31314141503585535,0.31851311294823437,-0.4547120780928251,0.30706617517463947,0.45253765442592925,0.24374548667135135,0.051680562659224646,0.45495764908213754,0.2669265699009245,-0.05556682647728335,0.1586955812153564,0.23848128000540603,0.07116254750795081,0.36419627435560065,0.253596800124393,-0.21237022763247804,0.2364294591135236,-0.3939446193060489,0.2977216184070127,0.4096149915552838,0.06799091415328265,-0.011158789715838367,-0.09235017055518331,0.048623930018881864,0.08718629322921634,0.0790732002664877,0.0046106961089241345,0.00864320688611879,-0.005648928953054445,-0.2840877729807224,0.08981989676789753,0.0863926865877315,-0.1235973567121852,0.05116842875215245,-0.20062463898988658,0.0985372392390501,0.38565927390160076,0.22519395510653062,-0.3721122225684744,0.056422498767111334,-0.15311634379727815,0.16061783145927358,-0.43594233656074843,0.017036628384080876,-0.24001073451342006,0.3187504429206587,0.023298006479393216,0.2699505325346809,0.2596962595700679,-0.016685485014843682,0.02788504823847568,-0.05984816630872009
fnl_gr1a,0.1496780030077851,-0.118287596059181,0.13362117795291562,0.022167542125365123,0.19200823156814856,0.0183078038363299,-0.13444803972633113,0.028781175594599903,-0.17826839980298065,-0.21675032839340053,0.03383138362557264,-0.0437724172798383,-0.10656920713147397,-0.15471447616130662,-0.24625524149550848,0.1011037515412014,0.23338777279146333,-0.005996152744825411,0.12155209901003307,0.09982222709389293,0.2635967278617208,-0.25410802611029204,-0.019989127675356943,-0.09408018121048661,0.20835195387846844,-0.0779701031104593,0.04011325118678403,0.14761623896073026,0.586086882962211,0.32152676153848453,-0.18267265584644543,0.1466086679910416,-0.1087581252984906,-0.056154563239035477,0.13456334743369391,-0.02021704491500819,0.011335441547988798,-0.23680866838571782,-0.1870594737933906,-0.25106794721028214,-0.1686528705500281,-0.12054419384358618,-0.2070747094775743,-0.20409288293786101,-0.1824446410957926,-0.19744477836355762,-0.2260126384209896,-0.021714885934894457,0.1298075789034146,1.0,0.1397278219695836,-0.05097707563638647,-0.06957865778826261,0.016622915569142402,-0.2567645179752605,-0.20542992928947934,-0.13367838398252993,-0.08590376065766708,-0.06590556516561122,-0.053136387689771386,-0.11189014967991995,-0.04513725330451722,0.11933770553607773,0.05353818032379033,0.0765010458197386,0.27874526791004534,0.013775880315814684,0.6142306095768207,0.15803120666841447,-0.008007864023536499,-0.0739905123670267,0.27891393650868723,-0.08798686146356227,0.005513375894828632,-0.07149859622062896,0.262176431157117,0.025310343511236757,0.12405410995360279,0.07959800029190027,0.0931291253720164,0.10146537268435248,0.1919824527688879,-0.053751085551230045,0.18811051488783642,-0.2101524105562858,-0.1750266173947129,0.1797433386193485,-0.10003869711084162,0.03329627343909519,0.009347840198876058,-0.05497810141349785,-0.1534885383772327,0.049364840676184386,0.13787934153421896,-0.18400291427712157,0.03918302649591253,0.19591562397808363,0.15453676499033436,-0.09215305349049213,0.26156807878113564,0.05457491033380872,0.01719302686354822,0.00810663352130099,0.1437241736304986,-0.09628068415081979,0.05452586339255994,0.00035406863977669313,0.0497158355239489,0.04921522053884888,-0.13568312623509643,-0.21854390297459222,-0.06186396379346199,0.020045488109041592,-0.15054325970353943,0.1548869118393344,-0.10200360043059503,0.004888218819406061,0.09102778029192743,-5.757918889471778e-05,0.08586119308177931,-0.03242942919485259,0.08895909843151245,-0.05159355670462468,-0.02071570049172105,0.01931851063117755,0.17202745017904894,-0.06788531972717185,-0.106053647774661,0.039861364327079596,-0.18613375982286712,0.12066888284834411,-0.08703050884925531,-0.21850409493499684,0.2797325376008889,0.2153543755482536,-0.03748317549680846,-0.025190777591966605,0.0180154429765494,-0.19925968942453176,-0.16279273213533954,-0.20060771807519176
gp_at,0.15065559671183792,-0.2660903337904994,0.5680071992967094,-0.03435416134574496,0.358644487834237,-0.09804226099683583,-0.2522717311184549,0.559628267817378,-0.2775291990157074,-0.09045364170515932,-0.24836115013118173,-0.265857077869974,-0.20940587837765792,-0.30474676464432104,-0.30926266053300255,0.09916037350110612,-0.22683852561626955,0.0005906290391271597,-0.19346926365426934,-0.21523911734246456,0.4441164687163366,-0.026725750978972458,-0.5648472469638334,-0.5715391894187473,0.44381375782988586,-0.15567805464317933,0.055153493303465154,-0.44658457278140584,0.0591398625649293,0.31249067982653156,-0.22204148673243926,0.20171629802875707,-0.17223035655828048,0.10463528937042214,-0.3658044216561848,0.426077180255389,-0.16820284165286656,-0.1538428899030308,0.2900068579214386,-0.11193476887687331,-0.10765448175089612,-0.2855269249154656,-0.2591661968895011,-0.1288493169693307,-0.09116375214836073,-0.19874081652926628,-0.239414375021321,-0.056228441289309455,-0.029655414133267215,0.1397278219695836,1.0,-0.48393837177090077,-0.5580548909543273,-0.0016502120823787656,-0.40665895740547153,-0.13156396896904893,-0.19732405525942964,-0.5674862346118836,-0.4577667214935102,0.04086350490629134,0.14520563332008038,-0.18184098517777353,0.5803507375667756,-0.21154428975979106,0.07828037469574475,0.24808766819429628,0.13391060664237164,-0.06180700275557029,0.15400993161717166,0.38453891593998013,0.2244256824200233,0.22255736712285956,-0.0393241515683604,0.4121968804076715,0.2426817415592001,0.0298363695603132,-0.27931141543042703,0.10831941585824241,-0.2952057122704179,0.42207850514093925,-0.2864773391924006,-0.21346462600984337,0.3830792032873918,-0.012182898774877798,-0.15263252032268748,0.06847072100558366,0.8005772216587682,0.4823775893785639,0.6854391836737103,0.4272650902640598,-0.5038779048649716,0.06796462252863422,-0.1448918785129814,0.3522782055690402,-0.08756346048954625,0.6160600549624993,0.16935422270750083,0.400710825445168,0.1338520964979631,0.32659686029058776,-0.21863956289642777,-0.1413517889910259,-0.0031167755911889095,0.13918518601104052,0.059636549479191905,-0.07335867457003487,-0.0027250899354523497,-0.06899953708438125,-0.08145335319949015,-0.14318099249643795,-0.07067877033816858,-0.027826125396689463,-0.009581787594914546,-0.23168062056022606,0.5823977025083183,-0.04495908920943695,-0.21901633725585393,-0.15492729417193288,-0.2953864384889169,0.1427403946482679,0.0628506386452445,-0.08290654346139992,-0.041312951576960244,-0.11645336102705069,0.10539047400881008,0.0031440396258001603,-0.016581843474077852,-0.13789432872241925,0.13808319393907315,-0.22791069758154892,0.0009027433485610198,-0.14817428050301157,-0.35200866577758333,0.3440248411946527,0.3243065185105212,-0.26944407257250347,0.1353253707435438,0.5371128032512547,-0.3069324975744781,-0.2972979541371683,-0.3004524977818377
inv_gr1,-0.3912589484144023,0.5012252165740387,-0.28836453115503324,-0.09289536550861634,-0.19851053995665324,0.34547849475617864,0.11570916589676103,-0.3676281063625475,0.3696458083098816,0.06754283994562063,0.3359760058277711,0.2185700975995003,0.37743049398155426,0.45418373838955206,0.24373197299505325,-0.3257036673637064,0.10613660980844142,0.19178081046136464,0.39535699687724013,0.37247943207591383,-0.4662971582798301,0.3411443682048483,0.7527599134545707,0.6888031482738961,-0.14914117185996184,0.17170430015125604,0.0012035597978448586,0.4789841545946599,0.0432495765192059,-0.23687142550749232,0.0647171647225179,-0.2724219580569128,0.039351827614687696,0.059523113854316634,0.37228489214581506,-0.3418770360239421,0.05407314464242922,0.24384745946978048,0.02044705783708477,0.27712534904639663,0.21496873095695337,0.5277412531793437,0.22846939275468753,0.4002733343015765,0.371275237184239,0.48646977597765756,0.5032190452107382,0.15425632385460106,0.15417638246021,-0.05097707563638647,-0.48393837177090077,1.0,0.752364533092235,-0.02461620980839186,0.22240704883735557,0.30653794971053,0.41463168534563066,0.3551812969762502,0.5730564546705363,0.00961102559877602,-0.1448328307556362,0.5677792482044405,-0.186213159109804,0.435578941816783,0.009569451325918157,-0.2030561051936669,0.12410700541284808,0.1649110665282332,-0.14593346797485834,-0.3715173779102476,-0.31558600028271255,-0.27917607014426327,-0.03435218630830515,-0.11208909060712091,-0.059558290267329256,-0.14644510497102398,0.44655438601952363,0.16715696797597296,0.5239649998091475,-0.07740987404780537,0.40106213098778865,0.16282360887014907,0.05520428265929911,-0.10831624074425587,0.32576977038838634,0.21155304942908906,-0.516242388072784,-0.21210565249710905,-0.40391447041093764,-0.36362793249953723,0.6669399428077392,-0.11352140412274436,0.2829743454060236,-0.01730308118614754,0.12546057677451616,-0.1713038913225253,0.08304808156291985,-0.2424016392640328,0.016928653824773335,-0.3374250201424172,0.25661755373364675,0.3332340283185645,0.035111214257617034,-0.18592412462433966,-0.1631510554695463,0.14210539443658654,0.10414110231347365,0.16704509077306426,0.16108172339254923,0.39273396056456766,0.3290883400720343,0.10450563396625892,0.14293904803336122,0.4399224781168897,-0.30211905501891717,0.019431704175843174,0.34214331665211245,0.23599523109371207,0.26007396297565655,-0.4031341931494866,-0.016199639772832702,-0.06973262212528038,0.05605747069141101,0.09303923486853163,-0.20294342437392127,-0.006330512989292101,-0.056585372640112666,0.2953186029569452,-0.1268406406355288,0.27995256085695885,0.036328998213090546,0.18434950834494165,0.32176627443473976,-0.3072661474411058,-0.4822593110775103,0.34826137389808226,0.02074852065262962,-0.4433577179004101,0.4278981517651052,0.4396991295836736,0.43045592524947696
inv_gr1a,-0.325362745835738,0.4685723047047707,-0.3440704215790438,-0.07221575509304877,-0.2865050810316696,0.2748819273933244,0.13506360193364772,-0.4840892995373454,0.32263676686659615,0.03949435428450526,0.09746814479000165,0.1806388992464184,0.3817040781401492,0.38821124325206113,0.24046810338605865,-0.28209058697299616,0.14721542542035626,0.18060013874800618,0.3857728268602049,0.3724170253863889,-0.48148617261195803,0.2614986225065895,0.7378197968586364,0.6367203051937248,-0.11131762373910217,0.17788232037556026,0.03364642433044705,0.5139265742338199,0.04589011188556234,-0.21333232012178616,0.0628417471131691,-0.29215808204076116,0.0338520675985628,0.005477338478269041,0.40818173044933614,-0.36927044031255374,0.08484202859350598,0.22593114113868273,-0.05448136427789069,0.25040439062765385,0.17870758620236823,0.4680217667452397,0.22823431945306008,0.3170305527931508,0.25290947362193295,0.4241622964996601,0.4453796813864158,0.1525568449826396,0.12247100097943682,-0.06957865778826261,-0.5580548909543273,0.752364533092235,1.0,-0.060736160989935416,0.20076652434675998,0.3206758218192044,0.33778437562425423,0.48881601961307347,0.5107725066454627,0.001844229155846045,-0.1891968871794813,0.4551456006890904,-0.22737149207995866,0.42097812125240197,-0.1024079202192932,-0.20526287651465291,0.06692703092901042,0.17694577041717668,-0.16267743400690438,-0.3887940709910377,-0.3774105893000389,-0.30551902980898127,-0.07710906702385731,-0.08864300662383763,-0.0725808412888286,-0.04398416828389502,0.44367557022441984,0.17024500474828075,0.5028806097629601,-0.13941543687734026,0.4230883719094657,0.23019738758446248,0.07566846569722152,-0.05868595794379535,0.3378107488394212,0.19963578048970093,-0.4987205389126487,-0.22139654602652575,-0.4910640331650539,-0.4179615149837701,0.6793028556756384,-0.1677060612798762,0.2781966740392279,-0.035288195962198954,0.1549338212606048,-0.2102649421753679,0.06033676894822593,-0.28088506503311644,-0.144938934925292,-0.3651791435653444,0.3097945382212457,0.3520856128262538,0.07439050599992506,-0.13523157269062563,-0.16674031579509146,0.12126234874395635,0.018079172833510813,0.16142825597438698,0.17438415310766198,0.3229858914326066,0.3236863068062786,0.08382582502311617,0.1739952554084202,0.3604354220444015,-0.4070584628517576,0.06687033672466289,0.24691512223163412,0.16324030218034558,0.1967131458570089,-0.3767105616044503,-0.05589446833016825,0.042895765708354114,0.03410459837739806,0.1735932701109066,-0.16092484300574872,0.05419924605663426,-0.03100982645352305,0.23168376026427914,-0.14873385909756912,0.2945987621088001,-0.07256315560139637,0.23265570953007034,0.33695256439407956,-0.24681492051118287,-0.4295494526337803,0.33848517479467344,-0.02787667234191697,-0.5026078608080726,0.36604290029129893,0.3911573675778025,0.3495530930093673
iskew_ff3_21d,-0.1501369019690373,0.04897235495467084,-0.01576004559185757,-0.18466492980193192,0.0913546797169813,0.08586646156899377,0.05760465859318581,-0.04307944151106897,0.05596575325111327,0.043022305902181146,0.07913158353587682,0.06687990612152886,0.053511304516359166,0.08861540643506098,0.06919318624306928,-0.08071079609054506,-0.13667447495871526,0.039027216931457026,0.018815734758818405,0.032555347954209043,-0.04904255803329671,0.0467374104038253,0.022339316211299816,0.0323546058276399,-0.009989189277639343,-0.08298718672684866,-0.10857223838500187,-0.004102151112641034,-0.024043831192955847,0.05422689033972416,0.033802412847044855,0.09737123791958299,-0.16493572936869513,0.15364625130858786,-0.054119402258803385,0.03035082396428785,-0.09630586400334917,0.05149573417674162,0.06016604840656612,0.08590483931329264,0.10772964948958672,0.08732694160028455,0.0826579803285224,0.040208278123093695,0.09376655460103467,0.07693213743521497,0.08218076542871389,0.05442198980600654,0.007782529998086162,0.016622915569142402,-0.0016502120823787656,-0.02461620980839186,-0.060736160989935416,1.0,0.10714673513233466,0.17471020024051315,0.15441158751775383,-0.11637042564121335,0.041245139849731945,0.03449815650540952,-0.12677906035114334,0.027072233648465317,-0.004276601157292697,-0.044479453845297556,0.001943489748547193,-0.06768424181554293,0.10150612076130648,-0.0705201932838812,0.12668833857879808,0.11590966420838404,-0.02192560652727335,-0.12767330776028318,0.08882646908716026,-0.0033700621837408776,0.012812177403209946,-0.0716106469994535,-0.04068572944322237,-0.0828628488907529,-0.01783238866298932,0.08015130779062563,-0.03788076138093743,-0.02446592985833697,0.02391182107888839,-0.024119150871422555,0.04266187215302103,0.11881665034554494,0.023723383675222785,0.0700673737795818,-0.004257341405194287,0.07094126749126506,-0.028866120865827415,-0.06152603432684323,-0.0746704612100337,0.037717873279476254,-0.007432869165360871,0.03323526115927635,0.04917885029634149,-0.0285558343645613,0.0011804747540572903,-0.04701707769115012,-0.14511528982904387,-0.14550918298650395,-0.13324208283775507,-0.04660556648240652,0.17980817357858264,-0.13870033240931562,0.03997202054718789,-0.15859368199953022,-0.11956953801880395,0.14787018356567064,0.07126582826010316,0.11081566874173959,0.23391010395796208,0.13984873784434382,-0.07485190497839575,-0.07895440280936311,0.09209279689100425,0.10915003864678852,0.011300088685426595,0.025477006450814035,-0.06428944674565973,0.0038450156551468446,-0.043870713183261634,-0.07838685273705792,0.055539964165681105,-0.1685725605963474,-0.017410617297187785,0.05619252745551679,-0.04274839272413479,0.0032537452372381746,0.027579039329312438,-0.03827158083712941,0.006216208140994613,-0.001380090627374705,-0.029334453320345996,0.13801410442282017,0.12389718023965866,-0.06861997954894922,0.11393044018901335,0.12626285190236122,0.09187433411149926
ival_me,-0.13569683658740758,0.25170611419328537,-0.35377599205947935,0.1959678199847161,-0.35660916616793403,0.3571876751867585,0.6229867903524601,-0.41224378743509604,0.46617230957408445,0.5815173969898941,0.024803147920180804,0.3662205494715777,0.28863554620765397,0.31934111937737253,0.6460361364116158,0.058879519812675835,-0.06560482663642572,0.12293456379568656,0.08840960714922116,0.10585110501996357,-0.29597488942025285,0.18132400436278517,0.27448784208424787,0.39719137575534647,-0.23660293095817844,0.2245564905960518,-0.19645291497348177,0.013296906323727962,-0.2909499931998375,-0.11401774918383786,0.5644826288019239,-0.12077826367657964,0.29887546687029165,-0.26265655928549303,-0.10624257179339981,-0.19263371258739648,-0.1190451289824405,0.021141362783491754,-0.14684896727867558,0.09922582718080497,0.5486086943571856,0.2558878920499229,0.6741617876426683,0.24456136136992507,0.3698682947938746,0.24198875802262518,0.2822156635900998,-0.10302270621421868,-0.4423878943152437,-0.2567645179752605,-0.40665895740547153,0.22240704883735557,0.20076652434675998,0.10714673513233466,1.0,0.1907244989309474,0.10050743486855215,0.11904007579478473,0.12612736161099997,-0.048279291102549075,0.22240985232099125,0.2106446380312647,-0.5508975254637996,0.11409598819579636,-0.08656457803722785,-0.4753976725582658,0.038994718145693566,-0.2435338845861749,-0.1241743311916533,-0.2507704631158581,-0.13488752117808211,-0.256490793376005,0.5780120877103878,-0.43428577291201875,-0.35410318916041583,-0.50959983044282,0.1807125623010652,-0.1466098113688563,0.20922371879174484,-0.16823013015965083,0.16912209608359297,0.004852905839645873,-0.23475600700858162,-0.10384864072644515,0.18333367033918835,0.07321637822690918,-0.41023833048946146,-0.20145504862496416,-0.19812301651497988,-0.07250767308464762,0.19909100053116707,0.4492440476812416,-0.25205021648174764,-0.26817464605686486,0.0901078230445328,-0.351231175174177,-0.1904868650772216,-0.2086576552909019,0.23880996184606448,-0.19379968615703658,-0.18564363889912922,-0.14455563651035175,-0.4293316559657085,-0.3262799845518116,0.2823934750161654,-0.3095298707626882,0.3055728600494718,-0.3989582040551541,-0.43090996548413546,0.17605677670543726,0.19134250904242758,0.14459184836689856,0.003489221680091565,0.17913707572705462,-0.30438886471196325,-0.04898311630665028,0.3142879842250032,0.17885773517456496,0.48042602582922583,-0.2555261908476678,-0.08496480988198343,0.06819060012231357,-0.01884633678168604,0.2964049173209773,-0.16167581712213241,-0.4551755116845755,-0.0393155485311599,0.33105793804948436,-0.03885554997236304,0.32486694854801645,-0.14617342128909738,0.30000613945054244,0.19345335748969517,-0.23364123617879348,-0.47046879776060807,0.23481752300871767,-0.3036270685648392,-0.4444669800427141,0.27236572057411657,0.18492210830614486,0.3033468056772869
ivol_capm_252d,-0.7305434847425563,0.5864257571051559,-0.21832046035563743,-0.421972145814675,-0.012462205271190945,0.4629912504027523,0.13317786345984128,-0.30963901781550485,0.463504883470557,0.15642908369532516,0.11190898577694276,0.052861418147135075,0.5027819432333344,0.6036392353108874,0.36816607821076686,-0.6470519186520318,-0.17750206204586527,0.40916439647513897,0.49429306237361414,0.48874566187276974,-0.5657008915561508,0.5518865538309182,0.3726632535225454,0.40944195119385496,-0.08916409480805623,0.03724486149923977,-0.07280894010714228,0.04224320667907914,0.032861041117276266,0.00210208119100431,0.15411090742027897,-0.042259746755909766,-0.33922893017880384,0.3982929026599753,-0.026374205282590116,-0.06251917409439198,-0.17907993788570392,0.46562326763049194,0.4179223452036259,0.6323412154572845,0.47927217366205327,0.5238381229511402,0.37703437186507877,0.5928222999086593,0.6190335193287022,0.7129501921158807,0.6824043966214567,0.44620992014424177,0.009197067895220856,-0.20542992928947934,-0.13156396896904893,0.30653794971053,0.3206758218192044,0.17471020024051315,0.1907244989309474,1.0,0.7532257828902167,-0.03249268465128796,0.3889344752683267,0.1959395892787228,-0.39683192026729486,0.5187632560073929,0.10530443896031154,0.2395445505155363,-0.28174952702209033,-0.5128293536725255,0.5077923817929395,-0.20845976681178358,-0.2098152210258137,0.0007675981030532384,0.023584690338684544,-0.6867459372497593,0.20681954648167894,0.291429453460773,0.38327453911490583,-0.1762404524868993,0.32229175287731066,0.11566208847664733,0.3856627817488494,0.24563308922814714,0.2211121590124462,-0.09622979330859432,0.3840739146582102,-0.03850364880893202,0.5216808033434875,0.6656699423639978,-0.1087825748264093,0.43681511528779954,-0.12903545210844913,-0.03718452021242842,0.4238397812174541,-0.2112608973731905,0.34549532480938416,0.22008407926285942,0.31053716408407106,0.3083989124430008,0.08667851014274275,-0.3366082287418412,-0.0949512758353969,-0.4289401964492456,0.045209032934698135,0.10994088677849838,-0.16632683655943942,-0.2047252044950434,-0.060527969091091434,-0.08979072632957898,0.16800044395270108,-0.09716012594958898,-0.10561421002203569,0.718416296021743,0.6295955968817247,0.09313365708531658,0.27595807447937953,0.7419827946617426,-0.2998836003234998,-0.031254263622631825,0.2490119385654897,0.22275336945320756,0.08787448716196797,-0.33616846377102083,-0.04562204636307458,-0.12753858201663798,0.053384776433528035,0.03417960640595945,-0.14154026265673145,-0.2352026483342043,-0.08224356190228145,0.4437727046635726,-0.15095811236129597,0.3827334201104877,-0.11530954011480478,0.022798638835529503,0.1798127446462848,-0.2760641159442074,-0.289640236754685,0.4870626973093055,0.31980592620228615,-0.31291988002622384,0.6610012865425432,0.6725284202336077,0.6264608341065523
ivol_ff3_21d,-0.807259534451324,0.559832900813409,-0.1872959574774377,-0.5240656923354131,0.12377531260309131,0.41392216503052554,-0.01237789988370799,-0.292418554014564,0.4136193867790058,-0.022583535076175942,0.48216273901254647,0.29205859407371926,0.6017806020032601,0.6708895592069029,0.24900510946125887,-0.7774609104499564,-0.17733770027110368,0.4158136627555494,0.45307825803922924,0.4428863934726298,-0.545887960607387,0.5341606325425607,0.48079018123708184,0.4832467249295561,-0.0893776279211619,0.0294007845471851,-0.0562208473988976,0.18585695865615995,0.043865941079035076,0.018617470418006682,0.010305838225435595,0.03762166613751321,-0.4032626626839688,0.5247916346319587,0.037685345897498904,-0.028750438172215217,-0.19290419443405116,0.4488532664902638,0.4307972313796905,0.6404539483594958,0.3552387837480415,0.5187414519742429,0.2578291380095096,0.578756202213524,0.6329230912068664,0.6801125716285181,0.6567676741530114,0.46053832092361113,0.14733020491938248,-0.13367838398252993,-0.19732405525942964,0.41463168534563066,0.33778437562425423,0.15441158751775383,0.10050743486855215,0.7532257828902167,1.0,-0.0028407763972651927,0.3711810495862546,0.22581828839481322,-0.5087106009132969,0.5226010799223137,0.1789973810696459,0.12141414680797571,-0.12420383446443825,-0.38362325941143893,0.48895992164725827,-0.14972029949576993,-0.17789534092200715,0.05751240806806464,-0.021276800863859316,-0.6325165713752527,-0.009033669554470158,0.33197930921959473,0.43769704842451074,-0.09966576820344444,0.19296438044766206,0.040549082757036226,0.32258525650048514,0.24537075112335452,0.14837778266009413,-0.07850608189749791,0.3573462987895083,-0.09281456309782167,0.512296685980447,0.6204935471273487,-0.14551961090234003,0.3257707204402025,-0.2674841842894989,-0.049449106284644495,0.41408647973055007,-0.37583159434328883,0.506884242645701,0.3048250081557854,0.28138620263114883,0.2678433041179595,0.24339439469576335,-0.3434619814312243,-0.1063451840251177,-0.44374636304468523,0.0839070213552103,0.13400214116511588,-0.002799382568915142,-0.1672508826441102,-0.1295844368420077,0.10109022448220953,0.03299261805806308,0.09621061730877908,0.07644324075141584,0.8412748935480954,0.6297422106091726,0.14542883585759261,0.2752237259876517,0.8803520176608761,-0.2973557914216648,-0.06924559340897914,0.3448334456808806,0.3213106621741407,-0.010469414642725633,-0.3151399872717966,-0.023939040895676708,-0.11459720255733553,0.051408798340612294,-0.0016078237864639523,-0.15022941977312576,-0.11251048836540986,-0.05749629556468237,0.38517044197443484,-0.1487997360651005,0.3135186806334041,0.01350874893631147,-0.05167223496065479,0.17269371988900445,-0.2485377122415518,-0.23312689002163334,0.615414933303136,0.4533294146475032,-0.28870698808555706,0.7365377158285956,0.774581179286016,0.6873863097426627
kz_index,-0.011033150982803866,0.22846663978746098,-0.3143085874504904,0.17824394844264074,-0.28343153774267693,-0.09513824909358727,0.01574826298051539,-0.1884302500090447,0.007220234289170813,-0.07109790487500076,-0.015698118420762016,0.08605367427907384,0.137274695277473,0.15054735288984178,0.09443805510296373,-0.0060057433320356065,0.2997225687825953,-0.07514732045214133,0.14045753590862517,0.1723057736747034,-0.4386905098673445,-0.017500245220824003,0.4650523113903348,0.4537681007361616,-0.24269774245352013,0.26881164903865784,0.05030119798832396,0.4201632822278324,0.0628018271360411,-0.2901185094329679,0.0003333007537229092,-0.21147525119307742,0.2358283119132733,-0.15548224118246806,0.49721064884436167,-0.4823315965079028,0.2746231209971939,0.00616612261618105,-0.15702491226161006,-0.052264518309148814,0.038546397665394166,0.057953251534377415,0.08605798423871593,0.0773229849869439,-0.12427860884616891,0.10036162906467905,0.12246277594735776,0.03799985497982246,0.14017574471283012,-0.08590376065766708,-0.5674862346118836,0.3551812969762502,0.48881601961307347,-0.11637042564121335,0.11904007579478473,-0.03249268465128796,-0.0028407763972651927,1.0,0.42324566729266766,-0.03954765474749018,-0.022302849178932528,0.053553897980098464,-0.24722858531084146,0.20905763164633506,-0.0339448185090516,-0.079101090589625,-0.1409137953335625,0.16317259020600766,-0.15773652454963893,-0.3616617798288132,-0.3427613731061444,0.040845016464334784,-0.15402321873522132,-0.12889286610077993,-0.17856503230826945,0.1268216375000244,0.21309347152372404,-0.1666278079509862,0.13956501294476997,-0.38886784603058316,0.18792835207785716,0.1912248354076849,-0.02436962385995153,-0.06575350382274417,0.10156457035877815,-0.0320798088342076,-0.4985256743278733,-0.3827280551978788,-0.36714091403550886,-0.39011093971853056,0.4316277855066635,-0.09061353588704033,0.08812010270651832,-0.16425832086905218,0.14301744916917508,-0.40810102125806197,-0.04814206154526785,-0.3394450705918999,-0.11397000993580299,-0.38473771282317204,0.3078789813524014,0.18227468161004334,0.14743377981861094,-0.028464372580919807,-0.12579386038000379,0.13292982610285028,-0.18397911640992715,0.12345669056964335,0.17836816241139047,0.014689160750723755,0.11664361648025554,0.026135920380581178,0.02894468083317338,0.03437427882973743,-0.14631901860560811,0.05777219203751147,0.020094591386366507,-0.04877156991961414,0.1514441907019573,-0.06646516442814912,-0.04917684931271055,0.06228447235066863,0.017415531365461923,0.025983798832880284,-0.07021640239346978,0.14006970391582663,0.15721556958036714,-0.038740829746702156,-0.08632156841331348,0.17730463864182902,-0.0038913947978294504,0.05825278766069292,0.2398566038191358,-0.31541627983008835,-0.11443855565670089,0.04166634456765697,-0.1720889237809111,-0.34001284118809266,0.11136665490481265,0.09778735454106499,0.10019835341981778
lnoa_gr1a,-0.3321980850959404,0.4604389392834329,-0.2782198591586945,-0.026142014688713498,-0.18079638455131095,0.14009080828485299,-0.07825043599277279,-0.19363915329931708,0.23754881582582668,-0.16976728674088337,0.10966483542917879,0.08746649714577856,0.3169630766510835,0.4086720048657938,0.12653358641871199,-0.32610538605865874,0.18431009632801182,0.14572297191882055,0.4500913214073668,0.4422972411490994,-0.5603688813837507,0.3121629856158194,0.5731626955417799,0.6161740846356826,-0.21832222739608897,0.2098412331595211,-0.048301794984490456,0.31890510950188583,0.11749639045551848,-0.25661379794704486,-0.12089028242102842,-0.17900487892804867,0.08147482710159243,0.0925814213874876,0.46155062437515787,-0.5046948134367998,0.24234021711710996,0.365885201513458,0.1877694427117012,0.37215307138399917,0.13121766054556322,0.29968223529234705,0.11041511057411486,0.4047983157737498,0.1792505628728418,0.47551808773186777,0.46673407345418466,0.282391235387661,0.4394723369280548,-0.06590556516561122,-0.4577667214935102,0.5730564546705363,0.5107725066454627,0.041245139849731945,0.12612736161099997,0.3889344752683267,0.3711810495862546,0.42324566729266766,1.0,-0.009332795723584985,-0.07766711602038237,0.40590277084993415,-0.06670639494527884,0.4861401815601386,0.04945665773750694,-0.1507820626535225,0.17302899611766354,0.1268123146131755,-0.15178709668726073,-0.14773594235153317,-0.13969679202351015,-0.3103892215418791,-0.18512970516264046,0.10708657823719275,0.17080715011037867,-0.01943910220277622,0.49943880256358897,0.09235916856899917,0.3692274495951693,-0.050315102252317584,0.20445543228889657,-0.028710733498179125,0.15493199248519388,-0.00916628289562323,0.2663463361685439,0.4178848051992066,-0.5427012025326499,-0.12417555287928747,-0.3270675836281013,-0.46581226244916135,0.7520033494906954,-0.10254384364491542,0.24924624185641983,0.12482212307443943,0.3413575610703932,-0.1585556910242658,0.15840623394273634,-0.1557807853158345,0.041114698229429134,-0.32935064087861265,0.30014124699462985,0.24917054139788877,0.09250113523897266,-0.10951501130131722,-0.1406326060969228,0.1308496314274205,-0.025404896317051014,0.1444402846980135,0.19530342448016652,0.36695390654953985,0.4404936843542493,0.13938048585846266,0.1797648377272843,0.3922429535208539,-0.265799108830246,0.015696749741529032,0.16937840244529662,0.09815520222537208,0.11276594979979249,-0.27239669709325304,-0.053670455787813404,-0.17864961495787268,0.08170996970453796,-0.011557269952038839,-0.10462453977388453,0.04051528995946277,0.07330678692385978,0.16344698950884934,-0.14398490996941815,0.3363050577610729,0.01112489937909138,-0.09862858771605679,0.21857972414628696,-0.517255025721982,-0.23090906463437752,0.19766136260840272,0.032752894464804325,-0.22187904826170973,0.3800965780285438,0.379404308119498,0.3752213284622202
lti_gr1a,-0.3222760204932279,0.3696859548448996,-0.2148321684542794,-0.15988480499815286,0.25506312721450625,0.36346002873997196,0.06588272813766917,0.0589923821826225,0.2957017111006109,0.01004808512149612,0.07825234185692759,0.011844611165276905,0.09630512558715787,0.18712702148958593,0.23566469373671062,-0.2738874660088393,-0.2796738162188421,0.40912450325517413,0.1491518393310709,0.23824063275655952,-0.12439302244678754,0.39765994726033904,0.10543241180803606,0.07502338149236218,-0.15715844064570456,0.03208560321551784,0.025922221651174394,-0.06733599217490263,0.10061698805412467,0.26804564166834605,0.09138406321719238,0.2744936012854466,-0.12698120729945256,0.17502954311686478,-0.18929343954897035,0.26281079914872124,-0.2897630165214926,0.006033123605264579,0.14953607470784083,0.20799115077431424,0.32086957224526363,0.2726315275473712,0.21894357497265202,0.33188390078472585,0.39883369057348456,0.3279147364795032,0.31921155509498234,0.23593170417594078,-0.17031014409321965,-0.053136387689771386,0.04086350490629134,0.00961102559877602,0.001844229155846045,0.03449815650540952,-0.048279291102549075,0.1959395892787228,0.22581828839481322,-0.03954765474749018,-0.009332795723584985,1.0,-0.04450405374083895,0.1526776418085664,0.08123291525236578,-0.06349123783623276,0.14435718767200917,-0.25827220536019163,0.4841395346082824,-0.3643053205065498,0.03554687536378807,0.04192725419981146,-0.2665697880083908,-0.11325752117060738,0.07569075093585736,0.1735941629444242,0.18242352931238082,0.2191170346428133,-0.03827956351473228,-0.06301762036336402,0.04359883150377352,-0.002866886733629953,-0.07234718833591232,-0.04457538692502673,0.127340370858198,0.002118348188757958,0.3539836004252249,0.22894202096563196,0.12480891375056564,0.34005086892121894,0.10328655470785453,0.3116809636571961,-0.059267004217562286,-0.04191342192209629,0.11851151237064375,-0.15030952207523274,-0.03478826428251311,0.11397339537215141,-0.25230431947296494,-0.26782611558201375,-0.10731509207113726,-0.4022336206088264,-0.07687836395945476,-0.023828456868763184,0.014926823345932138,-0.05455728389797007,0.048024648794547486,0.07663158665046699,-0.007343874085070179,-0.048359662717259874,-0.07741356923416896,0.19479249774622404,0.30729574021859885,0.08306438341780842,0.09470021757641606,0.21171561460453114,-0.14549194691661688,-0.10018062759435488,0.12196430258184009,0.20309477001056203,0.0725118090175875,-0.32174345827055684,-0.05546876761553404,-0.14792053328467947,0.03847822829087828,-0.003318486194364492,-0.0018391829392674108,-0.12906404534076726,-0.1167519545044372,0.22889674472054675,-0.08291684934112789,0.20171110802535142,-0.11900326778742547,0.04966703575991459,0.2809230530352185,0.18741055022807018,-0.1494948410537809,0.10749383969884642,0.13704539464689183,-0.1423892341453411,0.21345791979777715,0.23551628320454196,0.20714461736720405
market_equity,0.48540883207557856,-0.03909220236045831,-0.0077849689598222475,0.5864801019951662,-0.2429008948224996,0.08002741813201933,0.27841554561048987,0.05279856457482761,0.10515064679631661,0.34386826956000105,-0.5109213668237422,-0.1063318870028277,-0.35269789668184287,-0.2518921522620964,0.26022285657558597,0.5252709293457944,-0.027463842336302814,-0.04342671291093725,-0.0944471274533136,-0.08161342966814193,0.09872400561518754,0.06369715146965499,-0.2823275447859144,-0.18105148861476145,-0.017841676079765702,0.1621080385302066,0.020769127909983892,-0.3573423541869385,-0.10990550483009821,-0.046348204295272366,0.28758185386830515,-0.07917112303639472,0.5525460546818308,-0.5076218201520769,-0.15298145313761974,0.11342084343384631,0.010492169040075234,-0.06620277449027709,-0.0460887062269596,-0.05955849428148424,0.22693030732275074,-0.06962140804173492,0.2747610218627138,0.09617696786995297,-0.02420428250098394,-0.06486014463070162,-0.060192736796422786,-0.14767883279465643,-0.2847277224927022,-0.11189014967991995,0.14520563332008038,-0.1448328307556362,-0.1891968871794813,-0.12677906035114334,0.22240985232099125,-0.39683192026729486,-0.5087106009132969,-0.022302849178932528,-0.07766711602038237,-0.04450405374083895,1.0,-0.036939278289867566,-0.17912939933647795,0.20650400046042677,-0.033307903596355534,-0.19532191599486537,-0.054110413699346646,-0.13008559870462405,-0.09733618727189466,-0.034481371984569895,-0.03878814552350632,0.22096638221758835,0.25715897840224994,-0.20201646462803557,-0.2571634243274762,-0.13971333706739383,0.18612829297914213,0.06781891726018056,0.042421236516769704,-0.08370598490986553,0.052769994248322835,0.015989941241866285,-0.07625236310057941,0.011580858945347446,0.08027654422402689,-0.05052924525660696,0.059760314053676405,0.05701351579027891,0.3182768497571913,0.18770633406568987,-0.1937386092329741,0.742813057714448,-0.3698907773819729,-0.3301456001999046,-0.008670769454243736,-0.06778607339124246,-0.460311079914739,0.07371884379374943,0.2729957143043662,-0.020921258487694744,-0.13705257042882796,-0.032130097309543804,-0.08139264701098162,-0.12334987822126203,0.0330155123818659,-0.1756584883318747,0.3245635839557466,-0.14810827172745641,-0.16724983258439818,-0.4251770188590975,-0.10003338457831368,-0.05286678809248463,-0.13196067191724908,-0.44574796028828423,0.02405087475589731,0.1007754487272203,-0.17754486384939938,-0.21544464890615467,0.04807715662296738,0.00520538505545462,-0.02557145780662913,-0.12134297959118966,-0.02776690849166371,0.06779384418614334,0.023431371040429763,-0.12402832044305317,-0.07332937779015236,0.05466786689876239,0.03995580394453277,0.15493284209383107,-0.20277365633347397,0.1936478396949501,-0.007158561345346608,0.0343699634227025,-0.05496099877379698,-0.4423066562578102,-0.49656054689410456,0.015858242481094294,-0.30522792955070366,-0.3965532326323466,-0.22173533798842307
mispricing_mgmt,-0.5359933314986681,0.5892386603409085,-0.14069286242704515,-0.14277685897505302,-0.2271945165301146,0.61173565641661,0.27378151994050565,-0.30801638631705663,0.602845267262945,0.24238392903144293,0.29262933408695624,0.26360541851617736,0.47921343355969304,0.5559053203148141,0.41056461637536207,-0.4216368376433038,0.01948425093485706,0.30689261182931715,0.5183484410427682,0.5229646750408733,-0.40078392375044025,0.6018631745575803,0.5519797133929689,0.5264207384945057,0.06713056298752915,0.22912990521273682,-0.020340078864731714,0.21571895529104174,0.03889952004676221,-0.06497064863026941,0.2465060246367489,-0.35406668298884436,-0.03402762742245128,0.11324304458118677,-0.007844687795616189,-0.096405081894398,-0.012695053074272614,0.3266902881081015,0.1941615909192715,0.4131957028250637,0.452769360816322,0.6798214956597384,0.41339410018853456,0.5940057373543456,0.6645808890734904,0.6415097570349375,0.6229147554050662,0.297495753655207,-0.09326175196071496,-0.04513725330451722,-0.18184098517777353,0.5677792482044405,0.4551456006890904,0.027072233648465317,0.2106446380312647,0.5187632560073929,0.5226010799223137,0.053553897980098464,0.40590277084993415,0.1526776418085664,-0.036939278289867566,1.0,-0.041293937608434764,0.5841298005502441,-0.2099648968019755,-0.4251579638490014,0.3402933164810029,0.0693613615586805,-0.11675991049776334,-0.1968196118834117,-0.2652107892901986,-0.36982131273159563,0.2737722953238251,0.07675858349948828,0.12425627355704372,-0.2003786698089961,0.603276960669435,0.4720131720872819,0.7118638522762919,0.13298856787306845,0.5377721092758183,0.00014491296386512302,0.26931227475763175,-0.10026977932375974,0.5544800313301907,0.4668827763931463,-0.21228140941951462,0.1534715614309348,-0.1627232722598672,-0.09787826140007673,0.4515324915810117,0.042196043723965,0.2598088069722057,0.08125434910415923,0.1384949603519549,0.17386750075387641,0.06191476333641685,-0.2917707370238141,-0.010475145920477337,-0.4073053939061083,0.0940905781779165,0.2803127659909753,-0.14274937107802443,-0.2756445166576754,-0.19873490300992525,-0.07571775130655527,0.3151705530652598,0.040263711118779716,-0.03262643364338688,0.5531960717019851,0.4927473636080464,0.1389656513102091,0.18265257363809867,0.5385339715949002,-0.23683985662979995,0.1853664605939902,0.21410966407621823,0.13874433366218356,0.2262258914533707,-0.4527872978238546,-0.06432509681776222,-0.11681305409156287,0.022446716859027334,0.06591825351367608,-0.3275629963597554,-0.17044600667192686,-0.273593907705405,0.5140234918551653,-0.07752746942059353,0.35145768822503015,-0.030766691672077833,0.33448591390394405,0.23585348343160512,-0.16154390072774505,-0.4313171633028052,0.42304842820806066,0.06741438222760021,-0.3872298186670573,0.5557484017233234,0.5446981837950902,0.5574027953419949
mispricing_perf,-0.15548978431047844,-0.03690856808767906,0.40660369577817146,-0.34553183229986656,0.4653429444785314,-0.19486272897406542,-0.5347416995947947,0.4720525867475578,-0.3675569368007795,-0.4098595598418164,0.07613784164952678,-0.2372669462430379,0.055400080274232974,-0.08379410565665556,-0.4649498360457366,-0.2863936538382591,-0.07994068387628149,0.0827975949718564,0.00700616560966211,0.0327510571346719,0.09083043884188649,0.1324831166897648,-0.19679343561111498,-0.2701336357971703,0.4043799952545346,-0.030856232230936705,0.09493689756228271,-0.09014557455632426,0.21264191474191452,0.230074006590829,-0.4756899742035512,0.29914914864292047,-0.41279965797633983,0.3803376298363693,0.03623567461607158,0.13617938994959308,-0.04266520843350523,0.06225267454517306,0.5094184888798933,0.1925179903886679,-0.14774805050752005,-0.11949027686212543,-0.39515850932458507,0.06970611999741683,-0.011554243792468968,0.08862397312602638,0.02117228350262213,0.22334948680129182,0.33186855821978845,0.11933770553607773,0.5803507375667756,-0.186213159109804,-0.22737149207995866,-0.004276601157292697,-0.5508975254637996,0.10530443896031154,0.1789973810696459,-0.24722858531084146,-0.06670639494527884,0.08123291525236578,-0.17912939933647795,-0.041293937608434764,1.0,-0.1976008623810527,0.027622287404903776,0.26328953550970596,0.2422880264718606,0.024404232654206014,0.03929228698562652,0.45110565731257296,0.2742066389755971,0.014495234432225982,-0.38111713166680705,0.7107461235927426,0.5699964862303029,0.31742514074960015,-0.20187648287514065,0.07168051435523466,-0.2089589309612289,0.5234266472206298,-0.2542480349044821,-0.2592265810011426,0.5332946903731568,0.08258175948805604,-0.013314300157067228,0.2981225013777493,0.6308964896771629,0.5055434848335254,0.35306080300861753,0.20721809604371605,-0.18057182795492863,-0.3595266528189872,0.3521466848025564,0.6217468965879762,0.1946770397261622,0.6440588269803298,0.4266147417866851,0.154386264593518,-0.18654607315379723,0.03585089638551639,0.17403600493117405,0.11464533921220818,0.42354836526350925,0.34732794249203747,-0.15892506656523575,0.24575923837506908,-0.26768766250129616,0.35848657079807167,0.3872232597413553,0.18394475001031968,0.22407254538000218,-0.0310149547408222,0.15043420613436664,0.1219745421548094,0.4300831741842046,0.0041750392575287225,-0.15791147876317035,-0.10177913001149763,-0.4671013284804906,0.13444578826670206,0.044856024242088344,-0.11467248780765768,-0.006157382800989703,-0.14888987677779386,0.1567120384805988,0.382222930279261,0.07875233532136477,-0.20035700866252998,0.0088684214236528,-0.11115428588344226,0.05778426212530394,-0.4126362890739283,-0.37343107879338444,0.17644156389238216,0.4725877577627455,-0.0657081230942754,0.401902543208967,0.4262949425403961,-0.013403002750333324,0.03410163950745042,-0.03847303486855806
ncoa_gr1a,-0.1434768871156262,0.4430145633102901,-0.26310814435226604,0.21330106325847628,-0.4615313446374328,0.3790998249525,0.20218659847473358,-0.23615573821244257,0.4135105053648692,0.11096600794230832,-0.17693211729595815,0.04767743469999657,0.15439533093867433,0.2614270307551021,0.31409717185673924,-0.09128298788436637,0.2673004842994994,0.08874411609726923,0.469666056089481,0.45582582112895426,-0.3354406595679025,0.2530629028923952,0.3559006357362279,0.40828499558321263,0.13838910860557835,0.22810979417717792,-0.023985492754877852,0.03176220773282199,0.06785142297102692,-0.22122788027726925,0.18198859195679568,-0.5043901899158674,0.23824468539799584,-0.17186861973281362,0.11735617326372469,-0.2244443588599081,0.19355736057774792,0.199456592500175,0.00844146481177905,0.17579647026311798,0.26684905042333096,0.4220721485600908,0.30993927006547367,0.31981796547224306,0.2268518876696409,0.368172875830949,0.3596412208338522,0.18368312095621592,-0.022588389771079992,0.05353818032379033,-0.21154428975979106,0.435578941816783,0.42097812125240197,-0.044479453845297556,0.11409598819579636,0.2395445505155363,0.12141414680797571,0.20905763164633506,0.4861401815601386,-0.06349123783623276,0.20650400046042677,0.5841298005502441,-0.1976008623810527,1.0,-0.2019008306946639,-0.2704323760048324,0.028225136652492086,0.26879876582468265,-0.08767784286121452,-0.3044484824967465,-0.30761383791430497,-0.14117485930763815,0.1271869492329683,-0.044774264127533506,-0.05156245680491646,-0.13836507210945254,0.8582002622824836,0.5501064861514289,0.7301643708002303,-0.10171159913669556,0.6125131491921615,0.08382312494218619,0.07450513814733423,0.010545822876848012,0.3683401601326811,0.250706518348344,-0.3020271351224111,-0.05935264107510562,-0.08341522719840516,-0.24253337265965766,0.44190814344376333,0.22278194157152573,0.04831813936637227,-0.08259397505278451,0.1676255771374744,0.05587342287419342,-0.1771724578597398,-0.09894234995395404,0.08877604340394468,-0.26456194490526846,0.17243361396307877,0.38156193823815165,-0.14548944018507037,-0.2878629798270204,-0.23393514105454244,-0.0884705132677223,0.21473543802502376,0.029263278861569098,-0.03382250914138807,0.14987904691944937,0.27111600118866586,0.1468000744646316,0.1162523127099442,0.15372206321430176,-0.2115176000107678,0.2532511183425146,-0.07662886769838181,-0.09246581643037513,0.1608684534638406,-0.32997171055294594,-0.14021175837032487,-0.09499625294012301,0.0018085866120790915,0.03000396458834627,-0.2896256965919915,-0.08926442711836624,-0.19763038956974435,0.3004823900529255,-0.10835697335400071,0.25562655692210234,-0.06585924736769297,0.3234991272545187,0.2258430666749794,-0.20750497256356173,-0.3434148714060923,0.06121761231098569,-0.21251707021394287,-0.2903908045252823,0.18832804977317635,0.16968349515004127,0.2100385125145718
ncol_gr1a,0.1383649295095704,-0.039019624084904225,0.01421863360208708,0.11619800660113237,0.3337754076917968,0.00041443781748722687,-0.13821673394389397,0.08734842896488125,-0.048836453560170745,-0.16523330921153248,0.14848117060365146,-0.05735457358837927,-0.033960360483057075,-0.04663695058179859,-0.1914265826650823,0.05009823448277767,-0.19630555430118823,0.25512973680515,0.0008614750196902323,0.005648160688468634,0.17498863372237577,-0.023777490265667833,0.033921145181403524,-0.01665478321767405,-0.34710185984983394,0.032364678933698335,0.036035004703017764,0.037380883966665966,0.06740635545260151,0.2481574315551306,-0.19623533935511372,0.3586774847452672,0.07084393594083381,-0.12992075255656946,-0.1028992040902006,0.17570866320672557,-0.20954700098440746,-0.24734192572789204,-0.22451607738275917,-0.2792412692631666,-0.20469685487000555,-0.1389258515173175,-0.22064265466832075,-0.14592745026824874,-0.1341611889469923,-0.16486738934671435,-0.17154091006298694,-0.22401056863961696,0.21931056307186028,0.0765010458197386,0.07828037469574475,0.009569451325918157,-0.1024079202192932,0.001943489748547193,-0.08656457803722785,-0.28174952702209033,-0.12420383446443825,-0.0339448185090516,0.04945665773750694,0.14435718767200917,-0.033307903596355534,-0.2099648968019755,0.027622287404903776,-0.2019008306946639,1.0,0.2373740729772085,0.10534797469457172,-0.15108718896398393,0.07561383272047567,-0.1685929937478831,-0.21218936648912898,0.2069407995819565,-0.2125741914743734,-0.1947450852934768,-0.10464032291524245,0.07235932585561258,-0.32600126658917483,-0.34611077437727783,-0.3590156071928037,-0.1875820205015143,-0.38933504024261967,0.009767747175179604,-0.19440880398663213,0.11451731313870644,-0.24842216566993922,-0.1380374043405733,-0.040116502974563706,-0.18843008130727013,0.10588739884832066,-0.003737822931455129,0.0447769458208892,-0.059350128300774366,0.02503137966468546,-0.10512041686389317,-0.23269292661245122,-0.29060943024273755,0.0907310969557242,0.27636997085281617,0.28277371600928886,0.2244454186435707,0.03860240866449183,-0.10124007171220267,0.1260213376331087,0.16336518739806408,0.23028013556674554,0.04847959952226966,-0.03709056915678667,-0.001837842232068762,0.0752933282658819,-0.11373976268231667,-0.18144447604722702,0.036739884636141175,-0.039099292567454695,-0.11917184372064828,0.14407635314240397,-0.490622071283875,0.3376770236041614,0.3775813488237332,0.049472110664745814,-0.0021472927717872473,-0.011889202193218339,-0.02608692710699848,-0.028371247327615444,0.009758475559874857,0.07960144703251934,0.12314606150916335,0.12118215286185247,-0.06803420363501989,-0.027786568123142084,-0.06587657306504546,0.07631550202163911,-0.22927076982346492,0.11576249626829078,0.16206214326482904,-0.14441045675259603,-0.09860558216526777,-0.11578862020010984,0.1357657428404746,-0.17201782957602751,-0.146849788822613,-0.17908176649952745
netdebt_me,0.4133735979865688,-0.5803930290558352,0.45994248309231983,-0.017843125810450625,0.3250698362505704,-0.6067716017128019,-0.5714644641398905,0.43510745087227176,-0.6888521195019933,-0.5451317225372334,0.0752594440439254,-0.13618805730710562,-0.40168760645286333,-0.5132627540994138,-0.7671141929283103,0.306681482651055,0.22930358837648895,-0.45288470116905616,-0.3976358060167862,-0.41093917291456505,0.5486514007777197,-0.46222993599003365,-0.2141765750292717,-0.33249683869411906,0.2577091154060578,-0.3332120128512952,0.0362145616182156,0.16812238838034665,0.034817878954124304,-0.055677542571529626,-0.6237706590459786,0.04066293530182752,-0.15739301018030877,0.02522554552152151,0.2679689202565383,-0.2033334780938164,0.30591107199500905,-0.3305401961504051,-0.14102373685397934,-0.4358625758076777,-0.7007302089945034,-0.5671159060773259,-0.7149986893878841,-0.556461028813364,-0.6301238696795086,-0.5803388327557676,-0.5892070121099655,-0.21920338228941982,0.5099794815846913,0.27874526791004534,0.24808766819429628,-0.2030561051936669,-0.20526287651465291,-0.06768424181554293,-0.4753976725582658,-0.5128293536725255,-0.38362325941143893,-0.079101090589625,-0.1507820626535225,-0.25827220536019163,-0.19532191599486537,-0.4251579638490014,0.26328953550970596,-0.2704323760048324,0.2373740729772085,1.0,-0.42183223591066843,0.38979325994106134,0.3269264476657798,0.3138486151664387,0.1832044983011758,0.5794492165032145,-0.48578473500796937,0.07688094985623699,-0.057778112522585204,0.23517563768072078,-0.3565163916415426,0.03815545665255625,-0.39367600654614965,0.19887114979555823,-0.2494538474887824,0.0653435673782402,-0.1202852771150157,0.05855315364831644,-0.6169294225323065,-0.46059220637137605,0.2164163300145402,-0.29276196332836874,0.037734100076676366,-0.1635283824659335,-0.17344233098557538,-0.3333304766769488,-0.054999740626056934,0.32245813320903277,-0.12724319832491404,-0.019243004466236162,0.46156408354479683,0.49237093966318474,-0.005989059345921593,0.5671631326310033,0.0586945106208053,-0.08072630234314263,0.26855633947633917,0.2609919129515506,-0.11242411043032291,0.17669027715994795,-0.36445217312570966,0.24200676008010985,0.29884435196402936,-0.42176493122924796,-0.5178063146261103,-0.13289710024081658,-0.1441228900263808,-0.4416649430276372,0.42523400602498496,0.027579843275865996,-0.16355247954217117,-0.204738960534504,-0.3188555179027818,0.3089922919925393,0.1187404281130492,0.08175663987211901,-0.03943955888873203,-0.13462662313501483,0.1361133608911797,0.39136466212514565,0.20089769794722806,-0.5928139135924225,0.20792093027909078,-0.47969531433058177,0.17349407763453192,-0.28597407444656325,-0.24321663319215797,0.16532230214523747,0.4175500075808998,-0.19079827312947778,0.08877002482915966,0.5320963682810674,-0.48060995510053695,-0.4341948418135203,-0.5163460435765912
netis_at,-0.576304161772788,0.5277953987151968,-0.2140175297276575,-0.25563312928919424,0.3831207010988011,0.5223609301672705,0.08195491321356715,-0.03728896946250604,0.4319057408881396,0.053034419471037895,0.009389558927795659,-0.05920752648962998,0.27400812295035865,0.38875573971782384,0.32367071937122927,-0.5067516003138551,-0.44976443220339074,0.6260071299389325,0.4110505584120463,0.45302467679064307,-0.2837836403395831,0.6141485689387766,0.1710537029065713,0.1731511415160974,-0.24210234314477871,0.046470643927486274,0.021791673145142246,-0.13284670588863412,0.2278411622271292,0.3697605422738578,0.06376118183533859,0.3903338248304495,-0.23360167612755345,0.2949067547733638,-0.17862184151269128,0.2810570380739956,-0.37816890505708645,0.23984229222696596,0.4166849504090985,0.4804392917185638,0.5049526582559091,0.3730143949840637,0.328581198275647,0.6079488366451627,0.5657545860409005,0.6042338117144946,0.5739652129826704,0.40154830056626184,-0.07026006676660207,0.013775880315814684,0.13391060664237164,0.12410700541284808,0.06692703092901042,0.10150612076130648,0.038994718145693566,0.5077923817929395,0.48895992164725827,-0.1409137953335625,0.17302899611766354,0.4841395346082824,-0.054110413699346646,0.3402933164810029,0.2422880264718606,0.028225136652492086,0.10534797469457172,-0.42183223591066843,1.0,-0.3487790831266861,-0.0716480280123126,0.04545181389857078,-0.13607065279356512,-0.3849214187894666,0.07882395820655541,0.3384727144216055,0.40346330456999485,0.10466754477812708,0.08166997536132606,-0.017163039461861943,0.12101292432836161,0.184201425734748,-0.12176242690326003,-0.06632514542669474,0.3535159439181196,-0.07059854946208774,0.46199147009527997,0.5197038855267007,0.15595895221210693,0.5903558636319615,0.17270557117042962,0.2584979071549496,0.15892764455927924,-0.06639883247815699,0.2329654519054915,0.04334647948558483,0.008402441770431139,0.27939864870687403,-0.1327710862828206,-0.252751293223883,0.03525432054840755,-0.4634640259819433,-0.10522939323879618,-0.08777966538979,-0.013145530639275226,-0.08258655647632071,0.16901601154424295,-0.03879807528309893,0.09770904062477834,-0.12471271082594572,-0.1090311210386609,0.4640056769853,0.538794595930649,0.09510311109712698,0.21492666045643494,0.46627570228634446,-0.14651676057933083,-0.3078949375909331,0.3153367624112123,0.36619919079747554,0.17137097674657464,-0.36273579414828394,-0.05492447475234304,-0.21657855241385832,0.019274562086066878,0.003915925261606632,-0.009009779758768191,-0.23572518498089226,-0.0900914737934318,0.34913308959502154,-0.06679750775221789,0.2473003586370609,-0.12187144756905646,-0.055961231492926235,0.20940879321691183,0.05053229638823707,-0.2064018913687372,0.15212747101858207,0.2376613376824474,-0.2040400996981583,0.39338771401162204,0.4228622964539335,0.3937849817034351
nfna_gr1a,0.18518135915130962,-0.21530598668241221,0.18484917228826464,0.06759503025108696,-0.13775885461073575,-0.2123430104451195,-0.19678806835992257,0.0064139577159974155,-0.29188182550753056,-0.2155399084173861,0.08261851736837739,0.04148721004207856,-0.08687822711208716,-0.15659216820158472,-0.33226996104913703,0.1533320148222218,0.5122037477117185,-0.36842955588804943,0.011142947281162108,-0.029696897416837616,0.12436271135760298,-0.3218112181132594,0.12418944701845372,0.020640143858404666,0.3822514172254641,-0.03526948497062641,0.03354066203527295,0.36153959664002194,0.32985489117441713,-0.11146242575598489,-0.24668422405373647,-0.3095050157096786,-0.02842242012480247,-0.08159322228689456,0.44513323375484914,-0.41878772229210687,0.4280133946757825,-0.14313724391375077,-0.15159541613939553,-0.25203426448604,-0.29874733518566843,-0.13052677225636095,-0.299476842105205,-0.21521586424939504,-0.315024835472015,-0.23648304611759677,-0.2710988646027429,-0.03258484341122443,0.2828780626709816,0.6142306095768207,-0.06180700275557029,0.1649110665282332,0.17694577041717668,-0.0705201932838812,-0.2435338845861749,-0.20845976681178358,-0.14972029949576993,0.16317259020600766,0.1268123146131755,-0.3643053205065498,-0.13008559870462405,0.0693613615586805,0.024404232654206014,0.26879876582468265,-0.15108718896398393,0.38979325994106134,-0.3487790831266861,1.0,0.1331592318129533,-0.0014275977836599879,0.0236950151014934,0.31641852356782735,-0.1444811200573906,-0.023453559298404574,-0.14363299748979205,0.131448041804273,0.2356149292810691,0.3412108292329365,0.2648341723257135,0.1200700146432592,0.35285247229979166,0.2594869289719059,-0.022139672026087343,0.1459183629115472,-0.18929205150680456,-0.2151991956610851,-0.06684297387814066,-0.3224342518981119,-0.17490969860789357,-0.348721779996371,0.1385582815936049,-0.18418929624170746,0.07008570651573626,0.2519133828321918,0.03187475477807551,0.002707896554108736,0.3265555119792756,0.15872209650850272,-0.07668644517405498,0.3016955467071889,0.24899328150547378,0.21381051916631624,0.11141782020843058,0.09276530327564188,-0.2542928112549,0.14359450317854194,-0.08945550766059504,0.20675679719475332,0.22093308247248977,-0.14772308491596403,-0.2777271129508937,-0.06351682305654599,0.007869845399450105,-0.16033076311046648,0.21082918049859334,0.27712340648320866,-0.1946171049809175,-0.1914394921336074,-0.012015290524890514,0.1543071879954186,-0.0026877825743448222,0.09904463985421591,-0.03946793496563936,-0.023015524488102887,-0.05509118650943194,0.3004806115422577,-0.01414199895331298,-0.2242696364481024,0.08300070676844505,-0.15544352509105275,0.20923347234883308,-0.024259855123152416,-0.24841294481629322,-0.01094896912674452,0.24485459431076612,-0.03137781716783862,-0.04556649900281569,0.062187325693607534,-0.1692217723049901,-0.15547482759253084,-0.17452773681555564
ni_ar1,0.14801638113737464,-0.23825167241572998,0.147003276003273,-0.05622085216861889,0.214805052356275,-0.16326360666282214,-0.15776812489602732,0.17546269799052744,-0.2201239191551396,-0.17311965909296184,-0.036652422273789606,-0.17910237997206446,-0.30001273621575186,-0.3446231360874772,-0.25050766684302556,0.16966280521534688,-0.0012241285581423976,-0.14533242193627807,-0.1345377056271788,-0.12198124224884994,0.319572149406014,-0.1402791390296883,-0.14917209215779687,-0.2362082780605594,0.13308685439209209,-0.2729894243058034,-0.10532847761753432,0.024333607704763942,-0.020750574395175934,0.09670075985586071,-0.17525761035837892,0.08043397030266508,-0.1729962282646434,0.02833772770242414,0.013679815003518201,-0.044671251816326626,0.042913781767926915,-0.2817048293717047,-0.15720698437045844,-0.2317340628974282,-0.2172999784811115,-0.17851350112393222,-0.2377709643881593,-0.19042088425456982,-0.20329138754199766,-0.21779541290396937,-0.22512944174052954,-0.10692821049417996,0.14253381212754132,0.15803120666841447,0.15400993161717166,-0.14593346797485834,-0.16267743400690438,0.12668833857879808,-0.1241743311916533,-0.2098152210258137,-0.17789534092200715,-0.15773652454963893,-0.15178709668726073,0.03554687536378807,-0.09733618727189466,-0.11675991049776334,0.03929228698562652,-0.08767784286121452,0.07561383272047567,0.3269264476657798,-0.0716480280123126,0.1331592318129533,1.0,0.17205379983201846,0.018111324852215244,0.29061048911422016,-0.13274788566255863,-0.016594754342733935,-0.03360899225363114,0.17212927053932503,-0.11104990068668985,0.1277305625948018,-0.10695102563897935,0.11219240782738822,-0.03670902577692461,0.04023461281930095,-0.19351906084324494,-0.06987148743397281,-0.19697369519327124,-0.19791851375690275,0.15729040597641578,-0.08401596181245372,0.04781580286342942,0.03369677258030176,-0.18559350544242445,-0.16195439994603894,-0.14183082717091822,0.01809836667192848,-0.1520821374073386,-0.01441764525072959,0.06721390725805312,0.24777686411722044,0.0336053360617272,0.22325541611040475,-0.13440866259665504,-0.038773717401516715,0.0062206882223251,0.04540877423427717,-0.08494255387743704,0.01843392832581727,-0.15102129153224994,0.05657583378375548,-0.003313402719248134,-0.22910217689729068,-0.2852549646650904,-0.0013661427171922811,-0.03840695617533195,-0.24428433243406616,0.10009722310490343,0.05271685712480005,-0.07616451284569309,-0.10552880768088022,0.023496940418140842,0.09365539754028321,0.05776990226259726,0.10362078629514332,-0.11061705749508768,0.10719085824746737,0.016829315934433,0.08086782192051278,0.05187748038988193,-0.2812330581972286,0.06230366489818626,-0.2830034912867504,0.09084945412979353,-0.00559114524674787,0.017064786407777543,0.19880804627723955,0.15070243843656483,-0.158355325561928,0.054082751681769584,0.09035126307629424,-0.3049307456417841,-0.277523260491928,-0.31128597207169834
ni_be,0.0021622428071922245,-0.29861360513781326,0.40552127938614907,-0.3054453624797065,0.2232973503318268,-0.40615571227708913,-0.41832973300964293,0.41534221834751145,-0.4125725587157887,-0.35452735110384614,-0.04768175712939163,-0.09793955495577976,-0.19230241468875264,-0.26902866186450014,-0.393622536633766,-0.11303801898651968,0.030825460619954594,-0.2653954278579026,-0.2848882915873898,-0.24323152150421154,0.23337300319762738,0.05689286405721859,-0.3920649867815947,-0.39500403750502805,0.34037435187132203,-0.3136643941604659,-0.07053591735436412,-0.15957868811674697,-0.06674474171377036,-0.0665110578190074,-0.37547645909649585,0.3009810942570543,-0.37828708253567794,0.3031740277376562,0.13701085814084946,-0.053516743088083574,0.24832675175663496,0.12338187181361007,0.5091237343693823,0.269067349134996,-0.15647336690643532,-0.32915098086711675,-0.3295948914679968,0.07058805770702958,-0.10821706512850152,-0.05465955329381756,-0.1025685000419401,0.3077494702783125,0.34063769699501767,-0.008007864023536499,0.38453891593998013,-0.3715173779102476,-0.3887940709910377,0.11590966420838404,-0.2507704631158581,0.0007675981030532384,0.05751240806806464,-0.3616617798288132,-0.14773594235153317,0.04192725419981146,-0.034481371984569895,-0.1968196118834117,0.45110565731257296,-0.3044484824967465,-0.1685929937478831,0.3138486151664387,0.04545181389857078,-0.0014275977836599879,0.17205379983201846,1.0,0.6374603373273349,0.006404002723235979,-0.1794355343315268,0.4916482725579725,0.5674801980638083,0.2771866880173127,-0.2708085217123918,0.04510336671541025,-0.27850192147776687,0.5163344376636031,-0.2516241645873237,-0.32271376528318996,0.2693388994132588,0.12667407967541766,-0.018945235780020123,0.12936080480135798,0.43018565592447655,0.48265765899084945,0.175092148504371,0.14083423519874883,-0.29333576368113934,-0.10756446558669612,0.09591856358216135,0.544319651785132,0.4149785418266758,0.5025134550883449,0.24415809231332947,0.13161062656855776,-0.17364466148445348,0.08433311111943903,-0.1131804563741611,-0.1818946965572383,0.21497443233160946,0.1852759639207605,-0.09413769621340036,0.14539262238269368,-0.3297196894730042,0.1406981660960449,0.1662935073387199,-0.0011060870813273495,0.004585353695772025,-0.10455620672561047,0.07970004711234445,-0.029798553712629815,0.3242128780236222,0.33457038097339126,-0.42929353568087425,-0.42265954525807226,-0.44531460614775353,0.18112529247451076,0.05734142144494503,-0.11276496300515591,0.021777071504943058,-0.06782490824642132,0.13996271354025838,0.17359815946203544,0.07287916165690861,-0.384507452210575,0.20616304130010346,-0.19246345347019114,0.12872673350233393,-0.3451212727345172,-0.2982228052796444,-0.0411638779769289,0.5583145986871354,-0.14770505064221828,0.3146690334510934,0.5240643685891081,-0.13104861886805758,-0.11575093485742081,-0.17395053272910177
ni_inc8q,0.09379618283738955,-0.3730545198633414,0.3223573062068766,-0.23519879074701613,0.0569339490556775,-0.3554510138584238,-0.33140250862256637,0.2518143618885491,-0.3280235117968028,-0.09568089053617153,-0.030671893032432562,-0.06783873175126162,-0.18853272305794289,-0.2779988712474193,-0.31386049495422874,0.07340792750357364,0.16599840751974443,-0.27020956530383927,-0.23737992311206424,-0.20656293023193342,0.22216715513786772,-0.1467124842752322,-0.3832762099393521,-0.38989178355623527,0.14308751239648665,-0.24287245259138046,-0.04248189686667581,-0.15218394577797031,-0.04425927291694917,-0.07828037697110829,-0.2589178857318034,0.2965557338063507,-0.26039693673427555,0.2056753639573501,0.12367257552466349,-0.04843312729154875,0.24271375003992393,0.25276704052909993,0.3821482306277401,0.16909688675755827,-0.26440412604776564,-0.3253332087259917,-0.314201978051209,-0.13161468849887079,-0.1742575785902964,-0.20137902550860662,-0.23577051221265846,0.27951890173205557,0.2374921356138675,-0.0739905123670267,0.2244256824200233,-0.31558600028271255,-0.3774105893000389,-0.02192560652727335,-0.13488752117808211,0.023584690338684544,-0.021276800863859316,-0.3427613731061444,-0.13969679202351015,-0.2665697880083908,-0.03878814552350632,-0.2652107892901986,0.2742066389755971,-0.30761383791430497,-0.21218936648912898,0.1832044983011758,-0.13607065279356512,0.0236950151014934,0.018111324852215244,0.6374603373273349,1.0,-0.14903514648280242,-0.08639660485476487,0.24125949527206872,0.35665580297249466,0.07752299941467916,-0.24479038802484207,-0.05610148804750533,-0.24416378571376868,0.33532989287627507,-0.2547762000891854,-0.2774431979392661,0.0547984719451739,0.18793644449693062,-0.2395067630157736,-0.004931433670329482,0.18615976336631565,0.2736562651534645,0.08171152468950016,-0.050421173175837275,-0.1829061922078548,-0.07800324603652317,0.15223569438183582,0.3360695272246609,0.33956080707596753,0.28213023713527163,0.18616885815683276,0.23147883357402937,-0.12498849766769177,0.2556414230098216,0.06608635376890189,-0.015295870341022344,0.23328976836505,0.2751640631434664,-0.11944976288011544,0.1649265779464162,-0.05549909524816007,0.16013333009424277,0.218464275132166,-0.05370190311554166,-0.07865066603911769,-0.19992390896057124,0.031156157692983476,-0.06759477158689237,0.26448239050423494,0.2466128249296935,-0.40175736038331916,-0.34630359174688874,-0.33674923414107993,0.3643454881504956,0.11601874660954621,-0.027288699769209633,0.027313165985360908,-0.017551244367047032,0.14737639121509033,0.27562605519883987,0.0684311230606004,-0.3074765522584747,0.08619165433049707,-0.22004731583881146,0.07458478370934819,-0.22417161048999507,-0.30680223760325426,-0.22509956687345994,0.5040216315274839,-0.16076440692578667,0.2245959262573542,0.42871474243750063,-0.12938992933346544,-0.15203787320779028,-0.12201366757806513
ni_ivol,0.5466998997437473,-0.5470578560279804,0.29595382977502105,0.298862469625938,0.22057686791526696,-0.42845490086237653,-0.22276224187555208,0.40677384007094103,-0.47375747717418126,-0.1670561877228216,-0.09034399251106892,-0.12173070789029924,-0.4974686500918683,-0.5774688127952441,-0.43281263665976266,0.5419383201320356,0.19566858680208027,-0.39640638059062927,-0.4022054766210197,-0.4112000597346117,0.5497063672812288,-0.3873361477195625,-0.32313278855008387,-0.36952952237311787,0.2190638588442864,-0.13006059321292857,-0.07735579315890438,0.01525505155870038,0.01933747927379899,0.011017362331744997,-0.24737563931249903,-0.08077429264840698,0.14057421259099345,-0.23161664640076896,0.13143882728438197,-0.07924164027716135,0.25357116245068684,-0.6149550525285412,-0.3639140651849873,-0.6247441647428699,-0.4254105676551633,-0.4322626817434212,-0.42380628843348167,-0.4611878011144423,-0.5479942055384912,-0.6212931637752249,-0.6169767598987861,-0.3845831850108796,0.007356644249443425,0.27891393650868723,0.22255736712285956,-0.27917607014426327,-0.30551902980898127,-0.12767330776028318,-0.256490793376005,-0.6867459372497593,-0.6325165713752527,0.040845016464334784,-0.3103892215418791,-0.11325752117060738,0.22096638221758835,-0.36982131273159563,0.014495234432225982,-0.14117485930763815,0.2069407995819565,0.5794492165032145,-0.3849214187894666,0.31641852356782735,0.29061048911422016,0.006404002723235979,-0.14903514648280242,1.0,-0.16925848807274071,-0.11601503479233335,-0.3245492967695909,0.1616677686200832,-0.23226251005198856,0.06741579797971337,-0.2798957326560861,0.007055232519598909,-0.08044812887268463,0.1630161859366888,-0.23503269455658174,0.0437843440341175,-0.47995814322429803,-0.5712119917767755,0.22701625525509866,-0.3736007618589624,0.21006659973889213,0.01686153072156071,-0.3758984445825142,0.016320526236242233,-0.3334508236162239,-0.09977734376855836,-0.35372376163494984,-0.19529759081767512,0.02018670882560761,0.3517858245050868,0.12329674701709945,0.41844581774496625,-0.08932749004343643,-0.13472362337886085,0.07470606677560498,0.19277568382689003,0.01127427633060234,0.04396964050232534,-0.19157498903893724,0.003805293704878237,-0.018488473211704985,-0.6149037362239064,-0.5911820835559731,-0.09373964204209176,-0.22723623530635334,-0.6473932009133256,0.37996287618449803,0.07928849015569658,-0.19583566269985492,-0.2776783703452007,-0.001524590140774889,0.2796370303011908,0.025963536927171176,0.054482945754850784,-0.049919950271763894,0.042679491268524786,0.1297821081844368,0.2130026939601805,0.11770858607530657,-0.4198872326182519,0.214672901588838,-0.3594074001942899,0.1601179471138119,-0.020658559723722318,-0.13013260308491129,0.37719622268967656,0.31395282780556333,-0.39280055868628627,-0.15801456593798882,0.29952769488260345,-0.5756708204730467,-0.5973502631484227,-0.5668891660769676
ni_me,-0.06489609996698621,0.07740776867665719,-0.09798752305867287,0.2353750055965803,-0.2886179800250548,0.43158542868074,0.6144657026402202,-0.23857285938216166,0.4434819097180607,0.7132248964193673,-0.03837374651060986,0.29510457771957815,0.16019557836889348,0.2000177053907979,0.6193238779220964,0.16131875344209662,-0.06746151373865104,0.06881588607351988,0.07321511033701886,0.13256906117260864,-0.03537284008958193,0.17961029721596433,-0.02487854944064381,0.013548848152523246,0.045943928494411375,0.25386822802347075,-0.08390401075028411,-0.13284571032836093,-0.14931272967872442,0.09330225899463983,0.5833416620318939,-0.2120266227674974,0.28116721591577015,-0.22647679213999175,-0.34203946375749117,0.13838090681935042,-0.06577231787844955,-0.09775327832363648,0.008390548413850493,0.019589856197769144,0.609436460567751,0.32210949473979206,0.6436418034089876,0.2098717705425231,0.4581608102867213,0.06186437918878699,0.07096358782313836,-0.030866133327794712,-0.620912645697048,-0.08798686146356227,-0.0393241515683604,-0.03435218630830515,-0.07710906702385731,0.08882646908716026,0.5780120877103878,0.20681954648167894,-0.009033669554470158,-0.15402321873522132,-0.18512970516264046,0.07569075093585736,0.25715897840224994,0.2737722953238251,-0.38111713166680705,0.1271869492329683,-0.2125741914743734,-0.48578473500796937,0.07882395820655541,-0.1444811200573906,-0.13274788566255863,-0.1794355343315268,-0.08639660485476487,-0.16925848807274071,1.0,-0.2772448828066654,-0.3112796628848618,-0.4278257035560493,0.1592229595540737,0.07528545735602621,0.30218117223782726,-0.04540478673838516,0.2660884649166498,0.02716849573847622,-0.004202038228609347,-0.01959698599288224,0.288947810893334,0.04277276754401112,-0.035405869667546774,0.05056783107934493,0.15376919866851216,0.23626368125003033,-0.1645225835354509,0.5027057243771704,-0.2932399510417235,-0.3025246441769537,-0.06865947953571647,-0.009906509665039066,-0.29454662972691337,-0.2515919581552639,0.17293879006607268,-0.14607242720790142,-0.24171393228097013,-0.055077528173424026,-0.4330665639993149,-0.3114438271548764,0.1863497430489786,-0.28584250913347836,0.5070357198238844,-0.35153601995379496,-0.44829141882224643,0.06566660673627234,0.01592903168794385,0.10968588254473853,0.0031080207213541556,0.0513811808922022,-0.05569334692003243,0.1468115434154258,-0.005068699574420167,0.02499968858634294,0.45082615066074744,-0.07810365766297445,-0.09847394058558176,0.14231463256179455,0.023681986618790597,0.20902979853411066,-0.15850201468756683,-0.4211895069777804,-0.2389726444326601,0.42394371416018706,-0.026499923095685288,0.3117937184661905,-0.11859466705006336,0.4734821358280809,0.060632399947648144,0.09755825391754858,-0.3043413955884398,0.08214937184911433,-0.2557730161292009,-0.12312954686424626,0.14890263799986814,0.08329330842762706,0.18977396686763118
niq_at,-0.3534830978181791,0.07063202895504819,0.3076796830937003,-0.350708152964572,0.4305623566694154,-0.12575943230585876,-0.5022467603544847,0.39538951185720506,-0.22821758169097417,-0.40097447577553624,0.016600879971312557,-0.01327185426152368,0.15226532058195455,0.09747603174660724,-0.27325665892039575,-0.42213023451315557,-0.09481002577871225,0.046656508314055004,0.03832967442203354,0.08276338509981893,-0.14017861979096072,0.29518976587466356,-0.08720872634204627,-0.10644908604836106,0.34542264833810016,0.0012459709582717268,0.04544121758264055,-0.07166524527882183,0.13800291557228617,0.07703869896199157,-0.4331312965699918,0.15978944719459715,-0.3355249999109659,0.4588678881882234,0.14956492693807355,-0.020555691630843743,0.16870216145459221,0.19906320340808203,0.6932982576884188,0.41479275620055783,0.057744076166854855,0.017929198722519656,-0.19185595371693132,0.29059691676967997,0.13723024002966486,0.2271405640811146,0.18377251809826975,0.4212399320811772,0.25670099060612106,0.005513375894828632,0.4121968804076715,-0.11208909060712091,-0.08864300662383763,-0.0033700621837408776,-0.43428577291201875,0.291429453460773,0.33197930921959473,-0.12889286610077993,0.10708657823719275,0.1735941629444242,-0.20201646462803557,0.07675858349948828,0.7107461235927426,-0.044774264127533506,-0.1947450852934768,0.07688094985623699,0.3384727144216055,-0.023453559298404574,-0.016594754342733935,0.4916482725579725,0.24125949527206872,-0.11601503479233335,-0.2772448828066654,1.0,0.7156478949209094,0.3469598735495054,-0.024953926556170583,0.10803344961198452,-0.04134492047771635,0.4814491388020372,-0.16718303298691878,-0.3392464367982949,0.5906074235851067,0.01948216591711427,0.23354286238323863,0.4265576585672559,0.5095193484743565,0.5697843803960781,0.25073927027476395,0.08885238639528133,-0.045163785816235195,-0.39751677741802444,0.2980398822994686,0.6024318659876878,0.3836807943933341,0.6603712899878945,0.34064428545194636,-0.09070145056145822,-0.24418165930730062,-0.23434911233522882,0.09451571551392428,0.07999444930513364,0.2469844592147012,0.15851190890905997,-0.2544308394105528,0.17791598805046716,-0.26558531043607114,0.22023852707397093,0.2147575544738004,0.3083597755673859,0.3772096911748391,-0.006432484877182747,0.18987474965133583,0.2720977081235021,0.2894233600714198,0.20424131732217093,-0.3208350208288473,-0.2761157827742636,-0.4630024748467339,-0.029235656573877673,-0.014369722707334321,-0.15311939254955415,0.0631264186909444,-0.1331051653628324,0.13389739535173528,0.1319917034523138,0.05904723569429553,-0.10303676014703654,-0.020524448120612118,0.03844540798139588,0.07777373955541866,-0.364190164250144,-0.237820347158225,0.015428949388942435,0.4687722217180478,-0.02320886329697318,0.4415632561953569,0.38408643794329134,0.20863222012539295,0.251085877942767,0.17909034152238634
niq_be,-0.4041705290752413,0.16445679701291688,0.1389226819666567,-0.4164089007697406,0.2861139994798505,-0.05361361495304344,-0.429078304397174,0.2311285175123666,-0.08413804029323778,-0.4383244247642239,0.026329331257507922,-0.23599386539502973,0.17911773410909887,0.12492153677470459,-0.1772929153916793,-0.549065929871776,-0.15621629359438838,0.15921159911211663,0.12727555283932496,0.16285636918806945,-0.17176095361720262,0.3438769722104137,-0.07538312656026243,-0.06611045908914392,0.08300877335017046,-0.05182403887521732,0.0333210867709096,-0.14832002422314386,0.15088455266515804,0.0055608793974169755,-0.392998983711018,0.27440651853144693,-0.4307654805026798,0.49662441737790547,0.07409363544174552,0.0637885624978208,0.08304303407345331,0.3637907607435768,0.6533034226752816,0.54251841971435,0.052160571305564604,0.045692073638457814,-0.14690486077668985,0.36708476223774084,0.15042373063444617,0.35771677180691164,0.31869805761372694,0.4714266405063363,0.3429528002898965,-0.07149859622062896,0.2426817415592001,-0.059558290267329256,-0.0725808412888286,0.012812177403209946,-0.35410318916041583,0.38327453911490583,0.43769704842451074,-0.17856503230826945,0.17080715011037867,0.18242352931238082,-0.2571634243274762,0.12425627355704372,0.5699964862303029,-0.05156245680491646,-0.10464032291524245,-0.057778112522585204,0.40346330456999485,-0.14363299748979205,-0.03360899225363114,0.5674801980638083,0.35665580297249466,-0.3245492967695909,-0.3112796628848618,0.7156478949209094,1.0,0.35228204572035826,0.0018883795949602242,0.0449310531023538,-0.06496094215337885,0.3443933406679367,-0.21104351931681978,-0.3914168212113833,0.4279402344371156,0.04002736117929728,0.27547389838783376,0.45834983599549933,0.26785259716319376,0.641837682697735,0.09019305497592547,0.042608777980353785,0.04919625480827995,-0.3396004096132681,0.3628037918050284,0.4933710352604557,0.37596661459326086,0.5423293590690679,0.23368388371659665,-0.07066645242691826,-0.21665077367128405,-0.24267077386461874,0.10288007404284669,0.08027164809136533,0.24028672790157313,0.1277388372421551,-0.12605753922879093,0.1251720301165128,-0.3504369075785626,0.19777433939286787,0.1979375655686645,0.3866063534249686,0.48085756160877957,0.020366231568993323,0.22575830125519072,0.3666268318496275,0.08912431818220828,0.09978494720127852,-0.24289515656178076,-0.1894889916531159,-0.38991978781487946,-0.0886257226781842,-8.699025808877719e-05,-0.2497648919794829,0.08131467685413793,-0.17498760826974372,0.0785934274696341,0.10809125848096046,-0.0007635759397818419,-0.03413380502337889,-0.05317857081584475,0.049532433815380486,0.0849955266843153,-0.4056010651087931,-0.10205383635558343,-0.1359294910521451,0.31756625684206574,-0.030951494379194484,0.4631796074832874,0.32285124305283486,0.23334125890889684,0.2843882953254795,0.20973025988564978
niq_su,0.07668545239476629,-0.06494116981405613,0.0410479069240062,-0.23521385159100802,0.25637919345215565,-0.21046370276203216,-0.3516774350554197,0.28021070196493597,-0.29484664556739004,-0.49828300485076166,-0.03874863250033765,-0.23094218919522297,-0.193738363919814,-0.2925318415139583,-0.35178085278689175,-0.11348333674538635,0.08568315466664018,0.053871447198367506,0.052125258043160885,0.09758379360387562,0.12614429083565076,-0.09510595233785869,-0.0950934253334621,-0.2687250254085339,0.005627450318708831,-0.13280311337109835,0.14489944245118555,0.1434561319081772,0.2699150291766992,0.1611778103145671,-0.34059449773954686,0.3511635323675521,-0.2978932632532202,0.22285957194754122,0.2454915667915243,-0.0002505928959027343,0.12874075772024493,-0.04128545296303051,-0.005836134541660718,-0.02221421445806383,-0.20633282640061162,-0.13467640437123057,-0.36383488504582007,-0.04732581268220217,-0.19873876277523445,-0.06035465651240293,-0.06376872194555108,0.2986433196558872,0.2909464616964633,0.262176431157117,0.0298363695603132,-0.14644510497102398,-0.04398416828389502,-0.0716106469994535,-0.50959983044282,-0.1762404524868993,-0.09966576820344444,0.1268216375000244,-0.01943910220277622,0.2191170346428133,-0.13971333706739383,-0.2003786698089961,0.31742514074960015,-0.13836507210945254,0.07235932585561258,0.23517563768072078,0.10466754477812708,0.131448041804273,0.17212927053932503,0.2771866880173127,0.07752299941467916,0.1616677686200832,-0.4278257035560493,0.3469598735495054,0.35228204572035826,1.0,-0.1362484818486372,-0.0367016780223747,-0.14363974360627463,0.01711827796252969,-0.10295282090358476,0.0063154705567160675,0.02574264872545101,0.015943072602352955,0.011487172490253241,-0.058200484599211504,0.17821925538830996,0.15061460508682117,-0.024116929708445443,0.04513494206121711,-0.053047182544305974,-0.3581382846882022,0.34990782069203047,0.05165711544350251,-0.05845746036271477,0.05083556491628399,-0.0059221933954092445,-0.2012347399395883,-0.3600257546753969,-0.12880720268423407,0.21472996204894923,0.009138556647352858,0.48577585517393024,0.4145158912346205,-0.23805287417445525,0.332394362175205,-0.3154637794315255,0.35756778728963967,0.3985793852478265,-0.18831368849056107,-0.03349156057908404,-0.2579761397794622,0.037211576391990735,-0.1828250080499929,0.0342576960926066,0.05396101684831181,-0.23784559371105127,-0.050540359407239124,-0.31332212513692037,0.06479272135724895,-0.05830467589887087,-0.011214807431821084,0.021255832221583462,-0.121425909358484,0.2688278152658809,0.40309002203022415,-0.04833718784057269,-0.2800376883495819,-0.014934624659608906,-0.1933393008948443,0.19053160189926893,-0.20780280328008555,-0.03463580953079698,0.15413014208367218,0.4582124379807516,-0.22996968047048133,0.27060548770743703,0.0610637737006379,-0.2526029706623826,-0.17741026501805737,-0.27169362344068754
nncoa_gr1a,-0.21954089791943066,0.4727004520562181,-0.3343402172114509,0.14543007637879668,-0.4705028552595225,0.38700192743604395,0.23135192059589535,-0.28930185359834903,0.44024536547633414,0.14441272995745238,-0.1649845948192763,0.05667479151550181,0.18810125856904564,0.2961091568091058,0.38231776116931515,-0.1532843520988853,0.2463077655999548,0.11213287001293393,0.47658529298385066,0.48153187163608774,-0.40150474760504806,0.2965771414678495,0.3713026259362742,0.4325782446887849,0.10641716451786656,0.21129373512866972,-0.06799986309973093,0.04227420530076359,0.07226879172870868,-0.22571310651550022,0.2144284782463079,-0.4797107479595024,0.20085487117007872,-0.10403497540159337,0.1433094847219573,-0.24836769734025022,0.18151827253760036,0.26325741515440915,0.05763578410588642,0.2670056150178062,0.33433145017932164,0.4568100679259358,0.3731179002328263,0.38599662619602637,0.28119411724447896,0.4328412674150896,0.4311750055376732,0.2637237724813701,-0.04155963730232913,0.025310343511236757,-0.27931141543042703,0.44655438601952363,0.44367557022441984,-0.04068572944322237,0.1807125623010652,0.32229175287731066,0.19296438044766206,0.21309347152372404,0.49943880256358897,-0.03827956351473228,0.18612829297914213,0.603276960669435,-0.20187648287514065,0.8582002622824836,-0.32600126658917483,-0.3565163916415426,0.08166997536132606,0.2356149292810691,-0.11104990068668985,-0.2708085217123918,-0.24479038802484207,-0.23226251005198856,0.1592229595540737,-0.024953926556170583,0.0018883795949602242,-0.1362484818486372,1.0,0.5468094831424735,0.7614156216784272,-0.0711791493174832,0.6274711370203305,0.09434828541597966,0.09134861745293824,0.007215935846495609,0.44142918516050633,0.29338831022359213,-0.332254011434675,-0.003802778901511334,-0.14545841161881579,-0.2319024663177079,0.459092100963733,0.1999271811630148,0.059324370568242434,-0.07927913539610912,0.21341454409952648,0.06239448293337085,-0.19791796803223974,-0.18219996275927533,0.030495611086848815,-0.3519007720448768,0.16472289198607995,0.36736606378321746,-0.15993958183286747,-0.2873004503789094,-0.2310315472151839,-0.09498623412729221,0.2002109559146595,0.021100016484392633,-0.04740976601590801,0.21076789372258115,0.3512496349444535,0.13070290324395867,0.09440898164448977,0.2205317804545921,-0.2996808051695872,0.27295421470921,-0.08013268189558564,-0.10354742729715863,0.2104005719424533,-0.34716518544829467,-0.1279718488104862,-0.12155390797651786,0.014479704774380077,0.026927184540174204,-0.25966122618250953,-0.13281579684691855,-0.22583858250136452,0.31178689825824124,-0.12816138098772634,0.2740869074501192,-0.09429241934061286,0.30895524105561545,0.23636286474381032,-0.2390719926243122,-0.3380587017675708,0.10338227570298462,-0.1483401384543327,-0.3606410704227822,0.2678801732640909,0.24175976355314044,0.2917050417286336
noa_at,-0.11198618154371057,0.09978851252517425,0.047360484897419806,-0.08295100864672736,-0.20358361746813147,0.15426676846173903,0.008315307321154762,-0.01664282487972527,0.13167528085973437,0.021033954408043405,-0.1014769404065153,-0.07875415148269758,-0.08883054855933899,-0.02868527906793746,-0.002528050838244149,-0.003635219571188604,0.22686776770211173,-0.07586381947068144,0.15239042841943184,0.1793463862507571,0.059135472681985074,0.16706867403038975,0.0797658694514202,0.02355141706642222,0.45139849713537206,-0.10194386825329857,0.002569852824981158,0.025581779857030307,0.001309388189979647,-0.09113539253400973,-0.0057473727237789705,-0.4446522465851616,-0.08893967354435464,0.06007550358652065,0.043773332329788917,-0.13381326526068904,0.16832584405218146,0.06951890005341888,0.041855983400804195,0.08329604316974089,0.06235066150808336,0.19541395456367897,0.014897059902841198,0.1780633417384234,0.13594314810471048,0.17908211288618484,0.14750330046128543,0.14219055140586068,-0.009657260500165434,0.12405410995360279,0.10831941585824241,0.16715696797597296,0.17024500474828075,-0.0828628488907529,-0.1466098113688563,0.11566208847664733,0.040549082757036226,-0.1666278079509862,0.09235916856899917,-0.06301762036336402,0.06781891726018056,0.4720131720872819,0.07168051435523466,0.5501064861514289,-0.34611077437727783,0.03815545665255625,-0.017163039461861943,0.3412108292329365,0.1277305625948018,0.04510336671541025,-0.05610148804750533,0.06741579797971337,0.07528545735602621,0.10803344961198452,0.0449310531023538,-0.0367016780223747,0.5468094831424735,1.0,0.5340820326467615,0.31861853794135253,0.5001145399633383,0.141128964074414,0.1486151855679397,-0.0078039043667473456,0.19733002498829183,0.029737912728593,0.09346342169410171,0.12692430198629506,0.011558550967887304,-0.08444115031250009,0.09615381003438406,0.02831810294597866,0.027227365549038245,0.13287992838301452,0.07229232970492189,0.302580428174428,-0.018995094207321907,0.099545069014745,-0.07546182116820682,-0.0011053898061419319,0.031785081070510965,0.24962742012615607,-0.07492224591107205,-0.14699960822516772,-0.26071511909307316,-0.07685209567226028,0.049975978866760945,0.06924029666053975,-0.008965915170261967,0.013099387509173442,0.0445449581453156,0.03206935866028384,0.06454277993469379,0.00668404779844185,0.03533080455869443,0.3787528076779036,-0.2004845541297128,-0.2262246200372817,0.0921681436071481,-0.20746092733368998,0.045097367762759154,-0.1211877039205194,0.012041698194047684,-0.02770362527081079,-0.19091771748445768,0.0341425024503227,-0.17495524855214586,0.0426914515016628,0.06385509386651247,-0.048578786119992015,-0.03946097785058047,0.25698794594956303,0.09714260200658523,0.1236818705830162,-0.10011491527260143,0.02868068449431703,0.07550380660558173,-0.06329777451405397,0.02820850714310547,0.028393448690230416,0.039915553933627806
noa_gr1a,-0.322121009085005,0.5027859886590818,-0.28208531725246566,-0.006292414763885092,-0.41364124153273896,0.5298491484434997,0.3277453859269629,-0.38011619123124873,0.5473938460521834,0.2771384839409852,0.11080248910534188,0.21836693152320147,0.3331572184340437,0.4062131497339523,0.428408314379363,-0.21081672597613352,0.23175270339408371,0.16645130619618737,0.4941223315379706,0.5138665696780533,-0.34319707880747075,0.32389175882890153,0.5031247249726618,0.4587902429748505,0.19680645080298062,0.21768243991657488,-0.052291194612649874,0.23502653867218656,0.08621346098074095,-0.11185460446014009,0.3309953759568473,-0.4622989589654402,0.07108579797335018,-0.021382851474803965,0.09214507516091594,-0.1853351909492264,0.11622473591474736,0.2575180060597366,0.041494017500791194,0.28862399322072063,0.3794902284148066,0.6204500224367206,0.42952313607912385,0.40279536977569363,0.48129027124694157,0.48016229016477774,0.4705849333018147,0.28895958867727933,-0.1608279028128689,0.07959800029190027,-0.2952057122704179,0.5239649998091475,0.5028806097629601,-0.01783238866298932,0.20922371879174484,0.3856627817488494,0.32258525650048514,0.13956501294476997,0.3692274495951693,0.04359883150377352,0.042421236516769704,0.7118638522762919,-0.2089589309612289,0.7301643708002303,-0.3590156071928037,-0.39367600654614965,0.12101292432836161,0.2648341723257135,-0.10695102563897935,-0.27850192147776687,-0.24416378571376868,-0.2798957326560861,0.30218117223782726,-0.04134492047771635,-0.06496094215337885,-0.14363974360627463,0.7614156216784272,0.5340820326467615,1.0,0.011461796616222212,0.7438432365902055,0.18501091973461636,0.15998351504255529,-0.011278731369405385,0.483958381036441,0.3166395098815133,-0.28304826670086747,-0.0005505579110453541,-0.21851962893491106,-0.14909475454864013,0.3959948280733914,0.14796965414493118,0.17754302722701526,-0.0365746859246153,0.17431448667301294,0.12100259150493456,-0.11446780983373335,-0.3058609591950129,-0.07079161441667298,-0.3505873783769869,0.13648079571995497,0.3544416679549627,-0.15295937997849982,-0.29242145551778626,-0.2448240863170275,-0.03871173774152388,0.28753913272348464,0.032568275884112576,-0.053820611229282125,0.3183168108755372,0.3254525348716663,0.09278701040797152,0.1339385596068402,0.3483147525908945,-0.2939719156586019,0.3242727498815321,0.03173161387014614,0.023241778501635786,0.20904717400238548,-0.364474585672989,-0.09276908765719423,-0.03609337424239264,0.010845874304627611,0.1444486390237551,-0.2890553503370087,-0.11484104479654446,-0.28013966149361264,0.4110418536208445,-0.0995374706848331,0.31068620554538173,-0.053015206631187264,0.4610661494223336,0.24319753615593365,-0.11668050712614006,-0.40412160788248025,0.3159570085282525,-0.06384387635597077,-0.4451876442548893,0.3903940294267747,0.3774209082372856,0.39839262843457135
o_score,-0.24535169212264102,-0.08295474740899993,0.4504726817795991,-0.4784997607178441,0.39821810974841626,-0.0811398333528158,-0.30589227694573706,0.21702422552699926,-0.1983029998940264,-0.13766801052274105,0.02176246362835522,-0.03855812863377976,-0.08107172780375407,-0.12919499338981177,-0.27819443092156243,-0.19710052597866318,0.019232731187252435,-0.022776848770238285,-0.027221481728335335,-0.00790471138002079,0.0735845706355046,0.296644120312908,-0.08034705570895471,-0.16539030474629643,0.4418447301826921,-0.4377312282929882,-0.08424442858214158,0.021410963091246252,-0.03487138145718631,0.09471226959017533,-0.3067529006253354,0.06238915919144976,-0.5402758540088388,0.4916011865508889,0.12481444945126657,-0.10088833374619971,0.03551477757409978,0.026541898535791978,0.49225052650906015,0.28614542275526933,0.037403512489240814,-0.008821413008591314,-0.1763039633892232,0.24201891612066456,0.1802316023097801,0.16828418770733772,0.1255890285673736,0.2766734589619409,0.16855606091602915,0.0931291253720164,0.42207850514093925,-0.07740987404780537,-0.13941543687734026,0.08015130779062563,-0.16823013015965083,0.24563308922814714,0.24537075112335452,-0.38886784603058316,-0.050315102252317584,-0.002866886733629953,-0.08370598490986553,0.13298856787306845,0.5234266472206298,-0.10171159913669556,-0.1875820205015143,0.19887114979555823,0.184201425734748,0.1200700146432592,0.11219240782738822,0.5163344376636031,0.33532989287627507,0.007055232519598909,-0.04540478673838516,0.4814491388020372,0.3443933406679367,0.01711827796252969,-0.0711791493174832,0.31861853794135253,0.011461796616222212,1.0,-0.07235315111978444,-0.08079440258561638,0.46277989121766444,0.04793894228972638,0.008966836522815314,0.31938094281656365,0.5092355993527777,0.46088342618598765,0.1432868790778489,0.06068011514411716,-0.11486066425387197,-0.11782110028901237,0.13828765037694585,0.5317670870541334,0.1850736505334465,0.5582699114716795,0.4071541678043631,0.16015569648447947,-0.050121925874004714,0.14010600256120154,-0.0032090072323630557,-0.061164511234981046,0.04326265737544782,0.051045198946380564,-0.1308325729837591,0.01852408928018357,-0.06615087167204703,0.03803878818175107,0.0636836074823936,0.18040675600847278,0.09520054985406776,-0.1148875540964354,0.07193350602710616,0.1632612249990078,0.2650815325899758,0.2154064929718687,-0.10184452238668651,-0.1090237416078504,-0.32359751271215564,0.026111110135184565,0.07884670265972125,0.0016098983942806648,0.001973436797486674,-0.05970980867393205,0.014566621147782908,0.07146026618638801,0.09625697299770547,-0.13459755164851392,0.07134950177304397,-0.01449684116677092,-0.06332917183787971,-0.14974425224490534,-0.18761581530068758,0.1550074684803613,0.22242866072017592,0.08474478003596866,0.5039864320984655,0.30164671129452114,0.057706942531694824,0.04009949417159252,0.019781553506790388
oaccruals_at,-0.1497833552528238,0.36741356568582256,-0.2648449733815851,0.04699720915036578,-0.44380119555791436,0.33477960166172027,0.314656918548188,-0.32839147722153983,0.35450331625224574,0.20533211691790307,0.10306921059546495,0.20531334763156434,0.19671683936648493,0.26161401403847995,0.32219070667467703,-0.06074079296784561,0.3127410416891313,-0.07360432355019972,0.29702462914415617,0.2902991079105613,-0.21436163375066034,0.10599478170714294,0.36483196624792885,0.30155122696843806,0.2824792725936342,0.1689393574886098,-0.02566206997996151,0.26100484098921356,0.054082824876932695,-0.1675310274502945,0.31994819523143797,-0.5419136822471565,0.1343434729620156,-0.09939324131127214,0.13686695690147524,-0.20031176917669666,0.18336052752151483,0.13046181799818934,-0.18852609515751084,0.06655938109156075,0.28317032702926986,0.46759048514508067,0.32485133746347206,0.20532887296216087,0.28015905137056235,0.2959472333653488,0.31153288724636496,0.19795248224395445,-0.08960490443528193,0.10146537268435248,-0.2864773391924006,0.40106213098778865,0.4230883719094657,-0.03788076138093743,0.16912209608359297,0.2211121590124462,0.14837778266009413,0.18792835207785716,0.20445543228889657,-0.07234718833591232,0.052769994248322835,0.5377721092758183,-0.2542480349044821,0.6125131491921615,-0.38933504024261967,-0.2494538474887824,-0.12176242690326003,0.35285247229979166,-0.03670902577692461,-0.2516241645873237,-0.2547762000891854,-0.08044812887268463,0.2660884649166498,-0.16718303298691878,-0.21104351931681978,-0.10295282090358476,0.6274711370203305,0.5001145399633383,0.7438432365902055,-0.07235315111978444,1.0,0.48038062449077185,0.07843419105152613,-0.017714856440597435,0.45990698945343916,0.10159024499096624,-0.259761327757398,-0.1308793718093666,-0.20176244575978788,-0.052442267380484825,0.2393105715777494,0.11524427277004168,0.06716793036483956,-0.04523799193168422,0.12418920756304944,0.07615656035052479,-0.12751127036319745,-0.2608145453259797,-0.026404113435357146,-0.19530932718118682,0.1025197972593426,0.3252945158098449,-0.16264664854287447,-0.26986403741329956,-0.26105739452136156,-0.07083535953494137,0.21269834540879096,0.018534787809972728,-0.0737968826014215,0.14625796619893405,0.04013382112528435,0.031546363761306734,0.045497121858854156,0.180462492136579,-0.26669215473879904,0.3911409506255291,0.04412611490668077,0.03896422713656279,0.26878997460103604,-0.2559822292522181,-0.057772150860339155,0.04023854048147442,-0.009322973029502732,0.12167911550485618,-0.3073423201680269,-0.06375964822039379,-0.23409115408547515,0.2833110014007876,-0.04040778745874775,0.23725194099242525,0.024654413676852387,0.5447707539214849,0.35604021331786384,-0.032636323961339496,-0.22249896556263724,0.236634011119189,-0.11174913798380043,-0.4046050836397681,0.22506772708148415,0.20788094070855545,0.23684176797735534
oaccruals_ni,0.031395599735679715,0.0470345424567189,-0.2013205312417703,-0.02018886448118317,-0.006686474863956534,0.05326635813384512,0.03269020133160278,-0.3029637625089597,0.03862221080380261,0.02559951414231194,0.0026266745500857407,-0.03944434176054367,-0.1731911258520636,-0.09527346834397138,0.11039458502884955,0.1716666150472505,0.024501391333559844,0.00027710779496949807,0.02248745846359233,-0.010643751131093223,0.008777725084049955,-0.16705951072268924,0.19368015160455962,0.07120304930345422,-0.0591975093442759,-0.223930282342259,0.09954570630813259,0.33116888163843883,0.08906255168721731,0.12017273216486184,0.014684295301620427,-0.15024463549171296,-0.015507087751582316,0.04036089498053999,0.169970757229089,-0.022333014737380228,-0.1002219514271413,-0.13080774305814594,-0.310018530820573,-0.18336810519325655,0.031478160030445415,0.023055288212960004,0.07455144277553495,-0.12794822807469766,-0.0717643821541176,-0.026867591813554685,0.008327860948135892,-0.010252685326880628,0.1135741031818892,0.1919824527688879,-0.21346462600984337,0.16282360887014907,0.23019738758446248,-0.02446592985833697,0.004852905839645873,-0.09622979330859432,-0.07850608189749791,0.1912248354076849,-0.028710733498179125,-0.04457538692502673,0.015989941241866285,0.00014491296386512302,-0.2592265810011426,0.08382312494218619,0.009767747175179604,0.0653435673782402,-0.06632514542669474,0.2594869289719059,0.04023461281930095,-0.32271376528318996,-0.2774431979392661,0.1630161859366888,0.02716849573847622,-0.3392464367982949,-0.3914168212113833,0.0063154705567160675,0.09434828541597966,0.141128964074414,0.18501091973461636,-0.08079440258561638,0.48038062449077185,1.0,-0.07708221157725022,-0.0654432666832801,0.04951865575322464,-0.16207533179209013,-0.17635624147568985,-0.2535824923111999,-0.16289023693038018,0.04236832118693548,0.07102917816836699,-0.0022041528424477704,-0.11034131818080847,-0.26014071444534925,-0.23573706633148397,-0.19646483444612278,-0.2202510698114049,-0.023423822771505134,0.12746752367666964,0.04412246239786355,-0.049917850621768386,-0.07270002517393775,-0.03394417579493873,-0.03639137855345023,0.015521248144197286,-0.14057550260885776,0.05333609958136121,-0.1393128093595037,-0.0893962594320743,-0.18116791205300026,-0.2922315503609739,-0.13901381824936176,-0.13163324355240758,-0.09596014549005463,-0.17509353968690333,-0.07732508066675782,0.3375996680959935,0.34285960882779437,0.3041235180598859,-0.08891987831918681,0.03151921873811887,0.20539355525728586,-0.06500089152463506,0.06042347879959744,0.04304039958865909,-0.02218435429210537,0.04363683050270421,-0.07914108634396971,0.10678486658959307,-0.06410744872853386,0.00525711120717592,0.2787538658044263,0.45854311740572795,0.2044116617973855,-0.20648114471116666,0.08621294906094865,0.07113873866920316,-0.3033762652511659,-0.08454655185712606,-0.09292065078027133,-0.10243498757531412
ocf_at,-0.3899462472591907,0.20359990576546075,0.2465371805337704,-0.3157297633568293,0.06268755295745881,0.08687335133846108,-0.053869282631965894,0.1876777571887156,0.08165283936967341,-0.0393066318503095,0.03951317818332267,0.028875566252130024,0.2893245629387698,0.23560661997374835,0.030025944204964756,-0.31648279096936927,-0.18395483300651488,0.10217882396351158,0.12153048278499223,0.11363140268449683,-0.2288096169883776,0.3266680904351552,0.13995245945277335,0.10300587717936566,0.4413836742658661,0.11821766400989876,0.06840131343475855,0.04116587564438115,0.066334409404932,0.09551271694209197,-0.0613168973884764,-0.05947945120324934,-0.24314667531512746,0.43995637458316167,0.15532969325123658,-0.003042137564053661,0.07372757361075781,0.28976727636840927,0.6214090681372543,0.4195639760220047,0.26153639688227354,0.13683109950239675,0.08997400867340045,0.4096981229798481,0.31826028187008076,0.3666247645994862,0.33735580611325283,0.3207698629839135,0.20824719574411144,-0.053751085551230045,0.3830792032873918,0.05520428265929911,0.07566846569722152,0.02391182107888839,-0.23475600700858162,0.3840739146582102,0.3573462987895083,-0.02436962385995153,0.15493199248519388,0.127340370858198,-0.07625236310057941,0.26931227475763175,0.5332946903731568,0.07450513814733423,-0.19440880398663213,-0.1202852771150157,0.3535159439181196,-0.022139672026087343,-0.19351906084324494,0.2693388994132588,0.0547984719451739,-0.23503269455658174,-0.004202038228609347,0.5906074235851067,0.4279402344371156,0.02574264872545101,0.09134861745293824,0.1486151855679397,0.15998351504255529,0.46277989121766444,0.07843419105152613,-0.07708221157725022,1.0,0.021381938724660897,0.3718750849696768,0.5565736559881973,0.4322834810362684,0.5049222872859509,0.2248122290374551,0.04529469102564071,0.0388413272614062,-0.06552126430448943,0.08906390863479907,0.5146286981449982,0.31940170950074287,0.668015079237885,0.30468701988523694,-0.13477290475701215,0.03264672938551205,-0.27242797350922976,0.015126687006498519,0.06280709072498183,0.024083810495648634,-0.027255071842900054,-0.042375999802059125,0.010087553508962371,-0.02656812735123365,0.01624666142829475,0.016474100760648064,0.3721273599858087,0.37229917231671605,0.0533095321509217,0.21207639534694628,0.3338041786489338,0.2213628491598305,0.11194805883389164,-0.09063291693374129,-0.09679584838076558,-0.18413603448530874,-0.21012488779661687,-0.029155039118533174,-0.12757756756002467,-0.013970749320783153,0.03357017447364605,0.0029654896572888258,-0.082766731599277,0.06061469178061947,0.01714497959140293,-0.03567504714709867,0.18062759793705485,0.012650929911993115,0.010762398518769478,-0.09618834346195189,-0.07323893702228851,0.08148361501758242,0.10053113000862096,0.41162714857580385,0.19713399826502037,0.3138492012245756,0.3084299744270156,0.2912442456798369
ocf_at_chg1,0.11012856809196857,-0.08542635858442343,0.03299508685077512,0.033339978509236465,-0.0008423194141351875,-0.06630697483826001,0.00012802963988970632,-0.07946424332040578,-0.0786891931824765,-0.01181731782042118,0.005764247125552282,-0.004323647347128535,0.012324453651042226,-0.041512670500586685,-0.14752703293282793,0.026802833926877795,0.1407911133173985,-0.06545465362423414,-0.07069969939032601,-0.03219400414109118,0.10034993429384846,-0.09578539119504818,-0.06701814085367228,-0.0973670746656114,0.09960329855905126,0.09312845445851219,-0.1257900880347661,0.06498710850819453,0.14592666152746134,0.05157945940818199,-0.008252903572290223,0.15512296412510362,-0.2335137656816228,-0.18044222928860162,0.18563269697132126,0.011880201082674704,0.13385444611439232,-0.017086332526771983,-0.026549157754159565,-0.029942800275553547,-0.12409756817995599,-0.07780038578744808,-0.13710867087919454,-0.09679391415297603,-0.09313502312854878,-0.07368764374073453,-0.09274152147571488,-0.0071332958318939535,0.23991353001574356,0.18811051488783642,-0.012182898774877798,-0.10831624074425587,-0.05868595794379535,-0.024119150871422555,-0.10384864072644515,-0.03850364880893202,-0.09281456309782167,-0.06575350382274417,-0.00916628289562323,0.002118348188757958,0.011580858945347446,-0.10026977932375974,0.08258175948805604,0.010545822876848012,0.11451731313870644,0.05855315364831644,-0.07059854946208774,0.1459183629115472,-0.06987148743397281,0.12667407967541766,0.18793644449693062,0.0437843440341175,-0.01959698599288224,0.01948216591711427,0.04002736117929728,0.015943072602352955,0.007215935846495609,-0.0078039043667473456,-0.011278731369405385,0.04793894228972638,-0.017714856440597435,-0.0654432666832801,0.021381938724660897,1.0,-0.13947404083600393,-0.05089410224499507,0.07807023804176938,-0.03229981912717385,-0.0007163175809591393,-0.034425860363124526,-0.12005418547505581,-0.013886678061347635,0.13002281112064756,0.11261092056046487,0.18715293166907934,-0.0028710600379672022,0.08266655221844918,0.059743579080459505,-0.11202246356632004,0.16570769635754873,0.20724708613536352,0.14995890282632832,0.01332003824242586,0.13827861246796247,-0.0026380024245958628,0.014049867093549575,-0.027142034891875506,0.009076551637321443,0.009229188365494037,-0.055002479969799054,-0.0621121859473267,0.02312077944458512,0.02002215875465932,-0.07769916664001339,0.052703138383918886,0.08959240941580207,-0.1913459118528811,-0.034957487753522934,-0.1196603276830902,0.14863506213952532,-0.10696200901312888,-0.022713021997756433,0.06121841280551639,0.03264193534613177,0.03897244772101228,0.21786358461610694,-0.010963479009120269,-0.027635227663595663,-0.04942121060906443,0.02201193756071068,-0.09222256246947634,-0.09434296491674873,-0.12718966455326594,0.17657971151149643,0.252404768409719,-0.08486539138246998,-0.16864812410007085,0.04900738133928595,-0.0910942551064001,-0.08608883612012744,-0.09225182447978467
ocf_me,-0.5635420431147011,0.5751234640121664,-0.34637300460765297,-0.15248899669217061,-0.22340202989565716,0.5051999401612244,0.2901473006395955,-0.21692314865592982,0.5298697763676281,0.2533298147205728,0.024358528907160896,0.14281258664798674,0.3383286825677575,0.47245027105481274,0.5794744410186989,-0.47041710163342065,-0.19421253534009586,0.2957988145266436,0.37637425576635586,0.41957743283105164,-0.5470033606283388,0.5614573245865586,0.3145641071878718,0.34729843715776865,-0.01581299397451301,0.16737947438965534,0.0031839731172724327,-0.05398602775614479,0.05492932819244087,-0.02937079601584691,0.2738955686180493,-0.1935915186589548,-0.02133381414053177,0.24372455079470903,-0.09175326013145076,0.07352450012784613,-0.04839970493382306,0.31173659380064966,0.36583742860825486,0.5581312980048844,0.6956985878474169,0.5914660266066636,0.5685330651301164,0.6782236280229673,0.6040123676867998,0.6021883765423126,0.630397013785648,0.45532517544626433,-0.1737921658254558,-0.2101524105562858,-0.15263252032268748,0.32576977038838634,0.3378107488394212,0.04266187215302103,0.18333367033918835,0.5216808033434875,0.512296685980447,0.10156457035877815,0.2663463361685439,0.3539836004252249,0.08027654422402689,0.5544800313301907,-0.013314300157067228,0.3683401601326811,-0.24842216566993922,-0.6169294225323065,0.46199147009527997,-0.18929205150680456,-0.19697369519327124,-0.018945235780020123,-0.2395067630157736,-0.47995814322429803,0.288947810893334,0.23354286238323863,0.27547389838783376,0.011487172490253241,0.44142918516050633,0.19733002498829183,0.483958381036441,0.008966836522815314,0.45990698945343916,0.04951865575322464,0.3718750849696768,-0.13947404083600393,1.0,0.5610964743719515,-0.11811763679405671,0.3976178425970752,-0.023134585371787503,0.13194928633561373,0.2763427201128096,0.07188927859651309,0.15844161979310897,-0.04010162380777165,0.26498864780129106,0.30057055021568596,-0.3015410618920787,-0.47248950049727306,0.02825892211793398,-0.6590103910223231,-0.052007750124522384,0.16602859604177211,-0.055370518718033654,-0.3301617546288006,-0.13128602264433922,0.02071959541662767,0.18246752606969358,0.033567066832442,-0.0591163101105222,0.491959244107593,0.5535532866461733,0.13037339010096388,0.1754003761441983,0.5197074189159709,-0.31243452890944445,0.23111243999726105,-0.005931548399166087,0.01746267705863911,0.22876025356602478,-0.45193628243152734,-0.13459167953465043,-0.18526709783489115,0.037510083531644534,0.04152637190865413,-0.1932223050910934,-0.2902205806452397,-0.21712583424987886,0.4363519221674351,-0.13394304471525054,0.4798370640325069,-0.15096870500495088,0.21892046140564198,0.3178577763315433,-0.11237703261378482,-0.26957768742686405,0.20609566931212386,0.17063947627946824,-0.37135871300499,0.5094748978187688,0.506676949997573,0.5063004420832455
ocfq_saleq_std,-0.6042380754432146,0.5501525339096119,-0.06070538114414272,-0.2926827565400763,-0.022994402383867338,0.3761780297865002,0.025631673131274898,-0.058522315791500724,0.39605453462388096,0.08316767586019154,0.0872864603986554,0.06916964019520233,0.4545954001590162,0.528957862872796,0.3056479243404582,-0.581256613005652,-0.2434213586370232,0.37487932631769355,0.4376096734357475,0.40809752532708676,-0.5651064995584303,0.5616263179385501,0.3048210228254184,0.3532538524547898,0.050261941845756386,0.1390259052714136,-0.021975004925524025,-0.06943821976252938,0.04911787740355239,0.062347317467642965,0.03581439836304589,-0.04935195489737344,-0.2447365735514891,0.3433969751614904,-0.05528946279640172,-0.030214161637997373,-0.09409190783890772,0.4301226904020641,0.55956674254299,0.5684775610959522,0.45325911124176643,0.4593641442204216,0.341799645545633,0.6122619191563063,0.565309561038173,0.6515740230285124,0.623729851479399,0.41742403362954833,0.11938610444559991,-0.1750266173947129,0.06847072100558366,0.21155304942908906,0.19963578048970093,0.11881665034554494,0.07321637822690918,0.6656699423639978,0.6204935471273487,-0.0320798088342076,0.4178848051992066,0.22894202096563196,-0.05052924525660696,0.4668827763931463,0.2981225013777493,0.250706518348344,-0.1380374043405733,-0.46059220637137605,0.5197038855267007,-0.2151991956610851,-0.19791851375690275,0.12936080480135798,-0.004931433670329482,-0.5712119917767755,0.04277276754401112,0.4265576585672559,0.45834983599549933,-0.058200484599211504,0.29338831022359213,0.029737912728593,0.3166395098815133,0.31938094281656365,0.10159024499096624,-0.16207533179209013,0.5565736559881973,-0.05089410224499507,0.5610964743719515,1.0,0.07127893168923595,0.4907975118802142,0.12555359544282502,0.07032092137681688,0.28721804604063866,-0.04493437365272268,0.3183435503579988,0.3286638946070905,0.3860778567138913,0.4316968181630164,0.1522844400045696,-0.3074503832777113,-0.01571937390623085,-0.45093369601333677,0.05810514509135609,0.09362490397170535,-0.02178680462792571,-0.07496667314229385,-0.11950201694167757,-0.020300738643772676,0.18005587001025983,-0.0030882944151856386,0.0062271887225215485,0.6066639292665441,0.6451659306333267,0.0607796081132994,0.24976053357194308,0.6187174384959453,-0.09784164046832006,-0.04643981167240138,0.1365385846199736,0.16349777394216275,-0.017623263901664958,-0.33055062218220177,-0.10071933073613057,-0.11308378298390319,-0.010335762150512056,0.03984071585461728,-0.12465423688401926,-0.12522473757489017,-0.06284098192619278,0.33848700805020027,-0.1661596389558437,0.4291570376023648,-0.0655314873136358,-0.07213146151971439,0.051273752669041064,-0.25755516371533826,-0.15330621836150804,0.3491279412871023,0.26122961859595284,-0.1418936528918882,0.5602431453553305,0.5575302386550165,0.5344126618133314
op_atl1,0.09944179830077482,-0.2408513070065614,0.5197906149356943,-0.15382305588076686,0.43987936937004496,-0.1147533379105925,-0.24399674808363622,0.44755437194227865,-0.31482631065206623,-0.09191561857595121,-0.1955596936967835,-0.2309108168381963,-0.16848785564287783,-0.3060265559082652,-0.31097158568168737,0.04105484403938854,-0.21156121323248067,0.02107968582452196,-0.2020486703709502,-0.18986845127860247,0.4042900303582947,-0.02086214706797703,-0.5257258844546964,-0.5787987364709999,0.5134385976731267,-0.1469967000374675,0.058898470574656546,-0.3516133157953554,0.06830770922335075,0.3947558624576909,-0.18379005874477836,0.28663813384222014,-0.2825473557897057,0.161737627672771,-0.27874539003340143,0.41272167736122667,-0.18971891594882345,-0.20507163203147744,0.29442323887957794,-0.05695917341672668,-0.05433142701613909,-0.2393545817890647,-0.2274224633335284,-0.1287791330674189,-0.038217057321044516,-0.17502704435562538,-0.21238288160434776,0.022847106142567488,-0.08015848132044164,0.1797433386193485,0.8005772216587682,-0.516242388072784,-0.4987205389126487,0.023723383675222785,-0.41023833048946146,-0.1087825748264093,-0.14551961090234003,-0.4985256743278733,-0.5427012025326499,0.12480891375056564,0.059760314053676405,-0.21228140941951462,0.6308964896771629,-0.3020271351224111,-0.040116502974563706,0.2164163300145402,0.15595895221210693,-0.06684297387814066,0.15729040597641578,0.43018565592447655,0.18615976336631565,0.22701625525509866,-0.035405869667546774,0.5095193484743565,0.26785259716319376,0.17821925538830996,-0.332254011434675,0.09346342169410171,-0.28304826670086747,0.5092355993527777,-0.259761327757398,-0.17635624147568985,0.4322834810362684,0.07807023804176938,-0.11811763679405671,0.07127893168923595,1.0,0.5218573096947027,0.5675147434516948,0.494413351742177,-0.5907063427861892,-0.04079964053824041,-0.051502685481417954,0.3967836038493965,-0.03292494781143673,0.629841628490724,0.18112649611699644,0.24378403573333784,-0.08951493715487714,0.2182586934452851,-0.18410561473542258,-0.14358757516888782,0.06127717258038704,0.20000283252588558,0.01564204274400554,0.004558200871701211,-0.0860914071428851,-0.0026879835627296126,-0.03373117626793311,-0.12003709898522158,-0.06886157109726374,-0.07977475276613438,-0.011866666904952156,-0.191869232486003,0.475205699680102,0.011792531213395161,-0.24308869652969226,-0.16344146841490412,-0.3802497317642366,0.17306537620527618,0.030657181959789212,0.01260071298319984,-0.056651205540886415,-0.03308434400864785,0.1612610445545817,0.06561634836133638,0.0031153808285204233,-0.196551468865874,0.10900469524219716,-0.23534388039297305,6.682013861979247e-05,-0.15350483798596537,-0.39932094419612363,0.4966792481278139,0.4314097833148671,-0.18774970782166572,0.20287669891879945,0.42141891231933043,-0.2550168421710725,-0.23370359748099975,-0.2594591712622234
ope_be,-0.36751478476635174,0.25423362268533534,0.09257770459340302,-0.31723124803816194,0.29157108937977455,0.22851696438700878,-0.11195525528646597,0.23631517280091488,0.12438363872990643,-0.0432503009555955,-0.21916667572327747,-0.20419476724020225,0.07963194167272464,0.10853051913390935,0.10647111399731594,-0.3864329870688019,-0.34985511160631955,0.341497983727042,0.14969740201594223,0.19756153714225397,-0.086790244760143,0.4610924247454361,-0.2460113447588271,-0.22205975791137558,0.1424705917156296,-0.09693868850181743,0.03947687333331231,-0.3976208129906692,0.10407462894985425,0.23697131291263063,-0.03535379221547136,0.3329889512273805,-0.3293948949925679,0.37663650957693956,-0.2657778345976848,0.3565102864231307,-0.2633959035128596,0.30218286035144937,0.6377323037961612,0.5276886740947097,0.34242693955670034,0.12834172853465725,0.1367298913983931,0.43291345314400453,0.38873247268459354,0.4420412665356777,0.3992953391866054,0.4391294411259493,-0.07115920209183496,-0.10003869711084162,0.4823775893785639,-0.21210565249710905,-0.22139654602652575,0.0700673737795818,-0.20145504862496416,0.43681511528779954,0.3257707204402025,-0.3827280551978788,-0.12417555287928747,0.34005086892121894,0.05701351579027891,0.1534715614309348,0.5055434848335254,-0.05935264107510562,-0.18843008130727013,-0.29276196332836874,0.5903558636319615,-0.3224342518981119,-0.08401596181245372,0.48265765899084945,0.2736562651534645,-0.3736007618589624,0.05056783107934493,0.5697843803960781,0.641837682697735,0.15061460508682117,-0.003802778901511334,0.12692430198629506,-0.0005505579110453541,0.46088342618598765,-0.1308793718093666,-0.2535824923111999,0.5049222872859509,-0.03229981912717385,0.3976178425970752,0.4907975118802142,0.5218573096947027,1.0,0.3922901817462141,0.43757272984791024,-0.19012885102637941,0.022166457392034336,0.1842573978323881,0.2851568839674542,0.22009033177333745,0.6690841540009722,-0.07011764375678078,-0.10921911029868653,-0.1424134101124057,-0.33701632986444235,-0.11869920060197466,-0.036589953167953396,0.0378069963155401,0.006601410316494695,-0.009454905945565,-0.038286724071713005,-0.052675546158692556,-0.02206805660185669,-0.05216868517862491,0.29220460053199027,0.45690306686165044,0.007854308629009623,0.1713950891020582,0.27537748657348204,0.09036109933114034,0.023159761603147047,-0.1395245211983408,-0.06802704752256483,-0.23420624050149053,-0.13442950228674483,-0.012644538662661462,-0.23288856492689983,0.020339453674309782,-0.13165452392569352,0.05984936668952853,-0.12619945426089219,-0.10682514086142132,0.1543038163417235,-0.02715498177259544,0.10431917530588264,-0.09865719401527301,-0.15213332131934054,-0.054634907466161745,0.09989241180170305,0.13767347731296958,-0.03515374208962037,0.3421370568531941,0.18778930698416937,0.19643589810815204,0.2046082205753173,0.20258329522393762
opex_at,0.17539789989842383,-0.1554470660429607,0.19536521130919127,0.23230724241536868,0.20042930908678375,0.018274366826585564,-0.04483706923594235,0.6282603615313279,-0.11030966897252989,0.11828324523238115,-0.35606826532171765,-0.16518296180000044,-0.21547661033689533,-0.17194740025101965,-0.04982854608686542,0.16912806402900654,-0.20123337573315492,0.06500289187799597,-0.10260926100648285,-0.11358301132404247,0.2741098969360482,0.08796965782976376,-0.5310001177491315,-0.45867725339092236,0.19721966270830804,0.03725376436410607,0.06297630300886947,-0.5277020567338737,0.10381668452369615,0.29163490370832035,-0.04348026019977078,0.106471275857309,0.08817508602583915,-0.12127466104147261,-0.3884314254751259,0.4042487675995548,-0.11452487234724616,-0.1872081607294775,0.21096946720062593,-0.22762954798306184,0.09399164042644625,-0.1322788222727767,-0.005965146798323519,-0.026775386938372045,-0.016646099373280147,-0.1402425663561127,-0.18868600745030384,-0.08813470162350162,-0.1707253982553986,0.03329627343909519,0.6854391836737103,-0.40391447041093764,-0.4910640331650539,-0.004257341405194287,-0.19812301651497988,-0.12903545210844913,-0.2674841842894989,-0.36714091403550886,-0.3270675836281013,0.10328655470785453,0.3182768497571913,-0.1627232722598672,0.35306080300861753,-0.08341522719840516,0.10588739884832066,0.037734100076676366,0.17270557117042962,-0.17490969860789357,0.04781580286342942,0.175092148504371,0.08171152468950016,0.21006659973889213,0.15376919866851216,0.25073927027476395,0.09019305497592547,-0.024116929708445443,-0.14545841161881579,0.011558550967887304,-0.21851962893491106,0.1432868790778489,-0.20176244575978788,-0.16289023693038018,0.2248122290374551,-0.0007163175809591393,-0.023134585371787503,0.12555359544282502,0.5675147434516948,0.3922901817462141,1.0,0.5202362707259032,-0.4414573652462388,0.25412071807112296,-0.16865794543019427,0.05985016845547043,-0.11653114941386077,0.3595896064883926,-0.10240661465296298,0.19199376632997067,0.19989763155231766,0.09328802111818112,-0.1685460653328883,-0.07795875333496377,-0.07219126232015866,0.05436864352481022,0.13000887510192427,-0.06220735600578737,0.14004089939824407,-0.11900840867108557,-0.15357229795510002,-0.21049503522930588,-0.03553509105232425,0.014976812552116811,-0.03166310516565455,-0.25558799650719,0.6092318459133405,-0.07390720956961286,-0.20513706015570754,-0.14450283881523035,0.053629928018729796,0.14892742100837453,-0.04971592998363307,-0.06933862463736785,-0.04637401496062514,-0.07557555129165643,0.03838998384526361,-0.036072371631218306,-0.09380966713883437,0.026328352300557176,0.032681896355094095,-0.01276661030893889,-0.04688434293856011,-0.04369995298269799,-0.21532343952273517,0.33311714035335527,0.22727585480386825,-0.3428260736805011,-0.1095851618500795,0.3776677266837204,-0.2840124001735675,-0.29809764930114546,-0.25548055946712067
pi_nix,0.012730517747787688,0.03378504534047105,-0.06730188541677176,0.013352144756869484,0.3166634976327428,0.21277143032715998,0.11014790454534733,0.306667972135795,0.024993235697774428,0.15494680722023899,-0.054470638430666136,-0.05005493422295992,-0.11891727074932776,-0.04919285105501765,0.18184512134586178,0.007513743381010369,-0.26977785738624316,0.2230201003660599,-0.07832252648228574,-0.009103687972619876,0.21296871243576448,0.11082848696636237,-0.3757039757389354,-0.3587937753682747,0.05081881620631913,-0.04528152395968147,0.05784572817729084,-0.4117135698931583,0.11693130670238126,0.37766328721746084,0.1667344026628255,0.25521486620391187,-0.027046971993423756,0.02055077153682329,-0.500841171178841,0.5341014887814954,-0.36801083350012587,-0.16356119620124784,0.05443531880575979,-0.07876734964612808,0.2723571427028667,0.051158218065155636,0.18992405831926804,-0.012104115116159902,0.2082186200671098,-0.02631842575914696,0.003874636925985236,0.05980329033796892,-0.31314141503585535,0.009347840198876058,0.4272650902640598,-0.36362793249953723,-0.4179615149837701,0.07094126749126506,-0.07250767308464762,-0.03718452021242842,-0.049449106284644495,-0.39011093971853056,-0.46581226244916135,0.3116809636571961,0.18770633406568987,-0.09787826140007673,0.20721809604371605,-0.24253337265965766,-0.003737822931455129,-0.1635283824659335,0.2584979071549496,-0.348721779996371,0.03369677258030176,0.14083423519874883,-0.050421173175837275,0.01686153072156071,0.23626368125003033,0.08885238639528133,0.042608777980353785,0.04513494206121711,-0.2319024663177079,-0.08444115031250009,-0.14909475454864013,0.06068011514411716,-0.052442267380484825,0.04236832118693548,0.04529469102564071,-0.034425860363124526,0.13194928633561373,0.07032092137681688,0.494413351742177,0.43757272984791024,0.5202362707259032,1.0,-0.5138526299498288,0.14186691740052307,-0.07153046173908054,-0.09193737129885694,-0.1870563012615979,0.2865267572353287,-0.3026440846039056,-0.15214918824914986,-0.07054102933602535,-0.18386274030827635,-0.3035451824681026,-0.18002036886511583,-0.10268893299960616,-0.011144416229533157,0.10039395278404736,-0.12111760641819387,0.12218751823413417,-0.12100439045855721,-0.21945246916732014,-0.05594887506014795,0.03229071542051308,-0.03458656663260479,-0.08896808253103841,-0.04366070314376172,0.10474127502832553,-0.11627362506865412,0.009571738466822662,0.08807756052176689,0.08541526648127187,0.04781712895458123,-0.043025317274830416,-0.06763008435212033,0.00650784484405751,-0.07874895734509192,0.04865502834064817,-0.14027950927652272,-0.18590787503924805,0.1812014928976977,0.045337429419160774,-0.03290817088521287,-0.08984805367418117,0.006103352246961817,0.028858180696662242,0.4568248215508078,0.15980152723507154,-0.03395031674848811,0.017604487117203325,0.028263514959784544,-0.04935167759932089,-0.06180714923054298,-0.04402275870406955
ppeinv_gr1a,-0.3667298702917247,0.494722263871856,-0.23810434175722223,-0.09625546757684483,-0.2283307178282445,0.23616523167248282,0.009654572280653206,-0.37229696461919126,0.30213417878830795,-0.07074381212745201,0.06927351990272257,0.18283223368002133,0.3674548051360842,0.41952799711726485,0.1684954806378431,-0.3621984211688942,0.18708640221216022,0.23269582889390755,0.5272088605761993,0.4852251473754807,-0.545648095152141,0.31133649790631046,0.6770588467441314,0.6697909963182895,-0.2973514149334048,0.10562192318635233,0.003245859966456906,0.42695105966764935,0.09229373056700588,-0.22195502207596654,-0.06886698227717772,-0.1678899770537632,0.028617365055187218,0.07688316254426233,0.40887063768314347,-0.4320971301143802,0.09793285500382208,0.3647369130447434,0.04701477304190997,0.33689184742607703,0.1294353350725458,0.34386301507672157,0.13240422010631475,0.38381802598370607,0.21723204721266343,0.4932728331521408,0.5095900749206478,0.2366385556222666,0.31851311294823437,-0.05497810141349785,-0.5038779048649716,0.6669399428077392,0.6793028556756384,-0.028866120865827415,0.19909100053116707,0.4238397812174541,0.41408647973055007,0.4316277855066635,0.7520033494906954,-0.059267004217562286,-0.1937386092329741,0.4515324915810117,-0.18057182795492863,0.44190814344376333,0.0447769458208892,-0.17344233098557538,0.15892764455927924,0.1385582815936049,-0.18559350544242445,-0.29333576368113934,-0.1829061922078548,-0.3758984445825142,-0.1645225835354509,-0.045163785816235195,0.04919625480827995,-0.053047182544305974,0.459092100963733,0.09615381003438406,0.3959948280733914,-0.11486066425387197,0.2393105715777494,0.07102917816836699,0.0388413272614062,-0.12005418547505581,0.2763427201128096,0.28721804604063866,-0.5907063427861892,-0.19012885102637941,-0.4414573652462388,-0.5138526299498288,1.0,-0.17106013452035165,0.2793664787791314,-0.003373046024927768,0.13505800224260697,-0.22032656812101778,0.12987846650412588,-0.14047037428266224,-0.0010218122733737607,-0.33402249954694935,0.26790600359814565,0.22923030659981358,0.10503585199377591,-0.144171526422315,-0.14738182894378732,0.16063448671215352,0.03703161738687097,0.15584252029499435,0.20557842781177096,0.42166474511655416,0.41119060624065723,0.11983925205785104,0.14980800479167808,0.43707048452512826,-0.35614370812725127,-0.07890372997569696,0.31078908848073794,0.228128990832593,0.18087053142666987,-0.3421250621045465,0.012491138893101128,-0.14441053914865284,0.03439791022501421,0.049732995864705656,-0.09815859046688631,-0.014648964966723204,0.030668099521630996,0.2505449816941555,-0.11998338595930813,0.2734418025917599,0.013107105382609417,0.036297493795489064,0.25645704712453854,-0.5305628539503207,-0.3795794737500997,0.3317335801201985,0.026959813672068646,-0.3961170546667616,0.41367865745710936,0.4281265309044826,0.3894114529410473
prc,0.35772821706261915,-0.004644007493767291,-0.04819589483322842,0.5696434507849443,-0.37808881449676035,0.2200199534162926,0.4928176648047025,-0.03494774474442882,0.30655436322929885,0.552525602194808,-0.37815440858065846,0.04327945901859637,-0.1402972365942729,-0.062273077137984474,0.43125828443054465,0.46926123776401424,-0.036768443302982706,-0.009710260947913418,-0.019075038031209794,-0.010604991019442124,0.03418086483989308,0.05771915221720479,-0.19668490906345984,-0.05697194826153925,-0.04959929873110695,0.2604678566911811,-0.043102522735067456,-0.3533613568881853,-0.1861380023174057,-0.05351658783023164,0.4733227898232634,-0.18663133175419092,0.5798494875051529,-0.5064616954795775,-0.29835995093519474,0.15701744122449218,-0.0516337924343636,-0.017958105809924713,-0.030867440272961927,-0.03349232031906675,0.31928190430784836,0.056048619104895614,0.4480778367710865,0.10133043551627337,0.1238732952185551,-0.020693206400337914,-0.01644174645377939,-0.262676039751784,-0.4547120780928251,-0.1534885383772327,0.06796462252863422,-0.11352140412274436,-0.1677060612798762,-0.06152603432684323,0.4492440476812416,-0.2112608973731905,-0.37583159434328883,-0.09061353588704033,-0.10254384364491542,-0.04191342192209629,0.742813057714448,0.042196043723965,-0.3595266528189872,0.22278194157152573,-0.059350128300774366,-0.3333304766769488,-0.06639883247815699,-0.18418929624170746,-0.16195439994603894,-0.10756446558669612,-0.07800324603652317,0.016320526236242233,0.5027057243771704,-0.39751677741802444,-0.3396004096132681,-0.3581382846882022,0.1999271811630148,0.02831810294597866,0.14796965414493118,-0.11782110028901237,0.11524427277004168,-0.0022041528424477704,-0.06552126430448943,-0.013886678061347635,0.07188927859651309,-0.04493437365272268,-0.04079964053824041,0.022166457392034336,0.25412071807112296,0.14186691740052307,-0.17106013452035165,1.0,-0.4437949059479255,-0.3857881809373862,-0.042728792789888725,-0.08463078798730872,-0.4450032362461616,1.66235743479979e-05,0.3536301975735362,0.018859189286896966,-0.20721867635731378,-0.08258578207168941,-0.3291740024181676,-0.18686290068488426,0.19793077213096696,-0.3238743996834348,0.3954841577715596,-0.336290315142831,-0.36902710936822003,-0.29531926496322347,-0.05787104235075209,0.08895517135059489,-0.06389930978743344,-0.2989783261072167,-0.010519124846792032,0.06885466929137327,-0.05913007415817936,-0.07481652766337275,0.08597788409247523,-0.03379352312994682,-0.09986217650711432,-0.003792872992379022,0.0068460423707254175,0.11829024352266462,-0.09136335365140097,-0.3108225916346211,-0.1335653492969707,0.2282876618816514,-0.012114453073971344,0.22979152143633075,-0.1697506566395297,0.32837351310637264,0.0082470426179151,-0.04910220434790793,-0.35921753288281766,-0.2568332899332026,-0.5212716574000126,-0.04704166780385829,-0.14249531919821817,-0.24711108474111956,-0.07547849903604728
prc_highprc_252d,-0.36372766575894006,0.3435304610875544,-0.12696237662595927,-0.3161318996539838,0.1800438364920721,0.14753370036645697,-0.2650495107436658,-0.09552022327141592,0.08543101543652107,-0.245482707933559,0.3901994063357711,0.13378413137763256,0.39869184692345894,0.38057044282632246,-0.1609650456836259,-0.5408941271664913,0.13345031171980046,0.35219342181179814,0.35482505967235645,0.3833966905300583,-0.26218173938607064,0.2626035878722958,0.3080950977825436,0.18346657703579344,-0.055689541802878106,0.15588516885726453,0.14691650326198175,0.2681555559925854,0.19573946052592872,0.07249201876171876,-0.1997816731036282,0.17730441367822602,-0.3388879796951209,0.19395133633602282,0.20078818952919902,-0.015640423168450254,-0.04960684561368142,0.31119957584309765,0.1991497226826388,0.3318343202724815,-0.09286975216398893,0.2784213882877581,-0.15552714109353338,0.23515879946483742,0.27943864332176505,0.3901065099255056,0.3040521239248708,0.4048363983169649,0.30706617517463947,0.049364840676184386,-0.1448918785129814,0.2829743454060236,0.2781966740392279,-0.0746704612100337,-0.25205021648174764,0.34549532480938416,0.506884242645701,0.08812010270651832,0.24924624185641983,0.11851151237064375,-0.3698907773819729,0.2598088069722057,0.3521466848025564,0.04831813936637227,0.02503137966468546,-0.054999740626056934,0.2329654519054915,0.07008570651573626,-0.14183082717091822,0.09591856358216135,0.15223569438183582,-0.3334508236162239,-0.2932399510417235,0.2980398822994686,0.3628037918050284,0.34990782069203047,0.059324370568242434,0.027227365549038245,0.17754302722701526,0.13828765037694585,0.06716793036483956,-0.11034131818080847,0.08906390863479907,0.13002281112064756,0.15844161979310897,0.3183435503579988,-0.051502685481417954,0.1842573978323881,-0.16865794543019427,-0.07153046173908054,0.2793664787791314,-0.4437949059479255,1.0,0.3056366015684593,0.2472581151270588,0.12415706007175545,0.2836089271406783,-0.1637798604029541,-0.3790575227201048,-0.20677458656352768,0.476619093449801,0.36221923307074255,0.4938487846483798,0.23937769501561165,-0.4025974476480938,0.4595777395442916,-0.11140432646147946,0.5084318929344174,0.5363260028762007,0.4465169757568906,0.35101677103581536,-0.05666794335148142,0.24055263707963054,0.49511020609775935,-0.0684619310860807,-0.05463729273541725,0.1551417030672736,0.21837012563048014,-0.2737461946625416,0.047112988464491384,0.035384696556292526,-0.0322309695779423,-0.007279823141276057,-0.034333115699914485,-0.04465074669133684,0.5335507550478877,-0.04507323283901953,0.15861585226010422,-0.1465064409515598,0.2007146290484973,0.07788759075721233,-0.1229065448646202,-0.012376293064471997,-0.025412272496357878,0.11449364911060891,0.31406887240594056,0.1911019666587309,-0.14924023030860492,0.3235253652803227,0.3856169903093255,0.29862060400681306
qmj,-0.20432948837549653,-0.03757928963673273,0.4509528150115073,-0.34089349238450967,0.2347479732263562,-0.24011756965753348,-0.46588268500804736,0.26190551812673357,-0.34574425725337266,-0.3856579200484507,0.2511258837049521,0.008731120921780515,0.2536847308759269,0.09627570375485618,-0.4514450449873436,-0.3229177052209542,0.06584840851981857,-0.16953106730935955,-0.05391364494418949,-0.038117299415898837,0.004211703443486647,0.05057065002727218,0.03719671517231382,-0.022226465285507754,0.498768353150345,0.014049871032532319,-0.003505389648976051,0.14068527488959862,0.06958348629500144,0.008744013069874674,-0.40520792754957896,0.05899107956813783,-0.3484869930032704,0.32277273237957127,0.24698909906696795,-0.2056285987046456,0.20259683918007051,0.16238959725320454,0.4714456243246714,0.22026688000590058,-0.15397850029831903,-0.10352371888285364,-0.3344429627567639,0.05207550786886053,-0.00808962337691348,0.12377768894359584,0.06045626235994421,0.22537901856250583,0.45253765442592925,0.13787934153421896,0.3522782055690402,-0.01730308118614754,-0.035288195962198954,0.037717873279476254,-0.26817464605686486,0.22008407926285942,0.3048250081557854,-0.16425832086905218,0.12482212307443943,-0.15030952207523274,-0.3301456001999046,0.08125434910415923,0.6217468965879762,-0.08259397505278451,-0.10512041686389317,0.32245813320903277,0.04334647948558483,0.2519133828321918,0.01809836667192848,0.544319651785132,0.3360695272246609,-0.09977734376855836,-0.3025246441769537,0.6024318659876878,0.4933710352604557,0.05165711544350251,-0.07927913539610912,0.13287992838301452,-0.0365746859246153,0.5317670870541334,-0.04523799193168422,-0.26014071444534925,0.5146286981449982,0.11261092056046487,-0.04010162380777165,0.3286638946070905,0.3967836038493965,0.2851568839674542,0.05985016845547043,-0.09193737129885694,-0.003373046024927768,-0.3857881809373862,0.3056366015684593,1.0,0.4632629317438467,0.5929084067299015,0.6744295636137876,0.15162954550300478,-0.15153807489166785,0.1369424327996401,0.09591628192797409,0.06254508150565027,0.14032649238278555,0.14828075765290108,-0.21245360765217974,0.13255641189177275,-0.2883937087088575,0.2016343391367318,0.21122426481566858,0.31404493559835867,0.1992633457697448,0.010802654425595077,0.12248395028029797,0.2708945884684827,0.34322409066655574,0.19217140686725376,-0.1426958278346987,-0.1562350577105891,-0.39920590770368525,0.054695119402745976,0.08830141633687541,-0.0748229386427752,-0.011552016057730855,-0.0394828430900107,-0.017297653133437063,0.22030430059860878,0.10812980896123964,-0.23207060314136874,0.05028481852246089,-0.053159473155622264,0.14380276367556494,-0.3565792597070222,-0.3501797331615209,-0.04098786303594625,0.39411310447653025,0.17998840865937973,0.326787162613883,0.3575645155376953,0.1586252927393909,0.19748491008046173,0.12168709801058807
qmj_growth,-0.2201866483728938,0.1565823113812339,-0.038707830460128406,-0.10913401189765636,-0.18780859808220518,-0.10047881027126443,-0.16116087261256573,-0.02531012789621474,-0.03404375839635561,-0.10837985761551812,0.06559013391879623,0.040079867440364556,0.24830643315752698,0.21159977993999574,-0.0029313848749318847,-0.2684446051484225,0.10445432790806233,-0.14510043046289794,0.009093399866297293,0.05281531221216736,-0.34021995149247475,0.16199807766875945,0.14030604859026563,0.19189787726801963,0.18414938549170023,0.1760626248646167,-0.08450000462647327,0.03622701029589396,-0.03525468318723256,-0.2085474405065331,-0.060321759957886786,-0.06498301053690146,-0.04527064033398181,0.10729151458879,0.3269813443912264,-0.34530849103365363,0.3068215492988988,0.3233008572082122,0.44329575553281864,0.4038409749043304,0.13126890751294398,0.0666959020623282,0.049176213779948505,0.29715509442747573,0.14741786757727668,0.305038799989206,0.27346411113083846,0.3902730167705492,0.24374548667135135,-0.18400291427712157,-0.08756346048954625,0.12546057677451616,0.1549338212606048,-0.007432869165360871,0.0901078230445328,0.31053716408407106,0.28138620263114883,0.14301744916917508,0.3413575610703932,-0.03478826428251311,-0.008670769454243736,0.1384949603519549,0.1946770397261622,0.1676255771374744,-0.23269292661245122,-0.12724319832491404,0.008402441770431139,0.03187475477807551,-0.1520821374073386,0.4149785418266758,0.33956080707596753,-0.35372376163494984,-0.06865947953571647,0.3836807943933341,0.37596661459326086,-0.05845746036271477,0.21341454409952648,0.07229232970492189,0.17431448667301294,0.1850736505334465,0.12418920756304944,-0.23573706633148397,0.31940170950074287,0.18715293166907934,0.26498864780129106,0.3860778567138913,-0.03292494781143673,0.22009033177333745,-0.11653114941386077,-0.1870563012615979,0.13505800224260697,-0.042728792789888725,0.2472581151270588,0.4632629317438467,1.0,0.27247007637825554,0.11507430806658897,-0.1345738914912997,-0.11543075135834492,-0.27094420835167815,0.1481589666453715,0.17102181942268332,0.13552575208242093,-0.013345574913846771,-0.20091453525299927,0.14827741442100176,-0.1922506577884521,0.20353898057237393,0.20979147403747406,0.25920445210287596,0.2687394875591669,0.02296877066869961,0.08237339336698549,0.28369777578638766,-0.030239365157025157,0.3884891950923549,-0.2608535792692684,-0.2670978763872277,-0.24795876348241164,-0.06216048967275174,-0.02954947248316375,-0.11684967236029367,-0.0032937009934044703,0.06542360439131241,-0.07366448416628665,0.12723030082689518,0.08728022088134073,-0.12733006713097436,-0.12965528760304945,0.25338117217438383,-0.03180815380928226,-0.17006651144295298,-0.09896057252165578,-0.2400420053180688,0.17181822455248266,0.027466799381708356,0.06732186344482849,0.08130931232244,0.24731624376120384,0.23702927995460202,0.23921838580047206
qmj_prof,-0.280085620007235,0.059115100177409986,0.384817109799555,-0.32872499260208454,0.17001273264884942,0.04533417001706509,-0.23441579411841146,0.3275622060386407,-0.07389095768808894,-0.14436721128847127,-0.05763839102044366,-0.11902227510805895,0.09462384193219717,0.042313239290291446,-0.12151485820938172,-0.2874691015383271,-0.15170297183414866,0.015444657659971932,0.0392249804267021,0.061296591037055516,0.035395852474017955,0.22978197403466707,-0.19952526268439616,-0.21082847149068604,0.5704766325150293,-0.07089562749612308,0.019536695703070997,-0.25120987457172106,0.0630482672188627,0.13486123964048102,-0.1872358066727307,0.03648186790168784,-0.3337107698328784,0.3964570457544717,-0.12983905905783508,0.20465881876472244,-0.02731589350646426,0.1767941722774818,0.6270751958037065,0.36923509849221053,0.1430809617289968,0.04934760907429087,-0.05314211603418981,0.24025612107191419,0.23308171490189034,0.24374560675474086,0.2029511026670615,0.3593415178311982,0.051680562659224646,0.03918302649591253,0.6160600549624993,-0.1713038913225253,-0.2102649421753679,0.03323526115927635,-0.351231175174177,0.3083989124430008,0.2678433041179595,-0.40810102125806197,-0.1585556910242658,0.11397339537215141,-0.06778607339124246,0.17386750075387641,0.6440588269803298,0.05587342287419342,-0.29060943024273755,-0.019243004466236162,0.27939864870687403,0.002707896554108736,-0.01441764525072959,0.5025134550883449,0.28213023713527163,-0.19529759081767512,-0.009906509665039066,0.6603712899878945,0.5423293590690679,0.05083556491628399,0.06239448293337085,0.302580428174428,0.12100259150493456,0.5582699114716795,0.07615656035052479,-0.19646483444612278,0.668015079237885,-0.0028710600379672022,0.30057055021568596,0.4316968181630164,0.629841628490724,0.6690841540009722,0.3595896064883926,0.2865267572353287,-0.22032656812101778,-0.08463078798730872,0.12415706007175545,0.5929084067299015,0.27247007637825554,1.0,0.221302071414763,0.07907460113349069,-0.03877548707578192,-0.06683869882277173,-0.08269442145122871,0.05324159887739312,0.003525790137852363,-0.006785305073680406,-0.20098049247431987,0.009406216751077306,-0.059262593571848016,0.0733422582607829,0.014514518949621644,0.25404134866823613,0.28426045632614616,0.0019120885755779845,0.11827497057718582,0.21619871247182196,0.29430873318750445,0.26436250185447785,-0.27961598811333166,-0.2001365925722115,-0.35773597158389636,-0.10918545169132642,0.00718857242712552,-0.13246425417003868,-0.014104151330216495,-0.09699163695180454,-0.03685014885155955,-0.03126859653969932,-0.06512994859778866,0.0006393991946070045,0.06339260069649097,-0.004795928976454222,-0.028131210435086616,-0.07837678417025355,-0.20909802057419888,0.09754933632073756,0.263416380261416,0.022465180587049008,0.38159816414638215,0.37196340818912954,0.13624784366252296,0.15334367170665159,0.11827884246181111
qmj_safety,-0.11707762352776876,-0.10162583142277126,0.48077941452880046,-0.27724784444849226,0.2671783321385315,-0.26176596224508786,-0.3948340573390173,0.1513314228593694,-0.3143636816505617,-0.3238970903724041,0.4496450379896622,0.18078208959341996,0.3099272832712923,0.1293619841440944,-0.4765524966870861,-0.23075178642913557,0.16482486630651272,-0.16381174930747286,-0.01823896042222991,-0.08484144226031641,0.08682151343104011,-0.0727166565706622,0.19344586843468561,0.09583057029400728,0.3487535484394854,0.032728649157107985,-0.024812471919875824,0.3683497355308719,0.04055485337872264,-0.05089610366689504,-0.37667984149731676,-0.01328896448997068,-0.28884398259525096,0.22701770377461086,0.2716642698751373,-0.26756182437395837,0.19138467929088449,0.0759719479272246,0.17789597027978912,0.0049433310970162896,-0.31246925971978595,-0.10824384716085446,-0.3922173720476403,-0.13162980798360224,-0.10108738162680443,-0.04802237162181641,-0.10832082195612376,-0.040401094948017,0.45495764908213754,0.19591562397808363,0.16935422270750083,0.08304808156291985,0.06033676894822593,0.04917885029634149,-0.1904868650772216,0.08667851014274275,0.24339439469576335,-0.04814206154526785,0.15840623394273634,-0.25230431947296494,-0.460311079914739,0.06191476333641685,0.4266147417866851,-0.1771724578597398,0.0907310969557242,0.46156408354479683,-0.1327710862828206,0.3265555119792756,0.06721390725805312,0.24415809231332947,0.18616885815683276,0.02018670882560761,-0.29454662972691337,0.34064428545194636,0.23368388371659665,-0.0059221933954092445,-0.19791796803223974,-0.018995094207321907,-0.11446780983373335,0.4071541678043631,-0.12751127036319745,-0.2202510698114049,0.30468701988523694,0.08266655221844918,-0.3015410618920787,0.1522844400045696,0.18112649611699644,-0.07011764375678078,-0.10240661465296298,-0.3026440846039056,0.12987846650412588,-0.4450032362461616,0.2836089271406783,0.6744295636137876,0.11507430806658897,0.221302071414763,1.0,0.1640707497822256,-0.08679259692385827,0.3423422775078243,0.195483778005457,0.08034427673308832,0.12996767192503655,0.18007544315535268,-0.15385187579356052,0.14785320237741223,-0.15102486278743657,0.18061952956727673,0.2317720831794763,0.2957721456575524,0.07759243864909338,-0.01576995475146014,0.09491893581533442,0.2259522097945953,0.34422441862966985,-0.05659440578679704,0.07490599133164158,0.021007167434925474,-0.2903197025293877,0.19172689485953326,0.07296301133337209,0.06081873612553922,-0.0337569283249578,-0.029683070384508906,-0.01214228596174785,0.25456879428256574,0.10206725221960021,-0.15146401830909453,0.030608493701965833,-0.09712786746521632,0.22635255952193845,-0.28245580502947343,-0.3654442996384112,-0.09479081572676787,0.2632660110236277,0.3189301817108592,0.24355096856487785,0.291267905285243,0.15321316638741037,0.18578778212107488,0.11098330293913675
rd5_at,0.35913622563729497,-0.4479006139689941,0.37122472839456144,0.09295314779618799,0.14409850934265686,-0.30965922142223345,-0.2814753806353595,0.1706632191814667,-0.3758453878628752,-0.18673508495589655,-0.20280253568635218,-0.2953374533208958,-0.3215467127502602,-0.4119824211875153,-0.44518902497153745,0.29671105909014117,0.06464595842841075,-0.17546100730134206,-0.23160639287751258,-0.2673497927644838,0.5002828634855389,-0.3259092347097733,-0.35899183203417884,-0.33894571921374655,0.19106605396313217,-0.20824114914300662,-0.005277875389665879,-0.19118144599815778,-0.04980740082404313,0.043761365791204085,-0.3084814335767986,0.03278674986318398,-0.0398548391336242,-0.11598386773977754,-0.1439799011378753,0.10410300941316053,-0.012838451270668148,-0.284729219918877,-0.1540290911170517,-0.30215400995613517,-0.4845024999893168,-0.4212922057059211,-0.4573739633679559,-0.404398532747989,-0.448662966987476,-0.41012181063589487,-0.44649838861243213,-0.30281944190201443,0.2669265699009245,0.15453676499033436,0.400710825445168,-0.2424016392640328,-0.28088506503311644,-0.0285558343645613,-0.2086576552909019,-0.3366082287418412,-0.3434619814312243,-0.3394450705918999,-0.1557807853158345,-0.26782611558201375,0.07371884379374943,-0.2917707370238141,0.154386264593518,-0.09894234995395404,0.27636997085281617,0.49237093966318474,-0.252751293223883,0.15872209650850272,0.24777686411722044,0.13161062656855776,0.23147883357402937,0.3517858245050868,-0.2515919581552639,-0.09070145056145822,-0.07066645242691826,-0.2012347399395883,-0.18219996275927533,0.099545069014745,-0.3058609591950129,0.16015569648447947,-0.2608145453259797,-0.023423822771505134,-0.13477290475701215,0.059743579080459505,-0.47248950049727306,-0.3074503832777113,0.24378403573333784,-0.10921911029868653,0.19199376632997067,-0.15214918824914986,-0.14047037428266224,1.66235743479979e-05,-0.1637798604029541,0.15162954550300478,-0.1345738914912997,0.07907460113349069,0.1640707497822256,1.0,0.37470040527923704,0.6938803824911697,-0.04839022977456253,-0.039755221559345924,0.03873053528238364,0.1403959743910061,0.09396154842635743,-0.039815814045281984,-0.09808587009987324,0.009425792854820512,0.05384114696141072,-0.3172196406290516,-0.36454734617417206,0.013397456344659248,-0.0758777748918068,-0.3716112793126214,0.2934301122449218,-0.10024212088547033,-0.05498930084544644,-0.09119512109654353,-0.1570779325471147,0.23801468540966722,0.10260615277168357,0.01628477612809466,-0.0703907767549228,-0.005003033838509475,0.04629903630157142,0.16493385313097725,0.1350741089489505,-0.2973930590919587,0.1919754480341085,-0.2949260602869166,0.017531606646682685,-0.19335373297617625,-0.18783482611565333,0.13164676730272015,0.11477042643177984,-0.3324779137965426,-0.08122778467530078,0.4042581435236507,-0.48081295851248873,-0.4736948429005124,-0.4598530275348846
rd_me,0.03618893123998113,-0.1133073555183611,-0.007115380744103072,0.2201751919689921,-0.09687622969289678,0.08271247934869809,0.20743997420454907,0.03615818354119703,0.13767600930870394,0.22273182661325097,-0.039057547668062985,-0.042998697360786334,-0.1208862230803348,-0.021602771354063813,0.22007472165336323,0.1954355146181524,-0.2586322948730604,-0.05253511194873566,-0.04087996963044948,-0.09005782618340442,0.08193049768623417,-0.07565575331490848,-0.0647482696112534,0.09459167406761135,-0.02591433049232702,0.0012127716586008812,-0.0894645311092759,-0.27276595779758744,-0.15246526274874939,-0.05750224036220057,0.111690140867666,-0.11319472172060208,0.20209204354266136,-0.06906058390833417,-0.22633254337087663,0.055770451490643524,-0.020401178169492655,-0.188858606977268,-0.005045380379727588,-0.09674045190607215,0.15983858868056364,-0.055238534717005856,0.20887030015060387,0.016376174872413284,-0.018096228041958245,-0.10487468838186126,-0.06695361715556129,-0.22198563465766735,-0.05556682647728335,-0.09215305349049213,0.1338520964979631,0.016928653824773335,-0.144938934925292,0.0011804747540572903,0.23880996184606448,-0.0949512758353969,-0.1063451840251177,-0.11397000993580299,0.041114698229429134,-0.10731509207113726,0.2729957143043662,-0.010475145920477337,-0.18654607315379723,0.08877604340394468,0.28277371600928886,-0.005989059345921593,0.03525432054840755,-0.07668644517405498,0.0336053360617272,-0.17364466148445348,-0.12498849766769177,0.12329674701709945,0.17293879006607268,-0.24418165930730062,-0.21665077367128405,-0.3600257546753969,0.030495611086848815,-0.07546182116820682,-0.07079161441667298,-0.050121925874004714,-0.026404113435357146,0.12746752367666964,0.03264672938551205,-0.11202246356632004,0.02825892211793398,-0.01571937390623085,-0.08951493715487714,-0.1424134101124057,0.19989763155231766,-0.07054102933602535,-0.0010218122733737607,0.3536301975735362,-0.3790575227201048,-0.15153807489166785,-0.11543075135834492,-0.03877548707578192,-0.08679259692385827,0.37470040527923704,1.0,0.2938413495513805,-0.19443316985088793,-0.09720040323916568,-0.2981250830922074,-0.26891703715090787,0.21830842842552395,-0.20443852474962104,0.3590391359226997,-0.2717866192812862,-0.28073104877948907,-0.051976760966139415,-0.1221467453217629,0.1370615040197376,-0.09136979578177344,-0.07253805101200636,0.06244008390931278,-0.16286608562944757,0.21767463358476308,0.20175842684836084,0.24728030076569846,-0.12908384081718188,-0.05838600926976055,0.07634488230946422,-0.033884998501898286,0.15476144707801642,-0.1498528374652562,-0.3115841979166105,0.002137058265873785,0.1510376829904176,0.07055357421375472,0.13212857876710274,0.037995342027225945,0.10598826039067585,0.11942225856369437,-0.038691405828967844,-0.2600978708313029,-0.2514465197676158,-0.09293397502055531,0.06829018357047228,-0.152585182451144,-0.20566864095877563,-0.13229881743971456
rd_sale,0.4939152732529968,-0.600351278953327,0.4095537019486776,0.11717061441276201,0.09542193886256448,-0.40515612447501503,-0.17400211291642903,0.12160922830458307,-0.42538028985346515,-0.15208718227419682,-0.025528768125506945,-0.24275518885315162,-0.3821127623287196,-0.4569414947014357,-0.4992903789310225,0.4620644691059422,0.16492234721464924,-0.3350525187065481,-0.318459987734388,-0.3846538147488743,0.6314040261587384,-0.560877567505477,-0.40784304619293865,-0.4244704866231179,0.2714046484423,-0.23658759976042348,-0.021692669666867323,-0.05678967725572326,-0.05397082439152637,0.051139572073084096,-0.18964204755659514,0.021608085893190368,-0.048772915694017926,-0.19349797792585444,-0.13283557889668365,0.09873898106514788,0.03589989419629668,-0.31944270139137143,-0.3358652890191478,-0.5013846477979427,-0.5797322285430289,-0.46090229308488617,-0.47717395226428083,-0.6096659208654825,-0.5178554914660382,-0.5817692444074599,-0.6055055811745832,-0.4490312115115385,0.1586955812153564,0.26156807878113564,0.32659686029058776,-0.3374250201424172,-0.3651791435653444,-0.04701707769115012,-0.19379968615703658,-0.4289401964492456,-0.44374636304468523,-0.38473771282317204,-0.32935064087861265,-0.4022336206088264,-0.020921258487694744,-0.4073053939061083,0.03585089638551639,-0.26456194490526846,0.2244454186435707,0.5671631326310033,-0.4634640259819433,0.3016955467071889,0.22325541611040475,0.08433311111943903,0.2556414230098216,0.41844581774496625,-0.14607242720790142,-0.23434911233522882,-0.24267077386461874,-0.12880720268423407,-0.3519007720448768,-0.0011053898061419319,-0.3505873783769869,0.14010600256120154,-0.19530932718118682,0.04412246239786355,-0.27242797350922976,0.16570769635754873,-0.6590103910223231,-0.45093369601333677,0.2182586934452851,-0.33701632986444235,0.09328802111818112,-0.18386274030827635,-0.33402249954694935,0.018859189286896966,-0.20677458656352768,0.1369424327996401,-0.27094420835167815,-0.06683869882277173,0.3423422775078243,0.6938803824911697,0.2938413495513805,1.0,-0.027551362052912844,-0.09769527275072928,-0.08852088565843255,0.20377802466598233,0.037426579298029804,-0.05473190607269239,0.10238639133263226,-0.08067520100445036,-0.03348309271008714,-0.42846749970575476,-0.5917513394117805,-0.10847827404397241,-0.17313100103223883,-0.46487972827154095,0.33604425187194453,-0.050920010853939955,-0.022286474411108582,0.0194358550154191,-0.17661350300592576,0.3955969583782568,0.11202152828926193,0.24979034056842525,-0.052529419031396365,0.039589529652058496,0.032163629023456805,0.19569992877698517,0.06983808773190092,-0.284039008980722,0.16770609024859764,-0.3570889603457119,0.10037025864795734,-0.10210910108890917,-0.3191783532351831,0.23019715253964051,0.21495264555666718,-0.24246443159126668,-0.12240074424319003,0.4000237320050448,-0.5439817450807432,-0.5351802000672337,-0.5372440540214514
resff3_12_1,-0.018838016643708766,0.10865327243189465,-0.14697489451248508,0.014688247337280521,-0.11472064682749002,-0.09611753536160564,-0.1833653703282217,-0.023085799765912393,-0.043052465561447095,-0.20743905685186093,0.09388818417179573,0.03701288492862498,0.1357818344948977,0.1096757495964544,-0.16755903178675646,-0.1587666861889757,0.3632231245465428,0.03356490268365052,0.22915344783164512,0.1994295811378774,-0.20045979338218356,0.013498328792959891,0.2559206974244856,0.18421541357625315,0.023377639486217332,0.19413093876171655,0.0867752313403544,0.3037968265752875,0.1970247133205114,-0.1344182482714785,-0.17380475133878193,-0.024665496467949567,-0.036814598579558266,-0.05032550428070079,0.3983040884756089,-0.24901824734247935,0.1830938613280086,0.12338709090202904,-0.007035614254646086,0.024997545039671387,-0.17980301045238645,0.09350572932975688,-0.18034034385486675,0.06279538037881222,-0.05066375472711787,0.09776981612402477,0.03112925847428702,0.03740307597703884,0.23848128000540603,0.05457491033380872,-0.21863956289642777,0.25661755373364675,0.3097945382212457,-0.14511528982904387,-0.18564363889912922,0.045209032934698135,0.0839070213552103,0.3078789813524014,0.30014124699462985,-0.07687836395945476,-0.13705257042882796,0.0940905781779165,0.17403600493117405,0.17243361396307877,0.03860240866449183,0.0586945106208053,-0.10522939323879618,0.24899328150547378,-0.13440866259665504,-0.1131804563741611,0.06608635376890189,-0.08932749004343643,-0.24171393228097013,0.09451571551392428,0.10288007404284669,0.21472996204894923,0.16472289198607995,0.031785081070510965,0.13648079571995497,-0.0032090072323630557,0.1025197972593426,-0.049917850621768386,0.015126687006498519,0.20724708613536352,-0.052007750124522384,0.05810514509135609,-0.18410561473542258,-0.11869920060197466,-0.1685460653328883,-0.3035451824681026,0.26790600359814565,-0.20721867635731378,0.476619093449801,0.09591628192797409,0.1481589666453715,-0.08269442145122871,0.195483778005457,-0.04839022977456253,-0.19443316985088793,-0.027551362052912844,1.0,0.575612098634683,0.48418317707345704,0.32529085079000186,-0.16724728678545742,0.35486139859858057,-0.02520083613975696,0.4368163417096458,0.5402303331542627,0.11656104333357661,0.13574105457430116,0.05317866495162811,0.12607979021177512,0.09481476220961191,0.019524248479990406,0.003565471869465345,-0.02044811189274205,0.0415422510444624,-0.1127568493609261,0.212539211821032,-0.0221237994954656,0.0685198445215626,-0.03582166447994563,-0.03989399874785916,0.02704123441231519,0.5624095930632985,0.009896737385611858,0.06787798968014708,-0.19946772815945382,0.09637326771838395,0.03351134282351731,-0.04308607529138629,-0.0673675935112971,-0.14114688353837018,0.1020977868489617,0.0011482797469535232,-0.03730272843195724,-0.016836708654614743,0.02833400105081,0.05968374985152181,0.01688273235648132
resff3_6_1,-0.07334645544080892,0.1879459053640962,-0.11236182414013811,0.07312244700050163,-0.23747870000609408,0.10169224641338817,-0.04511243018523799,-0.09183268399559805,0.12732562268943715,-0.0007219474037018895,0.08233984900154155,0.049203232159518315,0.18138772693348443,0.16552637605379777,0.0033481289236679296,-0.1466102769479708,0.3144077997866024,0.02707073600074751,0.3207976235886796,0.28655609458201503,-0.19271900050994017,0.143537803900278,0.2544861578642998,0.19455073918766944,0.13368984586553645,0.23517801292743737,0.04540614811997131,0.17260524704750407,0.1757181965581054,-0.16530260496867957,-0.04288168044600592,-0.25394961270179317,0.04326555592936464,-0.0753461032870297,0.14902868423447202,-0.10708756861239078,0.15483866694852855,0.10488536018315955,0.024332267819358468,0.09780779183209062,-0.014767697126464049,0.2902689143462218,-0.012325353999797683,0.15634854056661307,0.11920770677427212,0.16829554024333004,0.10955769534299127,0.011758856852471094,0.07116254750795081,0.01719302686354822,-0.1413517889910259,0.3332340283185645,0.3520856128262538,-0.14550918298650395,-0.14455563651035175,0.10994088677849838,0.13400214116511588,0.18227468161004334,0.24917054139788877,-0.023828456868763184,-0.032130097309543804,0.2803127659909753,0.11464533921220818,0.38156193823815165,-0.10124007171220267,-0.08072630234314263,-0.08777966538979,0.21381051916631624,-0.038773717401516715,-0.1818946965572383,-0.015295870341022344,-0.13472362337886085,-0.055077528173424026,0.07999444930513364,0.08027164809136533,0.009138556647352858,0.36736606378321746,0.24962742012615607,0.3544416679549627,-0.061164511234981046,0.3252945158098449,-0.07270002517393775,0.06280709072498183,0.14995890282632832,0.16602859604177211,0.09362490397170535,-0.14358757516888782,-0.036589953167953396,-0.07795875333496377,-0.18002036886511583,0.22923030659981358,-0.08258578207168941,0.36221923307074255,0.06254508150565027,0.17102181942268332,0.05324159887739312,0.08034427673308832,-0.039755221559345924,-0.09720040323916568,-0.09769527275072928,0.575612098634683,1.0,0.26186480993975464,-0.015946643346964433,-0.23777730361519683,0.3223304808614844,0.09594265061191423,0.5330883655607798,0.416983405113564,0.17081226158613788,0.18448742227665893,0.06048661525616962,0.15035660660234285,0.1525708799529415,-0.047682391781648265,0.1792679950314052,-0.09833025978375082,-0.06801512967748546,-0.07092713967030972,0.03945580590923599,-0.10122503827573742,0.025448784651319684,-0.02808549624243435,0.022986137381637354,-0.17241310198198406,0.38095787780556956,-0.1194795184219655,0.1564078082449117,-0.22571242750566334,0.13948212206693833,-0.023481717583140015,0.1282490288434956,-0.03853320127396283,-0.06534135342974201,-0.04177588950058105,0.04819298820493073,-0.07397095368277795,-0.09023908529688897,0.11498978557737705,0.13222757084570597,0.1307088724367122
ret_12_1,0.06253626290401249,-0.0035750782264375803,0.030620874158530903,-0.15457246322252227,0.1917969450252003,-0.28385843159858404,-0.4382194512822348,0.1551389936840262,-0.3045664999068643,-0.3998115834178958,0.12686630887561295,-0.11455786933864089,-0.03265330697929211,-0.177445042599149,-0.3945834673215007,-0.14310722761760997,0.1599429510441654,0.021907705392271506,0.032143801478714665,0.05390842034700957,0.010729761976249502,-0.022347373534746917,0.026176680736357608,-0.10667939869323166,0.009728637213437353,0.015508988579586788,0.11918025090415593,0.20595005674510009,0.08349385290156164,0.04927155121012061,-0.33781560501811336,0.32533376980003137,-0.17307030578096694,0.13111457862873124,0.3072303295668698,-0.05239809402020097,0.12436814196951006,0.049274778805269606,0.09753113127045997,0.12769139024321335,-0.3354060070441812,-0.10933575756109648,-0.4150455791006409,-0.06638161721766783,-0.14112769028361255,-0.08247371490813467,-0.08690402769968486,0.23338332013104632,0.36419627435560065,0.00810663352130099,-0.0031167755911889095,0.035111214257617034,0.07439050599992506,-0.13324208283775507,-0.4293316559657085,-0.16632683655943942,-0.002799382568915142,0.14743377981861094,0.09250113523897266,0.014926823345932138,-0.08139264701098162,-0.14274937107802443,0.42354836526350925,-0.14548944018507037,0.1260213376331087,0.26855633947633917,-0.013145530639275226,0.11141782020843058,0.0062206882223251,0.21497443233160946,0.23328976836505,0.07470606677560498,-0.4330665639993149,0.2469844592147012,0.24028672790157313,0.48577585517393024,-0.15993958183286747,-0.07492224591107205,-0.15295937997849982,0.04326265737544782,-0.16264664854287447,-0.03394417579493873,0.024083810495648634,0.01332003824242586,-0.055370518718033654,-0.02178680462792571,0.06127717258038704,0.0378069963155401,-0.07219126232015866,-0.10268893299960616,0.10503585199377591,-0.3291740024181676,0.4938487846483798,0.14032649238278555,0.13552575208242093,0.003525790137852363,0.12996767192503655,0.03873053528238364,-0.2981250830922074,-0.08852088565843255,0.48418317707345704,0.26186480993975464,1.0,0.6071125342531121,-0.23845470836459848,0.5246520927018403,-0.25910937108886284,0.6694993441205368,0.8088403601975228,-0.04708840791209021,-0.0022474109035756184,-0.15819425533875403,0.03128828292509051,-0.044967783001515285,0.05773072572334749,0.013009425957620592,-0.08345471506206503,-0.022970560519293658,-0.3673517667518166,0.35773787207111923,0.06766073718953726,-0.08630160977710433,-0.06663650550453185,-0.07376010022905187,0.32532471462695467,0.7265200598214562,0.12984543681626493,-0.24712396836106776,-0.04455036806988167,-0.0036967385925439932,0.071400614059589,-0.2666526502776698,-0.2348550633677859,0.017652641432873532,0.353940585100431,-0.13067521553332961,0.1659217932826052,0.1461658946586177,-0.15143179658843398,-0.08459186855101086,-0.18221619930931104
ret_12_7,0.20357718788084134,-0.2306691742312759,0.1334589117016588,-0.07369986088195177,0.2722297535991777,-0.313584491056072,-0.32168669664091143,0.20136330667787417,-0.35339434998190006,-0.26696604084346764,0.10151171107097,-0.15066818759069645,0.019132852396264777,-0.274421891817038,-0.39276852763433445,-0.01389688853178025,0.13831506589000403,0.03064006655452902,-0.055446521079025396,-0.08663530012054951,0.2451282840257509,-0.19432426013241666,-0.16317422970933482,-0.283038779063789,0.05831981688224802,0.0913285108113974,0.018093704014124815,0.09761765652787822,0.1445428749388841,0.18184754337959275,-0.2565252233335726,0.36732227971020215,-0.1320285756093681,0.013829087791986478,0.13721725319007377,0.07769284999424679,0.00939635724845311,-0.07170784005470313,-0.06434435376435985,-0.14925377599474537,-0.36631487630074455,-0.23686374875071822,-0.39796756475309464,-0.24590447076543365,-0.2444569750622378,-0.24153129535506235,-0.2696498344069575,-0.035629434929424504,0.253596800124393,0.1437241736304986,0.13918518601104052,-0.18592412462433966,-0.13523157269062563,-0.04660556648240652,-0.3262799845518116,-0.2047252044950434,-0.1672508826441102,-0.028464372580919807,-0.10951501130131722,-0.05455728389797007,-0.12334987822126203,-0.2756445166576754,0.34732794249203747,-0.2878629798270204,0.16336518739806408,0.2609919129515506,-0.08258655647632071,0.09276530327564188,0.04540877423427717,0.1852759639207605,0.2751640631434664,0.19277568382689003,-0.3114438271548764,0.15851190890905997,0.1277388372421551,0.4145158912346205,-0.2873004503789094,-0.14699960822516772,-0.29242145551778626,0.051045198946380564,-0.26986403741329956,-0.03639137855345023,-0.027255071842900054,0.13827861246796247,-0.3301617546288006,-0.07496667314229385,0.20000283252588558,0.006601410316494695,0.05436864352481022,-0.011144416229533157,-0.144171526422315,-0.18686290068488426,0.23937769501561165,0.14828075765290108,-0.013345574913846771,-0.006785305073680406,0.18007544315535268,0.1403959743910061,-0.26891703715090787,0.20377802466598233,0.32529085079000186,-0.015946643346964433,0.6071125342531121,1.0,-0.03585176439074467,0.22123494887182904,-0.1727468354901378,0.21853057205113824,0.417103490783474,-0.17857955658946534,-0.14390977016561457,-0.08619709893093981,0.057807213501054826,-0.20231923599207952,0.15167000442904593,-0.11776905630289668,-0.01358636745927022,0.03637150251809239,-0.2725811211370708,0.4062843917229202,0.10007958006161047,0.04807696706139661,0.021206226010684046,-0.03950778275356863,0.45862482939862265,0.545967490915067,0.07794931203483058,-0.22106475250415522,0.020758305479763928,-0.14186214628842753,0.09939353780607758,-0.27027785066841303,-0.277932862352724,0.17224225804366686,0.38854051274033663,-0.1857556269133751,0.06126390143169645,0.18088262417525305,-0.25864923763742664,-0.23249312930993327,-0.26267566818953864
ret_1_0,0.09215608942013397,-0.13517442229058393,-0.07911306931904777,0.10612451980093739,0.049177345985476247,0.09111204721814258,0.2111798004556723,-0.0378810874510828,0.11265649378087286,0.22208601839866607,-0.14861021318089426,0.004780015051018427,0.01547836060554418,-0.01885875896379172,0.14726506267200176,0.001486365035078496,-0.29055179578727675,0.13289938827309855,-0.1693234521208314,-0.13441173230439174,0.1047085224607705,0.05937874822228997,-0.13011283834628945,-0.05554486694165768,-0.2747366197532608,0.0159144334467642,-0.034881740821214646,-0.1726695018614224,-0.1125327403438382,0.2044238437764166,0.11845129648139228,0.1572880670370272,0.10408286319208512,-0.11979195405364962,-0.24916527202776673,0.16094242780527218,-0.19409487389137176,-0.029430925888581795,-0.10543421915925125,-0.21705943864311555,0.09327675843256547,-0.09063588658663276,0.14217110944701378,-0.03637822427124323,-0.011003061181836242,-0.10014024304175165,-0.1091434662259296,-0.2793072629825575,-0.21237022763247804,-0.09628068415081979,0.059636549479191905,-0.1631510554695463,-0.16674031579509146,0.17980817357858264,0.2823934750161654,-0.060527969091091434,-0.1295844368420077,-0.12579386038000379,-0.1406326060969228,0.048024648794547486,0.0330155123818659,-0.19873490300992525,-0.15892506656523575,-0.23393514105454244,0.23028013556674554,-0.11242411043032291,0.16901601154424295,-0.2542928112549,-0.08494255387743704,-0.09413769621340036,-0.11944976288011544,0.01127427633060234,0.1863497430489786,-0.2544308394105528,-0.12605753922879093,-0.23805287417445525,-0.2310315472151839,-0.26071511909307316,-0.2448240863170275,-0.1308325729837591,-0.26105739452136156,0.015521248144197286,-0.042375999802059125,-0.0026380024245958628,-0.13128602264433922,-0.11950201694167757,0.01564204274400554,-0.009454905945565,0.13000887510192427,0.10039395278404736,-0.14738182894378732,0.19793077213096696,-0.4025974476480938,-0.21245360765217974,-0.20091453525299927,-0.20098049247431987,-0.15385187579356052,0.09396154842635743,0.21830842842552395,0.037426579298029804,-0.16724728678545742,-0.23777730361519683,-0.23845470836459848,-0.03585176439074467,1.0,-0.25153945146730106,-0.09251124158481983,-0.3215502613819112,-0.30097727022897236,-0.03633833579193977,-0.0024092049349281495,0.38229666700765685,0.24410230497191315,-0.10110319640304555,0.0714058863614211,-0.30803840207392974,0.16736378132102264,0.12724261307143409,0.2578897115172129,-0.027722639225948795,-0.05299283012643466,-0.005920031676764744,0.002711583160538442,0.03582605415859791,0.13686484896445633,-0.3176644131528389,0.02615443513422286,0.017354342873488277,0.07107957412893291,-0.06582542756471566,-0.0012180046319940807,-0.034014317655616993,0.013908405397322693,0.08172986665308589,-0.1795109167396134,-0.09129688826691325,-0.13129031507675576,0.0028184124954128247,-0.0755238814182866,-0.07567402961133776,-0.06275520112816932
ret_3_1,-0.04067664849551056,0.029953812848642226,-0.003573112538658928,-0.1520484186307132,0.08925953023851013,-0.1477260247445567,-0.27412839956997526,0.131333188392002,-0.16922585153365588,-0.2759574673415507,0.1723463357060834,0.037457957709159106,0.03400894835900681,-0.03272830905042056,-0.27211489942069256,-0.21773187467384483,0.14580078045263908,-0.04249296839727894,0.04123448400345466,0.06644365473592458,-0.06867502820850993,-0.003066546440921749,0.07005637589090932,-0.002604153156290633,0.012929491080685928,-0.005158620144348095,0.12060330250826098,0.22035720114124646,0.11659093829009233,-0.006999181066853869,-0.2206102168171536,0.22673573391720894,-0.1463923578398208,0.10162521284940865,0.30653152353654034,-0.09480313518101258,0.09598696069091725,0.015913614271616756,0.07564508931353472,0.07953376178883192,-0.19315980021117618,-0.0273482071370695,-0.2734312295141037,-0.022820711197853418,-0.06020174670823214,-0.004400530688881554,0.0008856476969052647,0.21794841075734703,0.2364294591135236,0.05452586339255994,-0.07335867457003487,0.14210539443658654,0.12126234874395635,-0.13870033240931562,-0.3095298707626882,-0.08979072632957898,0.10109022448220953,0.13292982610285028,0.1308496314274205,0.07663158665046699,-0.1756584883318747,-0.07571775130655527,0.24575923837506908,-0.0884705132677223,0.04847959952226966,0.17669027715994795,-0.03879807528309893,0.14359450317854194,0.01843392832581727,0.14539262238269368,0.1649265779464162,0.04396964050232534,-0.28584250913347836,0.17791598805046716,0.1251720301165128,0.332394362175205,-0.09498623412729221,-0.07685209567226028,-0.03871173774152388,0.01852408928018357,-0.07083535953494137,-0.14057550260885776,0.010087553508962371,0.014049867093549575,0.02071959541662767,-0.020300738643772676,0.004558200871701211,-0.038286724071713005,-0.06220735600578737,-0.12111760641819387,0.16063448671215352,-0.3238743996834348,0.4595777395442916,0.13255641189177275,0.14827741442100176,0.009406216751077306,0.14785320237741223,-0.039815814045281984,-0.20443852474962104,-0.05473190607269239,0.35486139859858057,0.3223304808614844,0.5246520927018403,0.22123494887182904,-0.25153945146730106,1.0,-0.18324924780966834,0.6090444569043781,0.5758320175687208,0.07679660942291278,0.010222055613561551,-0.08899380638468544,-0.017086430240477547,0.09044697292287436,0.0013503852186001657,0.046483779538789835,-0.05087244190392983,0.010763152742666086,-0.21942944761028252,0.16539522226990377,0.06330325266255413,0.013127316148168578,-0.012420688999873584,0.035586863922421,0.16747387548859394,0.49354883791027665,0.10311152016254382,-0.17293117211265707,-0.06535546563361931,0.06369894145241559,0.12532211715494396,-0.13577554666138317,-0.31304332583902195,-0.028012599857083806,0.2640637925820446,-0.016615405323353913,0.13098055523170687,0.03108264992632875,-0.046975051474600286,0.015855385421882924,-0.08171160123496155
ret_60_12,-0.06368321297910891,0.10355728746174248,-0.103672904099513,0.1956034529182616,-0.19440586509751082,0.4534197144696681,0.4622988119309811,-0.203629991355202,0.44106168264430173,0.5767780336331124,0.026021332631999634,0.19975105871428872,-0.0633060820571604,0.24338306984478966,0.45683273248452316,0.2438993072746927,-0.0352675252086134,0.20366712328642703,0.3579720222844538,0.2648103544210747,-0.021073840581430005,0.1711319990992145,0.06904638665545923,0.10025523186925914,0.034337552271988626,0.1307089166833022,-0.051571504497716955,-0.07449510669822731,-0.042844677472796466,0.1476732230745365,0.4155369750724647,-0.13755584261383608,0.2410618350738178,-0.21183498204089843,-0.357749068216229,0.2116347308165232,-0.18349189712287411,0.04895090273435054,-0.041149461489816186,0.011600963871778256,0.37609568913102576,0.3604462768272916,0.4501275955216829,0.1643967993013783,0.40287263813702334,0.05636059239782223,0.06511057882344545,-0.054043471739176834,-0.3939446193060489,0.00035406863977669313,-0.0027250899354523497,0.10414110231347365,0.018079172833510813,0.03997202054718789,0.3055728600494718,0.16800044395270108,0.03299261805806308,-0.18397911640992715,-0.025404896317051014,-0.007343874085070179,0.3245635839557466,0.3151705530652598,-0.26768766250129616,0.21473543802502376,-0.03709056915678667,-0.36445217312570966,0.09770904062477834,-0.08945550766059504,-0.15102129153224994,-0.3297196894730042,-0.05549909524816007,-0.19157498903893724,0.5070357198238844,-0.26558531043607114,-0.3504369075785626,-0.3154637794315255,0.2002109559146595,0.049975978866760945,0.28753913272348464,-0.06615087167204703,0.21269834540879096,0.05333609958136121,-0.02656812735123365,-0.027142034891875506,0.18246752606969358,0.18005587001025983,-0.0860914071428851,-0.052675546158692556,0.14004089939824407,0.12218751823413417,0.03703161738687097,0.3954841577715596,-0.11140432646147946,-0.2883937087088575,-0.1922506577884521,-0.059262593571848016,-0.15102486278743657,-0.09808587009987324,0.3590391359226997,0.10238639133263226,-0.02520083613975696,0.09594265061191423,-0.25910937108886284,-0.1727468354901378,-0.09251124158481983,-0.18324924780966834,1.0,-0.18936158395864683,-0.23768132891802235,0.08875316352810322,0.02820929139480754,-0.1531493975985378,-0.0997997728807487,0.09003419415871444,-0.05586495435727647,-0.0894121703614224,0.17498770370700256,0.23092347866268081,0.2650956037236952,-0.04726281360163392,-0.0662896781265915,0.12959036699229273,-0.012217402613721756,0.13897676719207613,-0.1146191339493956,-0.23498517862897358,-0.24419855867963497,0.5905444429563746,0.009143691152631132,0.18750737460374411,-0.05507562714653594,0.38316301866938424,0.04836801129821633,0.041600113463803975,-0.33092814095108125,0.10322936748177464,-0.22972348568697956,-0.25774891886837353,0.13557316514536272,0.08027252858412642,0.18259779674960058
ret_6_1,-0.00012107604097528797,0.040208267552395656,0.09038876340243387,-0.14837520728356274,0.028677581903292587,-0.1794838118293474,-0.3278970447614086,0.0839086804573615,-0.20351786703962133,-0.3088540823314611,0.2158409365180055,-0.007475143138168011,0.05368161585519368,-0.061412017724763276,-0.3404281408350756,-0.19485886862148047,0.22445477453946047,-0.07275611900264758,0.11651237586039906,0.13460484833465858,-0.029319370711890506,0.05031637806102424,0.12011593827827059,-0.005866570024620777,0.12412514639245477,0.042497988020019764,0.09574097037576187,0.23934469871577607,0.0905630706091142,-0.0464868990843519,-0.2747883754091569,0.08727176071748625,-0.1590561030729456,0.10407358337617975,0.2683544188708546,-0.11393224553775608,0.1689191037071424,0.07213600401441565,0.0854592649597432,0.15618327419766162,-0.28213055618052607,0.020144861959335555,-0.346515939340037,-0.020421203078653822,-0.06935996615139219,0.004977665980840814,-0.02414515698545658,0.20855599987305848,0.2977216184070127,0.0497158355239489,-0.06899953708438125,0.16704509077306426,0.16142825597438698,-0.15859368199953022,-0.3989582040551541,-0.09716012594958898,0.09621061730877908,0.12345669056964335,0.1444402846980135,-0.048359662717259874,-0.14810827172745641,0.040263711118779716,0.35848657079807167,0.029263278861569098,-0.001837842232068762,0.24200676008010985,-0.12471271082594572,0.20675679719475332,0.05657583378375548,0.1406981660960449,0.16013333009424277,0.003805293704878237,-0.35153601995379496,0.22023852707397093,0.19777433939286787,0.35756778728963967,0.021100016484392633,0.06924029666053975,0.032568275884112576,0.03803878818175107,0.018534787809972728,-0.1393128093595037,0.01624666142829475,0.009076551637321443,0.033567066832442,-0.0030882944151856386,-0.0026879835627296126,-0.02206805660185669,-0.11900840867108557,-0.12100439045855721,0.15584252029499435,-0.336290315142831,0.5084318929344174,0.2016343391367318,0.20353898057237393,0.0733422582607829,0.18061952956727673,0.009425792854820512,-0.2717866192812862,-0.08067520100445036,0.4368163417096458,0.5330883655607798,0.6694993441205368,0.21853057205113824,-0.3215502613819112,0.6090444569043781,-0.18936158395864683,1.0,0.7679726298586398,0.07492932454400758,0.006423393584869859,-0.08216758913431835,-0.0003355429921277415,0.07543587779761529,-0.018157994811168372,0.13911184576818203,-0.11894993451728725,-0.07339456486658666,-0.36582795286995207,0.176899603165748,0.012527376485196322,-0.03250650681238533,-0.07879265359394293,-0.06887305406399938,0.07934271456809158,0.6197953641128389,2.3330851909284544e-06,-0.18717158164980918,-0.07179784925692048,-0.011796587658679143,0.11206852656512721,-0.15098434120583415,-0.3363320028241057,-0.022941847567963046,0.2450977305315206,-0.005354183281386314,0.1345635704541086,0.08658771410610545,-0.033248011239661285,0.019331572864753704,-0.03441150094966415
ret_9_1,0.02881940242570863,0.02160401087432122,0.06445581896300455,-0.16296352156717478,0.08872620118862497,-0.262911058177986,-0.4275278792529965,0.08664633968173155,-0.2845262239011872,-0.38775413254309354,0.19125874663054776,-0.0864686552216154,0.02771481063012961,-0.10355702701892655,-0.407520677728056,-0.20227691386386246,0.22624427075039955,-0.0586340981913399,0.08601432965628243,0.07039449488782384,-0.07724189268413822,-0.03633949616712662,0.1270768674216215,0.002954622813343981,0.054529626034210285,0.02235879437504617,0.09384854829102011,0.2733561912772592,0.12073436564720487,-0.06458158059651939,-0.3431553612561461,0.18030912852955494,-0.16977612789497537,0.11987373992550437,0.3710465903949428,-0.14271006177467394,0.19730507795849317,0.10335071555077084,0.10676194202445866,0.15012625559729514,-0.35604963409178547,-0.06186828072309703,-0.42224130822964545,-0.043228314927781744,-0.13638441642957244,-0.035040009677660536,-0.0652352481983823,0.22317143077045226,0.4096149915552838,0.04921522053884888,-0.08145335319949015,0.16108172339254923,0.17438415310766198,-0.11956953801880395,-0.43090996548413546,-0.10561421002203569,0.07644324075141584,0.17836816241139047,0.19530342448016652,-0.07741356923416896,-0.16724983258439818,-0.03262643364338688,0.3872232597413553,-0.03382250914138807,0.0752933282658819,0.29884435196402936,-0.1090311210386609,0.22093308247248977,-0.003313402719248134,0.1662935073387199,0.218464275132166,-0.018488473211704985,-0.44829141882224643,0.2147575544738004,0.1979375655686645,0.3985793852478265,-0.04740976601590801,-0.008965915170261967,-0.053820611229282125,0.0636836074823936,-0.0737968826014215,-0.0893962594320743,0.016474100760648064,0.009229188365494037,-0.0591163101105222,0.0062271887225215485,-0.03373117626793311,-0.05216868517862491,-0.15357229795510002,-0.21945246916732014,0.20557842781177096,-0.36902710936822003,0.5363260028762007,0.21122426481566858,0.20979147403747406,0.014514518949621644,0.2317720831794763,0.05384114696141072,-0.28073104877948907,-0.03348309271008714,0.5402303331542627,0.416983405113564,0.8088403601975228,0.417103490783474,-0.30097727022897236,0.5758320175687208,-0.23768132891802235,0.7679726298586398,1.0,0.05239028703483435,0.003639019786215497,-0.1040426385607465,0.037272406079343394,0.04680399524941434,0.029057599926182797,0.0813468688220508,-0.09449535331268923,-0.04677101638349859,-0.38475604138000524,0.33360741885648226,0.04298255838961489,-0.02712435995043064,-0.11337563396748568,-0.0754598812902442,0.11309271297739176,0.7329765823919583,0.08384195129370473,-0.2585649347036244,-0.08572003841726497,-0.0023893467449584236,0.09466473183934998,-0.2296783338282978,-0.28397244884972245,-0.08545698028703949,0.2961670268030535,-0.05833497840493823,0.1496064593937959,0.10654844674420327,-0.09383143115787324,-0.01769211404045727,-0.11790345114640828
rmax1_21d,-0.75589287213549,0.5636638648191576,-0.08364258412208826,-0.3945438412623482,0.05685626313035216,0.4388760536871236,0.057412938867390254,-0.28812833616456546,0.43202202838712717,0.08583252356417562,0.46162639225059704,0.3750029236765304,0.6763115819774593,0.7245244372709314,0.2933814077617942,-0.74541817452937,-0.1526541232170941,0.40552335827761177,0.4481091554969327,0.4404137559557952,-0.5439456318640081,0.5323666693097318,0.46477861181422614,0.4912355672463272,-0.0461853597464081,0.20490761726357812,-0.0021948392370825867,0.16880934837655637,0.03518630733143644,-0.00543673364248713,0.0761517030422822,-0.011390750916081965,-0.28886939539370865,0.39321739280584445,0.013718112757103388,-0.032294556114688844,-0.17441514924278076,0.4374002999598202,0.38881163199132884,0.5972823358109551,0.38714153743084806,0.5165284029557233,0.31286259611012945,0.5662676387467618,0.6285524955509437,0.6609924847488959,0.6349744743229087,0.3639977243061898,0.06799091415328265,-0.13568312623509643,-0.14318099249643795,0.39273396056456766,0.3229858914326066,0.14787018356567064,0.17605677670543726,0.718416296021743,0.8412748935480954,0.014689160750723755,0.36695390654953985,0.19479249774622404,-0.4251770188590975,0.5531960717019851,0.18394475001031968,0.14987904691944937,-0.11373976268231667,-0.42176493122924796,0.4640056769853,-0.14772308491596403,-0.22910217689729068,-0.0011060870813273495,-0.05370190311554166,-0.6149037362239064,0.06566660673627234,0.3083597755673859,0.3866063534249686,-0.18831368849056107,0.21076789372258115,0.013099387509173442,0.3183168108755372,0.18040675600847278,0.14625796619893405,-0.18116791205300026,0.3721273599858087,-0.055002479969799054,0.491959244107593,0.6066639292665441,-0.12003709898522158,0.29220460053199027,-0.21049503522930588,-0.05594887506014795,0.42166474511655416,-0.29531926496322347,0.4465169757568906,0.31404493559835867,0.25920445210287596,0.25404134866823613,0.2957721456575524,-0.3172196406290516,-0.051976760966139415,-0.42846749970575476,0.11656104333357661,0.17081226158613788,-0.04708840791209021,-0.17857955658946534,-0.03633833579193977,0.07679660942291278,0.08875316352810322,0.07492932454400758,0.05239028703483435,1.0,0.6761550743743611,0.3079053832273586,0.3837024877783485,0.8680122236055994,-0.25659692308432597,-0.07979340596903296,0.3554707686126646,0.31211075937661,0.02435174328007138,-0.30945673943058083,-0.04098887961573916,-0.1367716357636848,0.05668421572606092,-0.009793971382758455,-0.1912758179971743,-0.14637206552633736,-0.09865594142808073,0.4292573538299119,-0.1530272880112629,0.37924297739884105,0.011871425063926029,-0.023498746104715064,0.08269632621929142,-0.27251987580883125,-0.2134763333777411,0.6063413011295007,0.31880150588558004,-0.28724974559663996,0.7404551287429053,0.7735348395637591,0.7056481206030567
rmax5_21d,-0.6014799816439348,0.594493431282436,-0.15242685625889535,-0.23007429674544938,0.010212595987939006,0.4418630222282496,0.01147128051101172,-0.07016536741579438,0.44786613308790985,0.06823189403380558,0.06879053942506747,0.07512461745598584,0.5184665427940722,0.570748412032294,0.3821506705045773,-0.6387046080171268,-0.20899491554850247,0.4470396508876525,0.4513549810275782,0.4772410997270525,-0.5618407502076026,0.5934785804502247,0.35406795261365737,0.42839088241096546,-0.12702234973125082,0.22679375597498674,0.03585552716397084,-0.06115435925256267,0.10789271949340169,-0.040156013794916276,0.021704974790428593,0.08293031372696726,-0.14549243596788314,0.2950786948933907,0.01625000894312327,0.014877643354452857,-0.2091996252786413,0.47943821126415137,0.47887364919101316,0.6129438741712008,0.4664173416484937,0.45051802071933833,0.3903242521487142,0.6336234689051241,0.5575574904409659,0.6813672633391746,0.6468156561217999,0.4559823156185949,-0.011158789715838367,-0.21854390297459222,-0.07067877033816858,0.3290883400720343,0.3236863068062786,0.07126582826010316,0.19134250904242758,0.6295955968817247,0.6297422106091726,0.11664361648025554,0.4404936843542493,0.30729574021859885,-0.10003338457831368,0.4927473636080464,0.22407254538000218,0.27111600118866586,-0.18144447604722702,-0.5178063146261103,0.538794595930649,-0.2777271129508937,-0.2852549646650904,0.004585353695772025,-0.07865066603911769,-0.5911820835559731,0.01592903168794385,0.3772096911748391,0.48085756160877957,-0.03349156057908404,0.3512496349444535,0.0445449581453156,0.3254525348716663,0.09520054985406776,0.04013382112528435,-0.2922315503609739,0.37229917231671605,-0.0621121859473267,0.5535532866461733,0.6451659306333267,-0.06886157109726374,0.45690306686165044,-0.03553509105232425,0.03229071542051308,0.41119060624065723,-0.05787104235075209,0.35101677103581536,0.1992633457697448,0.2687394875591669,0.28426045632614616,0.07759243864909338,-0.36454734617417206,-0.1221467453217629,-0.5917513394117805,0.13574105457430116,0.18448742227665893,-0.0022474109035756184,-0.14390977016561457,-0.0024092049349281495,0.010222055613561551,0.02820929139480754,0.006423393584869859,0.003639019786215497,0.6761550743743611,1.0,0.2404178050372034,0.3298754318186292,0.6474705983361574,-0.2465547802264612,-0.106602053629967,0.06297308213760014,0.056890067992212294,0.004492268186205267,-0.33149731242168246,-0.06689768274832986,-0.32166561914877484,0.0832154128552738,-0.08324762759423887,-0.12985088296800595,-0.19766576785123766,-0.15289548074201464,0.45779223567837257,-0.18014831900593228,0.38306262087001963,-0.09780285541490683,-0.10949741536442444,0.1160365013027853,-0.33136648858259915,-0.20367401154001288,0.4351236067638961,0.2201310472991689,-0.2995624178206311,0.6123607382338562,0.6210930767416548,0.6026103261975139
rmax5_rvol_21d,-0.08353561607956479,0.11083102756021562,-0.04807272730078446,0.12735146843970602,-0.09579978634978474,0.18716338930843052,0.09935712558911791,-0.05470931614133232,0.20103012075232227,0.083561969368217,0.027255652739881703,0.2403243957425189,0.2588184089283486,0.2237051564551481,0.13819672990000756,-0.16376788558925648,-0.06271831322698054,0.06931887710678167,0.03608789244075079,0.09676393153629506,-0.11500501778310204,0.11272576438660159,0.08889154364675135,0.17037374327182297,-0.04865629673210649,0.2469002339673584,0.1394998445175618,-0.04611299717567764,-0.0022972118194193192,-0.03255118916852282,0.05894697190396109,-0.13310161178248311,0.15350648061894187,-0.07641936623484341,-0.04724234456310074,0.02344590246795256,0.005020420429067137,0.07502262100842633,0.03770842237707629,0.04873482463957753,0.12866899364919723,0.11785210686024411,0.1449688758712798,0.1379040358757304,0.12834445414088924,0.1272373101719747,0.09679977562682338,-0.12448087199058835,-0.09235017055518331,-0.06186396379346199,-0.027826125396689463,0.10450563396625892,0.08382582502311617,0.11081566874173959,0.14459184836689856,0.09313365708531658,0.14542883585759261,0.026135920380581178,0.13938048585846266,0.08306438341780842,-0.05286678809248463,0.1389656513102091,-0.0310149547408222,0.1468000744646316,0.036739884636141175,-0.13289710024081658,0.09510311109712698,-0.06351682305654599,-0.0013661427171922811,-0.10455620672561047,-0.19992390896057124,-0.09373964204209176,0.10968588254473853,-0.006432484877182747,0.020366231568993323,-0.2579761397794622,0.13070290324395867,0.03206935866028384,0.09278701040797152,-0.1148875540964354,0.031546363761306734,-0.13901381824936176,0.0533095321509217,0.02312077944458512,0.13037339010096388,0.0607796081132994,-0.07977475276613438,0.007854308629009623,0.014976812552116811,-0.03458656663260479,0.11983925205785104,0.08895517135059489,-0.05666794335148142,0.010802654425595077,0.02296877066869961,0.0019120885755779845,-0.01576995475146014,0.013397456344659248,0.1370615040197376,-0.10847827404397241,0.05317866495162811,0.06048661525616962,-0.15819425533875403,-0.08619709893093981,0.38229666700765685,-0.08899380638468544,-0.1531493975985378,-0.08216758913431835,-0.1040426385607465,0.3079053832273586,0.2404178050372034,1.0,0.4105265092736332,0.22665607136124724,-0.038613457909343785,-0.031649976850029043,0.08603090798634261,0.04344702784534035,0.11158589061926748,-0.12652483653272248,-0.06850957363355241,-0.1428009208938331,-0.003915266143969856,0.007671914545537453,-0.1743603029905414,-0.1344894428343547,-0.044484616848960504,0.11371548803421569,-0.08259437088268759,0.13880155329471983,-0.02555062719957155,0.04870347343766348,0.0663156017530005,-0.1155730226913251,-0.13408290961679936,0.022079939624409746,-0.12068335435495509,0.007206438616048064,0.13900459061074544,0.18319329642713078,0.14076177788549507
rskew_21d,-0.2447679224692921,0.19645242789581321,-0.019709579209780483,-0.10694575111381316,-0.00968691281082578,0.14921271967193445,-0.026323366468709253,-0.05717554095809668,0.1561125211733424,-0.0078031496656780245,0.04548272034532402,0.09555860159452514,0.2432657996088578,0.2533193358230724,0.05037527044878434,-0.22447673977530616,0.019591733574427256,0.195358417061741,0.19865191692656986,0.19543167301775438,-0.21633538716159262,0.18291045144861445,0.134187172959438,0.12226349485887905,-0.0011951561579174436,0.17800273163854435,0.295579964933938,0.04918281875454439,0.10425449515265384,-0.04697705583863463,-0.009247485419911649,-0.012278477361036178,-0.11119893510005496,0.10366796834868267,0.07553815026449504,-0.06467917600980302,0.05185579503847412,0.23277120605177373,0.19362532493830004,0.2064738820412096,0.09597319059160542,0.1928352280144527,0.06307605573275989,0.2647398423899231,0.194939278258698,0.26265569782912956,0.21084623545052594,0.06848788435284127,0.048623930018881864,0.020045488109041592,-0.009581787594914546,0.14293904803336122,0.1739952554084202,0.23391010395796208,0.003489221680091565,0.27595807447937953,0.2752237259876517,0.02894468083317338,0.1797648377272843,0.09470021757641606,-0.13196067191724908,0.18265257363809867,0.15043420613436664,0.1162523127099442,-0.039099292567454695,-0.1441228900263808,0.21492666045643494,0.007869845399450105,-0.03840695617533195,0.07970004711234445,0.031156157692983476,-0.22723623530635334,0.0031080207213541556,0.18987474965133583,0.22575830125519072,0.037211576391990735,0.09440898164448977,0.06454277993469379,0.1339385596068402,0.07193350602710616,0.045497121858854156,-0.13163324355240758,0.21207639534694628,0.02002215875465932,0.1754003761441983,0.24976053357194308,-0.011866666904952156,0.1713950891020582,-0.03166310516565455,-0.08896808253103841,0.14980800479167808,-0.06389930978743344,0.24055263707963054,0.12248395028029797,0.08237339336698549,0.11827497057718582,0.09491893581533442,-0.0758777748918068,-0.09136979578177344,-0.17313100103223883,0.12607979021177512,0.15035660660234285,0.03128828292509051,0.057807213501054826,0.24410230497191315,-0.017086430240477547,-0.0997997728807487,-0.0003355429921277415,0.037272406079343394,0.3837024877783485,0.3298754318186292,0.4105265092736332,1.0,0.29839091727184686,-0.0033882197989349057,-0.008411927969003762,0.011971820354858505,0.006667184713041198,-0.02104307938252225,-0.04251358245389234,-0.04583496912009301,-0.05502621250579692,0.049598128658062915,-0.019466106435123295,-0.10296020508000966,0.06903855509960909,-0.051888324103807844,0.1344935969173422,-0.11002298041798933,0.138629747110182,0.01807031779363441,-0.029226119821841007,0.047413463611807,-0.11777445533836087,-0.014043912549042503,0.1412191628663539,0.07688889732812287,-0.008422408250974548,0.22643102391818232,0.2541090598725031,0.22411122407777792
rvol_21d,-0.7783245160191743,0.5882030843773569,-0.2229226286005738,-0.4152491379854266,0.06036310602584824,0.4572985154206374,0.06555350421012648,-0.32136429772898006,0.46403040223220765,0.07584058272733121,0.48694987896290615,0.37389199108148485,0.6649482755237333,0.7457130291948607,0.31546096985392674,-0.7524594097957429,-0.15855055011700459,0.4317925712857762,0.4704742264564382,0.4617195362495073,-0.5869393769187532,0.5292041803385839,0.49820043084229565,0.5190701716549873,-0.11210714150379264,0.14664173144829235,-0.02394515429127187,0.17571532256790873,0.04301266272442204,0.00429241826430239,0.08650222701811822,-0.015427356897228737,-0.28518424882747684,0.41719946390685025,0.013168483396936588,-0.02561971889693925,-0.19458786756742702,0.45466209703364924,0.3947787514558287,0.61669417575888,0.40149122059145315,0.5521482720193807,0.3284069150375436,0.5784988456893394,0.6546347746813456,0.6811002958330834,0.6597922616497534,0.4018255074670606,0.08718629322921634,-0.15054325970353943,-0.23168062056022606,0.4399224781168897,0.3604354220444015,0.13984873784434382,0.17913707572705462,0.7419827946617426,0.8803520176608761,0.03437427882973743,0.3922429535208539,0.21171561460453114,-0.44574796028828423,0.5385339715949002,0.1219745421548094,0.15372206321430176,-0.11917184372064828,-0.4416649430276372,0.46627570228634446,-0.16033076311046648,-0.24428433243406616,-0.029798553712629815,-0.06759477158689237,-0.6473932009133256,0.0513811808922022,0.2720977081235021,0.3666268318496275,-0.1828250080499929,0.2205317804545921,0.00668404779844185,0.3483147525908945,0.1632612249990078,0.180462492136579,-0.09596014549005463,0.3338041786489338,-0.07769916664001339,0.5197074189159709,0.6187174384959453,-0.191869232486003,0.27537748657348204,-0.25558799650719,-0.04366070314376172,0.43707048452512826,-0.2989783261072167,0.49511020609775935,0.2708945884684827,0.28369777578638766,0.21619871247182196,0.2259522097945953,-0.3716112793126214,-0.07253805101200636,-0.46487972827154095,0.09481476220961191,0.1525708799529415,-0.044967783001515285,-0.20231923599207952,-0.10110319640304555,0.09044697292287436,0.09003419415871444,0.07543587779761529,0.04680399524941434,0.8680122236055994,0.6474705983361574,0.22665607136124724,0.29839091727184686,1.0,-0.307898561950805,-0.09992231570214866,0.38207278186876825,0.34561529885520703,0.03717326213983312,-0.31602953190782984,-0.04249059963602332,-0.11422985986430581,0.05086087212302938,0.020789902257495912,-0.18120065088195497,-0.13842409781037335,-0.07912523598442883,0.4462839110878514,-0.18667669063139072,0.38439556591598967,0.007971079102712926,-0.015211883108428886,0.15677215531760558,-0.2745371788320803,-0.275768560712738,0.6326105456561655,0.3353062277035446,-0.33427692438120854,0.77054643906238,0.8023830914203789,0.7321275779428771
sale_bev,0.25797258214025615,-0.5030930482733597,0.46711495599934133,0.14294506910207244,0.15877252461124866,-0.33513481484193874,-0.37205245541132276,0.639462085453241,-0.4313029062227384,-0.0777359873603691,-0.07548409605292218,-0.041839738940996796,-0.2322604669929884,-0.24809105832050915,-0.45177034686793965,0.24523639170690134,0.1460864759452392,-0.2830559242925789,-0.3055592657431412,-0.3195867662115911,0.3332042882260231,-0.14763978603907807,-0.36124441819788056,-0.41088654508771616,0.38496415094266884,0.0012886302864493536,0.07407160152786349,-0.09742648468250245,0.0964815751857073,0.09985886977944661,-0.39396829520486143,-0.03530741564355294,-0.014814293233653818,-0.06267040715934982,-0.00727472836142219,-0.004318454861588487,0.2838849980234203,-0.1914822221056149,0.2687805578113908,-0.34616621599379116,-0.26969890100999894,-0.3600108168432149,-0.3908468525827344,-0.23796536022162124,-0.28206651955544726,-0.41095207545612544,-0.48251317734378313,-0.21012953145489321,0.0790732002664877,0.1548869118393344,0.5823977025083183,-0.30211905501891717,-0.4070584628517576,-0.07485190497839575,-0.30438886471196325,-0.2998836003234998,-0.2973557914216648,-0.14631901860560811,-0.265799108830246,-0.14549194691661688,0.02405087475589731,-0.23683985662979995,0.4300831741842046,-0.2115176000107678,0.14407635314240397,0.42523400602498496,-0.14651676057933083,0.21082918049859334,0.10009722310490343,0.3242128780236222,0.26448239050423494,0.37996287618449803,-0.05569334692003243,0.2894233600714198,0.08912431818220828,0.0342576960926066,-0.2996808051695872,0.03533080455869443,-0.2939719156586019,0.2650815325899758,-0.26669215473879904,-0.17509353968690333,0.2213628491598305,0.052703138383918886,-0.31243452890944445,-0.09784164046832006,0.475205699680102,0.09036109933114034,0.6092318459133405,0.10474127502832553,-0.35614370812725127,-0.010519124846792032,-0.0684619310860807,0.34322409066655574,-0.030239365157025157,0.29430873318750445,0.34422441862966985,0.2934301122449218,0.06244008390931278,0.33604425187194453,0.019524248479990406,-0.047682391781648265,0.05773072572334749,0.15167000442904593,0.0714058863614211,0.0013503852186001657,-0.05586495435727647,-0.018157994811168372,0.029057599926182797,-0.25659692308432597,-0.2465547802264612,-0.038613457909343785,-0.0033882197989349057,-0.307898561950805,1.0,0.11521435825259588,-0.3560458603539701,-0.39787437117396923,-0.0912608023870898,0.2829891677831569,-0.0026777045345911304,0.0010355074020964123,-0.0676232019862765,-0.08786526846457421,0.018011817532280552,0.21575267767013873,0.07226501256243102,-0.24958062860248206,0.135348956073038,-0.20184621814905207,0.20198842337485096,-0.12155309953424179,-0.30135392987156256,0.17049790162367182,0.3903431556130035,-0.3368223837485027,-0.013503843573322034,0.5916383278165026,-0.31230313500528184,-0.3191531429235771,-0.30581840185517195
sale_emp_gr1,0.04700308445039544,-0.1639550033815177,0.14734227439221403,0.030397474057045258,-0.31175622744969944,-0.21922315466558265,-0.03465254159612859,0.08001236700134115,-0.15214629397606522,0.04265134427949259,-0.0050543673327066215,0.13118812584885417,-0.11008792954466427,-0.13308337463031583,-0.039826324984047534,0.08855873309195665,0.40308920467178605,-0.43328351179829117,-0.17635613500049074,-0.03597258323996391,-0.013596967613636383,0.026308649615044075,-0.06370263849480856,-0.08946108299381456,0.5013311039755173,-0.007338178908360856,-0.14330593432412536,0.06603366648450587,-0.09461347508699565,-0.28181913025753913,-0.008601836043337103,-0.396720107427138,0.027064579384465604,0.02709067986470118,0.23044055041964417,-0.2718125834722377,0.503113880168162,-0.10924436276979674,0.18731312400674627,0.13731567391227192,0.005938620229395363,0.15735169170965105,-0.021868549037316797,0.03407288762953815,-0.0013521014879243121,-0.04702499623303109,-0.06080970426984753,0.2150099707991039,0.0046106961089241345,-0.10200360043059503,-0.04495908920943695,0.019431704175843174,0.06687033672466289,-0.07895440280936311,-0.04898311630665028,-0.031254263622631825,-0.06924559340897914,0.05777219203751147,0.015696749741529032,-0.10018062759435488,0.1007754487272203,0.1853664605939902,0.0041750392575287225,0.2532511183425146,-0.490622071283875,0.027579843275865996,-0.3078949375909331,0.27712340648320866,0.05271685712480005,0.33457038097339126,0.2466128249296935,0.07928849015569658,0.1468115434154258,0.20424131732217093,0.09978494720127852,0.05396101684831181,0.27295421470921,0.3787528076779036,0.3242727498815321,0.2154064929718687,0.3911409506255291,-0.07732508066675782,0.11194805883389164,0.08959240941580207,0.23111243999726105,-0.04643981167240138,0.011792531213395161,0.023159761603147047,-0.07390720956961286,-0.11627362506865412,-0.07890372997569696,0.06885466929137327,-0.05463729273541725,0.19217140686725376,0.3884891950923549,0.26436250185447785,-0.05659440578679704,-0.10024212088547033,-0.16286608562944757,-0.050920010853939955,0.003565471869465345,0.1792679950314052,0.013009425957620592,-0.11776905630289668,-0.30803840207392974,0.046483779538789835,-0.0894121703614224,0.13911184576818203,0.0813468688220508,-0.07979340596903296,-0.106602053629967,-0.031649976850029043,-0.008411927969003762,-0.09992231570214866,0.11521435825259588,1.0,-0.585683733302504,-0.545656907318988,-0.15061814495549186,0.008530251594734063,-0.016778702986983998,-0.006259865705293119,0.05456317499258938,0.006068182636171956,-0.21328396880088454,0.12145084535045145,-0.14502211483442162,-0.12943390749537073,0.10216318165433125,0.04000046839467049,0.01603768924081839,0.15424409622401852,-0.056307332989473415,-0.019672647990351483,0.32795516752113985,-0.08306855561975943,0.036474698729923385,0.14449874515086975,-0.012099710109030454,-0.03663666204179968,-0.006394545957147084
sale_gr1,-0.31747110867306927,0.45987314047036076,-0.29681935370617046,-0.12453592114563336,0.17142723067079055,0.41596860839058025,0.2675517234198187,-0.39914637758720256,0.3616381362699698,0.10092381853212376,0.3608401112815024,0.17217991056810647,0.3585750849461181,0.38606131718983683,0.23137262258719646,-0.24566451685717666,-0.30435989253404855,0.49672447561606453,0.28490731166754124,0.20320235156015298,-0.17147476296503672,0.18847950775016012,0.4278877289123431,0.41923202578937746,-0.37894863138715307,0.06313249467054541,-0.021144075474988176,0.23023003022793762,0.00023786993400530044,0.1877280932984631,0.23485738777217727,0.13907378419505453,-0.05341508186467077,0.03398164662985226,-0.16789672383619428,0.10893537642037114,-0.5500792127939975,0.07993621101247003,-0.2601152093496719,0.06289278398945024,0.18190056252109432,0.2656683517630689,0.22721916116118454,0.1437152104044995,0.35186963736015053,0.38523599334890474,0.41459228988215935,-0.18573829310978643,0.00864320688611879,0.004888218819406061,-0.21901633725585393,0.34214331665211245,0.24691512223163412,0.09209279689100425,0.3142879842250032,0.2490119385654897,0.3448334456808806,0.020094591386366507,0.16937840244529662,0.12196430258184009,-0.17754486384939938,0.21410966407621823,-0.15791147876317035,-0.07662886769838181,0.3376770236041614,-0.16355247954217117,0.3153367624112123,-0.1946171049809175,-0.07616451284569309,-0.42929353568087425,-0.40175736038331916,-0.19583566269985492,-0.005068699574420167,-0.3208350208288473,-0.24289515656178076,-0.23784559371105127,-0.08013268189558564,-0.2004845541297128,0.03173161387014614,-0.10184452238668651,0.04412611490668077,0.3375996680959935,-0.09063291693374129,-0.1913459118528811,-0.005931548399166087,0.1365385846199736,-0.24308869652969226,-0.1395245211983408,-0.20513706015570754,0.009571738466822662,0.31078908848073794,-0.05913007415817936,0.1551417030672736,-0.1426958278346987,-0.2608535792692684,-0.27961598811333166,0.07490599133164158,-0.05498930084544644,0.21767463358476308,-0.022286474411108582,-0.02044811189274205,-0.09833025978375082,-0.08345471506206503,-0.01358636745927022,0.16736378132102264,-0.05087244190392983,0.17498770370700256,-0.11894993451728725,-0.09449535331268923,0.3554707686126646,0.06297308213760014,0.08603090798634261,0.011971820354858505,0.38207278186876825,-0.3560458603539701,-0.585683733302504,1.0,0.7768257090202484,0.26365674482886164,-0.2981514909451973,0.028628845552463974,0.09861084652714006,-0.006810880071974744,0.12538310500502528,0.036973090936518044,-0.11654434905008662,0.09170591378009585,0.30688528046817176,-0.06953813883425852,0.18196642545889105,-0.039898766423460526,0.08481241657317018,0.2422782106565583,0.004506950098798073,-0.5497057632446934,0.3911224637888443,0.017941774978172745,-0.43850513526905466,0.28859599528369034,0.31026879756952386,0.27690109175333
sale_gr3,-0.29341241309948174,0.45487314211579494,-0.29876514928373127,-0.14452519080479725,0.2062112916758889,0.39603074343801936,0.2533096865947007,-0.3809208090269453,0.3576658425417547,0.0668059936342291,0.3209195740821236,0.09417022964393454,0.3251762470371188,0.3480353773513224,0.2257829157520658,-0.26928907357156984,-0.28830739040484193,0.5481488248737925,0.4006977817421486,0.3727701784064291,-0.13466851588509576,0.1126984986929312,0.3274919942256303,0.2845011368646168,-0.3227593388188845,0.05598047000902641,0.013865550226408854,0.19056719794348162,0.08239488742156956,0.35980137660184824,0.25271305625522034,0.29456289028396426,-0.09648348608737356,0.05122354447899803,-0.1994623379175982,0.24375903860815193,-0.5460277313905457,0.004158568145403933,-0.2792283276767549,0.05004167341260245,0.1919735552317841,0.2794342587967595,0.20626042579233655,0.09002765535761352,0.35123222119471925,0.34602906975574377,0.3726503546278529,-0.04411442554827213,-0.005648928953054445,0.09102778029192743,-0.15492729417193288,0.23599523109371207,0.16324030218034558,0.10915003864678852,0.17885773517456496,0.22275336945320756,0.3213106621741407,-0.04877156991961414,0.09815520222537208,0.20309477001056203,-0.21544464890615467,0.13874433366218356,-0.10177913001149763,-0.09246581643037513,0.3775813488237332,-0.204738960534504,0.36619919079747554,-0.1914394921336074,-0.10552880768088022,-0.42265954525807226,-0.34630359174688874,-0.2776783703452007,0.02499968858634294,-0.2761157827742636,-0.1894889916531159,-0.050540359407239124,-0.10354742729715863,-0.2262246200372817,0.023241778501635786,-0.1090237416078504,0.03896422713656279,0.34285960882779437,-0.09679584838076558,-0.034957487753522934,0.01746267705863911,0.16349777394216275,-0.16344146841490412,-0.06802704752256483,-0.14450283881523035,0.08807756052176689,0.228128990832593,-0.07481652766337275,0.21837012563048014,-0.1562350577105891,-0.2670978763872277,-0.2001365925722115,0.021007167434925474,-0.09119512109654353,0.20175842684836084,0.0194358550154191,0.0415422510444624,-0.06801512967748546,-0.022970560519293658,0.03637150251809239,0.12724261307143409,0.010763152742666086,0.23092347866268081,-0.07339456486658666,-0.04677101638349859,0.31211075937661,0.056890067992212294,0.04344702784534035,0.006667184713041198,0.34561529885520703,-0.39787437117396923,-0.545656907318988,0.7768257090202484,1.0,0.1986732909791469,-0.19509040273630135,0.009638197936427107,0.15057465697808328,-0.02064825624044062,0.07966684515329625,0.05825458640180601,-0.07129364550951849,0.0032389049927792654,0.3361310084209972,-0.10411435226353644,0.1966079804970728,-0.06375286400640286,0.06303011735796447,0.19711669328782752,0.13752821890224579,-0.3965625568286144,0.3622813647197367,0.03474809155637394,-0.41234591246761365,0.2314702455150248,0.2728246291958569,0.20769404102478337
sale_me,-0.1937897976246012,0.1651495120595493,-0.4638141642371081,0.1523323466217804,-0.29402193354045225,0.2784612247151994,0.4972608820211832,-0.14021340324459405,0.368687851576992,0.4321976101852074,0.008854662340372755,0.061884589489707084,0.05237868066946965,0.17224040969175383,0.5261698856284216,0.06865995077308083,-0.07276176325150971,0.08628547955189475,0.0873347817047349,0.06999486612525704,-0.160334374214605,0.09333952909753726,0.2245431992325388,0.26585607441491577,-0.1968046309153232,0.14267211632420768,0.026685548755762394,0.06897655471939443,0.10709896733718696,0.013880173706233075,0.36582461642589326,-0.22183812567903305,0.2112502699529001,-0.15278699974308224,-0.06459467271752271,-0.09379264023213256,-0.04388390236766797,-0.1397631873339007,-0.29588780430499023,-0.27393263835202414,0.4217610465422692,0.20250817186455836,0.4651812539415594,0.1630788230597055,0.18771343326185744,0.08596858326856416,0.14884824160274307,-0.14407532850936056,-0.2840877729807224,-5.757918889471778e-05,-0.2953864384889169,0.26007396297565655,0.1967131458570089,0.011300088685426595,0.48042602582922583,0.08787448716196797,-0.010469414642725633,0.1514441907019573,0.11276594979979249,0.0725118090175875,0.04807715662296738,0.2262258914533707,-0.4671013284804906,0.1608684534638406,0.049472110664745814,-0.3188555179027818,0.17137097674657464,-0.012015290524890514,0.023496940418140842,-0.44531460614775353,-0.33674923414107993,-0.001524590140774889,0.45082615066074744,-0.4630024748467339,-0.38991978781487946,-0.31332212513692037,0.2104005719424533,0.0921681436071481,0.20904717400238548,-0.32359751271215564,0.26878997460103604,0.3041235180598859,-0.18413603448530874,-0.1196603276830902,0.22876025356602478,-0.017623263901664958,-0.3802497317642366,-0.23420624050149053,0.053629928018729796,0.08541526648127187,0.18087053142666987,0.08597788409247523,-0.2737461946625416,-0.39920590770368525,-0.24795876348241164,-0.35773597158389636,-0.2903197025293877,-0.1570779325471147,0.24728030076569846,-0.17661350300592576,-0.1127568493609261,-0.07092713967030972,-0.3673517667518166,-0.2725811211370708,0.2578897115172129,-0.21942944761028252,0.2650956037236952,-0.36582795286995207,-0.38475604138000524,0.02435174328007138,0.004492268186205267,0.11158589061926748,-0.02104307938252225,0.03717326213983312,-0.0912608023870898,-0.15061814495549186,0.26365674482886164,0.1986732909791469,1.0,-0.2594708655902419,-0.0013206854137247422,-0.006534012436563058,-0.04939854215255792,0.18705789944318973,-0.18657848281850295,-0.327272276081257,-0.1542545703843203,0.30368552480908045,-0.00434443553621075,0.15870542947135066,-0.07603991963222471,0.3517234023854981,0.4159022269833651,0.013639069801460041,-0.3906664424317389,0.029238079972752348,-0.17481364166763452,-0.4087008147916571,0.08259810768177495,0.04691571462245349,0.1110006887191701
saleq_su,0.4147441149000366,-0.47819912814102655,0.23506566599152562,0.0975557081673442,0.22005525496686085,-0.44300785716698465,-0.3725913310311591,0.23237301792403614,-0.455552201470564,-0.06539790329360384,0.0052255330912526245,-0.04519179442944475,-0.2277514102485902,-0.3286182681507358,-0.37144798636937193,0.28573746551205087,0.2605217340025089,-0.29390114086027574,-0.23470270646879665,-0.2743302876432468,0.3588035670106293,-0.39169924098472214,-0.4679308765844619,-0.4582750752705905,0.08288732227655538,-0.026355600791591716,0.03327517405364509,-0.0906019385326916,0.020273924996384488,0.020272547059999077,-0.03873044316025077,0.15928885530744347,0.01469432024993855,-0.12922568986428037,0.02816330601567649,0.20258695935779525,0.23905257208618522,-0.23284633707380648,-0.092184422814288,-0.2661608971790821,-0.4205397029056558,-0.3500153031121053,-0.40245950682364995,-0.4362396691882444,-0.4048660189404284,-0.4947576570444173,-0.5256704734417181,-0.2003304510604431,0.08981989676789753,0.08586119308177931,0.1427403946482679,-0.4031341931494866,-0.3767105616044503,0.025477006450814035,-0.2555261908476678,-0.33616846377102083,-0.3151399872717966,-0.06646516442814912,-0.27239669709325304,-0.32174345827055684,0.00520538505545462,-0.4527872978238546,0.13444578826670206,-0.32997171055294594,-0.0021472927717872473,0.3089922919925393,-0.36273579414828394,0.1543071879954186,0.09365539754028321,0.18112529247451076,0.3643454881504956,0.2796370303011908,-0.07810365766297445,-0.029235656573877673,-0.0886257226781842,0.06479272135724895,-0.34716518544829467,-0.20746092733368998,-0.364474585672989,0.026111110135184565,-0.2559822292522181,-0.08891987831918681,-0.21012488779661687,0.14863506213952532,-0.45193628243152734,-0.33055062218220177,0.17306537620527618,-0.13442950228674483,0.14892742100837453,0.04781712895458123,-0.3421250621045465,-0.03379352312994682,0.047112988464491384,0.054695119402745976,-0.06216048967275174,-0.10918545169132642,0.19172689485953326,0.23801468540966722,-0.12908384081718188,0.3955969583782568,0.212539211821032,0.03945580590923599,0.35773787207111923,0.4062843917229202,-0.027722639225948795,0.16539522226990377,-0.04726281360163392,0.176899603165748,0.33360741885648226,-0.30945673943058083,-0.33149731242168246,-0.12652483653272248,-0.04251358245389234,-0.31602953190782984,0.2829891677831569,0.008530251594734063,-0.2981514909451973,-0.19509040273630135,-0.2594708655902419,1.0,0.06275261616548578,0.18025106639997693,-0.12118242048756792,-0.06744029011201128,0.22716595434771003,0.3894681830475833,0.05975473597301493,-0.2218032369598594,-0.014975188619891172,-0.25378491552383753,0.10438245545092631,-0.21064519038285545,-0.35887839456739745,0.19037448156711834,0.47932350072597674,-0.20038906125305164,-0.07899797985498068,0.30306322396289953,-0.3527738184287512,-0.358967071667342,-0.3577239927657585
seas_11_15an,0.03656602738723472,-0.10568997620887391,0.1429127853187585,-0.09092331014583724,0.09639761365385857,-0.15836634583427303,-0.09682685488727139,0.03190327387277522,-0.13694482323957058,-0.06340657526748311,0.01186875455887194,-0.08846620414839507,-0.08035920798297702,-0.09076887367474859,-0.15537929246323717,0.04303036349989031,-0.018463917198762655,-0.06232201138351832,-0.13213527821086452,-0.10604878328742609,0.09236517890084613,-0.04701524952143411,-0.05663854098138622,-0.12495942259161559,0.02423480800134998,-0.12977541508474064,0.06716752015765073,0.07089447755299952,-0.0871668893091514,-0.01441581437033404,-0.10875857177660148,0.07003723851904045,-0.06428777733540089,0.030630655997097522,0.015573571211797393,0.0112655442106476,-0.006012917280869579,0.03322170281974392,-0.03149610834297154,-0.03285329509886349,-0.13603096347361185,-0.1316226917115621,-0.13612826244275564,-0.09190654574287,-0.07213626514236521,-0.061169543544112234,-0.06708804036651858,-0.05195905938539695,0.0863926865877315,-0.03242942919485259,0.0628506386452445,-0.016199639772832702,-0.05589446833016825,-0.06428944674565973,-0.08496480988198343,-0.04562204636307458,-0.023939040895676708,-0.04917684931271055,-0.053670455787813404,-0.05546876761553404,-0.02557145780662913,-0.06432509681776222,0.044856024242088344,-0.14021175837032487,-0.011889202193218339,0.1187404281130492,-0.05492447475234304,-0.0026877825743448222,0.05776990226259726,0.05734142144494503,0.11601874660954621,0.025963536927171176,-0.09847394058558176,-0.014369722707334321,-8.699025808877719e-05,-0.05830467589887087,-0.1279718488104862,0.045097367762759154,-0.09276908765719423,0.07884670265972125,-0.057772150860339155,0.03151921873811887,-0.029155039118533174,-0.10696200901312888,-0.13459167953465043,-0.10071933073613057,0.030657181959789212,-0.012644538662661462,-0.04971592998363307,-0.043025317274830416,0.012491138893101128,-0.09986217650711432,0.035384696556292526,0.08830141633687541,-0.02954947248316375,0.00718857242712552,0.07296301133337209,0.10260615277168357,-0.05838600926976055,0.11202152828926193,-0.0221237994954656,-0.10122503827573742,0.06766073718953726,0.10007958006161047,-0.05299283012643466,0.06330325266255413,-0.0662896781265915,0.012527376485196322,0.04298255838961489,-0.04098887961573916,-0.06689768274832986,-0.06850957363355241,-0.04583496912009301,-0.04249059963602332,-0.0026777045345911304,-0.016778702986983998,0.028628845552463974,0.009638197936427107,-0.0013206854137247422,0.06275261616548578,1.0,-0.0025810433911155556,0.07836680972120208,0.004379166665160838,0.1087970209519977,0.018401838741838962,0.10255036197272348,-0.06499679716907969,0.18723684419959463,-0.07794268076835953,0.085901608264604,-0.019654630858430486,-0.007354460029009741,0.008213878140321505,0.07180429516527373,0.011679888766165845,0.046918827036976425,0.0038263464903793712,-0.04255999311517231,-0.04239025825974389,-0.04828062618410264
seas_11_15na,0.13560483584293226,-0.16736891511619237,-0.002310692963638241,0.06011186645716533,-0.05502302118001719,-0.056568680010623255,0.1220576621526725,-0.18503864467027487,-0.060830529710162715,0.0826006151077344,0.011207802038543904,0.13616325110819424,-0.005870527703446469,-0.09228969544832769,0.007205310039051887,0.16348086910017554,0.1610821318210197,-0.05315535477657464,-0.014267822329486434,-0.05079301035113662,0.13535306757525942,-0.2643893590272115,0.016066665488823895,-0.0441981644912635,0.04754678981662617,0.008040752888895919,0.04552218962320697,0.1338399373559659,-0.0036116787350875873,0.05706818239458478,0.12820039460422636,-0.021310812318623838,-0.029937629518390727,-0.12656943142536026,-0.009343408494546346,0.011810896154685942,-0.03863762007633033,-0.23131506527056173,-0.22146560028798076,-0.22787933811066213,-0.04846330621248702,-0.010849391379492354,0.04037558709287797,-0.2533264822289485,-0.10444523721356397,-0.20949647604441005,-0.17700833548617417,-0.2047524753393341,-0.1235973567121852,0.08895909843151245,-0.08290654346139992,-0.06973262212528038,0.042895765708354114,0.0038450156551468446,0.06819060012231357,-0.12753858201663798,-0.11459720255733553,0.06228447235066863,-0.17864961495787268,-0.14792053328467947,-0.12134297959118966,-0.11681305409156287,-0.11467248780765768,-0.09499625294012301,-0.02608692710699848,0.08175663987211901,-0.21657855241385832,0.09904463985421591,0.10362078629514332,-0.11276496300515591,-0.027288699769209633,0.054482945754850784,0.14231463256179455,-0.15311939254955415,-0.2497648919794829,-0.011214807431821084,-0.12155390797651786,-0.1211877039205194,-0.03609337424239264,0.0016098983942806648,0.04023854048147442,0.20539355525728586,-0.12757756756002467,-0.022713021997756433,-0.18526709783489115,-0.11308378298390319,0.01260071298319984,-0.23288856492689983,-0.06933862463736785,-0.06763008435212033,-0.14441053914865284,-0.003792872992379022,-0.0322309695779423,-0.0748229386427752,-0.11684967236029367,-0.13246425417003868,0.06081873612553922,0.01628477612809466,0.07634488230946422,0.24979034056842525,0.0685198445215626,0.025448784651319684,-0.08630160977710433,0.04807696706139661,-0.005920031676764744,0.013127316148168578,0.12959036699229273,-0.03250650681238533,-0.02712435995043064,-0.1367716357636848,-0.32166561914877484,-0.1428009208938331,-0.05502621250579692,-0.11422985986430581,0.0010355074020964123,-0.006259865705293119,0.09861084652714006,0.15057465697808328,-0.006534012436563058,0.18025106639997693,-0.0025810433911155556,1.0,0.025578879550130697,0.06285095907037602,0.006838403685679495,0.08781812708095676,0.10631495911795719,-0.0340767004309622,0.083958119676658,-0.11290457566664303,0.017764939847383372,0.11831927587159195,-0.08941762529431321,0.20211671789131452,-0.0034032558680241083,0.026917133855462388,-0.09622619866181906,-0.055468193168631025,-0.18378860304194808,-0.18793526037126895,-0.21233589848758605
seas_16_20an,-0.0636338969700142,0.03161606979848988,-0.047018868227348055,-0.001911799951602376,0.03510132984303277,0.010479868247386268,-0.010196194291023666,0.024680440384950042,0.0215414276371885,-0.0314536531238102,0.02783002010966725,0.06491977307442096,0.03209623137304969,0.059137303450660525,0.030624547686601847,-0.05019958365865064,0.018659912608195557,0.026527584665108454,-0.01301142323931646,0.027335937396668862,-0.049906898957483736,0.04650740488707657,0.028011910642203236,0.021837647229445253,-0.07569610396761359,0.0353681014588361,-0.09704883928156718,0.003950632068538301,0.031019660280219692,-0.05695324657166083,-0.026621470933544073,-0.0259199743496868,0.018338776937809494,0.01406921840799519,-0.020138920720413022,-0.03186745179032929,0.0024529099911560345,0.08444166968814965,0.028714277561009322,0.07594430951539578,0.039008718956910035,0.02741939794413579,0.045487009911742246,0.0357263080919199,0.026030331627450085,0.04312397425476077,0.04894182881828248,5.623044373923756e-05,0.05116842875215245,-0.05159355670462468,-0.041312951576960244,0.05605747069141101,0.03410459837739806,-0.043870713183261634,-0.01884633678168604,0.053384776433528035,0.051408798340612294,0.017415531365461923,0.08170996970453796,0.03847822829087828,-0.02776690849166371,0.022446716859027334,-0.006157382800989703,0.0018085866120790915,-0.028371247327615444,-0.03943955888873203,0.019274562086066878,-0.03946793496563936,-0.11061705749508768,0.021777071504943058,0.027313165985360908,-0.049919950271763894,0.023681986618790597,0.0631264186909444,0.08131467685413793,0.021255832221583462,0.014479704774380077,0.012041698194047684,0.010845874304627611,0.001973436797486674,-0.009322973029502732,-0.06500089152463506,-0.013970749320783153,0.06121841280551639,0.037510083531644534,-0.010335762150512056,-0.056651205540886415,0.020339453674309782,-0.04637401496062514,0.00650784484405751,0.03439791022501421,0.0068460423707254175,-0.007279823141276057,-0.011552016057730855,-0.0032937009934044703,-0.014104151330216495,-0.0337569283249578,-0.0703907767549228,-0.033884998501898286,-0.052529419031396365,-0.03582166447994563,-0.02808549624243435,-0.06663650550453185,0.021206226010684046,0.002711583160538442,-0.012420688999873584,-0.012217402613721756,-0.07879265359394293,-0.11337563396748568,0.05668421572606092,0.0832154128552738,-0.003915266143969856,0.049598128658062915,0.05086087212302938,-0.0676232019862765,0.05456317499258938,-0.006810880071974744,-0.02064825624044062,-0.04939854215255792,-0.12118242048756792,0.07836680972120208,0.025578879550130697,1.0,-0.11617538766880928,0.023415163263948664,-0.04227106004098474,0.08283839288289806,0.12278776654580303,0.11445688531839335,0.11497514834270926,0.007008037928095977,-0.06417291654385665,0.03213874629091795,-0.01922693126478637,0.018652407154645168,0.026214904569034008,-0.010984476507043657,-0.02604947443650681,0.0946603688894104,0.0718954821880591,0.0806971480456056
seas_16_20na,0.017926097805189445,0.057235696186981815,-0.07225899592874473,0.054864764504728394,-0.17125471098529507,0.15987723598417755,0.2648466603589119,-0.2317879396247167,0.20266339845323417,0.31534710978336095,0.025546960066421168,0.05859323676071302,0.1382798347640471,0.059559383692756165,0.17800503958154612,0.060757834986842896,-0.04100079424226549,0.029528410395935414,0.08914063404218153,0.0727490313738413,0.001716756321701208,-0.010180709553454263,0.1396797448005663,0.13730204093385784,0.03201080707165848,0.12439953151579142,-0.13753618375777493,0.08863130874178701,-0.14981549083840087,0.0883655592090948,0.2749915700442083,-0.029158055135636407,0.0850939425489439,-0.14489321439981345,0.025016180985406512,-0.03917960835842234,0.04701360801834791,-0.10663755074727589,-0.09185224755821036,-0.046227634304768714,0.10508902199142597,0.156051087992463,0.16910698073582364,0.039821505506150365,0.1335452268920524,0.023716036240282356,0.023593710660371636,-0.07307931535742444,-0.20062463898988658,-0.02071570049172105,-0.11645336102705069,0.09303923486853163,0.1735932701109066,-0.07838685273705792,0.2964049173209773,0.03417960640595945,-0.0016078237864639523,0.025983798832880284,-0.011557269952038839,-0.003318486194364492,0.06779384418614334,0.06591825351367608,-0.14888987677779386,0.03000396458834627,0.009758475559874857,-0.13462662313501483,0.003915925261606632,-0.023015524488102887,0.10719085824746737,-0.06782490824642132,-0.017551244367047032,0.042679491268524786,0.20902979853411066,-0.1331051653628324,-0.17498760826974372,-0.121425909358484,0.026927184540174204,-0.02770362527081079,0.1444486390237551,-0.05970980867393205,0.12167911550485618,0.06042347879959744,0.03357017447364605,0.03264193534613177,0.04152637190865413,0.03984071585461728,-0.03308434400864785,-0.13165452392569352,-0.07557555129165643,-0.07874895734509192,0.049732995864705656,0.11829024352266462,-0.034333115699914485,-0.0394828430900107,0.06542360439131241,-0.09699163695180454,-0.029683070384508906,-0.005003033838509475,0.15476144707801642,0.039589529652058496,-0.03989399874785916,0.022986137381637354,-0.07376010022905187,-0.03950778275356863,0.03582605415859791,0.035586863922421,0.13897676719207613,-0.06887305406399938,-0.0754598812902442,-0.009793971382758455,-0.08324762759423887,0.007671914545537453,-0.019466106435123295,0.020789902257495912,-0.08786526846457421,0.006068182636171956,0.12538310500502528,0.07966684515329625,0.18705789944318973,-0.06744029011201128,0.004379166665160838,0.06285095907037602,-0.11617538766880928,1.0,-0.06746773680605135,0.009334347087224812,0.002407481718958154,0.01594082540513097,0.0031527001323681837,0.11348964322377732,-0.020198542515397704,0.27833784191002653,-0.00033307148596125723,0.05570792200056738,-0.1638926342375903,0.07017681053137344,-0.14139572253967703,-0.26138114548797425,-0.014166311563983186,-0.013907094563449053,-0.0035141060314332114
seas_1_1an,0.14378418424601275,-0.1925770699406992,0.04596462654659256,-0.08937895692754791,0.2592604777523059,-0.2495565405457754,-0.17727113663895977,0.15873895451913195,-0.25110625333317776,-0.153941634768037,-0.10352348843429303,-0.03974244377223218,-0.15508043967405324,-0.2330449862140561,-0.18637032899710748,0.10143983386543959,-0.03288716863904584,0.006587273460461059,-0.10907210592718646,-0.147943081461762,0.1689517793238236,-0.11630196681612937,-0.17466533901866518,-0.228510604298415,-0.06538278268869586,-0.13514875853633437,-0.028402642947852552,0.029269253768949257,0.001875265540793037,0.10606214813647862,-0.1448107613978502,0.3527750156960763,-0.06660278596934574,0.09645535358443691,0.056654612455136207,0.04324715334387334,-0.10303370027760453,-0.021914709445192887,0.005718433240991629,-0.06839117091271374,-0.1578018901884381,-0.22371303391697228,-0.20472137505037702,-0.13533800864734438,-0.18024116741679141,-0.16053706217716254,-0.12770020575985602,-0.06598462519376715,0.0985372392390501,0.01931851063117755,0.10539047400881008,-0.20294342437392127,-0.16092484300574872,0.055539964165681105,-0.16167581712213241,-0.14154026265673145,-0.15022941977312576,-0.07021640239346978,-0.10462453977388453,-0.0018391829392674108,0.023431371040429763,-0.3275629963597554,0.1567120384805988,-0.2896256965919915,0.07960144703251934,0.1361133608911797,-0.009009779758768191,-0.05509118650943194,0.016829315934433,0.13996271354025838,0.14737639121509033,0.1297821081844368,-0.15850201468756683,0.13389739535173528,0.0785934274696341,0.2688278152658809,-0.25966122618250953,-0.19091771748445768,-0.2890553503370087,0.014566621147782908,-0.3073423201680269,0.04304039958865909,0.0029654896572888258,0.03897244772101228,-0.1932223050910934,-0.12465423688401926,0.1612610445545817,0.05984936668952853,0.03838998384526361,0.04865502834064817,-0.09815859046688631,-0.09136335365140097,-0.04465074669133684,-0.017297653133437063,-0.07366448416628665,-0.03685014885155955,-0.01214228596174785,0.04629903630157142,-0.1498528374652562,0.032163629023456805,0.02704123441231519,-0.17241310198198406,0.32532471462695467,0.45862482939862265,0.13686484896445633,0.16747387548859394,-0.1146191339493956,0.07934271456809158,0.11309271297739176,-0.1912758179971743,-0.12985088296800595,-0.1743603029905414,-0.10296020508000966,-0.18120065088195497,0.018011817532280552,-0.21328396880088454,0.036973090936518044,0.05825458640180601,-0.18657848281850295,0.22716595434771003,0.1087970209519977,0.006838403685679495,0.023415163263948664,-0.06746773680605135,1.0,0.07724941581426037,0.08262130269835281,-0.20220595005468486,-0.024993205233860345,-0.12353948431647584,0.03848760915837911,-0.2101900812380268,-0.23297166499613617,0.12240310108993017,0.20393354148296494,-0.17437990730844133,0.11265475385976972,0.11645217269142763,-0.1707369918352326,-0.15197247551821771,-0.1781767434566866
seas_1_1na,0.21953079764281885,-0.17423635049167327,0.07535553988856869,-0.023149937308579775,0.09590356190446772,-0.34201717117673547,-0.4066518559218717,0.1764344361291542,-0.3681545618656094,-0.35943575853744414,0.15910783930532701,-0.11498887879035607,-0.0666096396761729,-0.21266928276483427,-0.5181635616406183,0.025793937751772474,0.40046474776286917,-0.07224514245104827,-0.01569510197248017,0.017328396974507436,0.14398484507762632,-0.18531551436335064,-0.016636639502876208,-0.15313503580489263,0.14074845410205322,0.08972982268297772,0.09659439481001766,0.23926018588052234,0.2006782336115177,0.020485154784044505,-0.37018466707072845,0.12874539656407283,-0.14887766766605115,-0.06929452525525713,0.3333157850643087,-0.13056251735593677,0.21296504099893657,-0.0967553221160257,-0.07347936743911286,-0.14236457938513025,-0.49844284703169794,-0.18369294391420776,-0.5221572825600538,-0.23739034602845843,-0.273763647834675,-0.20842079234816813,-0.27561117978471483,-0.017762228776163312,0.38565927390160076,0.17202745017904894,0.0031440396258001603,-0.006330512989292101,0.05419924605663426,-0.1685725605963474,-0.4551755116845755,-0.2352026483342043,-0.11251048836540986,0.14006970391582663,0.04051528995946277,-0.12906404534076726,-0.12402832044305317,-0.17044600667192686,0.382222930279261,-0.08926442711836624,0.12314606150916335,0.39136466212514565,-0.23572518498089226,0.3004806115422577,0.08086782192051278,0.17359815946203544,0.27562605519883987,0.2130026939601805,-0.4211895069777804,0.1319917034523138,0.10809125848096046,0.40309002203022415,-0.13281579684691855,0.0341425024503227,-0.11484104479654446,0.07146026618638801,-0.06375964822039379,-0.02218435429210537,-0.082766731599277,0.21786358461610694,-0.2902205806452397,-0.12522473757489017,0.06561634836133638,-0.12619945426089219,-0.036072371631218306,-0.14027950927652272,-0.014648964966723204,-0.3108225916346211,0.5335507550478877,0.22030430059860878,0.12723030082689518,-0.03126859653969932,0.25456879428256574,0.16493385313097725,-0.3115841979166105,0.19569992877698517,0.5624095930632985,0.38095787780556956,0.7265200598214562,0.545967490915067,-0.3176644131528389,0.49354883791027665,-0.23498517862897358,0.6197953641128389,0.7329765823919583,-0.14637206552633736,-0.19766576785123766,-0.1344894428343547,0.06903855509960909,-0.13842409781037335,0.21575267767013873,0.12145084535045145,-0.11654434905008662,-0.07129364550951849,-0.327272276081257,0.3894681830475833,0.018401838741838962,0.08781812708095676,-0.04227106004098474,0.009334347087224812,0.07724941581426037,1.0,0.09365455378563257,-0.2842646482110857,-0.0611365763877906,-0.0924691347381,0.10542712405076698,-0.19555972025394103,-0.2596006849139908,0.13506457667625033,0.40469594334389575,-0.14238038297077965,-0.00623687224680137,0.1691194838477266,-0.27004971514169945,-0.21671012007196272,-0.2855099513456636
seas_2_5an,0.06514554684638993,-0.1529977162198014,0.10855789344400457,-0.05159073405366698,0.14454574936466952,-0.29026091498116685,-0.2386644272202003,0.04241300122646882,-0.23201605304386377,-0.20053117681922866,-0.09773387214190578,-0.06684537859265513,-0.12048942845698038,-0.16252092688431027,-0.19352244057599718,0.05280950720900571,-0.011905324677172785,-0.12941271069034993,-0.18088199428565077,-0.1806675884396456,-0.0260840070160904,-0.1536472773513531,0.014601964354155478,0.008722605154601458,-0.027716996636795072,-0.1421122508521116,-0.03380372071098584,0.12523758406919588,-0.11294276665654429,-0.10690852614804508,-0.23792379419926657,0.15293392336898948,-0.06334194177610064,0.09177180433135106,0.2513194594611534,-0.23598688724268235,-0.0005976199549145286,-0.059011965738601,0.05108426331768473,-0.007325533274534316,-0.17585043897203445,-0.2823893555971036,-0.20283140843308547,-0.10074592191787685,-0.24976875931585865,-0.12534704468010477,-0.10258064355917533,-0.08054524038367004,0.22519395510653062,-0.06788531972717185,-0.016581843474077852,-0.056585372640112666,-0.03100982645352305,-0.017410617297187785,-0.0393155485311599,-0.08224356190228145,-0.05749629556468237,0.15721556958036714,0.07330678692385978,-0.1167519545044372,-0.07332937779015236,-0.273593907705405,0.07875233532136477,-0.19763038956974435,0.12118215286185247,0.20089769794722806,-0.0900914737934318,-0.01414199895331298,0.05187748038988193,0.07287916165690861,0.0684311230606004,0.11770858607530657,-0.2389726444326601,0.05904723569429553,-0.0007635759397818419,-0.04833718784057269,-0.22583858250136452,-0.17495524855214586,-0.28013966149361264,0.09625697299770547,-0.23409115408547515,0.04363683050270421,0.06061469178061947,-0.010963479009120269,-0.21712583424987886,-0.06284098192619278,0.0031153808285204233,-0.10682514086142132,-0.09380966713883437,-0.18590787503924805,0.030668099521630996,-0.1335653492969707,-0.04507323283901953,0.10812980896123964,0.08728022088134073,-0.06512994859778866,0.10206725221960021,0.1350741089489505,0.002137058265873785,0.06983808773190092,0.009896737385611858,-0.1194795184219655,0.12984543681626493,0.07794931203483058,0.02615443513422286,0.10311152016254382,-0.24419855867963497,2.3330851909284544e-06,0.08384195129370473,-0.09865594142808073,-0.15289548074201464,-0.044484616848960504,-0.051888324103807844,-0.07912523598442883,0.07226501256243102,-0.14502211483442162,0.09170591378009585,0.0032389049927792654,-0.1542545703843203,0.05975473597301493,0.10255036197272348,0.10631495911795719,0.08283839288289806,0.002407481718958154,0.08262130269835281,0.09365455378563257,1.0,-0.26129500945620865,0.15735913386017453,-0.08849890651568862,0.05756595478963487,-0.17157750829910598,0.0021425440928654425,-0.12844589439350634,0.0844826739146788,-0.1121537805831702,0.1122445668138294,0.12726696412390454,-0.11487834595989707,-0.11598510227038882,-0.13697212662357267
seas_2_5na,-0.3823988061673831,0.47837515392669117,-0.31237049398452776,0.07668270271362057,-0.11586160282763049,0.6236630848110832,0.4512325498399794,-0.2708167936400728,0.6058239120703685,0.4510480342795008,0.15088136676793557,0.2794472910503102,0.40425421028983677,0.5837688786652584,0.5751156345113775,-0.2779866099430285,-0.10313908360452714,0.4454655983997675,0.4950603562643245,0.48991259163170336,-0.3332811689632913,0.443634617033447,0.2770963688161507,0.3246527216449776,-0.15374733611607855,0.3274876618008348,-0.000702803947488282,-0.05529419450279706,0.08571289466930493,0.10422829382118441,0.4344704432495612,-0.12094412081946254,0.13319091070988137,-0.08515877639552366,-0.35205207902594515,0.21934928157118858,-0.3058314502817492,0.18331637770127315,0.0460352730784116,0.25924531468575474,0.4991594496411657,0.5800340632984233,0.5740523056619298,0.4199780671113743,0.6147297874650097,0.4728804984525442,0.46587927784665956,0.08574718248260305,-0.3721122225684744,-0.106053647774661,-0.13789432872241925,0.2953186029569452,0.23168376026427914,0.05619252745551679,0.33105793804948436,0.4437727046635726,0.38517044197443484,-0.038740829746702156,0.16344698950884934,0.22889674472054675,0.05466786689876239,0.5140234918551653,-0.20035700866252998,0.3004823900529255,-0.06803420363501989,-0.5928139135924225,0.34913308959502154,-0.2242696364481024,-0.2812330581972286,-0.384507452210575,-0.3074765522584747,-0.4198872326182519,0.42394371416018706,-0.10303676014703654,-0.03413380502337889,-0.2800376883495819,0.31178689825824124,0.0426914515016628,0.4110418536208445,-0.13459755164851392,0.2833110014007876,-0.07914108634396971,0.01714497959140293,-0.027635227663595663,0.4363519221674351,0.33848700805020027,-0.196551468865874,0.1543038163417235,0.026328352300557176,0.1812014928976977,0.2505449816941555,0.2282876618816514,0.15861585226010422,-0.23207060314136874,-0.12733006713097436,0.0006393991946070045,-0.15146401830909453,-0.2973930590919587,0.1510376829904176,-0.284039008980722,0.06787798968014708,0.1564078082449117,-0.24712396836106776,-0.22106475250415522,0.017354342873488277,-0.17293117211265707,0.5905444429563746,-0.18717158164980918,-0.2585649347036244,0.4292573538299119,0.45779223567837257,0.11371548803421569,0.1344935969173422,0.4462839110878514,-0.24958062860248206,-0.12943390749537073,0.30688528046817176,0.3361310084209972,0.30368552480908045,-0.2218032369598594,-0.06499679716907969,-0.0340767004309622,0.12278776654580303,0.01594082540513097,-0.20220595005468486,-0.2842646482110857,-0.26129500945620865,1.0,-0.0725820399167452,0.3684780230634543,-0.09560667403013251,0.26548169302082897,0.22063473685845136,-0.0739401815785416,-0.4302786381683855,0.31504217893320646,-0.13653780944934021,-0.39595606839060904,0.4716275453971731,0.43343623099880374,0.5023478716473352
seas_6_10an,0.13259415997997984,-0.19935721464970108,0.24693009904344468,0.033930587841781365,0.06626184952149533,-0.1491882479342553,-0.06542459476580023,0.060341239526949135,-0.20108276575156941,-0.014586524630540039,-0.07046525057631049,-0.0647357425004485,-0.20085451630550544,-0.2107983751222908,-0.1226066349992088,0.16231680741185966,0.0018286601646692277,-0.15911735425386142,-0.18359010915870616,-0.1524994122079218,0.2210044377281929,-0.07193567068986609,-0.12721013636580936,-0.17676518208021488,0.13105804170642665,-0.1776265323675212,-0.05565178375488244,0.03458818763235849,-0.09495180558678154,0.03670974597730241,-0.08544434053222458,0.019704931366305946,-0.02170565299596796,-0.02036892346435603,0.0236939513916435,-0.03730625244401371,0.03526448964059087,-0.16270976505135967,-0.055499091349782585,-0.10089997406282447,-0.11453259045810277,-0.1908899417003387,-0.1151156467567508,-0.1323239664917094,-0.12897592367904728,-0.18058921060750321,-0.17515773070581314,0.004426208196721392,0.056422498767111334,0.039861364327079596,0.13808319393907315,-0.1268406406355288,-0.14873385909756912,-0.04274839272413479,-0.03885554997236304,-0.15095811236129597,-0.1487997360651005,-0.08632156841331348,-0.14398490996941815,-0.08291684934112789,0.03995580394453277,-0.07752746942059353,0.0088684214236528,-0.10835697335400071,-0.027786568123142084,0.20792093027909078,-0.06679750775221789,0.08300070676844505,0.06230366489818626,0.20616304130010346,0.08619165433049707,0.214672901588838,-0.026499923095685288,-0.020524448120612118,-0.05317857081584475,-0.014934624659608906,-0.12816138098772634,0.06385509386651247,-0.0995374706848331,0.07134950177304397,-0.04040778745874775,0.10678486658959307,-0.03567504714709867,-0.04942121060906443,-0.13394304471525054,-0.1661596389558437,0.10900469524219716,-0.02715498177259544,0.032681896355094095,0.045337429419160774,-0.11998338595930813,-0.012114453073971344,-0.1465064409515598,0.05028481852246089,-0.12965528760304945,0.06339260069649097,0.030608493701965833,0.1919754480341085,0.07055357421375472,0.16770609024859764,-0.19946772815945382,-0.22571242750566334,-0.04455036806988167,0.020758305479763928,0.07107957412893291,-0.06535546563361931,0.009143691152631132,-0.07179784925692048,-0.08572003841726497,-0.1530272880112629,-0.18014831900593228,-0.08259437088268759,-0.11002298041798933,-0.18667669063139072,0.135348956073038,0.10216318165433125,-0.06953813883425852,-0.10411435226353644,-0.00434443553621075,-0.014975188619891172,0.18723684419959463,0.083958119676658,0.11445688531839335,0.0031527001323681837,-0.024993205233860345,-0.0611365763877906,0.15735913386017453,-0.0725820399167452,1.0,-0.13906535897507794,0.03158550128557118,-0.00852138942546509,-0.007993106696674593,0.07991419367830405,0.09619172003718165,-0.03839648755882153,0.0021969477312974535,0.06888798132268273,-0.152035513665386,-0.17247033686346827,-0.16154921777492687
seas_6_10na,-0.30089010843383346,0.46058015168368716,-0.30556569858743465,0.0950865098435764,-0.22767366178993664,0.3609389395671101,0.3297280577026756,-0.22832302594872778,0.4449869021664871,0.2847559600953143,0.0591598977341288,0.17271008098599322,0.44390518630072473,0.47394214665495,0.4525728316443073,-0.29430554727085684,-0.10061248439918002,0.2651053193639132,0.25571685151690526,0.2702004630759714,-0.49088141244502437,0.35329420958977714,0.3025727655412105,0.360133916358831,-0.1330680240817674,0.42275943927628484,-0.01582241905470028,0.03272976241690551,0.004799219587990691,-0.03125115509407411,0.30467545387679396,-0.12783631360030343,0.194050379962855,-0.08190621088486766,0.023012914355853273,-0.09341836878236126,0.03338140347149075,0.26084067035244546,0.19499987759548398,0.3505293645721476,0.4681270851956568,0.4211229835193213,0.4726804550811299,0.41473078627343085,0.4429218389332575,0.435962913920782,0.4401568589630577,0.1825253597871817,-0.15311634379727815,-0.18613375982286712,-0.22791069758154892,0.27995256085695885,0.2945987621088001,0.0032537452372381746,0.32486694854801645,0.3827334201104877,0.3135186806334041,0.17730463864182902,0.3363050577610729,0.20171110802535142,0.15493284209383107,0.35145768822503015,-0.11115428588344226,0.25562655692210234,-0.06587657306504546,-0.47969531433058177,0.2473003586370609,-0.15544352509105275,-0.2830034912867504,-0.19246345347019114,-0.22004731583881146,-0.3594074001942899,0.3117937184661905,0.03844540798139588,0.049532433815380486,-0.1933393008948443,0.2740869074501192,-0.048578786119992015,0.31068620554538173,-0.01449684116677092,0.23725194099242525,-0.06410744872853386,0.18062759793705485,0.02201193756071068,0.4798370640325069,0.4291570376023648,-0.23534388039297305,0.10431917530588264,-0.01276661030893889,-0.03290817088521287,0.2734418025917599,0.22979152143633075,0.2007146290484973,-0.053159473155622264,0.25338117217438383,-0.004795928976454222,-0.09712786746521632,-0.2949260602869166,0.13212857876710274,-0.3570889603457119,0.09637326771838395,0.13948212206693833,-0.0036967385925439932,-0.14186214628842753,-0.06582542756471566,0.06369894145241559,0.18750737460374411,-0.011796587658679143,-0.0023893467449584236,0.37924297739884105,0.38306262087001963,0.13880155329471983,0.138629747110182,0.38439556591598967,-0.20184621814905207,0.04000046839467049,0.18196642545889105,0.1966079804970728,0.15870542947135066,-0.25378491552383753,-0.07794268076835953,-0.11290457566664303,0.11497514834270926,0.11348964322377732,-0.12353948431647584,-0.0924691347381,-0.08849890651568862,0.3684780230634543,-0.13906535897507794,1.0,-0.08557202893701064,0.22021780975605465,0.13775905869342286,-0.15497352292768724,-0.23572616326656973,0.07157795140306605,-0.14936373528638855,-0.2627737042672259,0.33574714421819246,0.32130097120780843,0.35044575738775546
sti_gr1a,0.008775326172990861,-0.21230270708516777,0.13199659926795043,-0.05688481542638946,0.08220068152006738,-0.2112068042638961,-0.15979356259742503,0.18971058960578577,-0.14412567615528216,-0.29441882189528906,0.23177582541657804,0.17237569834747626,0.02217695682058527,-0.015129318214165535,-0.19234093720190443,-0.009604371369492234,0.036711762348009436,-0.15422125606817078,-0.13898958484165908,-0.1686705551558827,0.1516955373949716,-0.1210296684146341,0.004466239115201361,-0.0803323010190421,0.06489414122538706,-0.034142590215898175,0.02240288008191425,0.17407118940553,0.04215837969425229,-0.05426132245980764,-0.1716558060652682,0.05474922223466415,-0.03485144894277509,0.05523012273147162,0.10757524439642036,-0.13327600338470696,0.24692806888983776,0.04509127640353726,-0.004391022155462341,-0.12191839086826986,-0.1509994406297493,-0.08561757866097933,-0.18743432666187299,-0.19831883991134347,-0.15319406876209413,-0.16792005426104822,-0.15838737907584607,-0.050839442482912216,0.16061783145927358,0.12066888284834411,0.0009027433485610198,0.036328998213090546,-0.07256315560139637,0.027579039329312438,-0.14617342128909738,-0.11530954011480478,0.01350874893631147,-0.0038913947978294504,0.01112489937909138,-0.11900326778742547,-0.20277365633347397,-0.030766691672077833,0.05778426212530394,-0.06585924736769297,0.07631550202163911,0.17349407763453192,-0.12187144756905646,0.20923347234883308,0.09084945412979353,0.12872673350233393,0.07458478370934819,0.1601179471138119,-0.11859466705006336,0.07777373955541866,0.0849955266843153,0.19053160189926893,-0.09429241934061286,-0.03946097785058047,-0.053015206631187264,-0.06332917183787971,0.024654413676852387,0.00525711120717592,0.012650929911993115,-0.09222256246947634,-0.15096870500495088,-0.0655314873136358,6.682013861979247e-05,-0.09865719401527301,-0.04688434293856011,-0.08984805367418117,0.013107105382609417,-0.1697506566395297,0.07788759075721233,0.14380276367556494,-0.03180815380928226,-0.028131210435086616,0.22635255952193845,0.017531606646682685,0.037995342027225945,0.10037025864795734,0.03351134282351731,-0.023481717583140015,0.071400614059589,0.09939353780607758,-0.0012180046319940807,0.12532211715494396,-0.05507562714653594,0.11206852656512721,0.09466473183934998,0.011871425063926029,-0.09780285541490683,-0.02555062719957155,0.01807031779363441,0.007971079102712926,0.20198842337485096,0.01603768924081839,-0.039898766423460526,-0.06375286400640286,-0.07603991963222471,0.10438245545092631,0.085901608264604,0.017764939847383372,0.007008037928095977,-0.020198542515397704,0.03848760915837911,0.10542712405076698,0.05756595478963487,-0.09560667403013251,0.03158550128557118,-0.08557202893701064,1.0,-0.10252237104366163,-0.14198777362434406,-0.05140846130591461,0.25399936949382124,0.0520046104993916,0.07075546256629664,0.17645163843397946,-0.012254991481548305,0.008056868240050988,-0.022968115993188255
taccruals_at,0.014177194484217545,0.14455294872447377,-0.09292049782831888,0.11769140759872286,-0.424456102825291,0.3800266070335684,0.4789841097749255,-0.3006925287543448,0.4742589549207983,0.4920957182506768,-0.040808500313151294,0.20354416951649956,0.08236877805373674,0.10835021991927263,0.42292114653135743,0.14255263369233656,0.05417279735062836,0.0421837664012647,0.1067880378434007,0.08060440121901973,-0.03446551677054953,0.04240949369225155,0.18505710266578762,0.13037648349498135,0.16464722908254925,0.1315377858412586,0.016951028911148983,0.11445593106189897,-0.16954737490863353,-0.049399650362825835,0.4684078370380159,-0.37590542281177614,0.18392327089065136,-0.19689326385889674,-0.09730290824601179,0.03268417525883323,-0.0009344758703671094,0.0674207281157189,-0.2075482908265902,-0.06838768358154829,0.2790677885026071,0.3120422256063019,0.38787181089702594,0.07632359611271727,0.2735005660864346,0.09128984133047419,0.12194401715554347,-0.03325582966260127,-0.43594233656074843,-0.08703050884925531,-0.14817428050301157,0.18434950834494165,0.23265570953007034,-0.03827158083712941,0.30000613945054244,0.022798638835529503,-0.05167223496065479,0.05825278766069292,-0.09862858771605679,0.04966703575991459,0.1936478396949501,0.33448591390394405,-0.4126362890739283,0.3234991272545187,-0.22927076982346492,-0.28597407444656325,-0.055961231492926235,-0.024259855123152416,-0.00559114524674787,-0.3451212727345172,-0.22417161048999507,-0.020658559723722318,0.4734821358280809,-0.364190164250144,-0.4056010651087931,-0.20780280328008555,0.30895524105561545,0.25698794594956303,0.4610661494223336,-0.14974425224490534,0.5447707539214849,0.2787538658044263,0.010762398518769478,-0.09434296491674873,0.21892046140564198,-0.07213146151971439,-0.15350483798596537,-0.15213332131934054,-0.04369995298269799,0.006103352246961817,0.036297493795489064,0.32837351310637264,-0.1229065448646202,-0.3565792597070222,-0.17006651144295298,-0.07837678417025355,-0.28245580502947343,-0.19335373297617625,0.10598826039067585,-0.10210910108890917,-0.04308607529138629,0.1282490288434956,-0.2666526502776698,-0.27027785066841303,-0.034014317655616993,-0.13577554666138317,0.38316301866938424,-0.15098434120583415,-0.2296783338282978,-0.023498746104715064,-0.10949741536442444,0.04870347343766348,-0.029226119821841007,-0.015211883108428886,-0.12155309953424179,0.15424409622401852,0.08481241657317018,0.06303011735796447,0.3517234023854981,-0.21064519038285545,-0.019654630858430486,0.11831927587159195,-0.06417291654385665,0.27833784191002653,-0.2101900812380268,-0.19555972025394103,-0.17157750829910598,0.26548169302082897,-0.00852138942546509,0.22021780975605465,-0.10252237104366163,1.0,0.44761573562089346,0.03662414564891762,-0.39152887482543547,0.03680417989925369,-0.20043814219194978,-0.3201562671440939,0.029854215599473776,0.0002775199628978362,0.04739979431368255
taccruals_ni,-0.24178224587159114,0.29407242096338837,-0.3630924084573395,-0.1195428825734991,-0.031224434246396312,0.32051362244391346,0.06406153966536227,-0.25004734752466207,0.3691130343460792,0.06540654283669584,0.006526335152213074,0.01593248429519441,-0.020076121854527722,0.1781233086024846,0.35323846711463325,-0.10725496678904282,-0.15276904306573214,0.2527519354052299,0.1318587064531777,0.14798768482918603,-0.22558273654517533,0.20093770971114702,0.3438886311113548,0.3263378822314488,-0.3192090340986442,-0.10762725127899939,0.03650985412517742,0.08467645751454583,-0.000330265069795114,-0.1020764682709412,0.0635709274651335,-0.16318494189504462,0.0037925610180628575,0.1195521258852692,0.035537831834754785,-0.01358549205693282,-0.06867973869964496,0.09614136790899451,-0.0913022177206234,0.07957200577688625,0.23262912693761853,0.25876454105573743,0.25734315180742695,0.23703445594103362,0.20329063193022348,0.2709255960465938,0.30160398707466457,0.1843620724317816,0.017036628384080876,-0.21850409493499684,-0.35200866577758333,0.32176627443473976,0.33695256439407956,0.006216208140994613,0.19345335748969517,0.1798127446462848,0.17269371988900445,0.2398566038191358,0.21857972414628696,0.2809230530352185,-0.007158561345346608,0.23585348343160512,-0.37343107879338444,0.2258430666749794,0.11576249626829078,-0.24321663319215797,0.20940879321691183,-0.24841294481629322,0.017064786407777543,-0.2982228052796444,-0.30680223760325426,-0.13013260308491129,0.060632399947648144,-0.237820347158225,-0.10205383635558343,-0.03463580953079698,0.23636286474381032,0.09714260200658523,0.24319753615593365,-0.18761581530068758,0.35604021331786384,0.45854311740572795,-0.09618834346195189,-0.12718966455326594,0.3178577763315433,0.051273752669041064,-0.39932094419612363,-0.054634907466161745,-0.21532343952273517,0.028858180696662242,0.25645704712453854,0.0082470426179151,-0.012376293064471997,-0.3501797331615209,-0.09896057252165578,-0.20909802057419888,-0.3654442996384112,-0.18783482611565333,0.11942225856369437,-0.3191783532351831,-0.0673675935112971,-0.03853320127396283,-0.2348550633677859,-0.277932862352724,0.013908405397322693,-0.31304332583902195,0.04836801129821633,-0.3363320028241057,-0.28397244884972245,0.08269632621929142,0.1160365013027853,0.0663156017530005,0.047413463611807,0.15677215531760558,-0.30135392987156256,-0.056307332989473415,0.2422782106565583,0.19711669328782752,0.4159022269833651,-0.35887839456739745,-0.007354460029009741,-0.08941762529431321,0.03213874629091795,-0.00033307148596125723,-0.23297166499613617,-0.2596006849139908,0.0021425440928654425,0.22063473685845136,-0.007993106696674593,0.13775905869342286,-0.14198777362434406,0.44761573562089346,1.0,-0.08010660326736171,-0.4336951763681881,0.03775008142304384,0.09000305130769248,-0.3175233185132958,0.1537177873138965,0.14657952978820116,0.15379113774690104
tangibility,0.16950170201867237,-0.22171515421291985,0.01529068072300908,0.002115830078824354,0.38743309981361196,0.04073516554049861,0.01849158296982567,0.10575425274399283,-0.13839598087602986,0.04968063707216928,-0.002372083384852392,-0.1522191251813094,-0.20563632840933266,-0.2545762662321229,-0.10734011296711801,0.1862799662701849,-0.08252432727750617,0.1492618945891039,-0.09695666105509212,-0.06152393768140212,0.44848334589296857,-0.10266704455030583,-0.323833409838184,-0.4200810753075249,0.21320343676056613,-0.08394459962125557,0.051755611308302134,-0.14095776011100264,0.10014410492802284,0.473721602253956,0.039822024154742966,0.17367296924904482,-0.11716474316408261,-0.08432022275079745,-0.3500390314744969,0.45673469051818316,-0.23203991900428572,-0.46287871247668005,-0.24767723890679721,-0.3634843298282256,-0.016650730791676914,-0.014195099584495002,-0.07696801425098818,-0.24876962457642018,-0.012692138995093995,-0.27266882352462296,-0.2644341742586939,-0.20791377405450634,-0.24001073451342006,0.2797325376008889,0.3440248411946527,-0.3072661474411058,-0.24681492051118287,-0.001380090627374705,-0.23364123617879348,-0.2760641159442074,-0.2485377122415518,-0.31541627983008835,-0.517255025721982,0.18741055022807018,0.0343699634227025,-0.16154390072774505,0.17644156389238216,-0.20750497256356173,0.16206214326482904,0.16532230214523747,0.05053229638823707,-0.01094896912674452,0.19880804627723955,-0.0411638779769289,-0.22509956687345994,0.37719622268967656,0.09755825391754858,0.015428949388942435,-0.1359294910521451,0.15413014208367218,-0.2390719926243122,0.1236818705830162,-0.11668050712614006,0.1550074684803613,-0.032636323961339496,0.2044116617973855,-0.07323893702228851,0.17657971151149643,-0.11237703261378482,-0.25755516371533826,0.4966792481278139,0.09989241180170305,0.33311714035335527,0.4568248215508078,-0.5305628539503207,-0.04910220434790793,-0.025412272496357878,-0.04098786303594625,-0.2400420053180688,0.09754933632073756,-0.09479081572676787,0.13164676730272015,-0.038691405828967844,0.23019715253964051,-0.14114688353837018,-0.06534135342974201,0.017652641432873532,0.17224225804366686,0.08172986665308589,-0.028012599857083806,0.041600113463803975,-0.022941847567963046,-0.08545698028703949,-0.27251987580883125,-0.33136648858259915,-0.1155730226913251,-0.11777445533836087,-0.2745371788320803,0.17049790162367182,-0.019672647990351483,0.004506950098798073,0.13752821890224579,0.013639069801460041,0.19037448156711834,0.008213878140321505,0.20211671789131452,-0.01922693126478637,0.05570792200056738,0.12240310108993017,0.13506457667625033,-0.12844589439350634,-0.0739401815785416,0.07991419367830405,-0.15497352292768724,-0.05140846130591461,0.03662414564891762,-0.08010660326736171,1.0,0.1859345744428916,-0.12415600973083257,-0.02614615897436804,0.002432286911151017,-0.3189477718313872,-0.28529936599238603,-0.30779369657996414
tax_gr1a,0.26007738273672854,-0.47338728053428875,0.34801421101671026,-0.07495365624009753,0.2617792041537764,-0.5780887927739522,-0.479042274029962,0.47731608333280456,-0.6250165258150309,-0.4311646863402828,-0.04641422473585606,-0.0624110107119056,-0.23384236110800882,-0.37900955435524514,-0.5322946032308916,0.0835026424867919,0.26100292509090117,-0.36459078852448745,-0.3160036174023617,-0.292562113776962,0.28097289730239183,-0.2959700426625197,-0.5127955667396268,-0.5610872113400257,0.331238575365787,-0.1045400723772973,0.011995339484893997,-0.09150986191673041,0.15084387395344542,0.04746938448274647,-0.4175728957586118,0.29221663133480735,-0.18650211920113763,0.10748505659048338,0.23261410396509052,-0.03561777825687318,0.38515291232770665,-0.12860530013704807,0.15716718768414226,-0.13452881727837374,-0.3733597985782838,-0.4303191487850553,-0.499372032151554,-0.3198618542334666,-0.4329724683164856,-0.4076672402203289,-0.4326123242977425,0.1590304157855139,0.3187504429206587,0.2153543755482536,0.3243065185105212,-0.4822593110775103,-0.4295494526337803,-0.029334453320345996,-0.47046879776060807,-0.289640236754685,-0.23312689002163334,-0.11443855565670089,-0.23090906463437752,-0.1494948410537809,-0.05496099877379698,-0.4313171633028052,0.4725877577627455,-0.3434148714060923,-0.14441045675259603,0.4175500075808998,-0.2064018913687372,0.24485459431076612,0.15070243843656483,0.5583145986871354,0.5040216315274839,0.31395282780556333,-0.3043413955884398,0.4687722217180478,0.31756625684206574,0.4582124379807516,-0.3380587017675708,-0.10011491527260143,-0.40412160788248025,0.22242866072017592,-0.22249896556263724,-0.20648114471116666,0.08148361501758242,0.252404768409719,-0.26957768742686405,-0.15330621836150804,0.4314097833148671,0.13767347731296958,0.22727585480386825,0.15980152723507154,-0.3795794737500997,-0.35921753288281766,0.11449364911060891,0.39411310447653025,0.17181822455248266,0.263416380261416,0.2632660110236277,0.11477042643177984,-0.2600978708313029,0.21495264555666718,0.1020977868489617,-0.04177588950058105,0.353940585100431,0.38854051274033663,-0.1795109167396134,0.2640637925820446,-0.33092814095108125,0.2450977305315206,0.2961670268030535,-0.2134763333777411,-0.20367401154001288,-0.13408290961679936,-0.014043912549042503,-0.275768560712738,0.3903431556130035,0.32795516752113985,-0.5497057632446934,-0.3965625568286144,-0.3906664424317389,0.47932350072597674,0.07180429516527373,-0.0034032558680241083,0.018652407154645168,-0.1638926342375903,0.20393354148296494,0.40469594334389575,0.0844826739146788,-0.4302786381683855,0.09619172003718165,-0.23572616326656973,0.25399936949382124,-0.39152887482543547,-0.4336951763681881,0.1859345744428916,1.0,-0.2659682341762926,0.16192482166683872,0.49463328618271457,-0.3166479196463174,-0.2996572253217808,-0.32693750401209176
turnover_126d,-0.5075962741292301,0.43851552068586835,-0.04802556814587411,-0.28103394492206285,0.042304027935680444,0.33612522912903653,0.1260484526737904,-0.3524702567990224,0.32243755763373766,0.13924908297701694,0.5200642423612932,0.4442345370294329,0.5575872705770812,0.5818499621232263,0.17386649636604484,-0.45171937281757957,0.035927376147686096,0.2790506453403745,0.3667550760910695,0.3801405270377449,-0.35451541789894253,0.3187730317362072,0.47686443482038054,0.4374265744229987,-0.03980108759062713,0.0049525650947664784,-0.10095800928379048,0.31626308865673664,-0.07357381207384091,0.030655878393233128,0.13910175530615598,-0.1175738857133302,-0.16870829039127613,0.21650689678795987,-0.00871790863930472,-0.0675126257939073,-0.2583393790433452,0.20673536403127768,-0.027094511470668724,0.2627656116514137,0.16481512770784135,0.45632820139706837,0.19248128787233054,0.26556200402311625,0.4869570438999747,0.43711549288143237,0.4037803157304304,0.1824703844144367,0.023298006479393216,-0.03748317549680846,-0.26944407257250347,0.34826137389808226,0.33848517479467344,0.13801410442282017,0.23481752300871767,0.4870626973093055,0.615414933303136,0.04166634456765697,0.19766136260840272,0.10749383969884642,-0.4423066562578102,0.42304842820806066,-0.0657081230942754,0.06121761231098569,-0.09860558216526777,-0.19079827312947778,0.15212747101858207,-0.03137781716783862,-0.158355325561928,-0.14770505064221828,-0.16076440692578667,-0.39280055868628627,0.08214937184911433,-0.02320886329697318,-0.030951494379194484,-0.22996968047048133,0.10338227570298462,0.02868068449431703,0.3159570085282525,0.08474478003596866,0.236634011119189,0.08621294906094865,0.10053113000862096,-0.08486539138246998,0.20609566931212386,0.3491279412871023,-0.18774970782166572,-0.03515374208962037,-0.3428260736805011,-0.03395031674848811,0.3317335801201985,-0.2568332899332026,0.31406887240594056,0.17998840865937973,0.027466799381708356,0.022465180587049008,0.3189301817108592,-0.3324779137965426,-0.2514465197676158,-0.24246443159126668,0.0011482797469535232,0.04819298820493073,-0.13067521553332961,-0.1857556269133751,-0.09129688826691325,-0.016615405323353913,0.10322936748177464,-0.005354183281386314,-0.05833497840493823,0.6063413011295007,0.4351236067638961,0.022079939624409746,0.1412191628663539,0.6326105456561655,-0.3368223837485027,-0.08306855561975943,0.3911224637888443,0.3622813647197367,0.029238079972752348,-0.20038906125305164,0.011679888766165845,0.026917133855462388,0.026214904569034008,0.07017681053137344,-0.17437990730844133,-0.14238038297077965,-0.1121537805831702,0.31504217893320646,-0.03839648755882153,0.07157795140306605,0.0520046104993916,0.03680417989925369,0.03775008142304384,-0.12415600973083257,-0.2659682341762926,1.0,0.17525677295720282,-0.4246614678777761,0.7341538644060158,0.737095787842377,0.6859230228042464
turnover_var_126d,-0.49395094722817534,0.02993809807005576,0.15197314016307634,-0.7677495011782486,0.3641414962772454,-0.08410776044456669,-0.36700994468958315,0.16255628658586194,-0.10293096368583307,-0.369218680152644,0.3042970542279622,-0.08082821971003554,-0.009732825543102811,-0.014420702262782071,-0.1505766224046723,-0.41751707322156695,-0.2036269352022382,0.021116462133716943,-0.003022795527138333,-0.028360671942075644,-0.034148786257110035,0.13333791691464297,0.07628110427373867,0.006300186218166455,0.13296195304698172,-0.5066999046588054,-0.006133782601900963,0.11669465575189453,0.014458785569920793,0.025131254693485296,-0.32976240588073374,0.17281229677931548,-0.7045942030712041,0.8865884981857131,0.12132483895943827,0.011288152871139882,-0.05492131536467439,0.14412404275245394,0.42349003100654514,0.3600850155630657,-0.005430451898512281,0.017640562425863166,-0.18684159777112785,0.16211196518191487,0.13306706392889567,0.18783654812334763,0.2148235847361439,0.38025811637704976,0.2699505325346809,-0.025190777591966605,0.1353253707435438,0.02074852065262962,-0.02787667234191697,0.12389718023965866,-0.3036270685648392,0.31980592620228615,0.4533294146475032,-0.1720889237809111,0.032752894464804325,0.13704539464689183,-0.49656054689410456,0.06741438222760021,0.401902543208967,-0.21251707021394287,-0.11578862020010984,0.08877002482915966,0.2376613376824474,-0.04556649900281569,0.054082751681769584,0.3146690334510934,0.2245959262573542,-0.15801456593798882,-0.2557730161292009,0.4415632561953569,0.4631796074832874,0.27060548770743703,-0.1483401384543327,0.07550380660558173,-0.06384387635597077,0.5039864320984655,-0.11174913798380043,0.07113873866920316,0.41162714857580385,-0.16864812410007085,0.17063947627946824,0.26122961859595284,0.20287669891879945,0.3421370568531941,-0.1095851618500795,0.017604487117203325,0.026959813672068646,-0.5212716574000126,0.1911019666587309,0.326787162613883,0.06732186344482849,0.38159816414638215,0.24355096856487785,-0.08122778467530078,-0.09293397502055531,-0.12240074424319003,-0.03730272843195724,-0.07397095368277795,0.1659217932826052,0.06126390143169645,-0.13129031507675576,0.13098055523170687,-0.22972348568697956,0.1345635704541086,0.1496064593937959,0.31880150588558004,0.2201310472991689,-0.12068335435495509,0.07688889732812287,0.3353062277035446,-0.013503843573322034,0.036474698729923385,0.017941774978172745,0.03474809155637394,-0.17481364166763452,-0.07899797985498068,0.046918827036976425,-0.09622619866181906,-0.010984476507043657,-0.14139572253967703,0.11265475385976972,-0.00623687224680137,0.1122445668138294,-0.13653780944934021,0.0021969477312974535,-0.14936373528638855,0.07075546256629664,-0.20043814219194978,0.09000305130769248,-0.02614615897436804,0.16192482166683872,0.17525677295720282,1.0,0.17144791807248844,0.19358174777096634,0.23463179359883532,0.12123595926467531
z_score,0.29734649989841516,-0.5673631626713982,0.5106145121990266,0.012297960669990029,0.242802063096974,-0.5219142426143357,-0.4998637854691681,0.6018801418083717,-0.5401297389716581,-0.4612406611324187,-0.09696698919719485,-0.10485622239323691,-0.33016138729001365,-0.38784046355318325,-0.5569766383868189,0.2295451852641335,0.021182429202632143,-0.3594314790658816,-0.42500942923143065,-0.4425688872728575,0.4517911645393934,-0.22096409529411173,-0.4982474396772707,-0.5035838021746446,0.28816990220200694,-0.15552973236351422,0.055076891620041195,-0.25746007249095354,-8.480197944578622e-05,-0.10097393111403369,-0.5123158457085075,0.06669990812766179,-0.07746949356477073,0.14478635095967707,-0.015760514900916726,0.044528827979803565,0.30225128337826734,-0.07840463520486117,0.36221455486109433,-0.14154579478178464,-0.4404028904081789,-0.512884815323092,-0.5146432901873645,-0.28261294938901926,-0.3969296102592513,-0.4290988024519629,-0.47270487699736147,-0.07181304586629376,0.2596962595700679,0.0180154429765494,0.5371128032512547,-0.4433577179004101,-0.5026078608080726,-0.06861997954894922,-0.4444669800427141,-0.31291988002622384,-0.28870698808555706,-0.34001284118809266,-0.22187904826170973,-0.1423892341453411,0.015858242481094294,-0.3872298186670573,0.4262949425403961,-0.2903908045252823,0.1357657428404746,0.5320963682810674,-0.2040400996981583,0.062187325693607534,0.09035126307629424,0.5240643685891081,0.42871474243750063,0.29952769488260345,-0.12312954686424626,0.38408643794329134,0.32285124305283486,0.0610637737006379,-0.3606410704227822,-0.06329777451405397,-0.4451876442548893,0.30164671129452114,-0.4046050836397681,-0.3033762652511659,0.19713399826502037,0.04900738133928595,-0.37135871300499,-0.1418936528918882,0.42141891231933043,0.18778930698416937,0.3776677266837204,0.028263514959784544,-0.3961170546667616,-0.04704166780385829,-0.14924023030860492,0.3575645155376953,0.08130931232244,0.37196340818912954,0.291267905285243,0.4042581435236507,0.06829018357047228,0.4000237320050448,-0.016836708654614743,-0.09023908529688897,0.1461658946586177,0.18088262417525305,0.0028184124954128247,0.03108264992632875,-0.25774891886837353,0.08658771410610545,0.10654844674420327,-0.28724974559663996,-0.2995624178206311,0.007206438616048064,-0.008422408250974548,-0.33427692438120854,0.5916383278165026,0.14449874515086975,-0.43850513526905466,-0.41234591246761365,-0.4087008147916571,0.30306322396289953,0.0038263464903793712,-0.055468193168631025,-0.02604947443650681,-0.26138114548797425,0.11645217269142763,0.1691194838477266,0.12726696412390454,-0.39595606839060904,0.06888798132268273,-0.2627737042672259,0.17645163843397946,-0.3201562671440939,-0.3175233185132958,0.002432286911151017,0.49463328618271457,-0.4246614678777761,0.17144791807248844,1.0,-0.3586555858998768,-0.3513054537682243,-0.3572659625217586
zero_trades_126d,-0.6872662859846912,0.568433604332703,-0.23065684176187407,-0.24905147113177056,-0.008398927743622255,0.4401065424744146,0.1669069057589374,-0.302999918388205,0.4813594800658179,0.23037637249034035,0.46286281192487316,0.4712614346627085,0.658599358395469,0.7568137019694998,0.3900692372921421,-0.5864967760678627,-0.12399322172767178,0.347008644535844,0.4202732902918372,0.429275693572556,-0.6175581863977179,0.5544766563095718,0.513532369523021,0.543793281931471,-0.12574263101930497,0.22405867189832943,-0.07743470042012175,0.19210745214228375,-0.023767866555387325,-0.07101868168232131,0.17987408180963022,-0.1699895537770556,-0.03685629836380869,0.27368171518877205,-0.0003611525611721772,-0.1126868545461433,-0.12116403209079506,0.42659635628660764,0.3469563327840878,0.5550906242305594,0.4332696714595291,0.5645764412557877,0.3985394520618606,0.5832506702107053,0.649197935507134,0.6398415101698579,0.6116357693935961,0.34272892254996523,-0.016685485014843682,-0.19925968942453176,-0.3069324975744781,0.4278981517651052,0.36604290029129893,0.11393044018901335,0.27236572057411657,0.6610012865425432,0.7365377158285956,0.11136665490481265,0.3800965780285438,0.21345791979777715,-0.30522792955070366,0.5557484017233234,-0.013403002750333324,0.18832804977317635,-0.17201782957602751,-0.48060995510053695,0.39338771401162204,-0.1692217723049901,-0.3049307456417841,-0.13104861886805758,-0.12938992933346544,-0.5756708204730467,0.14890263799986814,0.20863222012539295,0.23334125890889684,-0.2526029706623826,0.2678801732640909,0.02820850714310547,0.3903940294267747,0.057706942531694824,0.22506772708148415,-0.08454655185712606,0.3138492012245756,-0.0910942551064001,0.5094748978187688,0.5602431453553305,-0.2550168421710725,0.19643589810815204,-0.2840124001735675,-0.04935167759932089,0.41367865745710936,-0.14249531919821817,0.3235253652803227,0.1586252927393909,0.24731624376120384,0.13624784366252296,0.15321316638741037,-0.48081295851248873,-0.152585182451144,-0.5439817450807432,0.02833400105081,0.11498978557737705,-0.15143179658843398,-0.25864923763742664,-0.0755238814182866,-0.046975051474600286,0.13557316514536272,-0.033248011239661285,-0.09383143115787324,0.7404551287429053,0.6123607382338562,0.13900459061074544,0.22643102391818232,0.77054643906238,-0.31230313500528184,-0.012099710109030454,0.28859599528369034,0.2314702455150248,0.08259810768177495,-0.3527738184287512,-0.04255999311517231,-0.18378860304194808,0.0946603688894104,-0.014166311563983186,-0.1707369918352326,-0.27004971514169945,-0.11487834595989707,0.4716275453971731,-0.152035513665386,0.33574714421819246,-0.012254991481548305,0.029854215599473776,0.1537177873138965,-0.3189477718313872,-0.3166479196463174,0.7341538644060158,0.19358174777096634,-0.3586555858998768,1.0,0.8740631251116502,0.8842859252798478
zero_trades_21d,-0.7074654723177969,0.5824308688698361,-0.22625640169380545,-0.30469179908349975,0.028957128183608988,0.436117309423509,0.10366361926810361,-0.2981725737882812,0.4533436895535255,0.13395322989315794,0.48015805950107193,0.43060479671332147,0.6641029340670589,0.7530385300632527,0.3301648969543274,-0.6484124045348227,-0.15042008032835022,0.3657006104040018,0.43001837114032315,0.4416523031693542,-0.6043537655849074,0.5422076635253019,0.5277300400779429,0.5425393300525999,-0.12823974321384116,0.19426244979514493,-0.05810271842147148,0.21997240272308238,0.02546638491871819,-0.048226213015209234,0.11458993385261108,-0.12137472832922663,-0.10784280792420592,0.31503377119331044,0.015817573869099922,-0.07672211886220846,-0.1413504179503563,0.44317133787115703,0.33702475858796516,0.5576099569181651,0.3917109925984933,0.5666683901285179,0.3409654292273465,0.5729172117514776,0.6411213467287868,0.6424266097096718,0.6161168241579681,0.35155331652169153,0.02788504823847568,-0.16279273213533954,-0.2972979541371683,0.4396991295836736,0.3911573675778025,0.12626285190236122,0.18492210830614486,0.6725284202336077,0.774581179286016,0.09778735454106499,0.379404308119498,0.23551628320454196,-0.3965532326323466,0.5446981837950902,0.03410163950745042,0.16968349515004127,-0.146849788822613,-0.4341948418135203,0.4228622964539335,-0.15547482759253084,-0.277523260491928,-0.11575093485742081,-0.15203787320779028,-0.5973502631484227,0.08329330842762706,0.251085877942767,0.2843882953254795,-0.17741026501805737,0.24175976355314044,0.028393448690230416,0.3774209082372856,0.04009949417159252,0.20788094070855545,-0.09292065078027133,0.3084299744270156,-0.08608883612012744,0.506676949997573,0.5575302386550165,-0.23370359748099975,0.2046082205753173,-0.29809764930114546,-0.06180714923054298,0.4281265309044826,-0.24711108474111956,0.3856169903093255,0.19748491008046173,0.23702927995460202,0.15334367170665159,0.18578778212107488,-0.4736948429005124,-0.20566864095877563,-0.5351802000672337,0.05968374985152181,0.13222757084570597,-0.08459186855101086,-0.23249312930993327,-0.07567402961133776,0.015855385421882924,0.08027252858412642,0.019331572864753704,-0.01769211404045727,0.7735348395637591,0.6210930767416548,0.18319329642713078,0.2541090598725031,0.8023830914203789,-0.3191531429235771,-0.03663666204179968,0.31026879756952386,0.2728246291958569,0.04691571462245349,-0.358967071667342,-0.04239025825974389,-0.18793526037126895,0.0718954821880591,-0.013907094563449053,-0.15197247551821771,-0.21671012007196272,-0.11598510227038882,0.43343623099880374,-0.17247033686346827,0.32130097120780843,0.008056868240050988,0.0002775199628978362,0.14657952978820116,-0.28529936599238603,-0.2996572253217808,0.737095787842377,0.23463179359883532,-0.3513054537682243,0.8740631251116502,1.0,0.8432835146087554
zero_trades_252d,-0.6494651270026834,0.5581459169993805,-0.2451322709649553,-0.17219256517283799,-0.029069558795243002,0.4549890773889646,0.20985849841708495,-0.3018677257372211,0.4965176525531102,0.2857356882754687,0.4334922874098654,0.46853897819159374,0.6405979217242568,0.7517844476674704,0.4234817022031546,-0.5389445013651033,-0.12720255308191303,0.35640169249460923,0.42122512583401517,0.42960783732147767,-0.5994300645149819,0.5521358992968415,0.48834801976027303,0.5180391562839672,-0.12908441221182398,0.2815248016370756,-0.07056288829069843,0.15952766117253125,-0.02525700617629486,-0.07175905484299008,0.21203398242322963,-0.19129248011486016,0.047600484412851606,0.20186355575804665,-0.03920605634077339,-0.09108594111939806,-0.1275493813237295,0.4226742117921135,0.32826935064477,0.5328642370052447,0.45091474357130223,0.5710770478207203,0.429621763716705,0.5845138700166598,0.644938344397157,0.6247090179480037,0.59477793177399,0.3245103486138743,-0.05984816630872009,-0.20060771807519176,-0.3004524977818377,0.43045592524947696,0.3495530930093673,0.09187433411149926,0.3033468056772869,0.6264608341065523,0.6873863097426627,0.10019835341981778,0.3752213284622202,0.20714461736720405,-0.22173533798842307,0.5574027953419949,-0.03847303486855806,0.2100385125145718,-0.17908176649952745,-0.5163460435765912,0.3937849817034351,-0.17452773681555564,-0.31128597207169834,-0.17395053272910177,-0.12201366757806513,-0.5668891660769676,0.18977396686763118,0.17909034152238634,0.20973025988564978,-0.27169362344068754,0.2917050417286336,0.039915553933627806,0.39839262843457135,0.019781553506790388,0.23684176797735534,-0.10243498757531412,0.2912442456798369,-0.09225182447978467,0.5063004420832455,0.5344126618133314,-0.2594591712622234,0.20258329522393762,-0.25548055946712067,-0.04402275870406955,0.3894114529410473,-0.07547849903604728,0.29862060400681306,0.12168709801058807,0.23921838580047206,0.11827884246181111,0.11098330293913675,-0.4598530275348846,-0.13229881743971456,-0.5372440540214514,0.01688273235648132,0.1307088724367122,-0.18221619930931104,-0.26267566818953864,-0.06275520112816932,-0.08171160123496155,0.18259779674960058,-0.03441150094966415,-0.11790345114640828,0.7056481206030567,0.6026103261975139,0.14076177788549507,0.22411122407777792,0.7321275779428771,-0.30581840185517195,-0.006394545957147084,0.27690109175333,0.20769404102478337,0.1110006887191701,-0.3577239927657585,-0.04828062618410264,-0.21233589848758605,0.0806971480456056,-0.0035141060314332114,-0.1781767434566866,-0.2855099513456636,-0.13697212662357267,0.5023478716473352,-0.16154921777492687,0.35044575738775546,-0.022968115993188255,0.04739979431368255,0.15379113774690104,-0.30779369657996414,-0.32693750401209176,0.6859230228042464,0.12123595926467531,-0.3572659625217586,0.8842859252798478,0.8432835146087554,1.0
