,op_t,vol,cites,rt,pubyear_z
op_t,1.0,-0.16160230286032395,-0.10429508036504206,0.7398082972220138,0.10303840297213743
vol,-0.16160230286032395,1.0,0.0463067874090967,-0.22353593951273143,-0.029896422921667876
cites,-0.10429508036504206,0.0463067874090967,1.0,-0.1279009515313336,-0.43075993185871037
rt,0.7398082972220138,-0.22353593951273143,-0.1279009515313336,1.0,0.09091394943588123
pubyear_z,0.10303840297213743,-0.029896422921667876,-0.43075993185871037,0.09091394943588123,1.0
