Stock Weight,n,is_mean,pp_mean,decay
EW,180,0.7171679145074353,0.34429864987010605,0.5641524692638223
VW,28,0.6138952416158273,0.03793097523338063,0.947180435183909
