contrast,diff,se,t
era_2020_2024 - era_2011_2019,0.21922552036210205,0.12112431139284714,1.809921706395337
