period,date,method,route,danger,localization,turnover,candidate_count
confirmation,2005-01-03,controller,systemic,1.3011008376092699,0.3224770292954139,0.4273694488529925,64
confirmation,2005-01-03,localized,localized,1.3011008376092699,0.3224770292954139,0.09984430680323855,64
confirmation,2005-01-03,all_gene,all_gene,1.3011008376092699,0.3224770292954139,0.1784631803218947,64
confirmation,2005-01-03,random,random,1.3011008376092699,0.3224770292954139,0.5049234549468395,64
confirmation,2005-01-03,min_variance,min_variance,1.3011008376092699,0.3224770292954139,0.7000000000000001,1
confirmation,2005-01-03,equal_weight,equal_weight,1.3011008376092699,0.3224770292954139,0.0,1
confirmation,2005-02-01,controller,tolerate,0.959411595214336,0.31494875266269606,0.0,0
confirmation,2005-02-01,localized,localized,0.959411595214336,0.31494875266269606,0.08674369445101854,64
confirmation,2005-02-01,all_gene,all_gene,0.959411595214336,0.31494875266269606,0.186451917416068,64
confirmation,2005-02-01,random,random,0.959411595214336,0.31494875266269606,0.3660295850604808,64
confirmation,2005-02-01,min_variance,min_variance,0.959411595214336,0.31494875266269606,0.05085364492303861,1
confirmation,2005-02-01,equal_weight,equal_weight,0.959411595214336,0.31494875266269606,0.0,1
confirmation,2005-03-01,controller,tolerate,0.6939387614618476,0.3007099116920491,0.0,0
confirmation,2005-03-01,localized,localized,0.6939387614618476,0.3007099116920491,0.09983434704782629,64
confirmation,2005-03-01,all_gene,all_gene,0.6939387614618476,0.3007099116920491,0.24136344690805472,64
confirmation,2005-03-01,random,random,0.6939387614618476,0.3007099116920491,0.4060131548613754,64
confirmation,2005-03-01,min_variance,min_variance,0.6939387614618476,0.3007099116920491,0.10384217026202269,1
confirmation,2005-03-01,equal_weight,equal_weight,0.6939387614618476,0.3007099116920491,0.0,1
confirmation,2005-04-01,controller,localized,1.2338294643969443,0.38134940724398475,0.020941130801428946,64
confirmation,2005-04-01,localized,localized,1.2338294643969443,0.38134940724398475,0.00016297937987917976,64
confirmation,2005-04-01,all_gene,all_gene,1.2338294643969443,0.38134940724398475,0.1502236271366912,64
confirmation,2005-04-01,random,random,1.2338294643969443,0.38134940724398475,0.3492521774680926,64
confirmation,2005-04-01,min_variance,min_variance,1.2338294643969443,0.38134940724398475,0.07771595344512235,1
confirmation,2005-04-01,equal_weight,equal_weight,1.2338294643969443,0.38134940724398475,0.0,1
confirmation,2005-05-02,controller,tolerate,0.9682205777739501,0.3833934265227419,0.0,0
confirmation,2005-05-02,localized,localized,0.9682205777739501,0.3833934265227419,0.0,64
confirmation,2005-05-02,all_gene,all_gene,0.9682205777739501,0.3833934265227419,0.11490309176190869,64
confirmation,2005-05-02,random,random,0.9682205777739501,0.3833934265227419,0.580325084260739,64
confirmation,2005-05-02,min_variance,min_variance,0.9682205777739501,0.3833934265227419,0.07471108216110435,1
confirmation,2005-05-02,equal_weight,equal_weight,0.9682205777739501,0.3833934265227419,0.0,1
confirmation,2005-06-01,controller,tolerate,1.005306322033184,0.34984711158758913,0.0,0
confirmation,2005-06-01,localized,localized,1.005306322033184,0.34984711158758913,0.0,64
confirmation,2005-06-01,all_gene,all_gene,1.005306322033184,0.34984711158758913,0.059965484120900046,64
confirmation,2005-06-01,random,random,1.005306322033184,0.34984711158758913,0.0,64
confirmation,2005-06-01,min_variance,min_variance,1.005306322033184,0.34984711158758913,0.05647700450452831,1
confirmation,2005-06-01,equal_weight,equal_weight,1.005306322033184,0.34984711158758913,0.0,1
confirmation,2005-07-01,controller,tolerate,0.7429930069440316,0.40343334230417455,0.0,0
confirmation,2005-07-01,localized,localized,0.7429930069440316,0.40343334230417455,0.09019001943189889,64
confirmation,2005-07-01,all_gene,all_gene,0.7429930069440316,0.40343334230417455,0.044606622054932384,64
confirmation,2005-07-01,random,random,0.7429930069440316,0.40343334230417455,0.0,64
confirmation,2005-07-01,min_variance,min_variance,0.7429930069440316,0.40343334230417455,0.052196343522119625,1
confirmation,2005-07-01,equal_weight,equal_weight,0.7429930069440316,0.40343334230417455,0.0,1
confirmation,2005-08-01,controller,localized,1.2775737116316916,0.4040824123994156,0.00014746931572545176,64
confirmation,2005-08-01,localized,localized,1.2775737116316916,0.4040824123994156,0.0,64
confirmation,2005-08-01,all_gene,all_gene,1.2775737116316916,0.4040824123994156,0.1143040672509283,64
confirmation,2005-08-01,random,random,1.2775737116316916,0.4040824123994156,0.0,64
confirmation,2005-08-01,min_variance,min_variance,1.2775737116316916,0.4040824123994156,0.0227052417536467,1
confirmation,2005-08-01,equal_weight,equal_weight,1.2775737116316916,0.4040824123994156,0.0,1
confirmation,2005-09-01,controller,tolerate,0.6502464697398452,0.3641381200497693,0.0,0
confirmation,2005-09-01,localized,localized,0.6502464697398452,0.3641381200497693,0.0,64
confirmation,2005-09-01,all_gene,all_gene,0.6502464697398452,0.3641381200497693,0.13185905426265637,64
confirmation,2005-09-01,random,random,0.6502464697398452,0.3641381200497693,0.0,64
confirmation,2005-09-01,min_variance,min_variance,0.6502464697398452,0.3641381200497693,0.10283554800563306,1
confirmation,2005-09-01,equal_weight,equal_weight,0.6502464697398452,0.3641381200497693,0.0,1
confirmation,2005-10-03,controller,tolerate,0.5736669930356513,0.37568555874869647,0.0,0
confirmation,2005-10-03,localized,localized,0.5736669930356513,0.37568555874869647,0.09709880765420328,64
confirmation,2005-10-03,all_gene,all_gene,0.5736669930356513,0.37568555874869647,0.050199352613078785,64
confirmation,2005-10-03,random,random,0.5736669930356513,0.37568555874869647,0.7404754815802864,64
confirmation,2005-10-03,min_variance,min_variance,0.5736669930356513,0.37568555874869647,0.058727076520260005,1
confirmation,2005-10-03,equal_weight,equal_weight,0.5736669930356513,0.37568555874869647,0.0,1
confirmation,2005-11-01,controller,systemic,1.2595144173029569,0.2738358294111395,0.0,64
confirmation,2005-11-01,localized,localized,1.2595144173029569,0.2738358294111395,0.004881058133627186,64
confirmation,2005-11-01,all_gene,all_gene,1.2595144173029569,0.2738358294111395,0.03302053911068006,64
confirmation,2005-11-01,random,random,1.2595144173029569,0.2738358294111395,0.0,64
confirmation,2005-11-01,min_variance,min_variance,1.2595144173029569,0.2738358294111395,0.14459069617201456,1
confirmation,2005-11-01,equal_weight,equal_weight,1.2595144173029569,0.2738358294111395,0.0,1
confirmation,2005-12-01,controller,tolerate,0.8687091729271177,0.3163178429697904,0.0,0
confirmation,2005-12-01,localized,localized,0.8687091729271177,0.3163178429697904,0.009834347985886826,64
confirmation,2005-12-01,all_gene,all_gene,0.8687091729271177,0.3163178429697904,0.01698699223295942,64
confirmation,2005-12-01,random,random,0.8687091729271177,0.3163178429697904,0.0,64
confirmation,2005-12-01,min_variance,min_variance,0.8687091729271177,0.3163178429697904,0.060280892828640686,1
confirmation,2005-12-01,equal_weight,equal_weight,0.8687091729271177,0.3163178429697904,0.0,1
confirmation,2006-01-03,controller,tolerate,0.877712725246038,0.4726906008758005,0.0,0
confirmation,2006-01-03,localized,localized,0.877712725246038,0.4726906008758005,0.061476488015648256,64
confirmation,2006-01-03,all_gene,all_gene,0.877712725246038,0.4726906008758005,0.006357027989493294,64
confirmation,2006-01-03,random,random,0.877712725246038,0.4726906008758005,0.0,64
confirmation,2006-01-03,min_variance,min_variance,0.877712725246038,0.4726906008758005,0.044648870661445114,1
confirmation,2006-01-03,equal_weight,equal_weight,0.877712725246038,0.4726906008758005,0.0,1
confirmation,2006-02-01,controller,localized,1.2917954089230959,0.35132070192320103,0.0,64
confirmation,2006-02-01,localized,localized,1.2917954089230959,0.35132070192320103,0.0,64
confirmation,2006-02-01,all_gene,all_gene,1.2917954089230959,0.35132070192320103,0.001905192225009599,64
confirmation,2006-02-01,random,random,1.2917954089230959,0.35132070192320103,0.0,64
confirmation,2006-02-01,min_variance,min_variance,1.2917954089230959,0.35132070192320103,0.08708832421617572,1
confirmation,2006-02-01,equal_weight,equal_weight,1.2917954089230959,0.35132070192320103,0.0,1
confirmation,2006-03-01,controller,tolerate,0.7166220518542431,0.3869585961167144,0.0,0
confirmation,2006-03-01,localized,localized,0.7166220518542431,0.3869585961167144,0.0,64
confirmation,2006-03-01,all_gene,all_gene,0.7166220518542431,0.3869585961167144,0.0030721272756722116,64
confirmation,2006-03-01,random,random,0.7166220518542431,0.3869585961167144,0.6361443675964316,64
confirmation,2006-03-01,min_variance,min_variance,0.7166220518542431,0.3869585961167144,0.07203174873932518,1
confirmation,2006-03-01,equal_weight,equal_weight,0.7166220518542431,0.3869585961167144,0.0,1
confirmation,2006-04-03,controller,tolerate,0.8723657202799638,0.41755394668484624,0.0,0
confirmation,2006-04-03,localized,localized,0.8723657202799638,0.41755394668484624,0.0,64
confirmation,2006-04-03,all_gene,all_gene,0.8723657202799638,0.41755394668484624,0.00872297324524199,64
confirmation,2006-04-03,random,random,0.8723657202799638,0.41755394668484624,0.5470661211424027,64
confirmation,2006-04-03,min_variance,min_variance,0.8723657202799638,0.41755394668484624,0.02651634061102814,1
confirmation,2006-04-03,equal_weight,equal_weight,0.8723657202799638,0.41755394668484624,0.0,1
confirmation,2006-05-01,controller,tolerate,0.75558670256083,0.2873965026444927,0.0,0
confirmation,2006-05-01,localized,localized,0.75558670256083,0.2873965026444927,0.00456498374790827,64
confirmation,2006-05-01,all_gene,all_gene,0.75558670256083,0.2873965026444927,0.010997368750081157,64
confirmation,2006-05-01,random,random,0.75558670256083,0.2873965026444927,0.41795234540526505,64
confirmation,2006-05-01,min_variance,min_variance,0.75558670256083,0.2873965026444927,0.10307812240930814,1
confirmation,2006-05-01,equal_weight,equal_weight,0.75558670256083,0.2873965026444927,0.0,1
confirmation,2006-06-01,controller,tolerate,0.8252522484274555,0.4002477589223552,0.0,0
confirmation,2006-06-01,localized,localized,0.8252522484274555,0.4002477589223552,0.0003457217827608914,64
confirmation,2006-06-01,all_gene,all_gene,0.8252522484274555,0.4002477589223552,0.001897465940254775,64
confirmation,2006-06-01,random,random,0.8252522484274555,0.4002477589223552,0.342193844103051,64
confirmation,2006-06-01,min_variance,min_variance,0.8252522484274555,0.4002477589223552,0.07480184094289544,1
confirmation,2006-06-01,equal_weight,equal_weight,0.8252522484274555,0.4002477589223552,0.0,1
confirmation,2006-07-03,controller,tolerate,0.9301318223548384,0.3681609043396812,0.0,0
confirmation,2006-07-03,localized,localized,0.9301318223548384,0.3681609043396812,0.0,64
confirmation,2006-07-03,all_gene,all_gene,0.9301318223548384,0.3681609043396812,0.00014160499461765563,64
confirmation,2006-07-03,random,random,0.9301318223548384,0.3681609043396812,0.0,64
confirmation,2006-07-03,min_variance,min_variance,0.9301318223548384,0.3681609043396812,0.11269155991266261,1
confirmation,2006-07-03,equal_weight,equal_weight,0.9301318223548384,0.3681609043396812,0.0,1
confirmation,2006-08-01,controller,tolerate,1.1681648556461672,0.34725749939307143,0.0,0
confirmation,2006-08-01,localized,localized,1.1681648556461672,0.34725749939307143,0.0025462474723025436,64
confirmation,2006-08-01,all_gene,all_gene,1.1681648556461672,0.34725749939307143,0.00044290328653264795,64
confirmation,2006-08-01,random,random,1.1681648556461672,0.34725749939307143,0.0,64
confirmation,2006-08-01,min_variance,min_variance,1.1681648556461672,0.34725749939307143,0.056087903711418606,1
confirmation,2006-08-01,equal_weight,equal_weight,1.1681648556461672,0.34725749939307143,0.0,1
confirmation,2006-09-01,controller,tolerate,0.8239994201875909,0.3417308881394602,0.0,0
confirmation,2006-09-01,localized,localized,0.8239994201875909,0.3417308881394602,0.05165600804264202,64
confirmation,2006-09-01,all_gene,all_gene,0.8239994201875909,0.3417308881394602,0.001546091110856004,64
confirmation,2006-09-01,random,random,0.8239994201875909,0.3417308881394602,0.5118864459440933,64
confirmation,2006-09-01,min_variance,min_variance,0.8239994201875909,0.3417308881394602,0.05236248476918842,1
confirmation,2006-09-01,equal_weight,equal_weight,0.8239994201875909,0.3417308881394602,0.0,1
confirmation,2006-10-02,controller,tolerate,0.8276157858348858,0.399974055141236,0.0,0
confirmation,2006-10-02,localized,localized,0.8276157858348858,0.399974055141236,0.0012576971690205574,64
confirmation,2006-10-02,all_gene,all_gene,0.8276157858348858,0.399974055141236,0.007826554816184756,64
confirmation,2006-10-02,random,random,0.8276157858348858,0.399974055141236,0.5466531695544115,64
confirmation,2006-10-02,min_variance,min_variance,0.8276157858348858,0.399974055141236,0.06680874927890285,1
confirmation,2006-10-02,equal_weight,equal_weight,0.8276157858348858,0.399974055141236,0.0,1
confirmation,2006-11-01,controller,tolerate,1.1882014780169083,0.35009136165153587,0.0,0
confirmation,2006-11-01,localized,localized,1.1882014780169083,0.35009136165153587,0.0,64
confirmation,2006-11-01,all_gene,all_gene,1.1882014780169083,0.35009136165153587,0.01500039753799862,64
confirmation,2006-11-01,random,random,1.1882014780169083,0.35009136165153587,0.5966915479187515,64
confirmation,2006-11-01,min_variance,min_variance,1.1882014780169083,0.35009136165153587,0.13509029810248566,1
confirmation,2006-11-01,equal_weight,equal_weight,1.1882014780169083,0.35009136165153587,0.0,1
confirmation,2006-12-01,controller,tolerate,1.0170992569146384,0.33800966147566175,0.0,0
confirmation,2006-12-01,localized,localized,1.0170992569146384,0.33800966147566175,0.00043466273159962,64
confirmation,2006-12-01,all_gene,all_gene,1.0170992569146384,0.33800966147566175,0.046927107266834446,64
confirmation,2006-12-01,random,random,1.0170992569146384,0.33800966147566175,0.3723835972927219,64
confirmation,2006-12-01,min_variance,min_variance,1.0170992569146384,0.33800966147566175,0.029510020101724398,1
confirmation,2006-12-01,equal_weight,equal_weight,1.0170992569146384,0.33800966147566175,0.0,1
confirmation,2007-01-03,controller,tolerate,0.9543035293147198,0.3483955027922544,0.0,0
confirmation,2007-01-03,localized,localized,0.9543035293147198,0.3483955027922544,0.0038217743546035206,64
confirmation,2007-01-03,all_gene,all_gene,0.9543035293147198,0.3483955027922544,0.1241188027721953,64
confirmation,2007-01-03,random,random,0.9543035293147198,0.3483955027922544,0.17043366323852413,64
confirmation,2007-01-03,min_variance,min_variance,0.9543035293147198,0.3483955027922544,0.030212687554786868,1
confirmation,2007-01-03,equal_weight,equal_weight,0.9543035293147198,0.3483955027922544,0.0,1
confirmation,2007-02-01,controller,tolerate,0.5998944175742996,0.40298831469963475,0.0,0
confirmation,2007-02-01,localized,localized,0.5998944175742996,0.40298831469963475,0.0,64
confirmation,2007-02-01,all_gene,all_gene,0.5998944175742996,0.40298831469963475,0.18380715163531014,64
confirmation,2007-02-01,random,random,0.5998944175742996,0.40298831469963475,0.2896419779564018,64
confirmation,2007-02-01,min_variance,min_variance,0.5998944175742996,0.40298831469963475,0.039727332584822354,1
confirmation,2007-02-01,equal_weight,equal_weight,0.5998944175742996,0.40298831469963475,0.0,1
confirmation,2007-03-01,controller,tolerate,0.45763362324218343,0.36634590208235757,0.0,0
confirmation,2007-03-01,localized,localized,0.45763362324218343,0.36634590208235757,0.0002591696957410906,64
confirmation,2007-03-01,all_gene,all_gene,0.45763362324218343,0.36634590208235757,0.28672157527384584,64
confirmation,2007-03-01,random,random,0.45763362324218343,0.36634590208235757,0.5125272774360512,64
confirmation,2007-03-01,min_variance,min_variance,0.45763362324218343,0.36634590208235757,0.054147331714862364,1
confirmation,2007-03-01,equal_weight,equal_weight,0.45763362324218343,0.36634590208235757,0.0,1
confirmation,2007-04-02,controller,tolerate,0.551688205994354,0.3669803844095325,0.0,0
confirmation,2007-04-02,localized,localized,0.551688205994354,0.3669803844095325,3.38328504892157e-05,64
confirmation,2007-04-02,all_gene,all_gene,0.551688205994354,0.3669803844095325,0.17090738787832868,64
confirmation,2007-04-02,random,random,0.551688205994354,0.3669803844095325,0.35273078078080433,64
confirmation,2007-04-02,min_variance,min_variance,0.551688205994354,0.3669803844095325,0.05504936223304082,1
confirmation,2007-04-02,equal_weight,equal_weight,0.551688205994354,0.3669803844095325,0.0,1
confirmation,2007-05-01,controller,tolerate,0.6875787314559534,0.4233091362892225,0.0,0
confirmation,2007-05-01,localized,localized,0.6875787314559534,0.4233091362892225,0.34896754709108446,64
confirmation,2007-05-01,all_gene,all_gene,0.6875787314559534,0.4233091362892225,0.11183744955482745,64
confirmation,2007-05-01,random,random,0.6875787314559534,0.4233091362892225,0.0,64
confirmation,2007-05-01,min_variance,min_variance,0.6875787314559534,0.4233091362892225,0.06224102876765624,1
confirmation,2007-05-01,equal_weight,equal_weight,0.6875787314559534,0.4233091362892225,0.0,1
confirmation,2007-06-01,controller,tolerate,0.9299207846330549,0.3468674000556297,0.0,0
confirmation,2007-06-01,localized,localized,0.9299207846330549,0.3468674000556297,0.153348100927575,64
confirmation,2007-06-01,all_gene,all_gene,0.9299207846330549,0.3468674000556297,0.0901084447279416,64
confirmation,2007-06-01,random,random,0.9299207846330549,0.3468674000556297,0.0,64
confirmation,2007-06-01,min_variance,min_variance,0.9299207846330549,0.3468674000556297,0.023542890951563367,1
confirmation,2007-06-01,equal_weight,equal_weight,0.9299207846330549,0.3468674000556297,0.0,1
confirmation,2007-07-02,controller,tolerate,0.6984712633077388,0.40908069603366104,0.0,0
confirmation,2007-07-02,localized,localized,0.6984712633077388,0.40908069603366104,0.2676967560799128,64
confirmation,2007-07-02,all_gene,all_gene,0.6984712633077388,0.40908069603366104,0.2329061954519438,64
confirmation,2007-07-02,random,random,0.6984712633077388,0.40908069603366104,0.3801261145292322,64
confirmation,2007-07-02,min_variance,min_variance,0.6984712633077388,0.40908069603366104,0.11433984066224115,1
confirmation,2007-07-02,equal_weight,equal_weight,0.6984712633077388,0.40908069603366104,0.0,1
confirmation,2007-08-01,controller,systemic,1.3778402839815642,0.34195084779144896,0.70266879911825,64
confirmation,2007-08-01,localized,localized,1.3778402839815642,0.34195084779144896,0.001098317154948295,64
confirmation,2007-08-01,all_gene,all_gene,1.3778402839815642,0.34195084779144896,0.23674715749857345,64
confirmation,2007-08-01,random,random,1.3778402839815642,0.34195084779144896,0.6335222852307126,64
confirmation,2007-08-01,min_variance,min_variance,1.3778402839815642,0.34195084779144896,0.08045371663094801,1
confirmation,2007-08-01,equal_weight,equal_weight,1.3778402839815642,0.34195084779144896,0.0,1
confirmation,2007-09-04,controller,systemic,1.614717138875042,0.24057386247624868,0.0,64
confirmation,2007-09-04,localized,localized,1.614717138875042,0.24057386247624868,0.20021801254812482,64
confirmation,2007-09-04,all_gene,all_gene,1.614717138875042,0.24057386247624868,0.17394809166817404,64
confirmation,2007-09-04,random,random,1.614717138875042,0.24057386247624868,0.0,64
confirmation,2007-09-04,min_variance,min_variance,1.614717138875042,0.24057386247624868,0.08174918228304072,1
confirmation,2007-09-04,equal_weight,equal_weight,1.614717138875042,0.24057386247624868,0.0,1
confirmation,2007-10-01,controller,tolerate,0.9749953389279125,0.3130567190575403,0.0,0
confirmation,2007-10-01,localized,localized,0.9749953389279125,0.3130567190575403,0.0002581593170431566,64
confirmation,2007-10-01,all_gene,all_gene,0.9749953389279125,0.3130567190575403,0.15708425898311829,64
confirmation,2007-10-01,random,random,0.9749953389279125,0.3130567190575403,0.4173120702974834,64
confirmation,2007-10-01,min_variance,min_variance,0.9749953389279125,0.3130567190575403,0.019042502811287467,1
confirmation,2007-10-01,equal_weight,equal_weight,0.9749953389279125,0.3130567190575403,0.0,1
confirmation,2007-11-01,controller,tolerate,0.798911037072359,0.2654187539671496,0.0,0
confirmation,2007-11-01,localized,localized,0.798911037072359,0.2654187539671496,0.0005966300859513638,64
confirmation,2007-11-01,all_gene,all_gene,0.798911037072359,0.2654187539671496,0.061076464001809126,64
confirmation,2007-11-01,random,random,0.798911037072359,0.2654187539671496,0.0,64
confirmation,2007-11-01,min_variance,min_variance,0.798911037072359,0.2654187539671496,0.015072688157834415,1
confirmation,2007-11-01,equal_weight,equal_weight,0.798911037072359,0.2654187539671496,0.0,1
confirmation,2007-12-03,controller,tolerate,0.7502839460338274,0.31140906031896526,0.0,0
confirmation,2007-12-03,localized,localized,0.7502839460338274,0.31140906031896526,3.6790976539415643e-06,64
confirmation,2007-12-03,all_gene,all_gene,0.7502839460338274,0.31140906031896526,0.04322946484890419,64
confirmation,2007-12-03,random,random,0.7502839460338274,0.31140906031896526,0.0,64
confirmation,2007-12-03,min_variance,min_variance,0.7502839460338274,0.31140906031896526,0.1413941306481631,1
confirmation,2007-12-03,equal_weight,equal_weight,0.7502839460338274,0.31140906031896526,0.0,1
confirmation,2008-01-02,controller,tolerate,0.9657490901607452,0.310014339622671,0.0,0
confirmation,2008-01-02,localized,localized,0.9657490901607452,0.310014339622671,0.0,64
confirmation,2008-01-02,all_gene,all_gene,0.9657490901607452,0.310014339622671,0.047729672335354,64
confirmation,2008-01-02,random,random,0.9657490901607452,0.310014339622671,0.0,64
confirmation,2008-01-02,min_variance,min_variance,0.9657490901607452,0.310014339622671,0.004267741034625271,1
confirmation,2008-01-02,equal_weight,equal_weight,0.9657490901607452,0.310014339622671,0.0,1
confirmation,2008-02-01,controller,systemic,1.3783419557866936,0.2822705092687845,0.42759718255890783,64
confirmation,2008-02-01,localized,localized,1.3783419557866936,0.2822705092687845,1.395848116120054e-05,64
confirmation,2008-02-01,all_gene,all_gene,1.3783419557866936,0.2822705092687845,0.012872789404400911,64
confirmation,2008-02-01,random,random,1.3783419557866936,0.2822705092687845,0.0,64
confirmation,2008-02-01,min_variance,min_variance,1.3783419557866936,0.2822705092687845,0.09053455543556665,1
confirmation,2008-02-01,equal_weight,equal_weight,1.3783419557866936,0.2822705092687845,0.0,1
confirmation,2008-03-03,controller,tolerate,1.1810264685623688,0.309793866052651,0.0,0
confirmation,2008-03-03,localized,localized,1.1810264685623688,0.309793866052651,0.0006030344781458895,64
confirmation,2008-03-03,all_gene,all_gene,1.1810264685623688,0.309793866052651,0.004938865047799037,64
confirmation,2008-03-03,random,random,1.1810264685623688,0.309793866052651,0.34639433565110644,64
confirmation,2008-03-03,min_variance,min_variance,1.1810264685623688,0.309793866052651,0.06110584517515578,1
confirmation,2008-03-03,equal_weight,equal_weight,1.1810264685623688,0.309793866052651,0.0,1
confirmation,2008-04-01,controller,systemic,1.2431902488818043,0.2734269126403486,0.2897157021908217,64
confirmation,2008-04-01,localized,localized,1.2431902488818043,0.2734269126403486,0.0007727394713739941,64
confirmation,2008-04-01,all_gene,all_gene,1.2431902488818043,0.2734269126403486,0.0007666263469324831,64
confirmation,2008-04-01,random,random,1.2431902488818043,0.2734269126403486,0.0,64
confirmation,2008-04-01,min_variance,min_variance,1.2431902488818043,0.2734269126403486,0.0356158986813612,1
confirmation,2008-04-01,equal_weight,equal_weight,1.2431902488818043,0.2734269126403486,0.0,1
confirmation,2008-05-01,controller,tolerate,0.6905524989770425,0.2959192533096476,0.0,0
confirmation,2008-05-01,localized,localized,0.6905524989770425,0.2959192533096476,0.0,64
confirmation,2008-05-01,all_gene,all_gene,0.6905524989770425,0.2959192533096476,0.00030322634301684044,64
confirmation,2008-05-01,random,random,0.6905524989770425,0.2959192533096476,0.0,64
confirmation,2008-05-01,min_variance,min_variance,0.6905524989770425,0.2959192533096476,0.05074582114484543,1
confirmation,2008-05-01,equal_weight,equal_weight,0.6905524989770425,0.2959192533096476,0.0,1
confirmation,2008-06-02,controller,tolerate,1.0334955020390333,0.33096407403114114,0.0,0
confirmation,2008-06-02,localized,localized,1.0334955020390333,0.33096407403114114,0.0,64
confirmation,2008-06-02,all_gene,all_gene,1.0334955020390333,0.33096407403114114,0.0001452461203689422,64
confirmation,2008-06-02,random,random,1.0334955020390333,0.33096407403114114,0.0,64
confirmation,2008-06-02,min_variance,min_variance,1.0334955020390333,0.33096407403114114,0.0008095494679460064,1
confirmation,2008-06-02,equal_weight,equal_weight,1.0334955020390333,0.33096407403114114,0.0,1
confirmation,2008-07-01,controller,tolerate,0.7892201513301011,0.35805257570644944,0.0,0
confirmation,2008-07-01,localized,localized,0.7892201513301011,0.35805257570644944,0.0,64
confirmation,2008-07-01,all_gene,all_gene,0.7892201513301011,0.35805257570644944,5.9963839659012406e-05,64
confirmation,2008-07-01,random,random,0.7892201513301011,0.35805257570644944,0.21290378910618143,64
confirmation,2008-07-01,min_variance,min_variance,0.7892201513301011,0.35805257570644944,0.027661392574139795,1
confirmation,2008-07-01,equal_weight,equal_weight,0.7892201513301011,0.35805257570644944,0.0,1
confirmation,2008-08-01,controller,tolerate,0.8079692578158123,0.2576562465495841,0.0,0
confirmation,2008-08-01,localized,localized,0.8079692578158123,0.2576562465495841,0.0,64
confirmation,2008-08-01,all_gene,all_gene,0.8079692578158123,0.2576562465495841,0.00011381868141005047,64
confirmation,2008-08-01,random,random,0.8079692578158123,0.2576562465495841,0.6357714361330805,64
confirmation,2008-08-01,min_variance,min_variance,0.8079692578158123,0.2576562465495841,0.07965627690339586,1
confirmation,2008-08-01,equal_weight,equal_weight,0.8079692578158123,0.2576562465495841,0.0,1
confirmation,2008-09-02,controller,tolerate,0.8229022517880679,0.3363765111379265,0.0,0
confirmation,2008-09-02,localized,localized,0.8229022517880679,0.3363765111379265,0.09864394523949901,64
confirmation,2008-09-02,all_gene,all_gene,0.8229022517880679,0.3363765111379265,0.0004322940698461014,64
confirmation,2008-09-02,random,random,0.8229022517880679,0.3363765111379265,0.0,64
confirmation,2008-09-02,min_variance,min_variance,0.8229022517880679,0.3363765111379265,0.11579078908402109,1
confirmation,2008-09-02,equal_weight,equal_weight,0.8229022517880679,0.3363765111379265,0.0,1
confirmation,2008-10-01,controller,tolerate,1.1238196932902773,0.3808914277231169,0.0,0
confirmation,2008-10-01,localized,localized,1.1238196932902773,0.3808914277231169,0.3732968229624387,64
confirmation,2008-10-01,all_gene,all_gene,1.1238196932902773,0.3808914277231169,0.0013141489971769118,64
confirmation,2008-10-01,random,random,1.1238196932902773,0.3808914277231169,0.5630022677681307,64
confirmation,2008-10-01,min_variance,min_variance,1.1238196932902773,0.3808914277231169,0.09259890541822147,1
confirmation,2008-10-01,equal_weight,equal_weight,1.1238196932902773,0.3808914277231169,0.0,1
confirmation,2008-11-03,controller,systemic,1.5194835329168257,0.23359487091165274,0.49861041425026603,64
confirmation,2008-11-03,localized,localized,1.5194835329168257,0.23359487091165274,0.0,64
confirmation,2008-11-03,all_gene,all_gene,1.5194835329168257,0.23359487091165274,0.003273950062224098,64
confirmation,2008-11-03,random,random,1.5194835329168257,0.23359487091165274,0.5064515028541198,64
confirmation,2008-11-03,min_variance,min_variance,1.5194835329168257,0.23359487091165274,0.10284816056919557,1
confirmation,2008-11-03,equal_weight,equal_weight,1.5194835329168257,0.23359487091165274,0.0,1
confirmation,2008-12-01,controller,systemic,1.8966524324457836,0.23492498039738383,0.3164783782083559,64
confirmation,2008-12-01,localized,localized,1.8966524324457836,0.23492498039738383,0.0007608096361698302,64
confirmation,2008-12-01,all_gene,all_gene,1.8966524324457836,0.23492498039738383,0.004607315712750555,64
confirmation,2008-12-01,random,random,1.8966524324457836,0.23492498039738383,0.17520616353835933,64
confirmation,2008-12-01,min_variance,min_variance,1.8966524324457836,0.23492498039738383,0.032069811379767235,1
confirmation,2008-12-01,equal_weight,equal_weight,1.8966524324457836,0.23492498039738383,0.0,1
confirmation,2009-01-02,controller,systemic,1.298385651876739,0.2420075836998559,0.22108138878600025,64
confirmation,2009-01-02,localized,localized,1.298385651876739,0.2420075836998559,0.0,64
confirmation,2009-01-02,all_gene,all_gene,1.298385651876739,0.2420075836998559,0.02059427537372124,64
confirmation,2009-01-02,random,random,1.298385651876739,0.2420075836998559,0.22034350538248346,64
confirmation,2009-01-02,min_variance,min_variance,1.298385651876739,0.2420075836998559,0.08947804765154185,1
confirmation,2009-01-02,equal_weight,equal_weight,1.298385651876739,0.2420075836998559,0.0,1
confirmation,2009-02-02,controller,tolerate,0.5745846175233722,0.2702280129569754,0.0,0
confirmation,2009-02-02,localized,localized,0.5745846175233722,0.2702280129569754,0.0,64
confirmation,2009-02-02,all_gene,all_gene,0.5745846175233722,0.2702280129569754,0.04693841313880304,64
confirmation,2009-02-02,random,random,0.5745846175233722,0.2702280129569754,0.5009028612154353,64
confirmation,2009-02-02,min_variance,min_variance,0.5745846175233722,0.2702280129569754,0.01234845002471826,1
confirmation,2009-02-02,equal_weight,equal_weight,0.5745846175233722,0.2702280129569754,0.0,1
confirmation,2009-03-02,controller,tolerate,0.41522573585736094,0.3482166413322286,0.0,0
confirmation,2009-03-02,localized,localized,0.41522573585736094,0.3482166413322286,0.0,64
confirmation,2009-03-02,all_gene,all_gene,0.41522573585736094,0.3482166413322286,0.1708998568836215,64
confirmation,2009-03-02,random,random,0.41522573585736094,0.3482166413322286,0.0,64
confirmation,2009-03-02,min_variance,min_variance,0.41522573585736094,0.3482166413322286,0.013084899205993117,1
confirmation,2009-03-02,equal_weight,equal_weight,0.41522573585736094,0.3482166413322286,0.0,1
confirmation,2009-04-01,controller,tolerate,0.47643337608261693,0.3587278329737063,0.0,0
confirmation,2009-04-01,localized,localized,0.47643337608261693,0.3587278329737063,1.668948625085996e-05,64
confirmation,2009-04-01,all_gene,all_gene,0.47643337608261693,0.3587278329737063,0.3371362370779519,64
confirmation,2009-04-01,random,random,0.47643337608261693,0.3587278329737063,0.0,64
confirmation,2009-04-01,min_variance,min_variance,0.47643337608261693,0.3587278329737063,0.08330721435494763,1
confirmation,2009-04-01,equal_weight,equal_weight,0.47643337608261693,0.3587278329737063,0.0,1
confirmation,2009-05-01,controller,tolerate,1.0730895425361018,0.333633252967879,0.0,0
confirmation,2009-05-01,localized,localized,1.0730895425361018,0.333633252967879,0.0,64
confirmation,2009-05-01,all_gene,all_gene,1.0730895425361018,0.333633252967879,0.2546576719169843,64
confirmation,2009-05-01,random,random,1.0730895425361018,0.333633252967879,0.0,64
confirmation,2009-05-01,min_variance,min_variance,1.0730895425361018,0.333633252967879,0.04145938060208,1
confirmation,2009-05-01,equal_weight,equal_weight,1.0730895425361018,0.333633252967879,0.0,1
confirmation,2009-06-01,controller,systemic,1.999915608644115,0.24419805798764888,0.0,64
confirmation,2009-06-01,localized,localized,1.999915608644115,0.24419805798764888,0.0,64
confirmation,2009-06-01,all_gene,all_gene,1.999915608644115,0.24419805798764888,0.11625281328031488,64
confirmation,2009-06-01,random,random,1.999915608644115,0.24419805798764888,0.0,64
confirmation,2009-06-01,min_variance,min_variance,1.999915608644115,0.24419805798764888,0.010123457823493219,1
confirmation,2009-06-01,equal_weight,equal_weight,1.999915608644115,0.24419805798764888,0.0,1
confirmation,2009-07-01,controller,systemic,1.9419063595660795,0.23481983461115216,0.0,64
confirmation,2009-07-01,localized,localized,1.9419063595660795,0.23481983461115216,0.0,64
confirmation,2009-07-01,all_gene,all_gene,1.9419063595660795,0.23481983461115216,0.026057984787186267,64
confirmation,2009-07-01,random,random,1.9419063595660795,0.23481983461115216,0.0,64
confirmation,2009-07-01,min_variance,min_variance,1.9419063595660795,0.23481983461115216,0.022195796887914666,1
confirmation,2009-07-01,equal_weight,equal_weight,1.9419063595660795,0.23481983461115216,0.0,1
confirmation,2009-08-03,controller,systemic,1.794537275105304,0.2643479584304948,0.0,64
confirmation,2009-08-03,localized,localized,1.794537275105304,0.2643479584304948,0.0,64
confirmation,2009-08-03,all_gene,all_gene,1.794537275105304,0.2643479584304948,0.015548378747680723,64
confirmation,2009-08-03,random,random,1.794537275105304,0.2643479584304948,0.5130387226502451,64
confirmation,2009-08-03,min_variance,min_variance,1.794537275105304,0.2643479584304948,0.011464128749122872,1
confirmation,2009-08-03,equal_weight,equal_weight,1.794537275105304,0.2643479584304948,0.0,1
confirmation,2009-09-01,controller,systemic,1.6666661777219536,0.23057906808384174,0.2846401291647423,64
confirmation,2009-09-01,localized,localized,1.6666661777219536,0.23057906808384174,9.478164115728938e-06,64
confirmation,2009-09-01,all_gene,all_gene,1.6666661777219536,0.23057906808384174,0.004546492658888729,64
confirmation,2009-09-01,random,random,1.6666661777219536,0.23057906808384174,0.22796155539891794,64
confirmation,2009-09-01,min_variance,min_variance,1.6666661777219536,0.23057906808384174,0.0013577518596772729,1
confirmation,2009-09-01,equal_weight,equal_weight,1.6666661777219536,0.23057906808384174,0.0,1
confirmation,2009-10-01,controller,systemic,1.9328740363073058,0.2312877144054057,0.0,64
confirmation,2009-10-01,localized,localized,1.9328740363073058,0.2312877144054057,0.0,64
confirmation,2009-10-01,all_gene,all_gene,1.9328740363073058,0.2312877144054057,0.0020494719248342545,64
confirmation,2009-10-01,random,random,1.9328740363073058,0.2312877144054057,0.0,64
confirmation,2009-10-01,min_variance,min_variance,1.9328740363073058,0.2312877144054057,0.005133199539484909,1
confirmation,2009-10-01,equal_weight,equal_weight,1.9328740363073058,0.2312877144054057,0.0,1
confirmation,2009-11-02,controller,tolerate,1.0244057461609875,0.24729579886434558,0.0,0
confirmation,2009-11-02,localized,localized,1.0244057461609875,0.24729579886434558,1.462821159422798e-07,64
confirmation,2009-11-02,all_gene,all_gene,1.0244057461609875,0.24729579886434558,0.0007564498411038497,64
confirmation,2009-11-02,random,random,1.0244057461609875,0.24729579886434558,0.5127286674369312,64
confirmation,2009-11-02,min_variance,min_variance,1.0244057461609875,0.24729579886434558,0.0928141235169236,1
confirmation,2009-11-02,equal_weight,equal_weight,1.0244057461609875,0.24729579886434558,0.0,1
confirmation,2009-12-01,controller,tolerate,0.8907722008565444,0.23995505538627965,0.0,0
confirmation,2009-12-01,localized,localized,0.8907722008565444,0.23995505538627965,0.14733965351127418,64
confirmation,2009-12-01,all_gene,all_gene,0.8907722008565444,0.23995505538627965,0.0016335754980458877,64
confirmation,2009-12-01,random,random,0.8907722008565444,0.23995505538627965,0.4311601257632691,64
confirmation,2009-12-01,min_variance,min_variance,0.8907722008565444,0.23995505538627965,0.0031386214271392817,1
confirmation,2009-12-01,equal_weight,equal_weight,0.8907722008565444,0.23995505538627965,0.0,1
confirmation,2010-01-04,controller,tolerate,0.9361490638081446,0.2671155067844487,0.0,0
confirmation,2010-01-04,localized,localized,0.9361490638081446,0.2671155067844487,0.5575060166973197,64
confirmation,2010-01-04,all_gene,all_gene,0.9361490638081446,0.2671155067844487,0.003118615820880054,64
confirmation,2010-01-04,random,random,0.9361490638081446,0.2671155067844487,0.0,64
confirmation,2010-01-04,min_variance,min_variance,0.9361490638081446,0.2671155067844487,0.08924707367176962,1
confirmation,2010-01-04,equal_weight,equal_weight,0.9361490638081446,0.2671155067844487,0.0,1
confirmation,2010-02-01,controller,tolerate,1.0272791214684904,0.25192215716578903,0.0,0
confirmation,2010-02-01,localized,localized,1.0272791214684904,0.25192215716578903,0.0,64
confirmation,2010-02-01,all_gene,all_gene,1.0272791214684904,0.25192215716578903,0.016071719671667706,64
confirmation,2010-02-01,random,random,1.0272791214684904,0.25192215716578903,0.0,64
confirmation,2010-02-01,min_variance,min_variance,1.0272791214684904,0.25192215716578903,0.04276355147104693,1
confirmation,2010-02-01,equal_weight,equal_weight,1.0272791214684904,0.25192215716578903,0.0,1
confirmation,2010-03-01,controller,systemic,1.595732614668344,0.23001712149946502,0.7695151298161813,64
confirmation,2010-03-01,localized,localized,1.595732614668344,0.23001712149946502,9.778242515625436e-07,64
confirmation,2010-03-01,all_gene,all_gene,1.595732614668344,0.23001712149946502,0.036435787722524246,64
confirmation,2010-03-01,random,random,1.595732614668344,0.23001712149946502,0.0,64
confirmation,2010-03-01,min_variance,min_variance,1.595732614668344,0.23001712149946502,0.09980164659014337,1
confirmation,2010-03-01,equal_weight,equal_weight,1.595732614668344,0.23001712149946502,0.0,1
confirmation,2010-04-01,controller,tolerate,1.2129084311850236,0.2683959788306697,0.0,0
confirmation,2010-04-01,localized,localized,1.2129084311850236,0.2683959788306697,0.002373626154745012,64
confirmation,2010-04-01,all_gene,all_gene,1.2129084311850236,0.2683959788306697,0.0982403744679826,64
confirmation,2010-04-01,random,random,1.2129084311850236,0.2683959788306697,0.0,64
confirmation,2010-04-01,min_variance,min_variance,1.2129084311850236,0.2683959788306697,0.1569581978746206,1
confirmation,2010-04-01,equal_weight,equal_weight,1.2129084311850236,0.2683959788306697,0.0,1
confirmation,2010-05-03,controller,tolerate,0.9046050593076236,0.2941802047972136,0.0,0
confirmation,2010-05-03,localized,localized,0.9046050593076236,0.2941802047972136,0.11725200872800812,64
confirmation,2010-05-03,all_gene,all_gene,0.9046050593076236,0.2941802047972136,0.16531128558770034,64
confirmation,2010-05-03,random,random,0.9046050593076236,0.2941802047972136,0.0,64
confirmation,2010-05-03,min_variance,min_variance,0.9046050593076236,0.2941802047972136,0.10143007271654159,1
confirmation,2010-05-03,equal_weight,equal_weight,0.9046050593076236,0.2941802047972136,0.0,1
confirmation,2010-06-01,controller,tolerate,0.9603604523256734,0.3390001247678641,0.0,0
confirmation,2010-06-01,localized,localized,0.9603604523256734,0.3390001247678641,0.0,64
confirmation,2010-06-01,all_gene,all_gene,0.9603604523256734,0.3390001247678641,0.2494260401247814,64
confirmation,2010-06-01,random,random,0.9603604523256734,0.3390001247678641,0.0,64
confirmation,2010-06-01,min_variance,min_variance,0.9603604523256734,0.3390001247678641,0.06089510601300113,1
confirmation,2010-06-01,equal_weight,equal_weight,0.9603604523256734,0.3390001247678641,0.0,1
confirmation,2010-07-01,controller,systemic,1.8379159680943424,0.2505854099892836,0.420123859217159,64
confirmation,2010-07-01,localized,localized,1.8379159680943424,0.2505854099892836,0.0,64
confirmation,2010-07-01,all_gene,all_gene,1.8379159680943424,0.2505854099892836,0.28333924848220376,64
confirmation,2010-07-01,random,random,1.8379159680943424,0.2505854099892836,0.0,64
confirmation,2010-07-01,min_variance,min_variance,1.8379159680943424,0.2505854099892836,0.06467534415197367,1
confirmation,2010-07-01,equal_weight,equal_weight,1.8379159680943424,0.2505854099892836,0.0,1
confirmation,2010-08-02,controller,systemic,1.389036406673253,0.2645103717976815,0.0,64
confirmation,2010-08-02,localized,localized,1.389036406673253,0.2645103717976815,0.0,64
confirmation,2010-08-02,all_gene,all_gene,1.389036406673253,0.2645103717976815,0.1105323582937507,64
confirmation,2010-08-02,random,random,1.389036406673253,0.2645103717976815,0.0,64
confirmation,2010-08-02,min_variance,min_variance,1.389036406673253,0.2645103717976815,0.05541589510578599,1
confirmation,2010-08-02,equal_weight,equal_weight,1.389036406673253,0.2645103717976815,0.0,1
confirmation,2010-09-01,controller,tolerate,0.83817541697697,0.35742587942181997,0.0,0
confirmation,2010-09-01,localized,localized,0.83817541697697,0.35742587942181997,0.11848840142662123,64
confirmation,2010-09-01,all_gene,all_gene,0.83817541697697,0.35742587942181997,0.08258651282961402,64
confirmation,2010-09-01,random,random,0.83817541697697,0.35742587942181997,0.26343437054149277,64
confirmation,2010-09-01,min_variance,min_variance,0.83817541697697,0.35742587942181997,0.06395432127165661,1
confirmation,2010-09-01,equal_weight,equal_weight,0.83817541697697,0.35742587942181997,0.0,1
confirmation,2010-10-01,controller,tolerate,1.1499831487939824,0.25126160577233203,0.0,0
confirmation,2010-10-01,localized,localized,1.1499831487939824,0.25126160577233203,0.0,64
confirmation,2010-10-01,all_gene,all_gene,1.1499831487939824,0.25126160577233203,0.1636937447412745,64
confirmation,2010-10-01,random,random,1.1499831487939824,0.25126160577233203,0.0,64
confirmation,2010-10-01,min_variance,min_variance,1.1499831487939824,0.25126160577233203,0.033024761737662174,1
confirmation,2010-10-01,equal_weight,equal_weight,1.1499831487939824,0.25126160577233203,0.0,1
confirmation,2010-11-01,controller,tolerate,0.66401194214139,0.2888033533634871,0.0,0
confirmation,2010-11-01,localized,localized,0.66401194214139,0.2888033533634871,0.0,64
confirmation,2010-11-01,all_gene,all_gene,0.66401194214139,0.2888033533634871,0.031486063776651835,64
confirmation,2010-11-01,random,random,0.66401194214139,0.2888033533634871,0.0,64
confirmation,2010-11-01,min_variance,min_variance,0.66401194214139,0.2888033533634871,0.0375128917554892,1
confirmation,2010-11-01,equal_weight,equal_weight,0.66401194214139,0.2888033533634871,0.0,1
confirmation,2010-12-01,controller,systemic,1.7300824544730005,0.28037458912094576,0.3283730862567705,64
confirmation,2010-12-01,localized,localized,1.7300824544730005,0.28037458912094576,0.00156364876139462,64
confirmation,2010-12-01,all_gene,all_gene,1.7300824544730005,0.28037458912094576,0.06221620396406401,64
confirmation,2010-12-01,random,random,1.7300824544730005,0.28037458912094576,0.33724864652405956,64
confirmation,2010-12-01,min_variance,min_variance,1.7300824544730005,0.28037458912094576,0.0030987748778048014,1
confirmation,2010-12-01,equal_weight,equal_weight,1.7300824544730005,0.28037458912094576,0.0,1
confirmation,2011-01-03,controller,systemic,1.3883625908935187,0.277495597368592,0.0,64
confirmation,2011-01-03,localized,localized,1.3883625908935187,0.277495597368592,0.0,64
confirmation,2011-01-03,all_gene,all_gene,1.3883625908935187,0.277495597368592,0.2319521350507689,64
confirmation,2011-01-03,random,random,1.3883625908935187,0.277495597368592,0.0,64
confirmation,2011-01-03,min_variance,min_variance,1.3883625908935187,0.277495597368592,0.04234927270282415,1
confirmation,2011-01-03,equal_weight,equal_weight,1.3883625908935187,0.277495597368592,0.0,1
confirmation,2011-02-01,controller,tolerate,1.1019237982446644,0.3406235438269539,0.0,0
confirmation,2011-02-01,localized,localized,1.1019237982446644,0.3406235438269539,0.0,64
confirmation,2011-02-01,all_gene,all_gene,1.1019237982446644,0.3406235438269539,0.05393284170089664,64
confirmation,2011-02-01,random,random,1.1019237982446644,0.3406235438269539,0.0,64
confirmation,2011-02-01,min_variance,min_variance,1.1019237982446644,0.3406235438269539,0.07306330247346719,1
confirmation,2011-02-01,equal_weight,equal_weight,1.1019237982446644,0.3406235438269539,0.0,1
confirmation,2011-03-01,controller,systemic,1.3878300660514578,0.31837176973804493,0.6941139712518327,64
confirmation,2011-03-01,localized,localized,1.3878300660514578,0.31837176973804493,0.0,64
confirmation,2011-03-01,all_gene,all_gene,1.3878300660514578,0.31837176973804493,0.02673565151008717,64
confirmation,2011-03-01,random,random,1.3878300660514578,0.31837176973804493,0.5392184453672206,64
confirmation,2011-03-01,min_variance,min_variance,1.3878300660514578,0.31837176973804493,0.04100717442721402,1
confirmation,2011-03-01,equal_weight,equal_weight,1.3878300660514578,0.31837176973804493,0.0,1
confirmation,2011-04-01,controller,tolerate,0.7275879415928458,0.2929515078725529,0.0,0
confirmation,2011-04-01,localized,localized,0.7275879415928458,0.2929515078725529,1.7145299745321282e-05,64
confirmation,2011-04-01,all_gene,all_gene,0.7275879415928458,0.2929515078725529,0.007666364950599856,64
confirmation,2011-04-01,random,random,0.7275879415928458,0.2929515078725529,0.4716616370791374,64
confirmation,2011-04-01,min_variance,min_variance,0.7275879415928458,0.2929515078725529,0.016565351184190155,1
confirmation,2011-04-01,equal_weight,equal_weight,0.7275879415928458,0.2929515078725529,0.0,1
confirmation,2011-05-02,controller,tolerate,1.1285598285156102,0.3716586470841477,0.0,0
confirmation,2011-05-02,localized,localized,1.1285598285156102,0.3716586470841477,0.0,64
confirmation,2011-05-02,all_gene,all_gene,1.1285598285156102,0.3716586470841477,0.038251558030795885,64
confirmation,2011-05-02,random,random,1.1285598285156102,0.3716586470841477,0.0,64
confirmation,2011-05-02,min_variance,min_variance,1.1285598285156102,0.3716586470841477,0.036578353014821666,1
confirmation,2011-05-02,equal_weight,equal_weight,1.1285598285156102,0.3716586470841477,0.0,1
confirmation,2011-06-01,controller,tolerate,0.8857548978520157,0.2772862816098632,0.0,0
confirmation,2011-06-01,localized,localized,0.8857548978520157,0.2772862816098632,0.0,64
confirmation,2011-06-01,all_gene,all_gene,0.8857548978520157,0.2772862816098632,0.04079738255702664,64
confirmation,2011-06-01,random,random,0.8857548978520157,0.2772862816098632,0.0,64
confirmation,2011-06-01,min_variance,min_variance,0.8857548978520157,0.2772862816098632,0.08163056870420349,1
confirmation,2011-06-01,equal_weight,equal_weight,0.8857548978520157,0.2772862816098632,0.0,1
confirmation,2011-07-01,controller,tolerate,1.190270900835881,0.3349592199730752,0.0,0
confirmation,2011-07-01,localized,localized,1.190270900835881,0.3349592199730752,0.0,64
confirmation,2011-07-01,all_gene,all_gene,1.190270900835881,0.3349592199730752,0.16953348638536098,64
confirmation,2011-07-01,random,random,1.190270900835881,0.3349592199730752,0.0,64
confirmation,2011-07-01,min_variance,min_variance,1.190270900835881,0.3349592199730752,0.23342734149303362,1
confirmation,2011-07-01,equal_weight,equal_weight,1.190270900835881,0.3349592199730752,0.0,1
confirmation,2011-08-01,controller,systemic,1.555565723467294,0.2467443429731558,0.0,64
confirmation,2011-08-01,localized,localized,1.555565723467294,0.2467443429731558,0.11450551549387977,64
confirmation,2011-08-01,all_gene,all_gene,1.555565723467294,0.2467443429731558,0.15422633256186388,64
confirmation,2011-08-01,random,random,1.555565723467294,0.2467443429731558,0.3916848808250374,64
confirmation,2011-08-01,min_variance,min_variance,1.555565723467294,0.2467443429731558,0.07703795900083109,1
confirmation,2011-08-01,equal_weight,equal_weight,1.555565723467294,0.2467443429731558,0.0,1
confirmation,2011-09-01,controller,systemic,1.6893109308883658,0.23327520983765723,0.34886992094181796,64
confirmation,2011-09-01,localized,localized,1.6893109308883658,0.23327520983765723,0.0005964377908790103,64
confirmation,2011-09-01,all_gene,all_gene,1.6893109308883658,0.23327520983765723,0.30475084502488553,64
confirmation,2011-09-01,random,random,1.6893109308883658,0.23327520983765723,0.5907154378426605,64
confirmation,2011-09-01,min_variance,min_variance,1.6893109308883658,0.23327520983765723,0.11745200167324758,1
confirmation,2011-09-01,equal_weight,equal_weight,1.6893109308883658,0.23327520983765723,0.0,1
confirmation,2011-10-03,controller,systemic,2.148742088616317,0.23917356248488966,0.4368733282294503,64
confirmation,2011-10-03,localized,localized,2.148742088616317,0.23917356248488966,0.0033389051257856927,64
confirmation,2011-10-03,all_gene,all_gene,2.148742088616317,0.23917356248488966,0.189599441651654,64
confirmation,2011-10-03,random,random,2.148742088616317,0.23917356248488966,0.5019112974620886,64
confirmation,2011-10-03,min_variance,min_variance,2.148742088616317,0.23917356248488966,0.06603495561152163,1
confirmation,2011-10-03,equal_weight,equal_weight,2.148742088616317,0.23917356248488966,0.0,1
confirmation,2011-11-01,controller,tolerate,1.1017886956805347,0.23543651947261376,0.0,0
confirmation,2011-11-01,localized,localized,1.1017886956805347,0.23543651947261376,3.508901974308052e-05,64
confirmation,2011-11-01,all_gene,all_gene,1.1017886956805347,0.23543651947261376,0.15105890919925194,64
confirmation,2011-11-01,random,random,1.1017886956805347,0.23543651947261376,0.22117862104331348,64
confirmation,2011-11-01,min_variance,min_variance,1.1017886956805347,0.23543651947261376,0.0350950066001004,1
confirmation,2011-11-01,equal_weight,equal_weight,1.1017886956805347,0.23543651947261376,0.0,1
confirmation,2011-12-01,controller,tolerate,0.5268674157476649,0.24805361703384388,0.0,0
confirmation,2011-12-01,localized,localized,0.5268674157476649,0.24805361703384388,3.746275697532997e-05,64
confirmation,2011-12-01,all_gene,all_gene,0.5268674157476649,0.24805361703384388,0.1823599129574629,64
confirmation,2011-12-01,random,random,0.5268674157476649,0.24805361703384388,0.0,64
confirmation,2011-12-01,min_variance,min_variance,0.5268674157476649,0.24805361703384388,0.029498178049332947,1
confirmation,2011-12-01,equal_weight,equal_weight,0.5268674157476649,0.24805361703384388,0.0,1
confirmation,2012-01-03,controller,tolerate,1.0963785017613064,0.24730251730906885,0.0,0
confirmation,2012-01-03,localized,localized,1.0963785017613064,0.24730251730906885,1.1002952112193984e-05,64
confirmation,2012-01-03,all_gene,all_gene,1.0963785017613064,0.24730251730906885,0.14761355413858326,64
confirmation,2012-01-03,random,random,1.0963785017613064,0.24730251730906885,0.0,64
confirmation,2012-01-03,min_variance,min_variance,1.0963785017613064,0.24730251730906885,0.013565371540797792,1
confirmation,2012-01-03,equal_weight,equal_weight,1.0963785017613064,0.24730251730906885,0.0,1
confirmation,2012-02-01,controller,tolerate,0.39544625122206317,0.2824902910405303,0.0,0
confirmation,2012-02-01,localized,localized,0.39544625122206317,0.2824902910405303,0.0001889920981805182,64
confirmation,2012-02-01,all_gene,all_gene,0.39544625122206317,0.2824902910405303,0.09780556530185484,64
confirmation,2012-02-01,random,random,0.39544625122206317,0.2824902910405303,0.0,64
confirmation,2012-02-01,min_variance,min_variance,0.39544625122206317,0.2824902910405303,0.03757330630150908,1
confirmation,2012-02-01,equal_weight,equal_weight,0.39544625122206317,0.2824902910405303,0.0,1
confirmation,2012-03-01,controller,systemic,1.804546002087411,0.24786272269240459,0.48314767058030017,64
confirmation,2012-03-01,localized,localized,1.804546002087411,0.24786272269240459,0.0,64
confirmation,2012-03-01,all_gene,all_gene,1.804546002087411,0.24786272269240459,0.08298439191044767,64
confirmation,2012-03-01,random,random,1.804546002087411,0.24786272269240459,0.0,64
confirmation,2012-03-01,min_variance,min_variance,1.804546002087411,0.24786272269240459,0.0007628702940429341,1
confirmation,2012-03-01,equal_weight,equal_weight,1.804546002087411,0.24786272269240459,0.0,1
confirmation,2012-04-02,controller,systemic,2.085917063112134,0.2671508437717175,0.0,64
confirmation,2012-04-02,localized,localized,2.085917063112134,0.2671508437717175,0.0,64
confirmation,2012-04-02,all_gene,all_gene,2.085917063112134,0.2671508437717175,0.042615647785694065,64
confirmation,2012-04-02,random,random,2.085917063112134,0.2671508437717175,0.0,64
confirmation,2012-04-02,min_variance,min_variance,2.085917063112134,0.2671508437717175,0.03414793343970376,1
confirmation,2012-04-02,equal_weight,equal_weight,2.085917063112134,0.2671508437717175,0.0,1
confirmation,2012-05-01,controller,systemic,1.3454510347454745,0.26961508221050473,0.0,64
confirmation,2012-05-01,localized,localized,1.3454510347454745,0.26961508221050473,0.5421229621524692,64
confirmation,2012-05-01,all_gene,all_gene,1.3454510347454745,0.26961508221050473,0.018741891113566007,64
confirmation,2012-05-01,random,random,1.3454510347454745,0.26961508221050473,0.0,64
confirmation,2012-05-01,min_variance,min_variance,1.3454510347454745,0.26961508221050473,0.05253070661178623,1
confirmation,2012-05-01,equal_weight,equal_weight,1.3454510347454745,0.26961508221050473,0.0,1
confirmation,2012-06-01,controller,systemic,1.270698108916963,0.30824114839090605,0.461300035454707,64
confirmation,2012-06-01,localized,localized,1.270698108916963,0.30824114839090605,1.6004106960696108e-07,64
confirmation,2012-06-01,all_gene,all_gene,1.270698108916963,0.30824114839090605,0.007435819504924389,64
confirmation,2012-06-01,random,random,1.270698108916963,0.30824114839090605,0.4262791259679503,64
confirmation,2012-06-01,min_variance,min_variance,1.270698108916963,0.30824114839090605,0.030046076105548786,1
confirmation,2012-06-01,equal_weight,equal_weight,1.270698108916963,0.30824114839090605,0.0,1
confirmation,2012-07-02,controller,tolerate,1.0489878755415916,0.29496397254191475,0.0,0
confirmation,2012-07-02,localized,localized,1.0489878755415916,0.29496397254191475,0.0,64
confirmation,2012-07-02,all_gene,all_gene,1.0489878755415916,0.29496397254191475,0.0018273520967197637,64
confirmation,2012-07-02,random,random,1.0489878755415916,0.29496397254191475,0.0,64
confirmation,2012-07-02,min_variance,min_variance,1.0489878755415916,0.29496397254191475,0.011288364435570315,1
confirmation,2012-07-02,equal_weight,equal_weight,1.0489878755415916,0.29496397254191475,0.0,1
confirmation,2012-08-01,controller,tolerate,0.965293355347906,0.2696667848181899,0.0,0
confirmation,2012-08-01,localized,localized,0.965293355347906,0.2696667848181899,0.0,64
confirmation,2012-08-01,all_gene,all_gene,0.965293355347906,0.2696667848181899,0.0009952703313615156,64
confirmation,2012-08-01,random,random,0.965293355347906,0.2696667848181899,0.0,64
confirmation,2012-08-01,min_variance,min_variance,0.965293355347906,0.2696667848181899,0.0040470478690205975,1
confirmation,2012-08-01,equal_weight,equal_weight,0.965293355347906,0.2696667848181899,0.0,1
confirmation,2012-09-04,controller,tolerate,0.9934742839075745,0.2885042504792043,0.0,0
confirmation,2012-09-04,localized,localized,0.9934742839075745,0.2885042504792043,0.0,64
confirmation,2012-09-04,all_gene,all_gene,0.9934742839075745,0.2885042504792043,0.0003585645044637217,64
confirmation,2012-09-04,random,random,0.9934742839075745,0.2885042504792043,0.5231469813001923,64
confirmation,2012-09-04,min_variance,min_variance,0.9934742839075745,0.2885042504792043,0.2661466519809774,1
confirmation,2012-09-04,equal_weight,equal_weight,0.9934742839075745,0.2885042504792043,0.0,1
confirmation,2012-10-01,controller,tolerate,0.6602880903786785,0.26338848883824595,0.0,0
confirmation,2012-10-01,localized,localized,0.6602880903786785,0.26338848883824595,4.103904418094881e-06,64
confirmation,2012-10-01,all_gene,all_gene,0.6602880903786785,0.26338848883824595,0.0001885377236809126,64
confirmation,2012-10-01,random,random,0.6602880903786785,0.26338848883824595,0.36133033653510793,64
confirmation,2012-10-01,min_variance,min_variance,0.6602880903786785,0.26338848883824595,0.02953809290458185,1
confirmation,2012-10-01,equal_weight,equal_weight,0.6602880903786785,0.26338848883824595,0.0,1
confirmation,2012-11-01,controller,tolerate,1.0042176922476278,0.2866438410721201,0.0,0
confirmation,2012-11-01,localized,localized,1.0042176922476278,0.2866438410721201,0.0,64
confirmation,2012-11-01,all_gene,all_gene,1.0042176922476278,0.2866438410721201,0.0002832017163437771,64
confirmation,2012-11-01,random,random,1.0042176922476278,0.2866438410721201,0.0,64
confirmation,2012-11-01,min_variance,min_variance,1.0042176922476278,0.2866438410721201,0.04821216013753404,1
confirmation,2012-11-01,equal_weight,equal_weight,1.0042176922476278,0.2866438410721201,0.0,1
confirmation,2012-12-03,controller,tolerate,0.769498014357863,0.339795545645503,0.0,0
confirmation,2012-12-03,localized,localized,0.769498014357863,0.339795545645503,0.1442097675262566,64
confirmation,2012-12-03,all_gene,all_gene,0.769498014357863,0.339795545645503,5.655085265733609e-05,64
confirmation,2012-12-03,random,random,0.769498014357863,0.339795545645503,0.0,64
confirmation,2012-12-03,min_variance,min_variance,0.769498014357863,0.339795545645503,0.07583821263597527,1
confirmation,2012-12-03,equal_weight,equal_weight,0.769498014357863,0.339795545645503,0.0,1
confirmation,2013-01-02,controller,tolerate,1.0397593117575676,0.30891923642408914,0.0,0
confirmation,2013-01-02,localized,localized,1.0397593117575676,0.30891923642408914,0.0011081609026866144,64
confirmation,2013-01-02,all_gene,all_gene,1.0397593117575676,0.30891923642408914,0.00012053986723963691,64
confirmation,2013-01-02,random,random,1.0397593117575676,0.30891923642408914,0.0,64
confirmation,2013-01-02,min_variance,min_variance,1.0397593117575676,0.30891923642408914,0.08373269730326917,1
confirmation,2013-01-02,equal_weight,equal_weight,1.0397593117575676,0.30891923642408914,0.0,1
confirmation,2013-02-01,controller,tolerate,0.9149518474894031,0.43369795703164743,0.0,0
confirmation,2013-02-01,localized,localized,0.9149518474894031,0.43369795703164743,0.0,64
confirmation,2013-02-01,all_gene,all_gene,0.9149518474894031,0.43369795703164743,0.00024271733510475695,64
confirmation,2013-02-01,random,random,0.9149518474894031,0.43369795703164743,0.0,64
confirmation,2013-02-01,min_variance,min_variance,0.9149518474894031,0.43369795703164743,0.041958104506298326,1
confirmation,2013-02-01,equal_weight,equal_weight,0.9149518474894031,0.43369795703164743,0.0,1
confirmation,2013-03-01,controller,systemic,1.3006473581108569,0.27499792169980664,0.5286219219590024,64
confirmation,2013-03-01,localized,localized,1.3006473581108569,0.27499792169980664,0.0,64
confirmation,2013-03-01,all_gene,all_gene,1.3006473581108569,0.27499792169980664,0.000990275410135446,64
confirmation,2013-03-01,random,random,1.3006473581108569,0.27499792169980664,0.2093992712493822,64
confirmation,2013-03-01,min_variance,min_variance,1.3006473581108569,0.27499792169980664,0.008074968379441194,1
confirmation,2013-03-01,equal_weight,equal_weight,1.3006473581108569,0.27499792169980664,0.0,1
confirmation,2013-04-01,controller,systemic,1.750233611766864,0.26203511840278254,0.0,64
confirmation,2013-04-01,localized,localized,1.750233611766864,0.26203511840278254,0.4533685875892577,64
confirmation,2013-04-01,all_gene,all_gene,1.750233611766864,0.26203511840278254,0.002822176934287604,64
confirmation,2013-04-01,random,random,1.750233611766864,0.26203511840278254,0.452573250345985,64
confirmation,2013-04-01,min_variance,min_variance,1.750233611766864,0.26203511840278254,0.015898289740880246,1
confirmation,2013-04-01,equal_weight,equal_weight,1.750233611766864,0.26203511840278254,0.0,1
confirmation,2013-05-01,controller,tolerate,0.9078909192237781,0.4565446711058318,0.0,0
confirmation,2013-05-01,localized,localized,0.9078909192237781,0.4565446711058318,0.3570174071988701,64
confirmation,2013-05-01,all_gene,all_gene,0.9078909192237781,0.4565446711058318,0.01628561770910274,64
confirmation,2013-05-01,random,random,0.9078909192237781,0.4565446711058318,0.0,64
confirmation,2013-05-01,min_variance,min_variance,0.9078909192237781,0.4565446711058318,0.08498712473766154,1
confirmation,2013-05-01,equal_weight,equal_weight,0.9078909192237781,0.4565446711058318,0.0,1
confirmation,2013-06-03,controller,tolerate,0.5851594167390237,0.37858401621685955,0.0,0
confirmation,2013-06-03,localized,localized,0.5851594167390237,0.37858401621685955,0.001998201058888397,64
confirmation,2013-06-03,all_gene,all_gene,0.5851594167390237,0.37858401621685955,0.043938095943006496,64
confirmation,2013-06-03,random,random,0.5851594167390237,0.37858401621685955,0.6669633142286703,64
confirmation,2013-06-03,min_variance,min_variance,0.5851594167390237,0.37858401621685955,0.0982485353975601,1
confirmation,2013-06-03,equal_weight,equal_weight,0.5851594167390237,0.37858401621685955,0.0,1
confirmation,2013-07-01,controller,tolerate,0.7042950649854974,0.3380599683375486,0.0,0
confirmation,2013-07-01,localized,localized,0.7042950649854974,0.3380599683375486,0.8103997105323043,64
confirmation,2013-07-01,all_gene,all_gene,0.7042950649854974,0.3380599683375486,0.09326401823444634,64
confirmation,2013-07-01,random,random,0.7042950649854974,0.3380599683375486,0.289992021823065,64
confirmation,2013-07-01,min_variance,min_variance,0.7042950649854974,0.3380599683375486,0.22222799244445057,1
confirmation,2013-07-01,equal_weight,equal_weight,0.7042950649854974,0.3380599683375486,0.0,1
confirmation,2013-08-01,controller,tolerate,0.6922035085154197,0.2859597859546427,0.0,0
confirmation,2013-08-01,localized,localized,0.6922035085154197,0.2859597859546427,0.001021651987091037,64
confirmation,2013-08-01,all_gene,all_gene,0.6922035085154197,0.2859597859546427,0.14479581552640594,64
confirmation,2013-08-01,random,random,0.6922035085154197,0.2859597859546427,0.0,64
confirmation,2013-08-01,min_variance,min_variance,0.6922035085154197,0.2859597859546427,0.1041005295670811,1
confirmation,2013-08-01,equal_weight,equal_weight,0.6922035085154197,0.2859597859546427,0.0,1
confirmation,2013-09-03,controller,tolerate,0.7828060474476375,0.29474947042148547,0.0,0
confirmation,2013-09-03,localized,localized,0.7828060474476375,0.29474947042148547,0.018402029375197627,64
confirmation,2013-09-03,all_gene,all_gene,0.7828060474476375,0.29474947042148547,0.353724391595912,64
confirmation,2013-09-03,random,random,0.7828060474476375,0.29474947042148547,0.0,64
confirmation,2013-09-03,min_variance,min_variance,0.7828060474476375,0.29474947042148547,0.09697655805668956,1
confirmation,2013-09-03,equal_weight,equal_weight,0.7828060474476375,0.29474947042148547,0.0,1
confirmation,2013-10-01,controller,tolerate,0.6540632579116731,0.4147135449455219,0.0,0
confirmation,2013-10-01,localized,localized,0.6540632579116731,0.4147135449455219,0.001031958421537086,64
confirmation,2013-10-01,all_gene,all_gene,0.6540632579116731,0.4147135449455219,0.19564274825175795,64
confirmation,2013-10-01,random,random,0.6540632579116731,0.4147135449455219,0.0,64
confirmation,2013-10-01,min_variance,min_variance,0.6540632579116731,0.4147135449455219,0.062499699266679185,1
confirmation,2013-10-01,equal_weight,equal_weight,0.6540632579116731,0.4147135449455219,0.0,1
confirmation,2013-11-01,controller,tolerate,0.7607701404562163,0.3139439042183828,0.0,0
confirmation,2013-11-01,localized,localized,0.7607701404562163,0.3139439042183828,0.017580119295044376,64
confirmation,2013-11-01,all_gene,all_gene,0.7607701404562163,0.3139439042183828,0.08875731974514477,64
confirmation,2013-11-01,random,random,0.7607701404562163,0.3139439042183828,0.0,64
confirmation,2013-11-01,min_variance,min_variance,0.7607701404562163,0.3139439042183828,0.0769426556276518,1
confirmation,2013-11-01,equal_weight,equal_weight,0.7607701404562163,0.3139439042183828,0.0,1
confirmation,2013-12-02,controller,tolerate,0.8114607779848612,0.31707528985272465,0.0,0
confirmation,2013-12-02,localized,localized,0.8114607779848612,0.31707528985272465,0.0,64
confirmation,2013-12-02,all_gene,all_gene,0.8114607779848612,0.31707528985272465,0.04058017789021185,64
confirmation,2013-12-02,random,random,0.8114607779848612,0.31707528985272465,0.0,64
confirmation,2013-12-02,min_variance,min_variance,0.8114607779848612,0.31707528985272465,0.06168461374589161,1
confirmation,2013-12-02,equal_weight,equal_weight,0.8114607779848612,0.31707528985272465,0.0,1
confirmation,2014-01-02,controller,tolerate,0.557138194729163,0.3751361112622544,0.0,0
confirmation,2014-01-02,localized,localized,0.557138194729163,0.3751361112622544,0.0,64
confirmation,2014-01-02,all_gene,all_gene,0.557138194729163,0.3751361112622544,0.013100787515878967,64
confirmation,2014-01-02,random,random,0.557138194729163,0.3751361112622544,0.0,64
confirmation,2014-01-02,min_variance,min_variance,0.557138194729163,0.3751361112622544,0.08510778279275101,1
confirmation,2014-01-02,equal_weight,equal_weight,0.557138194729163,0.3751361112622544,0.0,1
confirmation,2014-02-03,controller,tolerate,0.9840442965040271,0.34686587607435904,0.0,0
confirmation,2014-02-03,localized,localized,0.9840442965040271,0.34686587607435904,0.0011271223064441603,64
confirmation,2014-02-03,all_gene,all_gene,0.9840442965040271,0.34686587607435904,0.006794377063994089,64
confirmation,2014-02-03,random,random,0.9840442965040271,0.34686587607435904,0.6541968438107757,64
confirmation,2014-02-03,min_variance,min_variance,0.9840442965040271,0.34686587607435904,0.08701062091032871,1
confirmation,2014-02-03,equal_weight,equal_weight,0.9840442965040271,0.34686587607435904,0.0,1
confirmation,2014-03-03,controller,tolerate,0.6788102506218787,0.3693447189848747,0.0,0
confirmation,2014-03-03,localized,localized,0.6788102506218787,0.3693447189848747,0.0,64
confirmation,2014-03-03,all_gene,all_gene,0.6788102506218787,0.3693447189848747,0.0017249204626059607,64
confirmation,2014-03-03,random,random,0.6788102506218787,0.3693447189848747,0.0,64
confirmation,2014-03-03,min_variance,min_variance,0.6788102506218787,0.3693447189848747,0.1059716299067546,1
confirmation,2014-03-03,equal_weight,equal_weight,0.6788102506218787,0.3693447189848747,0.0,1
confirmation,2014-04-01,controller,tolerate,0.8215757096892629,0.3540566492143874,0.0,0
confirmation,2014-04-01,localized,localized,0.8215757096892629,0.3540566492143874,0.0,64
confirmation,2014-04-01,all_gene,all_gene,0.8215757096892629,0.3540566492143874,0.011960761392909152,64
confirmation,2014-04-01,random,random,0.8215757096892629,0.3540566492143874,0.521910209784731,64
confirmation,2014-04-01,min_variance,min_variance,0.8215757096892629,0.3540566492143874,0.040875075870738804,1
confirmation,2014-04-01,equal_weight,equal_weight,0.8215757096892629,0.3540566492143874,0.0,1
confirmation,2014-05-01,controller,tolerate,0.9376351405050868,0.5423089612745523,0.0,0
confirmation,2014-05-01,localized,localized,0.9376351405050868,0.5423089612745523,1.6684921124320358e-05,64
confirmation,2014-05-01,all_gene,all_gene,0.9376351405050868,0.5423089612745523,0.02641248008172696,64
confirmation,2014-05-01,random,random,0.9376351405050868,0.5423089612745523,0.0,64
confirmation,2014-05-01,min_variance,min_variance,0.9376351405050868,0.5423089612745523,0.18756457448901326,1
confirmation,2014-05-01,equal_weight,equal_weight,0.9376351405050868,0.5423089612745523,0.0,1
confirmation,2014-06-02,controller,tolerate,0.8331727129709587,0.33383004878735245,0.0,0
confirmation,2014-06-02,localized,localized,0.8331727129709587,0.33383004878735245,0.0,64
confirmation,2014-06-02,all_gene,all_gene,0.8331727129709587,0.33383004878735245,0.0853612907963831,64
confirmation,2014-06-02,random,random,0.8331727129709587,0.33383004878735245,0.0,64
confirmation,2014-06-02,min_variance,min_variance,0.8331727129709587,0.33383004878735245,0.09477325041173379,1
confirmation,2014-06-02,equal_weight,equal_weight,0.8331727129709587,0.33383004878735245,0.0,1
confirmation,2014-07-01,controller,tolerate,0.6297286658053775,0.3113730784486818,0.0,0
confirmation,2014-07-01,localized,localized,0.6297286658053775,0.3113730784486818,1.863901128441526e-05,64
confirmation,2014-07-01,all_gene,all_gene,0.6297286658053775,0.3113730784486818,0.20863556602163985,64
confirmation,2014-07-01,random,random,0.6297286658053775,0.3113730784486818,0.0,64
confirmation,2014-07-01,min_variance,min_variance,0.6297286658053775,0.3113730784486818,0.15727611244329973,1
confirmation,2014-07-01,equal_weight,equal_weight,0.6297286658053775,0.3113730784486818,0.0,1
confirmation,2014-08-01,controller,tolerate,0.7118187138021987,0.35794433016154975,0.0,0
confirmation,2014-08-01,localized,localized,0.7118187138021987,0.35794433016154975,0.0,64
confirmation,2014-08-01,all_gene,all_gene,0.7118187138021987,0.35794433016154975,0.17642064350633363,64
confirmation,2014-08-01,random,random,0.7118187138021987,0.35794433016154975,0.3858890873455477,64
confirmation,2014-08-01,min_variance,min_variance,0.7118187138021987,0.35794433016154975,0.08517547610071574,1
confirmation,2014-08-01,equal_weight,equal_weight,0.7118187138021987,0.35794433016154975,0.0,1
confirmation,2014-09-02,controller,tolerate,0.5983645595267539,0.3590000580153609,0.0,0
confirmation,2014-09-02,localized,localized,0.5983645595267539,0.3590000580153609,0.15848038001854092,64
confirmation,2014-09-02,all_gene,all_gene,0.5983645595267539,0.3590000580153609,0.23328038342100876,64
confirmation,2014-09-02,random,random,0.5983645595267539,0.3590000580153609,0.0,64
confirmation,2014-09-02,min_variance,min_variance,0.5983645595267539,0.3590000580153609,0.06502425421038366,1
confirmation,2014-09-02,equal_weight,equal_weight,0.5983645595267539,0.3590000580153609,0.0,1
confirmation,2014-10-01,controller,systemic,1.3638338812302275,0.3356417067991791,0.4933377453432201,64
confirmation,2014-10-01,localized,localized,1.3638338812302275,0.3356417067991791,0.019175353199211067,64
confirmation,2014-10-01,all_gene,all_gene,1.3638338812302275,0.3356417067991791,0.05857309751448372,64
confirmation,2014-10-01,random,random,1.3638338812302275,0.3356417067991791,0.27488373433076524,64
confirmation,2014-10-01,min_variance,min_variance,1.3638338812302275,0.3356417067991791,0.05836501722747733,1
confirmation,2014-10-01,equal_weight,equal_weight,1.3638338812302275,0.3356417067991791,0.0,1
confirmation,2014-11-03,controller,tolerate,0.8417306867451712,0.3541791773394685,0.0,0
confirmation,2014-11-03,localized,localized,0.8417306867451712,0.3541791773394685,0.019143912130601935,64
confirmation,2014-11-03,all_gene,all_gene,0.8417306867451712,0.3541791773394685,0.19735922325061683,64
confirmation,2014-11-03,random,random,0.8417306867451712,0.3541791773394685,0.5293283095287729,64
confirmation,2014-11-03,min_variance,min_variance,0.8417306867451712,0.3541791773394685,0.07098333035341733,1
confirmation,2014-11-03,equal_weight,equal_weight,0.8417306867451712,0.3541791773394685,0.0,1
confirmation,2014-12-01,controller,tolerate,1.0072816448793684,0.5134070858286853,0.0,0
confirmation,2014-12-01,localized,localized,1.0072816448793684,0.5134070858286853,4.420564629622169e-05,64
confirmation,2014-12-01,all_gene,all_gene,1.0072816448793684,0.5134070858286853,0.15522702185913342,64
confirmation,2014-12-01,random,random,1.0072816448793684,0.5134070858286853,0.0,64
confirmation,2014-12-01,min_variance,min_variance,1.0072816448793684,0.5134070858286853,0.03855953687295769,1
confirmation,2014-12-01,equal_weight,equal_weight,1.0072816448793684,0.5134070858286853,0.0,1
confirmation,2015-01-02,controller,tolerate,1.0790264885004999,0.3379687096228398,0.0,0
confirmation,2015-01-02,localized,localized,1.0790264885004999,0.3379687096228398,0.0,64
confirmation,2015-01-02,all_gene,all_gene,1.0790264885004999,0.3379687096228398,0.2119747793158457,64
confirmation,2015-01-02,random,random,1.0790264885004999,0.3379687096228398,0.0,64
confirmation,2015-01-02,min_variance,min_variance,1.0790264885004999,0.3379687096228398,0.047072377513195124,1
confirmation,2015-01-02,equal_weight,equal_weight,1.0790264885004999,0.3379687096228398,0.0,1
confirmation,2015-02-02,controller,tolerate,0.715256149636335,0.41605299048900224,0.0,0
confirmation,2015-02-02,localized,localized,0.715256149636335,0.41605299048900224,0.0,64
confirmation,2015-02-02,all_gene,all_gene,0.715256149636335,0.41605299048900224,0.19472944000162373,64
confirmation,2015-02-02,random,random,0.715256149636335,0.41605299048900224,0.5304551201457445,64
confirmation,2015-02-02,min_variance,min_variance,0.715256149636335,0.41605299048900224,0.0574307253581001,1
confirmation,2015-02-02,equal_weight,equal_weight,0.715256149636335,0.41605299048900224,0.0,1
confirmation,2015-03-02,controller,tolerate,0.6342254975374181,0.3466579822883884,0.0,0
confirmation,2015-03-02,localized,localized,0.6342254975374181,0.3466579822883884,0.0,64
confirmation,2015-03-02,all_gene,all_gene,0.6342254975374181,0.3466579822883884,0.16940362176516716,64
confirmation,2015-03-02,random,random,0.6342254975374181,0.3466579822883884,0.6125912999363381,64
confirmation,2015-03-02,min_variance,min_variance,0.6342254975374181,0.3466579822883884,0.10127790847762363,1
confirmation,2015-03-02,equal_weight,equal_weight,0.6342254975374181,0.3466579822883884,0.0,1
confirmation,2015-04-01,controller,tolerate,0.725317430240172,0.4391246195138189,0.0,0
confirmation,2015-04-01,localized,localized,0.725317430240172,0.4391246195138189,0.018077506378244453,64
confirmation,2015-04-01,all_gene,all_gene,0.725317430240172,0.4391246195138189,0.05519101437777442,64
confirmation,2015-04-01,random,random,0.725317430240172,0.4391246195138189,0.3276847256490909,64
confirmation,2015-04-01,min_variance,min_variance,0.725317430240172,0.4391246195138189,0.03816904260090128,1
confirmation,2015-04-01,equal_weight,equal_weight,0.725317430240172,0.4391246195138189,0.0,1
confirmation,2015-05-01,controller,tolerate,0.8369863433513228,0.41188625943742846,0.0,0
confirmation,2015-05-01,localized,localized,0.8369863433513228,0.41188625943742846,0.0,64
confirmation,2015-05-01,all_gene,all_gene,0.8369863433513228,0.41188625943742846,0.03373731059488311,64
confirmation,2015-05-01,random,random,0.8369863433513228,0.41188625943742846,0.21814314405292998,64
confirmation,2015-05-01,min_variance,min_variance,0.8369863433513228,0.41188625943742846,0.03991608829664087,1
confirmation,2015-05-01,equal_weight,equal_weight,0.8369863433513228,0.41188625943742846,0.0,1
confirmation,2015-06-01,controller,tolerate,0.6043334305221667,0.32621286362704843,0.0,0
confirmation,2015-06-01,localized,localized,0.6043334305221667,0.32621286362704843,0.0,64
confirmation,2015-06-01,all_gene,all_gene,0.6043334305221667,0.32621286362704843,0.018396100172509876,64
confirmation,2015-06-01,random,random,0.6043334305221667,0.32621286362704843,0.0,64
confirmation,2015-06-01,min_variance,min_variance,0.6043334305221667,0.32621286362704843,0.03194830940272083,1
confirmation,2015-06-01,equal_weight,equal_weight,0.6043334305221667,0.32621286362704843,0.0,1
confirmation,2015-07-01,controller,tolerate,0.7876651439970251,0.3122455349560641,0.0,0
confirmation,2015-07-01,localized,localized,0.7876651439970251,0.3122455349560641,0.0,64
confirmation,2015-07-01,all_gene,all_gene,0.7876651439970251,0.3122455349560641,0.009126169503153364,64
confirmation,2015-07-01,random,random,0.7876651439970251,0.3122455349560641,0.4705544791705646,64
confirmation,2015-07-01,min_variance,min_variance,0.7876651439970251,0.3122455349560641,0.020523195539730015,1
confirmation,2015-07-01,equal_weight,equal_weight,0.7876651439970251,0.3122455349560641,0.0,1
confirmation,2015-08-03,controller,tolerate,0.8245340074570934,0.3889250003415462,0.0,0
confirmation,2015-08-03,localized,localized,0.8245340074570934,0.3889250003415462,0.0,64
confirmation,2015-08-03,all_gene,all_gene,0.8245340074570934,0.3889250003415462,0.003676443867445047,64
confirmation,2015-08-03,random,random,0.8245340074570934,0.3889250003415462,0.0,64
confirmation,2015-08-03,min_variance,min_variance,0.8245340074570934,0.3889250003415462,0.02242912533140704,1
confirmation,2015-08-03,equal_weight,equal_weight,0.8245340074570934,0.3889250003415462,0.0,1
confirmation,2015-09-01,controller,tolerate,1.0758196446318868,0.25805246419074374,0.0,0
confirmation,2015-09-01,localized,localized,1.0758196446318868,0.25805246419074374,0.16305107332272425,64
confirmation,2015-09-01,all_gene,all_gene,1.0758196446318868,0.25805246419074374,0.001410887021536135,64
confirmation,2015-09-01,random,random,1.0758196446318868,0.25805246419074374,0.0,64
confirmation,2015-09-01,min_variance,min_variance,1.0758196446318868,0.25805246419074374,0.1560668234697506,1
confirmation,2015-09-01,equal_weight,equal_weight,1.0758196446318868,0.25805246419074374,0.0,1
confirmation,2015-10-01,controller,systemic,1.3184943035257353,0.28141745484083963,0.48939338747005356,64
confirmation,2015-10-01,localized,localized,1.3184943035257353,0.28141745484083963,0.15614125560224124,64
confirmation,2015-10-01,all_gene,all_gene,1.3184943035257353,0.28141745484083963,0.000799465917487666,64
confirmation,2015-10-01,random,random,1.3184943035257353,0.28141745484083963,0.5065972706903106,64
confirmation,2015-10-01,min_variance,min_variance,1.3184943035257353,0.28141745484083963,0.019251292346260974,1
confirmation,2015-10-01,equal_weight,equal_weight,1.3184943035257353,0.28141745484083963,0.0,1
confirmation,2015-11-02,controller,tolerate,0.9381053731194434,0.32569728050210744,0.0,0
confirmation,2015-11-02,localized,localized,0.9381053731194434,0.32569728050210744,0.965703445248077,64
confirmation,2015-11-02,all_gene,all_gene,0.9381053731194434,0.32569728050210744,0.00020520233278545453,64
confirmation,2015-11-02,random,random,0.9381053731194434,0.32569728050210744,0.2576595898111662,64
confirmation,2015-11-02,min_variance,min_variance,0.9381053731194434,0.32569728050210744,0.1403630567571681,1
confirmation,2015-11-02,equal_weight,equal_weight,0.9381053731194434,0.32569728050210744,0.0,1
confirmation,2015-12-01,controller,tolerate,0.732203979597509,0.31479315923576584,0.0,0
confirmation,2015-12-01,localized,localized,0.732203979597509,0.31479315923576584,0.00038070097536335994,64
confirmation,2015-12-01,all_gene,all_gene,0.732203979597509,0.31479315923576584,0.0001222990419008841,64
confirmation,2015-12-01,random,random,0.732203979597509,0.31479315923576584,0.0,64
confirmation,2015-12-01,min_variance,min_variance,0.732203979597509,0.31479315923576584,0.061620699833950285,1
confirmation,2015-12-01,equal_weight,equal_weight,0.732203979597509,0.31479315923576584,0.0,1
confirmation,2016-01-04,controller,tolerate,0.8131694632705286,0.3232157628108243,0.0,0
confirmation,2016-01-04,localized,localized,0.8131694632705286,0.3232157628108243,0.0,64
confirmation,2016-01-04,all_gene,all_gene,0.8131694632705286,0.3232157628108243,2.933019244448124e-05,64
confirmation,2016-01-04,random,random,0.8131694632705286,0.3232157628108243,0.4357619911765537,64
confirmation,2016-01-04,min_variance,min_variance,0.8131694632705286,0.3232157628108243,0.0722999056203998,1
confirmation,2016-01-04,equal_weight,equal_weight,0.8131694632705286,0.3232157628108243,0.0,1
confirmation,2016-02-01,controller,tolerate,0.9899501947802029,0.3188834339050482,0.0,0
confirmation,2016-02-01,localized,localized,0.9899501947802029,0.3188834339050482,0.0003919598376490457,64
confirmation,2016-02-01,all_gene,all_gene,0.9899501947802029,0.3188834339050482,1.2349791079358937e-05,64
confirmation,2016-02-01,random,random,0.9899501947802029,0.3188834339050482,0.0,64
confirmation,2016-02-01,min_variance,min_variance,0.9899501947802029,0.3188834339050482,0.09262779708434211,1
confirmation,2016-02-01,equal_weight,equal_weight,0.9899501947802029,0.3188834339050482,0.0,1
confirmation,2016-03-01,controller,tolerate,0.9294424116831421,0.29722947519721976,0.0,0
confirmation,2016-03-01,localized,localized,0.9294424116831421,0.29722947519721976,0.0,64
confirmation,2016-03-01,all_gene,all_gene,0.9294424116831421,0.29722947519721976,3.537044427622441e-06,64
confirmation,2016-03-01,random,random,0.9294424116831421,0.29722947519721976,0.0,64
confirmation,2016-03-01,min_variance,min_variance,0.9294424116831421,0.29722947519721976,0.08347017993471514,1
confirmation,2016-03-01,equal_weight,equal_weight,0.9294424116831421,0.29722947519721976,0.0,1
confirmation,2016-04-01,controller,tolerate,0.7756292345895242,0.386111815355131,0.0,0
confirmation,2016-04-01,localized,localized,0.7756292345895242,0.386111815355131,0.0007932929091249556,64
confirmation,2016-04-01,all_gene,all_gene,0.7756292345895242,0.386111815355131,1.0957749102499027e-06,64
confirmation,2016-04-01,random,random,0.7756292345895242,0.386111815355131,0.0,64
confirmation,2016-04-01,min_variance,min_variance,0.7756292345895242,0.386111815355131,0.031716272529243694,1
confirmation,2016-04-01,equal_weight,equal_weight,0.7756292345895242,0.386111815355131,0.0,1
confirmation,2016-05-02,controller,systemic,1.3893964465386834,0.30847445862726325,0.31080875187548085,64
confirmation,2016-05-02,localized,localized,1.3893964465386834,0.30847445862726325,1.0543583470026924e-05,64
confirmation,2016-05-02,all_gene,all_gene,1.3893964465386834,0.30847445862726325,6.031738313074474e-07,64
confirmation,2016-05-02,random,random,1.3893964465386834,0.30847445862726325,0.0,64
confirmation,2016-05-02,min_variance,min_variance,1.3893964465386834,0.30847445862726325,0.08333440371363549,1
confirmation,2016-05-02,equal_weight,equal_weight,1.3893964465386834,0.30847445862726325,0.0,1
confirmation,2016-06-01,controller,systemic,1.47897558319883,0.263137186876017,0.20171825667617127,64
confirmation,2016-06-01,localized,localized,1.47897558319883,0.263137186876017,0.0,64
confirmation,2016-06-01,all_gene,all_gene,1.47897558319883,0.263137186876017,1.1012939636283325e-07,64
confirmation,2016-06-01,random,random,1.47897558319883,0.263137186876017,0.0,64
confirmation,2016-06-01,min_variance,min_variance,1.47897558319883,0.263137186876017,0.03159908174089588,1
confirmation,2016-06-01,equal_weight,equal_weight,1.47897558319883,0.263137186876017,0.0,1
confirmation,2016-07-01,controller,tolerate,0.7817182675161145,0.4130414507281861,0.0,0
confirmation,2016-07-01,localized,localized,0.7817182675161145,0.4130414507281861,4.1062279710679566e-05,64
confirmation,2016-07-01,all_gene,all_gene,0.7817182675161145,0.4130414507281861,3.417909817048487e-08,64
confirmation,2016-07-01,random,random,0.7817182675161145,0.4130414507281861,0.0,64
confirmation,2016-07-01,min_variance,min_variance,0.7817182675161145,0.4130414507281861,0.1500008944116712,1
confirmation,2016-07-01,equal_weight,equal_weight,0.7817182675161145,0.4130414507281861,0.0,1
confirmation,2016-08-01,controller,tolerate,1.0074052382275653,0.3348187428899534,0.0,0
confirmation,2016-08-01,localized,localized,1.0074052382275653,0.3348187428899534,0.0,64
confirmation,2016-08-01,all_gene,all_gene,1.0074052382275653,0.3348187428899534,1.0355572763960869e-08,64
confirmation,2016-08-01,random,random,1.0074052382275653,0.3348187428899534,0.17199276318228163,64
confirmation,2016-08-01,min_variance,min_variance,1.0074052382275653,0.3348187428899534,0.011937939871956045,1
confirmation,2016-08-01,equal_weight,equal_weight,1.0074052382275653,0.3348187428899534,0.0,1
confirmation,2016-09-01,controller,tolerate,0.507790270546589,0.28866677903591825,0.0,0
confirmation,2016-09-01,localized,localized,0.507790270546589,0.28866677903591825,0.009061228441708296,64
confirmation,2016-09-01,all_gene,all_gene,0.507790270546589,0.28866677903591825,2.5365409069754287e-09,64
confirmation,2016-09-01,random,random,0.507790270546589,0.28866677903591825,0.0,64
confirmation,2016-09-01,min_variance,min_variance,0.507790270546589,0.28866677903591825,0.08444507094528705,1
confirmation,2016-09-01,equal_weight,equal_weight,0.507790270546589,0.28866677903591825,0.0,1
confirmation,2016-10-03,controller,tolerate,1.0096089407413646,0.32464302783101356,0.0,0
confirmation,2016-10-03,localized,localized,1.0096089407413646,0.32464302783101356,0.017963921243548727,64
confirmation,2016-10-03,all_gene,all_gene,1.0096089407413646,0.32464302783101356,1.260089974261528e-08,64
confirmation,2016-10-03,random,random,1.0096089407413646,0.32464302783101356,0.6589730617086154,64
confirmation,2016-10-03,min_variance,min_variance,1.0096089407413646,0.32464302783101356,0.07063350089684226,1
confirmation,2016-10-03,equal_weight,equal_weight,1.0096089407413646,0.32464302783101356,0.0,1
confirmation,2016-11-01,controller,tolerate,1.1354734142767788,0.31765279099847094,0.0,0
confirmation,2016-11-01,localized,localized,1.1354734142767788,0.31765279099847094,0.0,64
confirmation,2016-11-01,all_gene,all_gene,1.1354734142767788,0.31765279099847094,3.414804898307214e-08,64
confirmation,2016-11-01,random,random,1.1354734142767788,0.31765279099847094,0.6792856433455119,64
confirmation,2016-11-01,min_variance,min_variance,1.1354734142767788,0.31765279099847094,0.06420689111550965,1
confirmation,2016-11-01,equal_weight,equal_weight,1.1354734142767788,0.31765279099847094,0.0,1
confirmation,2016-12-01,controller,tolerate,0.7865061382508478,0.41437045994568916,0.0,0
confirmation,2016-12-01,localized,localized,0.7865061382508478,0.41437045994568916,0.00010789113870354161,64
confirmation,2016-12-01,all_gene,all_gene,0.7865061382508478,0.41437045994568916,1.2600822906589353e-07,64
confirmation,2016-12-01,random,random,0.7865061382508478,0.41437045994568916,0.3291567722479402,64
confirmation,2016-12-01,min_variance,min_variance,0.7865061382508478,0.41437045994568916,0.11967551226197604,1
confirmation,2016-12-01,equal_weight,equal_weight,0.7865061382508478,0.41437045994568916,0.0,1
confirmation,2017-01-03,controller,tolerate,0.8974808798432322,0.3511062963050169,0.0,0
confirmation,2017-01-03,localized,localized,0.8974808798432322,0.3511062963050169,0.0,64
confirmation,2017-01-03,all_gene,all_gene,0.8974808798432322,0.3511062963050169,2.469491459974957e-07,64
confirmation,2017-01-03,random,random,0.8974808798432322,0.3511062963050169,0.5789929429455721,64
confirmation,2017-01-03,min_variance,min_variance,0.8974808798432322,0.3511062963050169,0.16550712241485727,1
confirmation,2017-01-03,equal_weight,equal_weight,0.8974808798432322,0.3511062963050169,0.0,1
confirmation,2017-02-01,controller,tolerate,0.9839388766955288,0.4361107318724553,0.0,0
confirmation,2017-02-01,localized,localized,0.9839388766955288,0.4361107318724553,0.00029501762545359,64
confirmation,2017-02-01,all_gene,all_gene,0.9839388766955288,0.4361107318724553,1.2514787493937264e-06,64
confirmation,2017-02-01,random,random,0.9839388766955288,0.4361107318724553,0.0,64
confirmation,2017-02-01,min_variance,min_variance,0.9839388766955288,0.4361107318724553,0.0956878708922262,1
confirmation,2017-02-01,equal_weight,equal_weight,0.9839388766955288,0.4361107318724553,0.0,1
confirmation,2017-03-01,controller,tolerate,0.7928570712893552,0.33680988123112393,0.0,0
confirmation,2017-03-01,localized,localized,0.7928570712893552,0.33680988123112393,5.531944662764623e-06,64
confirmation,2017-03-01,all_gene,all_gene,0.7928570712893552,0.33680988123112393,3.1172600126542262e-06,64
confirmation,2017-03-01,random,random,0.7928570712893552,0.33680988123112393,0.651365490992837,64
confirmation,2017-03-01,min_variance,min_variance,0.7928570712893552,0.33680988123112393,0.07025266516006917,1
confirmation,2017-03-01,equal_weight,equal_weight,0.7928570712893552,0.33680988123112393,0.0,1
confirmation,2017-04-03,controller,tolerate,1.2192277406475431,0.34989465684273097,0.0,0
confirmation,2017-04-03,localized,localized,1.2192277406475431,0.34989465684273097,0.0,64
confirmation,2017-04-03,all_gene,all_gene,1.2192277406475431,0.34989465684273097,8.287097296913546e-06,64
confirmation,2017-04-03,random,random,1.2192277406475431,0.34989465684273097,0.40992005764917827,64
confirmation,2017-04-03,min_variance,min_variance,1.2192277406475431,0.34989465684273097,0.06240637399304963,1
confirmation,2017-04-03,equal_weight,equal_weight,1.2192277406475431,0.34989465684273097,0.0,1
confirmation,2017-05-01,controller,tolerate,1.1761933140997796,0.3090331110325897,0.0,0
confirmation,2017-05-01,localized,localized,1.1761933140997796,0.3090331110325897,5.222000605944646e-05,64
confirmation,2017-05-01,all_gene,all_gene,1.1761933140997796,0.3090331110325897,2.6811446341370363e-05,64
confirmation,2017-05-01,random,random,1.1761933140997796,0.3090331110325897,0.0,64
confirmation,2017-05-01,min_variance,min_variance,1.1761933140997796,0.3090331110325897,0.032108691697055686,1
confirmation,2017-05-01,equal_weight,equal_weight,1.1761933140997796,0.3090331110325897,0.0,1
confirmation,2017-06-01,controller,tolerate,1.1175742244714901,0.3422318314215726,0.0,0
confirmation,2017-06-01,localized,localized,1.1175742244714901,0.3422318314215726,0.0,64
confirmation,2017-06-01,all_gene,all_gene,1.1175742244714901,0.3422318314215726,0.00012303002075496908,64
confirmation,2017-06-01,random,random,1.1175742244714901,0.3422318314215726,0.0,64
confirmation,2017-06-01,min_variance,min_variance,1.1175742244714901,0.3422318314215726,0.12370277107063717,1
confirmation,2017-06-01,equal_weight,equal_weight,1.1175742244714901,0.3422318314215726,0.0,1
confirmation,2017-07-03,controller,tolerate,0.7414388415055755,0.3365806462827773,0.0,0
confirmation,2017-07-03,localized,localized,0.7414388415055755,0.3365806462827773,0.0,64
confirmation,2017-07-03,all_gene,all_gene,0.7414388415055755,0.3365806462827773,0.0003979202850548663,64
confirmation,2017-07-03,random,random,0.7414388415055755,0.3365806462827773,0.0,64
confirmation,2017-07-03,min_variance,min_variance,0.7414388415055755,0.3365806462827773,0.2586746941190707,1
confirmation,2017-07-03,equal_weight,equal_weight,0.7414388415055755,0.3365806462827773,0.0,1
confirmation,2017-08-01,controller,tolerate,0.6234224199476907,0.36698650135376903,0.0,0
confirmation,2017-08-01,localized,localized,0.6234224199476907,0.36698650135376903,0.010910237083714474,64
confirmation,2017-08-01,all_gene,all_gene,0.6234224199476907,0.36698650135376903,0.0011844456803761152,64
confirmation,2017-08-01,random,random,0.6234224199476907,0.36698650135376903,0.0,64
confirmation,2017-08-01,min_variance,min_variance,0.6234224199476907,0.36698650135376903,0.06479575058559836,1
confirmation,2017-08-01,equal_weight,equal_weight,0.6234224199476907,0.36698650135376903,0.0,1
confirmation,2017-09-01,controller,tolerate,0.9683426351284501,0.3514805401362474,0.0,0
confirmation,2017-09-01,localized,localized,0.9683426351284501,0.3514805401362474,0.05734021264997524,64
confirmation,2017-09-01,all_gene,all_gene,0.9683426351284501,0.3514805401362474,0.005928109704683763,64
confirmation,2017-09-01,random,random,0.9683426351284501,0.3514805401362474,0.0,64
confirmation,2017-09-01,min_variance,min_variance,0.9683426351284501,0.3514805401362474,0.048093616677479634,1
confirmation,2017-09-01,equal_weight,equal_weight,0.9683426351284501,0.3514805401362474,0.0,1
confirmation,2017-10-02,controller,tolerate,0.7244440618941562,0.42493300208309287,0.0,0
confirmation,2017-10-02,localized,localized,0.7244440618941562,0.42493300208309287,0.0,64
confirmation,2017-10-02,all_gene,all_gene,0.7244440618941562,0.42493300208309287,0.011176075116397878,64
confirmation,2017-10-02,random,random,0.7244440618941562,0.42493300208309287,0.5980122088508331,64
confirmation,2017-10-02,min_variance,min_variance,0.7244440618941562,0.42493300208309287,0.09179752129722325,1
confirmation,2017-10-02,equal_weight,equal_weight,0.7244440618941562,0.42493300208309287,0.0,1
confirmation,2017-11-01,controller,tolerate,1.0002228907844641,0.46605334556224254,0.0,0
confirmation,2017-11-01,localized,localized,1.0002228907844641,0.46605334556224254,3.331663336653594e-07,64
confirmation,2017-11-01,all_gene,all_gene,1.0002228907844641,0.46605334556224254,0.03103773425052434,64
confirmation,2017-11-01,random,random,1.0002228907844641,0.46605334556224254,0.6169627094941377,64
confirmation,2017-11-01,min_variance,min_variance,1.0002228907844641,0.46605334556224254,0.10224126327429779,1
confirmation,2017-11-01,equal_weight,equal_weight,1.0002228907844641,0.46605334556224254,0.0,1
confirmation,2017-12-01,controller,localized,1.4100458034998018,0.4640173591026203,0.00881372587965712,64
confirmation,2017-12-01,localized,localized,1.4100458034998018,0.4640173591026203,0.0,64
confirmation,2017-12-01,all_gene,all_gene,1.4100458034998018,0.4640173591026203,0.08249719004255175,64
confirmation,2017-12-01,random,random,1.4100458034998018,0.4640173591026203,0.3773315310018766,64
confirmation,2017-12-01,min_variance,min_variance,1.4100458034998018,0.4640173591026203,0.14107904690570072,1
confirmation,2017-12-01,equal_weight,equal_weight,1.4100458034998018,0.4640173591026203,0.0,1
confirmation,2018-01-02,controller,tolerate,1.1136149529357287,0.3991060661899749,0.0,0
confirmation,2018-01-02,localized,localized,1.1136149529357287,0.3991060661899749,0.0,64
confirmation,2018-01-02,all_gene,all_gene,1.1136149529357287,0.3991060661899749,0.2505517572199512,64
confirmation,2018-01-02,random,random,1.1136149529357287,0.3991060661899749,0.0,64
confirmation,2018-01-02,min_variance,min_variance,1.1136149529357287,0.3991060661899749,0.10557443260023414,1
confirmation,2018-01-02,equal_weight,equal_weight,1.1136149529357287,0.3991060661899749,0.0,1
confirmation,2018-02-01,controller,localized,1.5941779822915108,0.39218688623461995,0.03283634240971282,64
confirmation,2018-02-01,localized,localized,1.5941779822915108,0.39218688623461995,0.0,64
confirmation,2018-02-01,all_gene,all_gene,1.5941779822915108,0.39218688623461995,0.29651649693839643,64
confirmation,2018-02-01,random,random,1.5941779822915108,0.39218688623461995,0.0,64
confirmation,2018-02-01,min_variance,min_variance,1.5941779822915108,0.39218688623461995,0.07089297766142116,1
confirmation,2018-02-01,equal_weight,equal_weight,1.5941779822915108,0.39218688623461995,0.0,1
confirmation,2018-03-01,controller,tolerate,1.1587149056207537,0.362431815895655,0.0,0
confirmation,2018-03-01,localized,localized,1.1587149056207537,0.362431815895655,0.0,64
confirmation,2018-03-01,all_gene,all_gene,1.1587149056207537,0.362431815895655,0.16244388141405283,64
confirmation,2018-03-01,random,random,1.1587149056207537,0.362431815895655,0.0,64
confirmation,2018-03-01,min_variance,min_variance,1.1587149056207537,0.362431815895655,0.18746272451586918,1
confirmation,2018-03-01,equal_weight,equal_weight,1.1587149056207537,0.362431815895655,0.0,1
confirmation,2018-04-02,controller,systemic,1.3491396168390737,0.2564944498875271,0.5947750021276303,64
confirmation,2018-04-02,localized,localized,1.3491396168390737,0.2564944498875271,4.3007548117997556e-07,64
confirmation,2018-04-02,all_gene,all_gene,1.3491396168390737,0.2564944498875271,0.11626297889595306,64
confirmation,2018-04-02,random,random,1.3491396168390737,0.2564944498875271,0.0,64
confirmation,2018-04-02,min_variance,min_variance,1.3491396168390737,0.2564944498875271,0.10308088935372484,1
confirmation,2018-04-02,equal_weight,equal_weight,1.3491396168390737,0.2564944498875271,0.0,1
confirmation,2018-05-01,controller,systemic,1.918431248645871,0.27119782275788273,0.6541088729893677,64
confirmation,2018-05-01,localized,localized,1.918431248645871,0.27119782275788273,0.05403155692599857,64
confirmation,2018-05-01,all_gene,all_gene,1.918431248645871,0.27119782275788273,0.027764273240155703,64
confirmation,2018-05-01,random,random,1.918431248645871,0.27119782275788273,0.0,64
confirmation,2018-05-01,min_variance,min_variance,1.918431248645871,0.27119782275788273,0.19270935596415148,1
confirmation,2018-05-01,equal_weight,equal_weight,1.918431248645871,0.27119782275788273,0.0,1
confirmation,2018-06-01,controller,tolerate,0.8914109663092029,0.33415544601392294,0.0,0
confirmation,2018-06-01,localized,localized,0.8914109663092029,0.33415544601392294,1.0686799383622465e-05,64
confirmation,2018-06-01,all_gene,all_gene,0.8914109663092029,0.33415544601392294,0.008836196280049871,64
confirmation,2018-06-01,random,random,0.8914109663092029,0.33415544601392294,0.0,64
confirmation,2018-06-01,min_variance,min_variance,0.8914109663092029,0.33415544601392294,0.010332895978801979,1
confirmation,2018-06-01,equal_weight,equal_weight,0.8914109663092029,0.33415544601392294,0.0,1
confirmation,2018-07-02,controller,tolerate,0.8020046163881287,0.3296296395109401,0.0,0
confirmation,2018-07-02,localized,localized,0.8020046163881287,0.3296296395109401,0.0,64
confirmation,2018-07-02,all_gene,all_gene,0.8020046163881287,0.3296296395109401,0.003466337808427571,64
confirmation,2018-07-02,random,random,0.8020046163881287,0.3296296395109401,0.0,64
confirmation,2018-07-02,min_variance,min_variance,0.8020046163881287,0.3296296395109401,0.03495030770073643,1
confirmation,2018-07-02,equal_weight,equal_weight,0.8020046163881287,0.3296296395109401,0.0,1
confirmation,2018-08-01,controller,tolerate,0.973956356212946,0.4134999483096985,0.0,0
confirmation,2018-08-01,localized,localized,0.973956356212946,0.4134999483096985,0.0,64
confirmation,2018-08-01,all_gene,all_gene,0.973956356212946,0.4134999483096985,0.0015049779516415095,64
confirmation,2018-08-01,random,random,0.973956356212946,0.4134999483096985,0.0,64
confirmation,2018-08-01,min_variance,min_variance,0.973956356212946,0.4134999483096985,0.029880015980551518,1
confirmation,2018-08-01,equal_weight,equal_weight,0.973956356212946,0.4134999483096985,0.0,1
confirmation,2018-09-04,controller,tolerate,1.1769960856596933,0.36857464983751076,0.0,0
confirmation,2018-09-04,localized,localized,1.1769960856596933,0.36857464983751076,0.0,64
confirmation,2018-09-04,all_gene,all_gene,1.1769960856596933,0.36857464983751076,0.00046222762764079215,64
confirmation,2018-09-04,random,random,1.1769960856596933,0.36857464983751076,0.743438369648215,64
confirmation,2018-09-04,min_variance,min_variance,1.1769960856596933,0.36857464983751076,0.04702453296629138,1
confirmation,2018-09-04,equal_weight,equal_weight,1.1769960856596933,0.36857464983751076,0.0,1
confirmation,2018-10-01,controller,tolerate,1.0807043490604316,0.41075029568177546,0.0,0
confirmation,2018-10-01,localized,localized,1.0807043490604316,0.41075029568177546,0.0,64
confirmation,2018-10-01,all_gene,all_gene,1.0807043490604316,0.41075029568177546,0.00011287375239383171,64
confirmation,2018-10-01,random,random,1.0807043490604316,0.41075029568177546,0.0,64
confirmation,2018-10-01,min_variance,min_variance,1.0807043490604316,0.41075029568177546,0.03595525214866083,1
confirmation,2018-10-01,equal_weight,equal_weight,1.0807043490604316,0.41075029568177546,0.0,1
confirmation,2018-11-01,controller,tolerate,0.8950630057712118,0.31164876655715584,0.0,0
confirmation,2018-11-01,localized,localized,0.8950630057712118,0.31164876655715584,0.05394064205470227,64
confirmation,2018-11-01,all_gene,all_gene,0.8950630057712118,0.31164876655715584,3.8908037890006705e-05,64
confirmation,2018-11-01,random,random,0.8950630057712118,0.31164876655715584,0.0,64
confirmation,2018-11-01,min_variance,min_variance,0.8950630057712118,0.31164876655715584,0.04562888006311691,1
confirmation,2018-11-01,equal_weight,equal_weight,0.8950630057712118,0.31164876655715584,0.0,1
confirmation,2018-12-03,controller,tolerate,0.9455604662261128,0.37714455522853724,0.0,0
confirmation,2018-12-03,localized,localized,0.9455604662261128,0.37714455522853724,0.01792764979471928,64
confirmation,2018-12-03,all_gene,all_gene,0.9455604662261128,0.37714455522853724,1.1453346818279946e-05,64
confirmation,2018-12-03,random,random,0.9455604662261128,0.37714455522853724,0.0,64
confirmation,2018-12-03,min_variance,min_variance,0.9455604662261128,0.37714455522853724,0.04299139258263095,1
confirmation,2018-12-03,equal_weight,equal_weight,0.9455604662261128,0.37714455522853724,0.0,1
confirmation,2019-01-02,controller,systemic,1.6267943572696213,0.28864879237379626,0.0,64
confirmation,2019-01-02,localized,localized,1.6267943572696213,0.28864879237379626,0.051221205812479575,64
confirmation,2019-01-02,all_gene,all_gene,1.6267943572696213,0.28864879237379626,2.0832652722726754e-06,64
confirmation,2019-01-02,random,random,1.6267943572696213,0.28864879237379626,0.5381121117614343,64
confirmation,2019-01-02,min_variance,min_variance,1.6267943572696213,0.28864879237379626,0.07364201064586635,1
confirmation,2019-01-02,equal_weight,equal_weight,1.6267943572696213,0.28864879237379626,0.0,1
confirmation,2019-02-01,controller,tolerate,0.8075761995099225,0.36014865107665295,0.0,0
confirmation,2019-02-01,localized,localized,0.8075761995099225,0.36014865107665295,0.0,64
confirmation,2019-02-01,all_gene,all_gene,0.8075761995099225,0.36014865107665295,1.0723446022133698e-06,64
confirmation,2019-02-01,random,random,0.8075761995099225,0.36014865107665295,0.6099686539103922,64
confirmation,2019-02-01,min_variance,min_variance,0.8075761995099225,0.36014865107665295,0.02529067314707584,1
confirmation,2019-02-01,equal_weight,equal_weight,0.8075761995099225,0.36014865107665295,0.0,1
confirmation,2019-03-01,controller,tolerate,0.6925989388945011,0.36316783984919887,0.0,0
confirmation,2019-03-01,localized,localized,0.6925989388945011,0.36316783984919887,0.00010433122875123067,64
confirmation,2019-03-01,all_gene,all_gene,0.6925989388945011,0.36316783984919887,3.141604709022627e-07,64
confirmation,2019-03-01,random,random,0.6925989388945011,0.36316783984919887,0.0,64
confirmation,2019-03-01,min_variance,min_variance,0.6925989388945011,0.36316783984919887,0.05543697815245052,1
confirmation,2019-03-01,equal_weight,equal_weight,0.6925989388945011,0.36316783984919887,0.0,1
confirmation,2019-04-01,controller,systemic,1.7039887438662156,0.25205173004260517,0.0,64
confirmation,2019-04-01,localized,localized,1.7039887438662156,0.25205173004260517,0.0,64
confirmation,2019-04-01,all_gene,all_gene,1.7039887438662156,0.25205173004260517,3.5991647912636307e-07,64
confirmation,2019-04-01,random,random,1.7039887438662156,0.25205173004260517,0.3605727772008348,64
confirmation,2019-04-01,min_variance,min_variance,1.7039887438662156,0.25205173004260517,0.03290922883681812,1
confirmation,2019-04-01,equal_weight,equal_weight,1.7039887438662156,0.25205173004260517,0.0,1
confirmation,2019-05-01,controller,systemic,1.6594916656956962,0.2967560815319615,0.6818127833529509,64
confirmation,2019-05-01,localized,localized,1.6594916656956962,0.2967560815319615,0.0033065490855061137,64
confirmation,2019-05-01,all_gene,all_gene,1.6594916656956962,0.2967560815319615,3.537855084896061e-07,64
confirmation,2019-05-01,random,random,1.6594916656956962,0.2967560815319615,0.595561629785593,64
confirmation,2019-05-01,min_variance,min_variance,1.6594916656956962,0.2967560815319615,0.06617794776130337,1
confirmation,2019-05-01,equal_weight,equal_weight,1.6594916656956962,0.2967560815319615,0.0,1
confirmation,2019-06-03,controller,tolerate,0.8687913017324914,0.3601701010838007,0.0,0
confirmation,2019-06-03,localized,localized,0.8687913017324914,0.3601701010838007,0.0,64
confirmation,2019-06-03,all_gene,all_gene,0.8687913017324914,0.3601701010838007,3.2974430539745014e-06,64
confirmation,2019-06-03,random,random,0.8687913017324914,0.3601701010838007,0.0,64
confirmation,2019-06-03,min_variance,min_variance,0.8687913017324914,0.3601701010838007,0.0500449495367561,1
confirmation,2019-06-03,equal_weight,equal_weight,0.8687913017324914,0.3601701010838007,0.0,1
confirmation,2019-07-01,controller,tolerate,0.5840980452946458,0.35815138428318616,0.0,0
confirmation,2019-07-01,localized,localized,0.5840980452946458,0.35815138428318616,0.0016265214728970097,64
confirmation,2019-07-01,all_gene,all_gene,0.5840980452946458,0.35815138428318616,1.0456822251806634e-05,64
confirmation,2019-07-01,random,random,0.5840980452946458,0.35815138428318616,0.0,64
confirmation,2019-07-01,min_variance,min_variance,0.5840980452946458,0.35815138428318616,0.06665747427993629,1
confirmation,2019-07-01,equal_weight,equal_weight,0.5840980452946458,0.35815138428318616,0.0,1
confirmation,2019-08-01,controller,tolerate,0.3666473686144269,0.2617643516329849,0.0,0
confirmation,2019-08-01,localized,localized,0.3666473686144269,0.2617643516329849,0.0,64
confirmation,2019-08-01,all_gene,all_gene,0.3666473686144269,0.2617643516329849,3.7709443070119535e-05,64
confirmation,2019-08-01,random,random,0.3666473686144269,0.2617643516329849,0.0,64
confirmation,2019-08-01,min_variance,min_variance,0.3666473686144269,0.2617643516329849,0.06862466826715266,1
confirmation,2019-08-01,equal_weight,equal_weight,0.3666473686144269,0.2617643516329849,0.0,1
confirmation,2019-09-03,controller,tolerate,0.8363894957070126,0.3409827492999665,0.0,0
confirmation,2019-09-03,localized,localized,0.8363894957070126,0.3409827492999665,0.16340910611483528,64
confirmation,2019-09-03,all_gene,all_gene,0.8363894957070126,0.3409827492999665,9.880675082237021e-05,64
confirmation,2019-09-03,random,random,0.8363894957070126,0.3409827492999665,0.0,64
confirmation,2019-09-03,min_variance,min_variance,0.8363894957070126,0.3409827492999665,0.11127548769878176,1
confirmation,2019-09-03,equal_weight,equal_weight,0.8363894957070126,0.3409827492999665,0.0,1
confirmation,2019-10-01,controller,tolerate,0.35210770623587856,0.39956662030246476,0.0,0
confirmation,2019-10-01,localized,localized,0.35210770623587856,0.39956662030246476,0.010650600913613023,64
confirmation,2019-10-01,all_gene,all_gene,0.35210770623587856,0.39956662030246476,0.00022261745595047208,64
confirmation,2019-10-01,random,random,0.35210770623587856,0.39956662030246476,0.0,64
confirmation,2019-10-01,min_variance,min_variance,0.35210770623587856,0.39956662030246476,0.023830034757264574,1
confirmation,2019-10-01,equal_weight,equal_weight,0.35210770623587856,0.39956662030246476,0.0,1
confirmation,2019-11-01,controller,tolerate,0.26240825443343074,0.4595548944598917,0.0,0
confirmation,2019-11-01,localized,localized,0.26240825443343074,0.4595548944598917,0.0003100483099369081,64
confirmation,2019-11-01,all_gene,all_gene,0.26240825443343074,0.4595548944598917,0.0004817310091674722,64
confirmation,2019-11-01,random,random,0.26240825443343074,0.4595548944598917,0.0,64
confirmation,2019-11-01,min_variance,min_variance,0.26240825443343074,0.4595548944598917,0.10015159312798691,1
confirmation,2019-11-01,equal_weight,equal_weight,0.26240825443343074,0.4595548944598917,0.0,1
confirmation,2019-12-02,controller,tolerate,1.1099245402768372,0.2968482035412135,0.0,0
confirmation,2019-12-02,localized,localized,1.1099245402768372,0.2968482035412135,0.0,64
confirmation,2019-12-02,all_gene,all_gene,1.1099245402768372,0.2968482035412135,0.0005353838065127381,64
confirmation,2019-12-02,random,random,1.1099245402768372,0.2968482035412135,0.0,64
confirmation,2019-12-02,min_variance,min_variance,1.1099245402768372,0.2968482035412135,0.02990975848245042,1
confirmation,2019-12-02,equal_weight,equal_weight,1.1099245402768372,0.2968482035412135,0.0,1
confirmation,2020-01-02,controller,tolerate,1.2051620099148554,0.38853891716983296,0.0,0
confirmation,2020-01-02,localized,localized,1.2051620099148554,0.38853891716983296,1.1090397398761092e-06,64
confirmation,2020-01-02,all_gene,all_gene,1.2051620099148554,0.38853891716983296,0.00018371177892220606,64
confirmation,2020-01-02,random,random,1.2051620099148554,0.38853891716983296,0.0,64
confirmation,2020-01-02,min_variance,min_variance,1.2051620099148554,0.38853891716983296,0.16076014335517383,1
confirmation,2020-01-02,equal_weight,equal_weight,1.2051620099148554,0.38853891716983296,0.0,1
confirmation,2020-02-03,controller,tolerate,0.8782512267636908,0.30998562197582513,0.0,0
confirmation,2020-02-03,localized,localized,0.8782512267636908,0.30998562197582513,8.601559911802022e-07,64
confirmation,2020-02-03,all_gene,all_gene,0.8782512267636908,0.30998562197582513,8.47431497177925e-05,64
confirmation,2020-02-03,random,random,0.8782512267636908,0.30998562197582513,0.5041725540908814,64
confirmation,2020-02-03,min_variance,min_variance,0.8782512267636908,0.30998562197582513,0.09482868029859207,1
confirmation,2020-02-03,equal_weight,equal_weight,0.8782512267636908,0.30998562197582513,0.0,1
confirmation,2020-03-02,controller,systemic,1.2778437389160247,0.27713777083826724,0.5722407476024085,64
confirmation,2020-03-02,localized,localized,1.2778437389160247,0.27713777083826724,0.0027157117187995242,64
confirmation,2020-03-02,all_gene,all_gene,1.2778437389160247,0.27713777083826724,3.417226835521305e-05,64
confirmation,2020-03-02,random,random,1.2778437389160247,0.27713777083826724,0.29362777317467287,64
confirmation,2020-03-02,min_variance,min_variance,1.2778437389160247,0.27713777083826724,0.18879155806223524,1
confirmation,2020-03-02,equal_weight,equal_weight,1.2778437389160247,0.27713777083826724,0.0,1
confirmation,2020-04-01,controller,systemic,2.266627751936191,0.23828011019985298,0.4550423397790815,64
confirmation,2020-04-01,localized,localized,2.266627751936191,0.23828011019985298,1.403891685560161e-05,64
confirmation,2020-04-01,all_gene,all_gene,2.266627751936191,0.23828011019985298,9.249979001575571e-06,64
confirmation,2020-04-01,random,random,2.266627751936191,0.23828011019985298,0.0,64
confirmation,2020-04-01,min_variance,min_variance,2.266627751936191,0.23828011019985298,0.679365272012991,1
confirmation,2020-04-01,equal_weight,equal_weight,2.266627751936191,0.23828011019985298,0.0,1
confirmation,2020-05-01,controller,systemic,1.9076750406507772,0.24675749392630497,0.4860296205803827,64
confirmation,2020-05-01,localized,localized,1.9076750406507772,0.24675749392630497,0.0,64
confirmation,2020-05-01,all_gene,all_gene,1.9076750406507772,0.24675749392630497,4.611229122802978e-06,64
confirmation,2020-05-01,random,random,1.9076750406507772,0.24675749392630497,0.0,64
confirmation,2020-05-01,min_variance,min_variance,1.9076750406507772,0.24675749392630497,0.11542537121668218,1
confirmation,2020-05-01,equal_weight,equal_weight,1.9076750406507772,0.24675749392630497,0.0,1
confirmation,2020-06-01,controller,systemic,1.5809531460383057,0.23162833618942635,0.0,64
confirmation,2020-06-01,localized,localized,1.5809531460383057,0.23162833618942635,0.4604439574944999,64
confirmation,2020-06-01,all_gene,all_gene,1.5809531460383057,0.23162833618942635,2.0150548391537964e-06,64
confirmation,2020-06-01,random,random,1.5809531460383057,0.23162833618942635,0.4494169221553689,64
confirmation,2020-06-01,min_variance,min_variance,1.5809531460383057,0.23162833618942635,0.06188468837962877,1
confirmation,2020-06-01,equal_weight,equal_weight,1.5809531460383057,0.23162833618942635,0.0,1
confirmation,2020-07-01,controller,systemic,1.3578612562542351,0.2954022960707329,0.37242620440007235,64
confirmation,2020-07-01,localized,localized,1.3578612562542351,0.2954022960707329,0.34534640785984017,64
confirmation,2020-07-01,all_gene,all_gene,1.3578612562542351,0.2954022960707329,9.012735265716751e-07,64
confirmation,2020-07-01,random,random,1.3578612562542351,0.2954022960707329,0.41216853087568167,64
confirmation,2020-07-01,min_variance,min_variance,1.3578612562542351,0.2954022960707329,0.07413112724607432,1
confirmation,2020-07-01,equal_weight,equal_weight,1.3578612562542351,0.2954022960707329,0.0,1
confirmation,2020-08-03,controller,systemic,1.3394410439734394,0.2946862535304218,0.0,64
confirmation,2020-08-03,localized,localized,1.3394410439734394,0.2946862535304218,0.011117893075734797,64
confirmation,2020-08-03,all_gene,all_gene,1.3394410439734394,0.2946862535304218,2.6493581866922227e-07,64
confirmation,2020-08-03,random,random,1.3394410439734394,0.2946862535304218,0.0,64
confirmation,2020-08-03,min_variance,min_variance,1.3394410439734394,0.2946862535304218,0.07899970053337714,1
confirmation,2020-08-03,equal_weight,equal_weight,1.3394410439734394,0.2946862535304218,0.0,1
confirmation,2020-09-01,controller,systemic,1.2295756262243933,0.33635472736089084,0.5367099578747451,64
confirmation,2020-09-01,localized,localized,1.2295756262243933,0.33635472736089084,0.0,64
confirmation,2020-09-01,all_gene,all_gene,1.2295756262243933,0.33635472736089084,8.258533548139457e-08,64
confirmation,2020-09-01,random,random,1.2295756262243933,0.33635472736089084,0.38838334514596945,64
confirmation,2020-09-01,min_variance,min_variance,1.2295756262243933,0.33635472736089084,0.03291868827383901,1
confirmation,2020-09-01,equal_weight,equal_weight,1.2295756262243933,0.33635472736089084,0.0,1
confirmation,2020-10-01,controller,tolerate,1.2005079155114562,0.28188396963867896,0.0,0
confirmation,2020-10-01,localized,localized,1.2005079155114562,0.28188396963867896,0.0,64
confirmation,2020-10-01,all_gene,all_gene,1.2005079155114562,0.28188396963867896,2.6246503411015856e-08,64
confirmation,2020-10-01,random,random,1.2005079155114562,0.28188396963867896,0.0,64
confirmation,2020-10-01,min_variance,min_variance,1.2005079155114562,0.28188396963867896,0.11702063384117227,1
confirmation,2020-10-01,equal_weight,equal_weight,1.2005079155114562,0.28188396963867896,0.0,1
confirmation,2020-11-02,controller,tolerate,0.9953886426639031,0.27717769325770003,0.0,0
confirmation,2020-11-02,localized,localized,0.9953886426639031,0.27717769325770003,0.0,64
confirmation,2020-11-02,all_gene,all_gene,0.9953886426639031,0.27717769325770003,2.3040061958844747e-08,64
confirmation,2020-11-02,random,random,0.9953886426639031,0.27717769325770003,0.0,64
confirmation,2020-11-02,min_variance,min_variance,0.9953886426639031,0.27717769325770003,0.05842868983011428,1
confirmation,2020-11-02,equal_weight,equal_weight,0.9953886426639031,0.27717769325770003,0.0,1
confirmation,2020-12-01,controller,tolerate,0.960782997703249,0.28321606638441216,0.0,0
confirmation,2020-12-01,localized,localized,0.960782997703249,0.28321606638441216,0.010618343671232423,64
confirmation,2020-12-01,all_gene,all_gene,0.960782997703249,0.28321606638441216,5.289448840284194e-09,64
confirmation,2020-12-01,random,random,0.960782997703249,0.28321606638441216,0.30091393515039033,64
confirmation,2020-12-01,min_variance,min_variance,0.960782997703249,0.28321606638441216,0.03681518640130327,1
confirmation,2020-12-01,equal_weight,equal_weight,0.960782997703249,0.28321606638441216,0.0,1
confirmation,2021-01-04,controller,systemic,1.492080050051615,0.2614865185411768,0.0,64
confirmation,2021-01-04,localized,localized,1.492080050051615,0.2614865185411768,2.0736312227902758e-07,64
confirmation,2021-01-04,all_gene,all_gene,1.492080050051615,0.2614865185411768,2.5132307394918563e-09,64
confirmation,2021-01-04,random,random,1.492080050051615,0.2614865185411768,0.0,64
confirmation,2021-01-04,min_variance,min_variance,1.492080050051615,0.2614865185411768,0.01588222917374286,1
confirmation,2021-01-04,equal_weight,equal_weight,1.492080050051615,0.2614865185411768,0.0,1
confirmation,2021-02-01,controller,systemic,1.6941427217482123,0.24983888301956772,0.4627915007180337,64
confirmation,2021-02-01,localized,localized,1.6941427217482123,0.24983888301956772,0.0,64
confirmation,2021-02-01,all_gene,all_gene,1.6941427217482123,0.24983888301956772,7.083157985753477e-10,64
confirmation,2021-02-01,random,random,1.6941427217482123,0.24983888301956772,0.0,64
confirmation,2021-02-01,min_variance,min_variance,1.6941427217482123,0.24983888301956772,0.029151143379632715,1
confirmation,2021-02-01,equal_weight,equal_weight,1.6941427217482123,0.24983888301956772,0.0,1
confirmation,2021-03-01,controller,systemic,1.3437489697651643,0.28167698911931205,0.0,64
confirmation,2021-03-01,localized,localized,1.3437489697651643,0.28167698911931205,1.6102071970401951e-06,64
confirmation,2021-03-01,all_gene,all_gene,1.3437489697651643,0.28167698911931205,8.676972699830211e-10,64
confirmation,2021-03-01,random,random,1.3437489697651643,0.28167698911931205,0.0,64
confirmation,2021-03-01,min_variance,min_variance,1.3437489697651643,0.28167698911931205,0.013378923527348546,1
confirmation,2021-03-01,equal_weight,equal_weight,1.3437489697651643,0.28167698911931205,0.0,1
confirmation,2021-04-01,controller,tolerate,1.0049379137230983,0.2878148956580388,0.0,0
confirmation,2021-04-01,localized,localized,1.0049379137230983,0.2878148956580388,0.0004841735525112356,64
confirmation,2021-04-01,all_gene,all_gene,1.0049379137230983,0.2878148956580388,4.934624169664914e-10,64
confirmation,2021-04-01,random,random,1.0049379137230983,0.2878148956580388,0.0,64
confirmation,2021-04-01,min_variance,min_variance,1.0049379137230983,0.2878148956580388,0.3122212500711834,1
confirmation,2021-04-01,equal_weight,equal_weight,1.0049379137230983,0.2878148956580388,0.0,1
confirmation,2021-05-03,controller,tolerate,0.984108861403433,0.3254356754802816,0.0,0
confirmation,2021-05-03,localized,localized,0.984108861403433,0.3254356754802816,0.0,64
confirmation,2021-05-03,all_gene,all_gene,0.984108861403433,0.3254356754802816,1.541080304589973e-09,64
confirmation,2021-05-03,random,random,0.984108861403433,0.3254356754802816,0.0,64
confirmation,2021-05-03,min_variance,min_variance,0.984108861403433,0.3254356754802816,0.18922861725761764,1
confirmation,2021-05-03,equal_weight,equal_weight,0.984108861403433,0.3254356754802816,0.0,1
confirmation,2021-06-01,controller,tolerate,0.919865979710008,0.3812706257131656,0.0,0
confirmation,2021-06-01,localized,localized,0.919865979710008,0.3812706257131656,0.0,64
confirmation,2021-06-01,all_gene,all_gene,0.919865979710008,0.3812706257131656,2.149448218446339e-09,64
confirmation,2021-06-01,random,random,0.919865979710008,0.3812706257131656,0.0,64
confirmation,2021-06-01,min_variance,min_variance,0.919865979710008,0.3812706257131656,0.10725605106192276,1
confirmation,2021-06-01,equal_weight,equal_weight,0.919865979710008,0.3812706257131656,0.0,1
confirmation,2021-07-01,controller,tolerate,0.96844842108735,0.3371446022625331,0.0,0
confirmation,2021-07-01,localized,localized,0.96844842108735,0.3371446022625331,0.009243598447299443,64
confirmation,2021-07-01,all_gene,all_gene,0.96844842108735,0.3371446022625331,1.0135674521288743e-08,64
confirmation,2021-07-01,random,random,0.96844842108735,0.3371446022625331,0.27685252479998235,64
confirmation,2021-07-01,min_variance,min_variance,0.96844842108735,0.3371446022625331,0.14171648588192737,1
confirmation,2021-07-01,equal_weight,equal_weight,0.96844842108735,0.3371446022625331,0.0,1
confirmation,2021-08-02,controller,tolerate,1.1754154107819226,0.3215901924975813,0.0,0
confirmation,2021-08-02,localized,localized,1.1754154107819226,0.3215901924975813,0.0,64
confirmation,2021-08-02,all_gene,all_gene,1.1754154107819226,0.3215901924975813,2.357120316987122e-08,64
confirmation,2021-08-02,random,random,1.1754154107819226,0.3215901924975813,0.0,64
confirmation,2021-08-02,min_variance,min_variance,1.1754154107819226,0.3215901924975813,0.09054697180494853,1
confirmation,2021-08-02,equal_weight,equal_weight,1.1754154107819226,0.3215901924975813,0.0,1
confirmation,2021-09-01,controller,systemic,1.3405478404467193,0.27586074529631877,0.5361373416178243,64
confirmation,2021-09-01,localized,localized,1.3405478404467193,0.27586074529631877,2.3100949657430605e-06,64
confirmation,2021-09-01,all_gene,all_gene,1.3405478404467193,0.27586074529631877,6.101418631913993e-08,64
confirmation,2021-09-01,random,random,1.3405478404467193,0.27586074529631877,0.531254667065266,64
confirmation,2021-09-01,min_variance,min_variance,1.3405478404467193,0.27586074529631877,0.03628632975190947,1
confirmation,2021-09-01,equal_weight,equal_weight,1.3405478404467193,0.27586074529631877,0.0,1
confirmation,2021-10-01,controller,systemic,1.547111768451323,0.26524775693627217,0.3251728363905406,64
confirmation,2021-10-01,localized,localized,1.547111768451323,0.26524775693627217,0.0,64
confirmation,2021-10-01,all_gene,all_gene,1.547111768451323,0.26524775693627217,1.6599981496638663e-07,64
confirmation,2021-10-01,random,random,1.547111768451323,0.26524775693627217,0.45522759022621734,64
confirmation,2021-10-01,min_variance,min_variance,1.547111768451323,0.26524775693627217,0.08118696241410295,1
confirmation,2021-10-01,equal_weight,equal_weight,1.547111768451323,0.26524775693627217,0.0,1
confirmation,2021-11-01,controller,tolerate,1.1879954903667087,0.34555682982215774,0.0,0
confirmation,2021-11-01,localized,localized,1.1879954903667087,0.34555682982215774,0.004215937165868248,64
confirmation,2021-11-01,all_gene,all_gene,1.1879954903667087,0.34555682982215774,6.73312171909628e-07,64
confirmation,2021-11-01,random,random,1.1879954903667087,0.34555682982215774,0.2959428657924117,64
confirmation,2021-11-01,min_variance,min_variance,1.1879954903667087,0.34555682982215774,0.06158238372936526,1
confirmation,2021-11-01,equal_weight,equal_weight,1.1879954903667087,0.34555682982215774,0.0,1
confirmation,2021-12-01,controller,localized,1.3530180495551283,0.40190883731155075,0.001859623825735672,64
confirmation,2021-12-01,localized,localized,1.3530180495551283,0.40190883731155075,0.0,64
confirmation,2021-12-01,all_gene,all_gene,1.3530180495551283,0.40190883731155075,1.098337150412724e-06,64
confirmation,2021-12-01,random,random,1.3530180495551283,0.40190883731155075,0.5881297456667989,64
confirmation,2021-12-01,min_variance,min_variance,1.3530180495551283,0.40190883731155075,0.05043458571512979,1
confirmation,2021-12-01,equal_weight,equal_weight,1.3530180495551283,0.40190883731155075,0.0,1
confirmation,2022-01-03,controller,tolerate,0.8059076205822688,0.31954710932611147,0.0,0
confirmation,2022-01-03,localized,localized,0.8059076205822688,0.31954710932611147,0.00012791659629721552,64
confirmation,2022-01-03,all_gene,all_gene,0.8059076205822688,0.31954710932611147,4.302774358255773e-06,64
confirmation,2022-01-03,random,random,0.8059076205822688,0.31954710932611147,0.5617987431391287,64
confirmation,2022-01-03,min_variance,min_variance,0.8059076205822688,0.31954710932611147,0.02916190407574495,1
confirmation,2022-01-03,equal_weight,equal_weight,0.8059076205822688,0.31954710932611147,0.0,1
confirmation,2022-02-01,controller,tolerate,0.9755192659687622,0.33128986263728266,0.0,0
confirmation,2022-02-01,localized,localized,0.9755192659687622,0.33128986263728266,2.6461224023097778e-05,64
confirmation,2022-02-01,all_gene,all_gene,0.9755192659687622,0.33128986263728266,3.274817181736342e-06,64
confirmation,2022-02-01,random,random,0.9755192659687622,0.33128986263728266,0.38228489200361365,64
confirmation,2022-02-01,min_variance,min_variance,0.9755192659687622,0.33128986263728266,0.1094616472080431,1
confirmation,2022-02-01,equal_weight,equal_weight,0.9755192659687622,0.33128986263728266,0.0,1
confirmation,2022-03-01,controller,tolerate,1.1497289287027614,0.330040438306053,0.0,0
confirmation,2022-03-01,localized,localized,1.1497289287027614,0.330040438306053,0.1599368923795384,64
confirmation,2022-03-01,all_gene,all_gene,1.1497289287027614,0.330040438306053,6.4715211175876825e-06,64
confirmation,2022-03-01,random,random,1.1497289287027614,0.330040438306053,0.0,64
confirmation,2022-03-01,min_variance,min_variance,1.1497289287027614,0.330040438306053,0.028866276569415678,1
confirmation,2022-03-01,equal_weight,equal_weight,1.1497289287027614,0.330040438306053,0.0,1
confirmation,2022-04-01,controller,tolerate,1.1688366039543936,0.31269861926086945,0.0,0
confirmation,2022-04-01,localized,localized,1.1688366039543936,0.31269861926086945,0.0069548808133688715,64
confirmation,2022-04-01,all_gene,all_gene,1.1688366039543936,0.31269861926086945,2.843796893346594e-05,64
confirmation,2022-04-01,random,random,1.1688366039543936,0.31269861926086945,0.2606641210617764,64
confirmation,2022-04-01,min_variance,min_variance,1.1688366039543936,0.31269861926086945,0.10153188941895783,1
confirmation,2022-04-01,equal_weight,equal_weight,1.1688366039543936,0.31269861926086945,0.0,1
confirmation,2022-05-02,controller,tolerate,0.8305306750560206,0.3069733413864594,0.0,0
confirmation,2022-05-02,localized,localized,0.8305306750560206,0.3069733413864594,0.00034995507157493055,64
confirmation,2022-05-02,all_gene,all_gene,0.8305306750560206,0.3069733413864594,5.040016955416056e-05,64
confirmation,2022-05-02,random,random,0.8305306750560206,0.3069733413864594,0.36975328760904796,64
confirmation,2022-05-02,min_variance,min_variance,0.8305306750560206,0.3069733413864594,0.0935177360018841,1
confirmation,2022-05-02,equal_weight,equal_weight,0.8305306750560206,0.3069733413864594,0.0,1
confirmation,2022-06-01,controller,tolerate,0.8416420622522292,0.2987492917480052,0.0,0
confirmation,2022-06-01,localized,localized,0.8416420622522292,0.2987492917480052,0.1576927474045321,64
confirmation,2022-06-01,all_gene,all_gene,0.8416420622522292,0.2987492917480052,0.00012251834127867175,64
confirmation,2022-06-01,random,random,0.8416420622522292,0.2987492917480052,0.0,64
confirmation,2022-06-01,min_variance,min_variance,0.8416420622522292,0.2987492917480052,0.17925354314189834,1
confirmation,2022-06-01,equal_weight,equal_weight,0.8416420622522292,0.2987492917480052,0.0,1
confirmation,2022-07-01,controller,systemic,1.5212837497363896,0.2553263330734064,0.27407195281953056,64
confirmation,2022-07-01,localized,localized,1.5212837497363896,0.2553263330734064,0.0022385321906641968,64
confirmation,2022-07-01,all_gene,all_gene,1.5212837497363896,0.2553263330734064,0.0002797801529088359,64
confirmation,2022-07-01,random,random,1.5212837497363896,0.2553263330734064,0.0,64
confirmation,2022-07-01,min_variance,min_variance,1.5212837497363896,0.2553263330734064,0.10232534898979756,1
confirmation,2022-07-01,equal_weight,equal_weight,1.5212837497363896,0.2553263330734064,0.0,1
confirmation,2022-08-01,controller,tolerate,0.6771736199067105,0.28385086124052183,0.0,0
confirmation,2022-08-01,localized,localized,0.6771736199067105,0.28385086124052183,0.004165982886868262,64
confirmation,2022-08-01,all_gene,all_gene,0.6771736199067105,0.28385086124052183,0.0011492456539640226,64
confirmation,2022-08-01,random,random,0.6771736199067105,0.28385086124052183,0.0,64
confirmation,2022-08-01,min_variance,min_variance,0.6771736199067105,0.28385086124052183,0.047915961607474064,1
confirmation,2022-08-01,equal_weight,equal_weight,0.6771736199067105,0.28385086124052183,0.0,1
confirmation,2022-09-01,controller,tolerate,0.6404361786404048,0.4536735857832338,0.0,0
confirmation,2022-09-01,localized,localized,0.6404361786404048,0.4536735857832338,0.0,64
confirmation,2022-09-01,all_gene,all_gene,0.6404361786404048,0.4536735857832338,0.002308765189739463,64
confirmation,2022-09-01,random,random,0.6404361786404048,0.4536735857832338,0.0,64
confirmation,2022-09-01,min_variance,min_variance,0.6404361786404048,0.4536735857832338,0.029061228160975172,1
confirmation,2022-09-01,equal_weight,equal_weight,0.6404361786404048,0.4536735857832338,0.0,1
confirmation,2022-10-03,controller,tolerate,0.7690599299341643,0.37682928987926606,0.0,0
confirmation,2022-10-03,localized,localized,0.7690599299341643,0.37682928987926606,0.0,64
confirmation,2022-10-03,all_gene,all_gene,0.7690599299341643,0.37682928987926606,0.013512019086425605,64
confirmation,2022-10-03,random,random,0.7690599299341643,0.37682928987926606,0.0,64
confirmation,2022-10-03,min_variance,min_variance,0.7690599299341643,0.37682928987926606,0.12291366175958461,1
confirmation,2022-10-03,equal_weight,equal_weight,0.7690599299341643,0.37682928987926606,0.0,1
confirmation,2022-11-01,controller,tolerate,0.5675255308228351,0.42699660169481474,0.0,0
confirmation,2022-11-01,localized,localized,0.5675255308228351,0.42699660169481474,0.3648612823293407,64
confirmation,2022-11-01,all_gene,all_gene,0.5675255308228351,0.42699660169481474,0.011536587499504808,64
confirmation,2022-11-01,random,random,0.5675255308228351,0.42699660169481474,0.0,64
confirmation,2022-11-01,min_variance,min_variance,0.5675255308228351,0.42699660169481474,0.07868675010090023,1
confirmation,2022-11-01,equal_weight,equal_weight,0.5675255308228351,0.42699660169481474,0.0,1
confirmation,2022-12-01,controller,tolerate,0.7472997845531573,0.3488294401872386,0.0,0
confirmation,2022-12-01,localized,localized,0.7472997845531573,0.3488294401872386,0.0,64
confirmation,2022-12-01,all_gene,all_gene,0.7472997845531573,0.3488294401872386,0.0039126814108765605,64
confirmation,2022-12-01,random,random,0.7472997845531573,0.3488294401872386,0.0,64
confirmation,2022-12-01,min_variance,min_variance,0.7472997845531573,0.3488294401872386,0.06244850005308478,1
confirmation,2022-12-01,equal_weight,equal_weight,0.7472997845531573,0.3488294401872386,0.0,1
confirmation,2023-01-03,controller,systemic,1.326830607420546,0.3056697476713497,0.399530140727912,64
confirmation,2023-01-03,localized,localized,1.326830607420546,0.3056697476713497,0.0,64
confirmation,2023-01-03,all_gene,all_gene,1.326830607420546,0.3056697476713497,0.001562630137267534,64
confirmation,2023-01-03,random,random,1.326830607420546,0.3056697476713497,0.0,64
confirmation,2023-01-03,min_variance,min_variance,1.326830607420546,0.3056697476713497,0.019572950083206517,1
confirmation,2023-01-03,equal_weight,equal_weight,1.326830607420546,0.3056697476713497,0.0,1
confirmation,2023-02-01,controller,tolerate,0.8197092978319922,0.3275423636840893,0.0,0
confirmation,2023-02-01,localized,localized,0.8197092978319922,0.3275423636840893,0.0,64
confirmation,2023-02-01,all_gene,all_gene,0.8197092978319922,0.3275423636840893,0.0002874160559988567,64
confirmation,2023-02-01,random,random,0.8197092978319922,0.3275423636840893,0.0,64
confirmation,2023-02-01,min_variance,min_variance,0.8197092978319922,0.3275423636840893,0.040953720264178275,1
confirmation,2023-02-01,equal_weight,equal_weight,0.8197092978319922,0.3275423636840893,0.0,1
confirmation,2023-03-01,controller,tolerate,0.9107403264459809,0.33285961387030866,0.0,0
confirmation,2023-03-01,localized,localized,0.9107403264459809,0.33285961387030866,0.5178590352805043,64
confirmation,2023-03-01,all_gene,all_gene,0.9107403264459809,0.33285961387030866,8.29014371282241e-05,64
confirmation,2023-03-01,random,random,0.9107403264459809,0.33285961387030866,0.0,64
confirmation,2023-03-01,min_variance,min_variance,0.9107403264459809,0.33285961387030866,0.02853802434205803,1
confirmation,2023-03-01,equal_weight,equal_weight,0.9107403264459809,0.33285961387030866,0.0,1
confirmation,2023-04-03,controller,localized,1.3084116871909923,0.39741075835173817,0.03141097224360336,64
confirmation,2023-04-03,localized,localized,1.3084116871909923,0.39741075835173817,0.0016338965512565065,64
confirmation,2023-04-03,all_gene,all_gene,1.3084116871909923,0.39741075835173817,6.130351693710902e-05,64
confirmation,2023-04-03,random,random,1.3084116871909923,0.39741075835173817,0.5407088083334701,64
confirmation,2023-04-03,min_variance,min_variance,1.3084116871909923,0.39741075835173817,0.13547881619500865,1
confirmation,2023-04-03,equal_weight,equal_weight,1.3084116871909923,0.39741075835173817,0.0,1
confirmation,2023-05-01,controller,tolerate,0.8021517864262738,0.3259550312084057,0.0,0
confirmation,2023-05-01,localized,localized,0.8021517864262738,0.3259550312084057,0.0,64
confirmation,2023-05-01,all_gene,all_gene,0.8021517864262738,0.3259550312084057,1.0873842722854796e-05,64
confirmation,2023-05-01,random,random,0.8021517864262738,0.3259550312084057,0.0,64
confirmation,2023-05-01,min_variance,min_variance,0.8021517864262738,0.3259550312084057,0.04266483841343412,1
confirmation,2023-05-01,equal_weight,equal_weight,0.8021517864262738,0.3259550312084057,0.0,1
confirmation,2023-06-01,controller,tolerate,1.0011632753608708,0.3701467548260571,0.0,0
confirmation,2023-06-01,localized,localized,1.0011632753608708,0.3701467548260571,0.0,64
confirmation,2023-06-01,all_gene,all_gene,1.0011632753608708,0.3701467548260571,3.998668532684471e-06,64
confirmation,2023-06-01,random,random,1.0011632753608708,0.3701467548260571,0.7096892287680975,64
confirmation,2023-06-01,min_variance,min_variance,1.0011632753608708,0.3701467548260571,0.11555755907371376,1
confirmation,2023-06-01,equal_weight,equal_weight,1.0011632753608708,0.3701467548260571,0.0,1
confirmation,2023-07-03,controller,tolerate,0.9574230259459859,0.3394749064514285,0.0,0
confirmation,2023-07-03,localized,localized,0.9574230259459859,0.3394749064514285,0.0,64
confirmation,2023-07-03,all_gene,all_gene,0.9574230259459859,0.3394749064514285,1.5426807816048871e-06,64
confirmation,2023-07-03,random,random,0.9574230259459859,0.3394749064514285,0.0,64
confirmation,2023-07-03,min_variance,min_variance,0.9574230259459859,0.3394749064514285,0.09694616162237682,1
confirmation,2023-07-03,equal_weight,equal_weight,0.9574230259459859,0.3394749064514285,0.0,1
confirmation,2023-08-01,controller,localized,1.2959243394671818,0.3974922538779049,0.0008838051748649989,64
confirmation,2023-08-01,localized,localized,1.2959243394671818,0.3974922538779049,0.0,64
confirmation,2023-08-01,all_gene,all_gene,1.2959243394671818,0.3974922538779049,5.420605572494385e-07,64
confirmation,2023-08-01,random,random,1.2959243394671818,0.3974922538779049,0.0,64
confirmation,2023-08-01,min_variance,min_variance,1.2959243394671818,0.3974922538779049,0.03360756789376589,1
confirmation,2023-08-01,equal_weight,equal_weight,1.2959243394671818,0.3974922538779049,0.0,1
confirmation,2023-09-01,controller,tolerate,1.1558250487671897,0.27774309720504436,0.0,0
confirmation,2023-09-01,localized,localized,1.1558250487671897,0.27774309720504436,0.30711688843903245,64
confirmation,2023-09-01,all_gene,all_gene,1.1558250487671897,0.27774309720504436,2.3114243547690436e-07,64
confirmation,2023-09-01,random,random,1.1558250487671897,0.27774309720504436,0.0,64
confirmation,2023-09-01,min_variance,min_variance,1.1558250487671897,0.27774309720504436,0.0449931995525573,1
confirmation,2023-09-01,equal_weight,equal_weight,1.1558250487671897,0.27774309720504436,0.0,1
confirmation,2023-10-02,controller,systemic,1.4906372835683854,0.30348262127245235,0.6900701112497288,64
confirmation,2023-10-02,localized,localized,1.4906372835683854,0.30348262127245235,4.795328023451346e-05,64
confirmation,2023-10-02,all_gene,all_gene,1.4906372835683854,0.30348262127245235,9.206760546295173e-08,64
confirmation,2023-10-02,random,random,1.4906372835683854,0.30348262127245235,0.0,64
confirmation,2023-10-02,min_variance,min_variance,1.4906372835683854,0.30348262127245235,0.050447695990813064,1
confirmation,2023-10-02,equal_weight,equal_weight,1.4906372835683854,0.30348262127245235,0.0,1
confirmation,2023-11-01,controller,systemic,1.4996115580035974,0.32192096993918295,0.0,64
confirmation,2023-11-01,localized,localized,1.4996115580035974,0.32192096993918295,1.309190616485572e-06,64
confirmation,2023-11-01,all_gene,all_gene,1.4996115580035974,0.32192096993918295,4.234302319323904e-08,64
confirmation,2023-11-01,random,random,1.4996115580035974,0.32192096993918295,0.0,64
confirmation,2023-11-01,min_variance,min_variance,1.4996115580035974,0.32192096993918295,0.10356558725344465,1
confirmation,2023-11-01,equal_weight,equal_weight,1.4996115580035974,0.32192096993918295,0.0,1
confirmation,2023-12-01,controller,tolerate,0.6156594741887139,0.2944059152927041,0.0,0
confirmation,2023-12-01,localized,localized,0.6156594741887139,0.2944059152927041,1.6195260055240602e-06,64
confirmation,2023-12-01,all_gene,all_gene,0.6156594741887139,0.2944059152927041,1.4761811254691547e-08,64
confirmation,2023-12-01,random,random,0.6156594741887139,0.2944059152927041,0.0,64
confirmation,2023-12-01,min_variance,min_variance,0.6156594741887139,0.2944059152927041,0.0730548710637837,1
confirmation,2023-12-01,equal_weight,equal_weight,0.6156594741887139,0.2944059152927041,0.0,1
confirmation,2024-01-02,controller,tolerate,1.1325528741050415,0.26390372132534384,0.0,0
confirmation,2024-01-02,localized,localized,1.1325528741050415,0.26390372132534384,0.0014083039292238993,64
confirmation,2024-01-02,all_gene,all_gene,1.1325528741050415,0.26390372132534384,5.947788415557176e-09,64
confirmation,2024-01-02,random,random,1.1325528741050415,0.26390372132534384,0.0,64
confirmation,2024-01-02,min_variance,min_variance,1.1325528741050415,0.26390372132534384,0.08419513694951661,1
confirmation,2024-01-02,equal_weight,equal_weight,1.1325528741050415,0.26390372132534384,0.0,1
confirmation,2024-02-01,controller,systemic,1.8738464118503517,0.34029464022125444,0.3622061108058172,64
confirmation,2024-02-01,localized,localized,1.8738464118503517,0.34029464022125444,0.46026555654850193,64
confirmation,2024-02-01,all_gene,all_gene,1.8738464118503517,0.34029464022125444,2.22094087233095e-09,64
confirmation,2024-02-01,random,random,1.8738464118503517,0.34029464022125444,0.0,64
confirmation,2024-02-01,min_variance,min_variance,1.8738464118503517,0.34029464022125444,0.024621508245638482,1
confirmation,2024-02-01,equal_weight,equal_weight,1.8738464118503517,0.34029464022125444,0.0,1
confirmation,2024-03-01,controller,localized,1.276499021544795,0.4087712076052911,0.07030098630957751,64
confirmation,2024-03-01,localized,localized,1.276499021544795,0.4087712076052911,0.37691102372241225,64
confirmation,2024-03-01,all_gene,all_gene,1.276499021544795,0.4087712076052911,1.3526234856110002e-09,64
confirmation,2024-03-01,random,random,1.276499021544795,0.4087712076052911,0.0,64
confirmation,2024-03-01,min_variance,min_variance,1.276499021544795,0.4087712076052911,0.05044459819812285,1
confirmation,2024-03-01,equal_weight,equal_weight,1.276499021544795,0.4087712076052911,0.0,1
confirmation,2024-04-01,controller,tolerate,0.9301407806203809,0.3655611684171473,0.0,0
confirmation,2024-04-01,localized,localized,0.9301407806203809,0.3655611684171473,0.0,64
confirmation,2024-04-01,all_gene,all_gene,0.9301407806203809,0.3655611684171473,5.183354864923862e-10,64
confirmation,2024-04-01,random,random,0.9301407806203809,0.3655611684171473,0.0,64
confirmation,2024-04-01,min_variance,min_variance,0.9301407806203809,0.3655611684171473,0.04612909775080598,1
confirmation,2024-04-01,equal_weight,equal_weight,0.9301407806203809,0.3655611684171473,0.0,1
confirmation,2024-05-01,controller,tolerate,0.8453314386880664,0.3788481691713238,0.0,0
confirmation,2024-05-01,localized,localized,0.8453314386880664,0.3788481691713238,0.0,64
confirmation,2024-05-01,all_gene,all_gene,0.8453314386880664,0.3788481691713238,2.1054277780997474e-10,64
confirmation,2024-05-01,random,random,0.8453314386880664,0.3788481691713238,0.0,64
confirmation,2024-05-01,min_variance,min_variance,0.8453314386880664,0.3788481691713238,0.06104846556270125,1
confirmation,2024-05-01,equal_weight,equal_weight,0.8453314386880664,0.3788481691713238,0.0,1
confirmation,2024-06-03,controller,tolerate,1.0450832259507783,0.394407550646621,0.0,0
confirmation,2024-06-03,localized,localized,1.0450832259507783,0.394407550646621,0.001652482303507452,64
confirmation,2024-06-03,all_gene,all_gene,1.0450832259507783,0.394407550646621,0.0,64
confirmation,2024-06-03,random,random,1.0450832259507783,0.394407550646621,0.0,64
confirmation,2024-06-03,min_variance,min_variance,1.0450832259507783,0.394407550646621,0.059800597726615085,1
confirmation,2024-06-03,equal_weight,equal_weight,1.0450832259507783,0.394407550646621,0.0,1
confirmation,2024-07-01,controller,tolerate,0.9871749178304476,0.31810811907591413,0.0,0
confirmation,2024-07-01,localized,localized,0.9871749178304476,0.31810811907591413,0.0,64
confirmation,2024-07-01,all_gene,all_gene,0.9871749178304476,0.31810811907591413,0.0,64
confirmation,2024-07-01,random,random,0.9871749178304476,0.31810811907591413,0.0,64
confirmation,2024-07-01,min_variance,min_variance,0.9871749178304476,0.31810811907591413,0.0328126973869584,1
confirmation,2024-07-01,equal_weight,equal_weight,0.9871749178304476,0.31810811907591413,0.0,1
confirmation,2024-08-01,controller,tolerate,0.8285482372762351,0.30003759591685,0.0,0
confirmation,2024-08-01,localized,localized,0.8285482372762351,0.30003759591685,6.094268203953639e-06,64
confirmation,2024-08-01,all_gene,all_gene,0.8285482372762351,0.30003759591685,0.0,64
confirmation,2024-08-01,random,random,0.8285482372762351,0.30003759591685,0.0,64
confirmation,2024-08-01,min_variance,min_variance,0.8285482372762351,0.30003759591685,0.04265146828039676,1
confirmation,2024-08-01,equal_weight,equal_weight,0.8285482372762351,0.30003759591685,0.0,1
confirmation,2024-09-03,controller,tolerate,0.6480779401949224,0.36154489585677674,0.0,0
confirmation,2024-09-03,localized,localized,0.6480779401949224,0.36154489585677674,0.0,64
confirmation,2024-09-03,all_gene,all_gene,0.6480779401949224,0.36154489585677674,0.0,64
confirmation,2024-09-03,random,random,0.6480779401949224,0.36154489585677674,0.0,64
confirmation,2024-09-03,min_variance,min_variance,0.6480779401949224,0.36154489585677674,0.10208802982919096,1
confirmation,2024-09-03,equal_weight,equal_weight,0.6480779401949224,0.36154489585677674,0.0,1
confirmation,2024-10-01,controller,tolerate,1.0016150989541386,0.34660887461286893,0.0,0
confirmation,2024-10-01,localized,localized,1.0016150989541386,0.34660887461286893,0.0,64
confirmation,2024-10-01,all_gene,all_gene,1.0016150989541386,0.34660887461286893,0.0,64
confirmation,2024-10-01,random,random,1.0016150989541386,0.34660887461286893,0.818048016082566,64
confirmation,2024-10-01,min_variance,min_variance,1.0016150989541386,0.34660887461286893,0.0851426168629733,1
confirmation,2024-10-01,equal_weight,equal_weight,1.0016150989541386,0.34660887461286893,0.0,1
confirmation,2024-11-01,controller,tolerate,0.5830194775461541,0.38601379079222503,0.0,0
confirmation,2024-11-01,localized,localized,0.5830194775461541,0.38601379079222503,0.0,64
confirmation,2024-11-01,all_gene,all_gene,0.5830194775461541,0.38601379079222503,0.0,64
confirmation,2024-11-01,random,random,0.5830194775461541,0.38601379079222503,0.46465091491818045,64
confirmation,2024-11-01,min_variance,min_variance,0.5830194775461541,0.38601379079222503,0.11634622706745784,1
confirmation,2024-11-01,equal_weight,equal_weight,0.5830194775461541,0.38601379079222503,0.0,1
confirmation,2024-12-02,controller,tolerate,1.1224554009254524,0.465865943852295,0.0,0
confirmation,2024-12-02,localized,localized,1.1224554009254524,0.465865943852295,0.3743117330601518,64
confirmation,2024-12-02,all_gene,all_gene,1.1224554009254524,0.465865943852295,1.1231710579633286e-09,64
confirmation,2024-12-02,random,random,1.1224554009254524,0.465865943852295,0.1381058078045632,64
confirmation,2024-12-02,min_variance,min_variance,1.1224554009254524,0.465865943852295,0.06880596388855267,1
confirmation,2024-12-02,equal_weight,equal_weight,1.1224554009254524,0.465865943852295,0.0,1
later_vintage,2025-01-02,controller,tolerate,1.154586633228067,0.3608398794814799,0.0,0
later_vintage,2025-01-02,localized,localized,1.154586633228067,0.3608398794814799,0.09915145367390821,64
later_vintage,2025-01-02,all_gene,all_gene,1.154586633228067,0.3608398794814799,0.19602923441990694,64
later_vintage,2025-01-02,random,random,1.154586633228067,0.3608398794814799,0.41225885472672613,64
later_vintage,2025-01-02,min_variance,min_variance,1.154586633228067,0.3608398794814799,0.4479259583307606,1
later_vintage,2025-01-02,equal_weight,equal_weight,1.154586633228067,0.3608398794814799,0.0,1
later_vintage,2025-02-03,controller,tolerate,0.7599059870192613,0.3267077376958994,0.0,0
later_vintage,2025-02-03,localized,localized,0.7599059870192613,0.3267077376958994,0.08677432592400161,64
later_vintage,2025-02-03,all_gene,all_gene,0.7599059870192613,0.3267077376958994,0.15124069634434356,64
later_vintage,2025-02-03,random,random,0.7599059870192613,0.3267077376958994,0.49158230218336907,64
later_vintage,2025-02-03,min_variance,min_variance,0.7599059870192613,0.3267077376958994,0.06656903627210786,1
later_vintage,2025-02-03,equal_weight,equal_weight,0.7599059870192613,0.3267077376958994,0.0,1
later_vintage,2025-03-03,controller,tolerate,0.9746206491850552,0.3274752090765775,0.0,0
later_vintage,2025-03-03,localized,localized,0.9746206491850552,0.3274752090765775,0.09990621916413726,64
later_vintage,2025-03-03,all_gene,all_gene,0.9746206491850552,0.3274752090765775,0.10263575471975567,64
later_vintage,2025-03-03,random,random,0.9746206491850552,0.3274752090765775,0.41633111358088987,64
later_vintage,2025-03-03,min_variance,min_variance,0.9746206491850552,0.3274752090765775,0.04825667836597801,1
later_vintage,2025-03-03,equal_weight,equal_weight,0.9746206491850552,0.3274752090765775,0.0,1
later_vintage,2025-04-01,controller,localized,1.2465611479589336,0.38067585137656623,0.09610058780080594,64
later_vintage,2025-04-01,localized,localized,1.2465611479589336,0.38067585137656623,0.09119465528829677,64
later_vintage,2025-04-01,all_gene,all_gene,1.2465611479589336,0.38067585137656623,0.15306088053476344,64
later_vintage,2025-04-01,random,random,1.2465611479589336,0.38067585137656623,0.0,64
later_vintage,2025-04-01,min_variance,min_variance,1.2465611479589336,0.38067585137656623,0.04700590794882617,1
later_vintage,2025-04-01,equal_weight,equal_weight,1.2465611479589336,0.38067585137656623,0.0,1
later_vintage,2025-05-01,controller,systemic,1.277027850493791,0.2685866016444035,0.48582720745453256,64
later_vintage,2025-05-01,localized,localized,1.277027850493791,0.2685866016444035,0.011493919904744576,64
later_vintage,2025-05-01,all_gene,all_gene,1.277027850493791,0.2685866016444035,0.1325916249721481,64
later_vintage,2025-05-01,random,random,1.277027850493791,0.2685866016444035,0.40977190803900515,64
later_vintage,2025-05-01,min_variance,min_variance,1.277027850493791,0.2685866016444035,0.3315992277930672,1
later_vintage,2025-05-01,equal_weight,equal_weight,1.277027850493791,0.2685866016444035,0.0,1
later_vintage,2025-06-02,controller,tolerate,0.9958658855532799,0.3179026597482621,0.0,0
later_vintage,2025-06-02,localized,localized,0.9958658855532799,0.3179026597482621,0.0007144452387196215,64
later_vintage,2025-06-02,all_gene,all_gene,0.9958658855532799,0.3179026597482621,0.13503967105891618,64
later_vintage,2025-06-02,random,random,0.9958658855532799,0.3179026597482621,0.6398468544476577,64
later_vintage,2025-06-02,min_variance,min_variance,0.9958658855532799,0.3179026597482621,0.12579228068294468,1
later_vintage,2025-06-02,equal_weight,equal_weight,0.9958658855532799,0.3179026597482621,0.0,1
later_vintage,2025-07-01,controller,tolerate,0.9441091374178788,0.3347291408505294,0.0,0
later_vintage,2025-07-01,localized,localized,0.9441091374178788,0.3347291408505294,0.0,64
later_vintage,2025-07-01,all_gene,all_gene,0.9441091374178788,0.3347291408505294,0.2545713707197572,64
later_vintage,2025-07-01,random,random,0.9441091374178788,0.3347291408505294,0.3481218151815339,64
later_vintage,2025-07-01,min_variance,min_variance,0.9441091374178788,0.3347291408505294,0.03199399428098105,1
later_vintage,2025-07-01,equal_weight,equal_weight,0.9441091374178788,0.3347291408505294,0.0,1
later_vintage,2025-08-01,controller,localized,1.297699560587923,0.4312452097727812,0.014251151811624408,64
later_vintage,2025-08-01,localized,localized,1.297699560587923,0.4312452097727812,0.0,64
later_vintage,2025-08-01,all_gene,all_gene,1.297699560587923,0.4312452097727812,0.1588243048037074,64
later_vintage,2025-08-01,random,random,1.297699560587923,0.4312452097727812,0.27241548596904447,64
later_vintage,2025-08-01,min_variance,min_variance,1.297699560587923,0.4312452097727812,0.03869928575185474,1
later_vintage,2025-08-01,equal_weight,equal_weight,1.297699560587923,0.4312452097727812,0.0,1
later_vintage,2025-09-02,controller,tolerate,1.118192227069305,0.3558267136445105,0.0,0
later_vintage,2025-09-02,localized,localized,1.118192227069305,0.3558267136445105,0.09772506910929117,64
later_vintage,2025-09-02,all_gene,all_gene,1.118192227069305,0.3558267136445105,0.21142950314958528,64
later_vintage,2025-09-02,random,random,1.118192227069305,0.3558267136445105,0.0,64
later_vintage,2025-09-02,min_variance,min_variance,1.118192227069305,0.3558267136445105,0.04871245274715619,1
later_vintage,2025-09-02,equal_weight,equal_weight,1.118192227069305,0.3558267136445105,0.0,1
later_vintage,2025-10-01,controller,tolerate,1.1118807021115154,0.29670258945382266,0.0,0
later_vintage,2025-10-01,localized,localized,1.1118807021115154,0.29670258945382266,0.04931681023755302,64
later_vintage,2025-10-01,all_gene,all_gene,1.1118807021115154,0.29670258945382266,0.1754843827567223,64
later_vintage,2025-10-01,random,random,1.1118807021115154,0.29670258945382266,0.0,64
later_vintage,2025-10-01,min_variance,min_variance,1.1118807021115154,0.29670258945382266,0.031603625155470015,1
later_vintage,2025-10-01,equal_weight,equal_weight,1.1118807021115154,0.29670258945382266,0.0,1
later_vintage,2025-11-03,controller,tolerate,1.0592406856459762,0.2842074230969316,0.0,0
later_vintage,2025-11-03,localized,localized,1.0592406856459762,0.2842074230969316,0.0,64
later_vintage,2025-11-03,all_gene,all_gene,1.0592406856459762,0.2842074230969316,0.04349803436694448,64
later_vintage,2025-11-03,random,random,1.0592406856459762,0.2842074230969316,0.0,64
later_vintage,2025-11-03,min_variance,min_variance,1.0592406856459762,0.2842074230969316,0.04149751606989577,1
later_vintage,2025-11-03,equal_weight,equal_weight,1.0592406856459762,0.2842074230969316,0.0,1
later_vintage,2025-12-01,controller,tolerate,1.070528861659214,0.3781621290869036,0.0,0
later_vintage,2025-12-01,localized,localized,1.070528861659214,0.3781621290869036,0.09766737916893317,64
later_vintage,2025-12-01,all_gene,all_gene,1.070528861659214,0.3781621290869036,0.2984917286418149,64
later_vintage,2025-12-01,random,random,1.070528861659214,0.3781621290869036,0.6820597915361274,64
later_vintage,2025-12-01,min_variance,min_variance,1.070528861659214,0.3781621290869036,0.04648636675703519,1
later_vintage,2025-12-01,equal_weight,equal_weight,1.070528861659214,0.3781621290869036,0.0,1
later_vintage,2026-01-02,controller,tolerate,0.7871458040498444,0.36227648129497175,0.0,0
later_vintage,2026-01-02,localized,localized,0.7871458040498444,0.36227648129497175,0.08762216650522374,64
later_vintage,2026-01-02,all_gene,all_gene,0.7871458040498444,0.36227648129497175,0.1784575238391679,64
later_vintage,2026-01-02,random,random,0.7871458040498444,0.36227648129497175,0.42078795267560787,64
later_vintage,2026-01-02,min_variance,min_variance,0.7871458040498444,0.36227648129497175,0.03448305906000151,1
later_vintage,2026-01-02,equal_weight,equal_weight,0.7871458040498444,0.36227648129497175,0.0,1
later_vintage,2026-02-02,controller,tolerate,1.0959224664937082,0.30119290978237784,0.0,0
later_vintage,2026-02-02,localized,localized,1.0959224664937082,0.30119290978237784,0.0507198355318603,64
later_vintage,2026-02-02,all_gene,all_gene,1.0959224664937082,0.30119290978237784,0.05898756317026733,64
later_vintage,2026-02-02,random,random,1.0959224664937082,0.30119290978237784,0.5511192322486027,64
later_vintage,2026-02-02,min_variance,min_variance,1.0959224664937082,0.30119290978237784,0.060997257800963024,1
later_vintage,2026-02-02,equal_weight,equal_weight,1.0959224664937082,0.30119290978237784,0.0,1
later_vintage,2026-03-02,controller,systemic,1.4346653886086145,0.31433126685779733,0.6535429687460111,64
later_vintage,2026-03-02,localized,localized,1.4346653886086145,0.31433126685779733,0.14360320114871683,64
later_vintage,2026-03-02,all_gene,all_gene,1.4346653886086145,0.31433126685779733,0.1657466137515692,64
later_vintage,2026-03-02,random,random,1.4346653886086145,0.31433126685779733,0.44463387624939127,64
later_vintage,2026-03-02,min_variance,min_variance,1.4346653886086145,0.31433126685779733,0.06496348309146562,1
later_vintage,2026-03-02,equal_weight,equal_weight,1.4346653886086145,0.31433126685779733,0.0,1
later_vintage,2026-04-01,controller,localized,1.4605277671345802,0.38990551781784505,0.020616841694635422,64
later_vintage,2026-04-01,localized,localized,1.4605277671345802,0.38990551781784505,0.372359095391211,64
later_vintage,2026-04-01,all_gene,all_gene,1.4605277671345802,0.38990551781784505,0.11454204764435877,64
later_vintage,2026-04-01,random,random,1.4605277671345802,0.38990551781784505,0.6887304773813054,64
later_vintage,2026-04-01,min_variance,min_variance,1.4605277671345802,0.38990551781784505,0.0689275368275514,1
later_vintage,2026-04-01,equal_weight,equal_weight,1.4605277671345802,0.38990551781784505,0.0,1
later_vintage,2026-05-01,controller,tolerate,0.8440774538271416,0.3045755114492848,0.0,0
later_vintage,2026-05-01,localized,localized,0.8440774538271416,0.3045755114492848,0.1837093932968328,64
later_vintage,2026-05-01,all_gene,all_gene,0.8440774538271416,0.3045755114492848,0.028907822176994245,64
later_vintage,2026-05-01,random,random,0.8440774538271416,0.3045755114492848,0.0,64
later_vintage,2026-05-01,min_variance,min_variance,0.8440774538271416,0.3045755114492848,0.36173675784042447,1
later_vintage,2026-05-01,equal_weight,equal_weight,0.8440774538271416,0.3045755114492848,0.0,1
later_vintage,2026-06-01,controller,tolerate,1.2060119936931448,0.3303141925164434,0.0,0
later_vintage,2026-06-01,localized,localized,1.2060119936931448,0.3303141925164434,0.0016685657728459386,64
later_vintage,2026-06-01,all_gene,all_gene,1.2060119936931448,0.3303141925164434,0.04548991542873909,64
later_vintage,2026-06-01,random,random,1.2060119936931448,0.3303141925164434,0.328875695156166,64
later_vintage,2026-06-01,min_variance,min_variance,1.2060119936931448,0.3303141925164434,0.06884496240779008,1
later_vintage,2026-06-01,equal_weight,equal_weight,1.2060119936931448,0.3303141925164434,0.0,1
