period,method,month,month_return,month_variance,certainty_equivalent
confirmation,all_gene,2005-01,-0.015827231298839672,5.000918301149133e-05,-0.01590224507335691
confirmation,all_gene,2005-02,0.07030729531887969,6.513699347403409e-05,0.07020958982866864
confirmation,all_gene,2005-03,-0.027488346270675534,9.524816482673647e-05,-0.02763121851791564
confirmation,all_gene,2005-04,-0.04483111411434881,0.00025651457137798025,-0.045215885971415785
confirmation,all_gene,2005-05,0.022189045688204123,0.00020202585350925713,0.021886006907940236
confirmation,all_gene,2005-06,0.054809252781436335,0.00011151613962517585,0.054641978571998574
confirmation,all_gene,2005-07,0.05542454308990563,0.00017657986966315562,0.055159673285410896
confirmation,all_gene,2005-08,0.04674421396753381,0.00011188057999824299,0.046576393097536445
confirmation,all_gene,2005-09,0.06819297784518352,0.00017316293756067418,0.06793323343884251
confirmation,all_gene,2005-10,-0.09919959079546692,0.000581829286468443,-0.10007233472516959
confirmation,all_gene,2005-11,0.0100591981592566,0.0002228722921650766,0.009724889721008984
confirmation,all_gene,2005-12,0.004513468852886282,0.00016221129032204366,0.004270151917403217
confirmation,all_gene,2006-01,0.12503811681903643,0.0002292352968319858,0.12469426387378844
confirmation,all_gene,2006-02,-0.08139071792519459,0.00018728257443029298,-0.08167164178684003
confirmation,all_gene,2006-03,0.039455098532173105,0.0001350326664613251,0.03925254953248112
confirmation,all_gene,2006-04,0.046152526026463025,0.00018078682928240753,0.04588134578253941
confirmation,all_gene,2006-05,-0.034492972741448025,0.00023739205557336837,-0.03484906082480808
confirmation,all_gene,2006-06,0.02733409390678343,0.00039844298416104665,0.026736429430541858
confirmation,all_gene,2006-07,0.05085235009302225,0.0001794743996002018,0.05058313849362194
confirmation,all_gene,2006-08,-0.032985793149928,6.912261702231992e-05,-0.033089477075461476
confirmation,all_gene,2006-09,-0.03809424924500904,0.0002700913756963974,-0.03849938630855363
confirmation,all_gene,2006-10,0.051419452024477286,0.00019793371030861262,0.05112255145901436
confirmation,all_gene,2006-11,0.08409903039706279,0.00015617260750923665,0.08386477148579893
confirmation,all_gene,2006-12,-0.016667167564678342,0.00010017232050941083,-0.01681742604544246
confirmation,all_gene,2007-01,-0.00732825312788743,0.00018071584811034445,-0.007599326900052946
confirmation,all_gene,2007-02,-0.018790026558762607,9.076983385980808e-05,-0.018926181309552318
confirmation,all_gene,2007-03,0.03679521114814821,6.296507046063807e-05,0.03670076354245725
confirmation,all_gene,2007-04,0.03869754679821358,2.6857924432783693e-05,0.0386572599115644
confirmation,all_gene,2007-05,0.031391313728845516,2.2824159921860497e-05,0.03135707748896272
confirmation,all_gene,2007-06,-0.008225196398883527,6.097980828812863e-05,-0.00831666611131572
confirmation,all_gene,2007-07,-0.030017485544368894,0.0001256031031299432,-0.03020589019906381
confirmation,all_gene,2007-08,0.009097336692355462,0.00022824338135302594,0.008754971620325923
confirmation,all_gene,2007-09,0.06914219697568824,9.895325653483795e-05,0.06899376709088599
confirmation,all_gene,2007-10,0.027216899027387553,0.0001624360965596253,0.026973244882548115
confirmation,all_gene,2007-11,-0.042701529116264236,0.0004110248762161394,-0.04331806643058844
confirmation,all_gene,2007-12,0.07097998333988031,0.00018122495457630723,0.07070814590801586
confirmation,all_gene,2008-01,-0.0902162970235888,0.0003368941150586337,-0.09072163819617675
confirmation,all_gene,2008-02,0.06824580380799827,0.00032650483248860776,0.06775604655926536
confirmation,all_gene,2008-03,-0.029145387215494645,0.0005350982101916358,-0.029948034530782097
confirmation,all_gene,2008-04,0.10678361683380233,0.0001385748425954207,0.1065757545699092
confirmation,all_gene,2008-05,0.0423889239916333,0.00021409137128312132,0.04206778693470862
confirmation,all_gene,2008-06,0.027479035850033195,0.00036920991424353847,0.02692522097866789
confirmation,all_gene,2008-07,-0.15666649628394258,0.0006161460569407785,-0.15759071536935373
confirmation,all_gene,2008-08,-2.132774984520136e-05,0.00043104902231793155,-0.0006679012833220987
confirmation,all_gene,2008-09,-0.12094685171016506,0.0019341738290509162,-0.12384811245374143
confirmation,all_gene,2008-10,-0.1666184493901074,0.006593538210099931,-0.17650875670525729
confirmation,all_gene,2008-11,0.0020310886399408368,0.0038465186689270094,-0.0037386893634496774
confirmation,all_gene,2008-12,-0.0234891125736143,0.00128369648738061,-0.025414657304685215
confirmation,all_gene,2009-01,-0.03581455026229219,0.0008320406296295442,-0.037062611206736505
confirmation,all_gene,2009-02,-0.1215216878753761,0.000626709256347786,-0.12246175175989778
confirmation,all_gene,2009-03,0.04608165740482417,0.0008310275985228125,0.04483511600703995
confirmation,all_gene,2009-04,0.048694447554858744,0.00019809655529902576,0.04839730272191021
confirmation,all_gene,2009-05,0.07692477754129978,0.0001375701019615658,0.07671842238835744
confirmation,all_gene,2009-06,0.003936926638089533,0.00011047532491048125,0.003771213650723811
confirmation,all_gene,2009-07,0.07255222790125737,0.0001152187249057934,0.07237939981389868
confirmation,all_gene,2009-08,0.007495403150998836,3.6151462087800004e-05,0.007441175957867136
confirmation,all_gene,2009-09,0.04233135575824476,3.358053529665431e-05,0.04228098495529978
confirmation,all_gene,2009-10,-0.006197144542986033,6.916515008668537e-05,-0.006300892268116061
confirmation,all_gene,2009-11,0.03867212148240151,5.600238874812813e-05,0.038588117899279316
confirmation,all_gene,2009-12,0.026409915223167157,4.887376079778307e-05,0.026336604581970482
confirmation,all_gene,2010-01,-0.024012902537960956,4.739928202850802e-05,-0.02408400146100372
confirmation,all_gene,2010-02,0.027102593849918977,9.956272294837386e-05,0.026953249765496415
confirmation,all_gene,2010-03,0.05901145471356606,2.021806946059968e-05,0.058981127609375156
confirmation,all_gene,2010-04,-0.0036769367441777945,4.7994421686373396e-05,-0.0037489283767073544
confirmation,all_gene,2010-05,-0.06602606415566759,0.0003007218192054071,-0.0664771468844757
confirmation,all_gene,2010-06,-0.04149732799767458,0.0002449535239950155,-0.041864758283667106
confirmation,all_gene,2010-07,0.09333550338292884,0.0001804340677914463,0.09306485228124167
confirmation,all_gene,2010-08,-0.05342618071133154,0.00017121861935789817,-0.05368300864036839
confirmation,all_gene,2010-09,0.09606273902852425,0.00011049322524891297,0.09589699919065088
confirmation,all_gene,2010-10,0.04906181053342662,6.511698535572197e-05,0.048964135055393036
confirmation,all_gene,2010-11,0.010342165456780128,8.94486082734101e-05,0.010207992544370013
confirmation,all_gene,2010-12,0.06157628629384537,2.8043098460265805e-05,0.06153422164615498
confirmation,all_gene,2011-01,0.024734300347952543,5.390177732103851e-05,0.024653447681970985
confirmation,all_gene,2011-02,0.03488497980247196,8.4124461486732e-05,0.03475879311024186
confirmation,all_gene,2011-03,0.01867780309073175,0.00014013772940906925,0.018467596496618145
confirmation,all_gene,2011-04,0.029744040252691395,6.149466682333679e-05,0.02965179825245639
confirmation,all_gene,2011-05,-0.020162298801445044,7.568787818587171e-05,-0.02027583061872385
confirmation,all_gene,2011-06,-0.007114271362210323,0.00014607887212206492,-0.00733338967039342
confirmation,all_gene,2011-07,-0.03565719305507842,0.00011265204721194424,-0.03582617112589633
confirmation,all_gene,2011-08,-0.0655676165842165,0.0010271730395316262,-0.06710837614351395
confirmation,all_gene,2011-09,-0.10421203176547633,0.000446968156651576,-0.10488248400045369
confirmation,all_gene,2011-10,0.13122554321951085,0.000436434298837202,0.13057089177125505
confirmation,all_gene,2011-11,0.0182349207542305,0.00038242906725745464,0.017661277153344316
confirmation,all_gene,2011-12,0.010277173229725545,0.00012723034869007352,0.010086327706690434
confirmation,all_gene,2012-01,0.007939453929312723,2.6357102062553587e-05,0.007899918276218892
confirmation,all_gene,2012-02,0.04173253384348863,1.2879322008783045e-05,0.04171321486047545
confirmation,all_gene,2012-03,0.03461355891176976,2.875235703806892e-05,0.03457043037621266
confirmation,all_gene,2012-04,0.007337402201861076,5.3993648327391985e-05,0.007256411729369988
confirmation,all_gene,2012-05,-0.027688036143307393,4.172116964242424e-05,-0.02775061789777103
confirmation,all_gene,2012-06,0.03426858531886978,8.904874012025856e-05,0.03413501220868939
confirmation,all_gene,2012-07,0.013690393121143396,5.070561374482492e-05,0.013614334700526158
confirmation,all_gene,2012-08,0.0013247898675625702,3.5730756165327916e-05,0.0012711937333145784
confirmation,all_gene,2012-09,0.009104216799748377,4.894037452645323e-05,0.009030806237958697
confirmation,all_gene,2012-10,-0.01709543701994598,3.370763960062551e-05,-0.01714599847934692
confirmation,all_gene,2012-11,0.03232835747903984,7.57238114031568e-05,0.0322147717619351
confirmation,all_gene,2012-12,-0.02273281204651323,3.0154872977495813e-05,-0.022778044355979472
confirmation,all_gene,2013-01,0.0508209948493108,4.7654427739653553e-05,0.05074951320770132
confirmation,all_gene,2013-02,0.03176769220934861,4.380224331007501e-05,0.031701988844383494
confirmation,all_gene,2013-03,0.05079862363744225,2.0116640089094943e-05,0.05076844867730861
confirmation,all_gene,2013-04,0.03774783101610657,8.791575299192406e-05,0.03761595738661869
confirmation,all_gene,2013-05,-0.022900148776330065,4.746153823645547e-05,-0.02297134108368475
confirmation,all_gene,2013-06,0.0020248351299720913,0.00011241947723165186,0.0018562059141246136
confirmation,all_gene,2013-07,0.029575915466499847,2.476629134770519e-05,0.02953876602947829
confirmation,all_gene,2013-08,-0.037482722340196006,4.4398571717509005e-05,-0.03754932019777227
confirmation,all_gene,2013-09,0.03438667258895478,2.9262497953752876e-05,0.03434277884202415
confirmation,all_gene,2013-10,0.056684206872181564,6.666815590311261e-05,0.0565842046383269
confirmation,all_gene,2013-11,0.0017325315876464131,6.0588966524474275e-05,0.0016416481378597016
confirmation,all_gene,2013-12,0.03923183423754639,4.1118166234116406e-05,0.03917015698819522
confirmation,all_gene,2014-01,-0.0383608657857899,6.862445043984706e-05,-0.03846380246144967
confirmation,all_gene,2014-02,0.025594123178728223,9.76797002140626e-05,0.025447603628407128
confirmation,all_gene,2014-03,0.0017968014151874545,4.578416064536758e-05,0.001728125174219403
confirmation,all_gene,2014-04,0.00413384740731515,8.767511682171462e-05,0.004002334732082578
confirmation,all_gene,2014-05,0.03995341550423093,2.803978618615536e-05,0.03991135582495169
confirmation,all_gene,2014-06,0.014925613530124338,1.7770929165239552e-05,0.014898957136376479
confirmation,all_gene,2014-07,-0.00900709893299223,4.1990202197817066e-05,-0.009070084236288956
confirmation,all_gene,2014-08,0.010364870632019851,3.1986928494652185e-05,0.010316890239277872
confirmation,all_gene,2014-09,-0.017916120721256257,3.239930573162726e-05,-0.017964719679853698
confirmation,all_gene,2014-10,0.01749274473298912,0.0001231213736420386,0.01730806267252606
confirmation,all_gene,2014-11,0.02699240347466003,1.1534020721532498e-05,0.026975102443577734
confirmation,all_gene,2014-12,-0.014530665848364488,8.001416379558931e-05,-0.014650687094057872
confirmation,all_gene,2015-01,-0.023082142324879706,8.647558479651022e-05,-0.02321185570207447
confirmation,all_gene,2015-02,0.057338298441891755,2.433979046224387e-05,0.05730178875619839
confirmation,all_gene,2015-03,-0.024023964226202232,7.620069445204193e-05,-0.024138265267880297
confirmation,all_gene,2015-04,0.008856178737401521,2.159860600418764e-05,0.00882378082839524
confirmation,all_gene,2015-05,0.015024254470426657,3.3964222806389965e-05,0.014973308136217072
confirmation,all_gene,2015-06,-0.015470365988076051,4.529515524088103e-05,-0.015538308720937373
confirmation,all_gene,2015-07,0.050811718634671044,4.976086460455994e-05,0.050737077337764204
confirmation,all_gene,2015-08,-0.041200273184816005,0.0001634410829831613,-0.04144543480929075
confirmation,all_gene,2015-09,-0.005795977354602022,0.0001475167987303816,-0.006017252552697594
confirmation,all_gene,2015-10,0.06797599637227414,7.12682154591841e-05,0.06786909404908537
confirmation,all_gene,2015-11,-0.009206835165542882,6.815378328686749e-05,-0.009309065840473182
confirmation,all_gene,2015-12,0.008029000163565003,0.00011446230582006147,0.00785730670483491
confirmation,all_gene,2016-01,0.0017308882275033355,0.00014112425169450228,0.001519201849961582
confirmation,all_gene,2016-02,0.0056710608081107505,6.791812492129825e-05,0.0055691836207288035
confirmation,all_gene,2016-03,0.04981984749002266,3.12830084166229e-05,0.04977292297739773
confirmation,all_gene,2016-04,0.002245892005087624,5.552529069389739e-05,0.002162604069046778
confirmation,all_gene,2016-05,0.007428854553477304,5.9619612605588124e-05,0.007339425134568922
confirmation,all_gene,2016-06,0.047450363030317355,9.451593079982567e-05,0.04730858913411762
confirmation,all_gene,2016-07,-0.0008120089128945684,3.2794604322880656e-05,-0.0008612008193788894
confirmation,all_gene,2016-08,-0.005921349935504194,1.2555335888580864e-05,-0.005940182939337065
confirmation,all_gene,2016-09,-0.02470609244248334,0.00010934747596222903,-0.024870113656426683
confirmation,all_gene,2016-10,-0.001591590853841196,2.9303475766662348e-05,-0.0016355460674911896
confirmation,all_gene,2016-11,-0.038975800601219524,0.00012102632696293649,-0.039157340091663925
confirmation,all_gene,2016-12,0.034471704141685766,3.8272331823029695e-05,0.03441429564395122
confirmation,all_gene,2017-01,0.016934889133461972,2.108262033860322e-05,0.016903265202954067
confirmation,all_gene,2017-02,0.037388195532292556,1.760474244435117e-05,0.03736178841862603
confirmation,all_gene,2017-03,0.008906519595956786,1.1958993541965554e-05,0.008888581105643837
confirmation,all_gene,2017-04,0.005037911998370115,1.9404074706139376e-05,0.005008805886310906
confirmation,all_gene,2017-05,0.03210240243000961,1.7131553110546628e-05,0.03207670510034379
confirmation,all_gene,2017-06,-0.011319715552194132,2.6605872362285674e-05,-0.01135962436073756
confirmation,all_gene,2017-07,-0.0007418458274358608,2.7571380010701055e-05,-0.0007832028974519124
confirmation,all_gene,2017-08,-0.017290689966443895,1.9654325444069248e-05,-0.017320171454609998
confirmation,all_gene,2017-09,-0.004076105777736427,1.665450919039169e-05,-0.0041010875415220145
confirmation,all_gene,2017-10,0.0020141913521518617,2.092849884042357e-05,0.0019827986038912265
confirmation,all_gene,2017-11,0.03926852063967301,2.7648824041362907e-05,0.039227047403610965
confirmation,all_gene,2017-12,0.017091989605996005,1.2690322821445191e-05,0.017072954121763836
confirmation,all_gene,2018-01,0.04126573780840004,2.918093238830028e-05,0.04122196640981759
confirmation,all_gene,2018-02,-0.020578952408169426,0.0002913757250108008,-0.021016015995685627
confirmation,all_gene,2018-03,-0.0279954707286606,0.00022753368803286026,-0.028336771260709888
confirmation,all_gene,2018-04,-0.0034028293819701183,0.0001840132466035268,-0.0036788492518754086
confirmation,all_gene,2018-05,0.06705456771094265,5.1211063166517455e-05,0.06697775111619288
confirmation,all_gene,2018-06,-0.0037535122817834443,8.150933247309473e-05,-0.0038757762804930863
confirmation,all_gene,2018-07,0.025707352955119722,0.00011017871362171194,0.025542084884687153
confirmation,all_gene,2018-08,0.07164285315780416,3.194551610614094e-05,0.07159493488364495
confirmation,all_gene,2018-09,-0.000563877354839426,5.152259073826488e-05,-0.0006411612409468234
confirmation,all_gene,2018-10,-0.08833533731123477,0.0004340751236272093,-0.08898644999667558
confirmation,all_gene,2018-11,-0.015755718592678214,0.0003364842582244816,-0.016260444980014936
confirmation,all_gene,2018-12,-0.08209500719879281,0.0005449148518602064,-0.08291237947658313
confirmation,all_gene,2019-01,0.09311865330775126,0.0003171603298449036,0.09264291281298391
confirmation,all_gene,2019-02,0.05650358279871193,5.0729478138532106e-05,0.05642748858150413
confirmation,all_gene,2019-03,0.03747248139608561,9.798089995857585e-05,0.037325510046147745
confirmation,all_gene,2019-04,0.05839304731882167,2.72535761523291e-05,0.05835216695459317
confirmation,all_gene,2019-05,-0.08550627581054782,0.00016073302251510066,-0.08574737534432046
confirmation,all_gene,2019-06,0.08001416474923606,0.0001451554549367177,0.07979643156683099
confirmation,all_gene,2019-07,0.036426893614499134,5.635198868903709e-05,0.036342365631465576
confirmation,all_gene,2019-08,-0.02598227668145503,0.0003131368530850394,-0.026451981961082588
confirmation,all_gene,2019-09,0.012802851193789433,9.258207839239131e-05,0.012663978076200845
confirmation,all_gene,2019-10,0.032657162112254445,0.00012033546263972551,0.032476658918294855
confirmation,all_gene,2019-11,0.052674890907199456,2.5558477460261122e-05,0.052636553191009065
confirmation,all_gene,2019-12,0.038217544078183785,3.6094339728069756e-05,0.03816340256859168
confirmation,all_gene,2020-01,0.03370984410936129,0.00012150353129588168,0.033527588812417464
confirmation,all_gene,2020-02,-0.07003526894580214,0.0003566085489556349,-0.0705701817692356
confirmation,all_gene,2020-03,-0.0976711962786998,0.0037293092677962766,-0.10326516018039422
confirmation,all_gene,2020-04,0.1500798266292287,0.000852306590564902,0.14880136674338135
confirmation,all_gene,2020-05,0.07646919764491655,0.00018635614357811418,0.07618966342954939
confirmation,all_gene,2020-06,0.057046589806769576,0.000313109263151551,0.05657692591204225
confirmation,all_gene,2020-07,0.0685771768682264,0.00019716676864509945,0.06828142671525875
confirmation,all_gene,2020-08,0.1064053082420231,0.0001144005857126329,0.10623370736345415
confirmation,all_gene,2020-09,-0.05227011422706618,0.0005045198681829871,-0.05302689402934066
confirmation,all_gene,2020-10,-0.01772878776062148,0.0002821504020551692,-0.01815201336370423
confirmation,all_gene,2020-11,0.10758993930737248,0.00022877589039270452,0.10724677547178343
confirmation,all_gene,2020-12,0.05076004758846486,5.039422047127234e-05,0.05068445625775796
confirmation,all_gene,2021-01,0.0057718025954689445,0.00019401941472940146,0.005480773473374842
confirmation,all_gene,2021-02,0.01356810426249977,0.00017826941490708213,0.013300700140139145
confirmation,all_gene,2021-03,0.008600838020014878,0.0003580125688782333,0.008063819166697529
confirmation,all_gene,2021-04,0.0640205743134874,0.0001158462855619312,0.0638468048851445
confirmation,all_gene,2021-05,-0.008664464599848931,0.00017836368379403419,-0.008932010125539982
confirmation,all_gene,2021-06,0.0673778871441546,5.7163311382854974e-05,0.06729214217708032
confirmation,all_gene,2021-07,0.036020168991595325,6.84696182654965e-05,0.03591746456419708
confirmation,all_gene,2021-08,0.046300863143185156,4.698822394353155e-05,0.04623038080726986
confirmation,all_gene,2021-09,-0.06152514881488935,9.922313721406995e-05,-0.061673983520710456
confirmation,all_gene,2021-10,0.08151394375089938,9.88362455407725e-05,0.08136568938258822
confirmation,all_gene,2021-11,0.014240185228304059,0.00012517515922278087,0.014052422489469887
confirmation,all_gene,2021-12,0.01673040790454805,0.0002676267308504472,0.01632896780827238
confirmation,all_gene,2022-01,-0.08425566001608553,0.0003606223817365183,-0.08479659358869031
confirmation,all_gene,2022-02,-0.04537610184437968,0.00048495643597120996,-0.0461035364983365
confirmation,all_gene,2022-03,0.03278807985731058,0.00047621729655806144,0.03207375391247349
confirmation,all_gene,2022-04,-0.12606457167483076,0.00047269700962315726,-0.1267736171892655
confirmation,all_gene,2022-05,-0.02070270591691903,0.0007254411258896667,-0.02179086760575353
confirmation,all_gene,2022-06,-0.0812923176606728,0.0005871270709689326,-0.0821730082671262
confirmation,all_gene,2022-07,0.11681578662840164,0.00034791662716508677,0.11629391168765402
confirmation,all_gene,2022-08,-0.0538253980420027,0.0002771910525872605,-0.05424118462088359
confirmation,all_gene,2022-09,-0.11483716964918145,0.0003013648552311145,-0.11528921693202812
confirmation,all_gene,2022-10,0.0485462695151766,0.0005493403853579703,0.04772225893713964
confirmation,all_gene,2022-11,0.05301002460437276,0.0007268143363522677,0.05191980309984436
confirmation,all_gene,2022-12,-0.07986765029975673,0.00025837092529705996,-0.08025520668770232
confirmation,all_gene,2023-01,0.09603655826915647,0.00020751633701767105,0.09572528376362996
confirmation,all_gene,2023-02,-0.0020040402048606687,0.0003044541581611525,-0.0024607214421023976
confirmation,all_gene,2023-03,0.10465949137385877,0.00018619612272149382,0.10438019718977654
confirmation,all_gene,2023-04,0.0023042774831778523,0.00012211851847347682,0.002121099705467637
confirmation,all_gene,2023-05,0.08560294260409229,0.00014516833141521313,0.08538519010696947
confirmation,all_gene,2023-06,0.0592612614865915,0.00011501285970546599,0.0590887421970333
confirmation,all_gene,2023-07,0.04248383016843649,7.90437884679769e-05,0.04236526448573452
confirmation,all_gene,2023-08,-0.016447226279735827,0.00015245350070110204,-0.01667590653078748
confirmation,all_gene,2023-09,-0.06035693719888291,8.978975312143456e-05,-0.06049162182856506
confirmation,all_gene,2023-10,-0.01834564734471078,0.0001619186050119801,-0.01858852525222875
confirmation,all_gene,2023-11,0.12054946011044132,7.7850141787882e-05,0.1204326848977595
confirmation,all_gene,2023-12,0.04639460256363437,5.241839443258334e-05,0.046315974971985495
confirmation,all_gene,2024-01,0.03105584421453056,0.00015929433235212478,0.030816902716002372
confirmation,all_gene,2024-02,0.06227199462765598,0.00015924105212790308,0.062033133049464124
confirmation,all_gene,2024-03,0.023711881706749205,0.00011080618403962944,0.023545672430689762
confirmation,all_gene,2024-04,-0.04395791441047381,0.00019118928557111352,-0.04424469833883048
confirmation,all_gene,2024-05,0.08084583351707986,9.721932894608537e-05,0.08070000452366073
confirmation,all_gene,2024-06,0.07571764347616194,9.733274846405618e-05,0.07557164435346586
confirmation,all_gene,2024-07,-0.01725741370467926,0.00027400634183818605,-0.017668423217436537
confirmation,all_gene,2024-08,0.013685409927527648,0.0002853254544587192,0.013257421745839569
confirmation,all_gene,2024-09,0.029367892725887357,0.00022310049989324355,0.02903324197604749
confirmation,all_gene,2024-10,-0.0020276510196148845,0.0001288901975541117,-0.002220986315946052
confirmation,all_gene,2024-11,0.04949498080827763,0.00011946723678960846,0.04931577995309322
confirmation,all_gene,2024-12,0.014259685763282182,0.00015284161892846875,0.01403042333488948
confirmation,controller,2005-01,0.006296324771362327,5.949072765268889e-05,0.006207088679883294
confirmation,controller,2005-02,0.08124493841390157,7.006630901266522e-05,0.08113983895038257
confirmation,controller,2005-03,-0.015949065433233822,6.857299410276162e-05,-0.016051924924387964
confirmation,controller,2005-04,-0.031660022588562375,0.0001437355909481572,-0.03187562597498461
confirmation,controller,2005-05,0.02811103617658306,8.078597288858428e-05,0.027989857217250183
confirmation,controller,2005-06,0.03534032885138183,3.669633800942645e-05,0.03528528434436769
confirmation,controller,2005-07,0.04785082830566445,7.21570439579282e-05,0.04774259273972756
confirmation,controller,2005-08,0.014390446070191132,5.57920092187337e-05,0.014306758056363032
confirmation,controller,2005-09,0.0346170509747985,5.2977874444879304e-05,0.034537584163131185
confirmation,controller,2005-10,-0.056731923652723615,0.0002510809456361977,-0.057108545071177914
confirmation,controller,2005-11,0.019192395681316032,5.357542833304527e-05,0.019112032538816465
confirmation,controller,2005-12,0.003509062292940568,4.801328514945543e-05,0.003437042365216385
confirmation,controller,2006-01,0.06542103799593346,6.969229446404616e-05,0.06531649955423739
confirmation,controller,2006-02,-0.025055442902616187,4.771289072998994e-05,-0.025127012238711173
confirmation,controller,2006-03,0.016847510881063066,5.05171659356684e-05,0.016771735132159564
confirmation,controller,2006-04,0.025532202019233896,5.891883157447361e-05,0.025443823771872185
confirmation,controller,2006-05,-0.016603977874605547,0.00010786695324276734,-0.016765778304469698
confirmation,controller,2006-06,0.018285472681263792,0.0001584444105324227,0.018047806065465157
confirmation,controller,2006-07,0.023663103444707234,7.937401096312653e-05,0.023544042428262545
confirmation,controller,2006-08,0.002204721142469168,1.5549421431911825e-05,0.0021813970103213005
confirmation,controller,2006-09,-0.005339423324837944,5.0988811984903164e-05,-0.005415906542815299
confirmation,controller,2006-10,0.0479769308725555,4.4549248284360075e-05,0.04791010700012896
confirmation,controller,2006-11,0.0428645087364663,4.352857342419286e-05,0.04279921587633001
confirmation,controller,2006-12,0.0020053803207997767,3.618735113783977e-05,0.001951099294093017
confirmation,controller,2007-01,0.008058346324693488,5.66837118038783e-05,0.007973320756987671
confirmation,controller,2007-02,-0.004322688152403553,8.638284851773845e-05,-0.004452262425180161
confirmation,controller,2007-03,0.03742829524827718,7.337772867673887e-05,0.03731822865526207
confirmation,controller,2007-04,0.04018775066113167,3.847973346878611e-05,0.040130031060928495
confirmation,controller,2007-05,0.04641954642923962,5.013659630218509e-05,0.046344341534786344
confirmation,controller,2007-06,-0.012950098496089746,0.00011321928285517621,-0.01311992742037251
confirmation,controller,2007-07,-0.026136371353572385,0.00016590243975749962,-0.026385225013208634
confirmation,controller,2007-08,0.009649081337271381,0.00023058993411481134,0.009303196436099163
confirmation,controller,2007-09,0.0377363038733558,0.00010413017501032526,0.03758010861084032
confirmation,controller,2007-10,0.035234122727360706,9.274828538269035e-05,0.03509500029928667
confirmation,controller,2007-11,-0.05763783980209147,0.0002501274231303194,-0.058013030936786954
confirmation,controller,2007-12,0.004797503027683447,0.00015330736136634832,0.004567541985633925
confirmation,controller,2008-01,-0.0828660432647782,0.0002422555762950529,-0.08322942662922078
confirmation,controller,2008-02,-0.01316248057160363,0.0001560147895726522,-0.013396502755962608
confirmation,controller,2008-03,-0.0007853166315983096,0.0002486585552121537,-0.0011583044644165401
confirmation,controller,2008-04,0.07029655297372805,9.430760793485944e-05,0.07015509156182577
confirmation,controller,2008-05,0.03812583193444907,5.9827376402984534e-05,0.038036090869844594
confirmation,controller,2008-06,-0.047170548707790694,0.00014293972395012798,-0.04738495829371588
confirmation,controller,2008-07,-0.05860466542479359,0.00014994102503266087,-0.05882957696234258
confirmation,controller,2008-08,0.016011519464448343,0.00013181963416069372,0.0158137900132073
confirmation,controller,2008-09,-0.10563755221119664,0.0009982905437336538,-0.10713498802679712
confirmation,controller,2008-10,-0.17151601601655952,0.0034176021102473465,-0.17664241918193055
confirmation,controller,2008-11,-0.07061922925297603,0.0013110450855557448,-0.07258579688130966
confirmation,controller,2008-12,0.027251875363200728,0.000614955561064679,0.02632944202160371
confirmation,controller,2009-01,-0.05684986403119763,0.0002934860265770462,-0.0572900930710632
confirmation,controller,2009-02,-0.09340875169902862,0.0003392867809628816,-0.09391768187047295
confirmation,controller,2009-03,0.0796089635250079,0.0006143013290352766,0.07868751153145499
confirmation,controller,2009-04,0.0682317908468677,0.00017430360780110608,0.06797033543516605
confirmation,controller,2009-05,0.042088053584875995,0.00017164026031035834,0.04183059319441046
confirmation,controller,2009-06,0.01804412781636211,0.00013278118021246466,0.017844956046043414
confirmation,controller,2009-07,0.07099775288237264,0.00011790990373747351,0.07082088802676643
confirmation,controller,2009-08,0.024372580454523174,6.569861170405538e-05,0.02427403253696709
confirmation,controller,2009-09,0.026259236752788073,5.645614135355671e-05,0.026174552540757737
confirmation,controller,2009-10,-0.017240510908454465,0.00013053510675271857,-0.017436313568583543
confirmation,controller,2009-11,0.0615460439096398,6.0447132630367774e-05,0.061455373210694254
confirmation,controller,2009-12,0.02716386336521759,4.287973346906806e-05,0.027099543765013986
confirmation,controller,2010-01,-0.017827272993606202,6.169005498002692e-05,-0.01791980807607624
confirmation,controller,2010-02,0.02872398294277545,9.018601864794714e-05,0.028588703914803528
confirmation,controller,2010-03,0.06704275359720824,5.8961934439381104e-05,0.06695431069554916
confirmation,controller,2010-04,0.03959216214056194,0.00011967242318658925,0.039412653505782054
confirmation,controller,2010-05,-0.08046698316180723,0.0005386924892099307,-0.08127502189562212
confirmation,controller,2010-06,-0.06580899238527438,0.00036947241520361224,-0.0663632010080798
confirmation,controller,2010-07,0.10960830581550884,0.0002406233605409301,0.10924737077469746
confirmation,controller,2010-08,-0.06217605830349915,0.0001908540741601425,-0.06246233941473936
confirmation,controller,2010-09,0.10726578401173548,0.0001410180355710493,0.1070542569583789
confirmation,controller,2010-10,0.05893226672141538,7.319759939186658e-05,0.05882247032232758
confirmation,controller,2010-11,0.02823445742308106,0.00011788193487821668,0.028057634520763736
confirmation,controller,2010-12,0.07771266194838411,5.257963122641822e-05,0.07763379250154448
confirmation,controller,2011-01,0.009962974870126429,0.0001766407342124043,0.009698013768807821
confirmation,controller,2011-02,0.010607605225098293,0.00011393843954967905,0.010436697565773775
confirmation,controller,2011-03,0.015059549566301733,0.00012823935286536474,0.014867190537003685
confirmation,controller,2011-04,0.02554401893454261,6.681776171682055e-05,0.02544379229196738
confirmation,controller,2011-05,-0.024375905090766592,9.220110255111343e-05,-0.024514206744593262
confirmation,controller,2011-06,-0.017933124822448687,0.00014257353437045582,-0.01814698512400437
confirmation,controller,2011-07,-0.009696370830345802,0.0001156983746858193,-0.00986991839237453
confirmation,controller,2011-08,-0.0722617398713381,0.0009984587513162625,-0.0737594279983125
confirmation,controller,2011-09,-0.0765660694024729,0.0003249659862687804,-0.07705351838187607
confirmation,controller,2011-10,0.0843988620574696,0.00023077280361507882,0.08405270285204698
confirmation,controller,2011-11,0.003815029104270673,0.0002644290107230532,0.003418385588186093
confirmation,controller,2011-12,0.019420763981782274,9.740416942170065e-05,0.019274657727649722
confirmation,controller,2012-01,0.024620661580027514,1.849300032677099e-05,0.02459292207953736
confirmation,controller,2012-02,0.04103382002166511,1.9373391612706363e-05,0.04100475993424605
confirmation,controller,2012-03,0.03769746099868754,3.492924152944227e-05,0.03764506713639337
confirmation,controller,2012-04,0.000141121461546323,8.101967820708075e-05,1.959194423570187e-05
confirmation,controller,2012-05,-0.04394564953405278,5.6540162901805466e-05,-0.04403045977840549
confirmation,controller,2012-06,0.03514992467819833,0.00010037611772204396,0.03499936050161526
confirmation,controller,2012-07,0.021220045792530895,5.5412402008550476e-05,0.021136927189518068
confirmation,controller,2012-08,0.003658870898604505,2.243193140261292e-05,0.0036252230015005856
confirmation,controller,2012-09,0.025681031456915582,3.329163303291767e-05,0.025631094007366205
confirmation,controller,2012-10,-0.00474307482677494,3.4736403761526154e-05,-0.00479517943241723
confirmation,controller,2012-11,-0.00027017786630090246,6.182752656556019e-05,-0.00036291915614924275
confirmation,controller,2012-12,-0.00025430006696824936,4.341892735654256e-05,-0.0003194284580030632
confirmation,controller,2013-01,0.056260942422118765,3.129764471047582e-05,0.05621399595505305
confirmation,controller,2013-02,0.017128995899486243,4.7639443569221686e-05,0.01705753673413241
confirmation,controller,2013-03,0.04748439163028606,2.5352259575925032e-05,0.04744636324092217
confirmation,controller,2013-04,0.028236444146279682,7.447810219318047e-05,0.02812472699298991
confirmation,controller,2013-05,0.005169428145742616,5.028385457174249e-05,0.005094002363885002
confirmation,controller,2013-06,0.002516811672921504,0.00012479224105813567,0.0023296233113343006
confirmation,controller,2013-07,0.04840448655636331,2.147709736135635e-05,0.04837227091032128
confirmation,controller,2013-08,-0.03041182485838345,4.6815789245833935e-05,-0.030482048542252203
confirmation,controller,2013-09,0.038072509065215865,2.4603546794305077e-05,0.038035603745024404
confirmation,controller,2013-10,0.04875175283927202,6.665642091682064e-05,0.04865176820789679
confirmation,controller,2013-11,0.01321992469478861,4.7039071295336105e-05,0.013149366087845605
confirmation,controller,2013-12,0.02814753993218222,3.253463547977607e-05,0.028098737978962555
confirmation,controller,2014-01,-0.039672536463699504,6.278107301433726e-05,-0.03976670807322101
confirmation,controller,2014-02,0.041891110936315146,7.530827677156264e-05,0.0417781485211578
confirmation,controller,2014-03,0.004190964566450184,3.946760157972833e-05,0.004131763164080591
confirmation,controller,2014-04,0.011078774640890021,7.482465214979884e-05,0.010966537662665322
confirmation,controller,2014-05,0.026489360543543228,2.1644178154637176e-05,0.02645689427631127
confirmation,controller,2014-06,0.02343360092777358,1.2792433535913514e-05,0.02341441227746971
confirmation,controller,2014-07,-0.01223209868114239,4.5740328228239346e-05,-0.012300709173484749
confirmation,controller,2014-08,0.025346213471431067,2.7122150118774544e-05,0.025305530246252907
confirmation,controller,2014-09,-0.02766580006457453,3.5833806981125295e-05,-0.027719550775046217
confirmation,controller,2014-10,0.03026347320252243,0.0001292322607217496,0.030069624811439804
confirmation,controller,2014-11,0.015366774767926472,1.2287714256217618e-05,0.015348343196542146
confirmation,controller,2014-12,0.00013647630368440744,0.00010440760507534546,-2.0135103928610763e-05
confirmation,controller,2015-01,-0.01094724226770516,0.00010671460412359897,-0.011107314173890558
confirmation,controller,2015-02,0.041825450555171395,4.49387908106278e-05,0.04175804236895545
confirmation,controller,2015-03,-0.006942058391687156,7.380568763754046e-05,-0.007052766923143466
confirmation,controller,2015-04,0.006624364660701154,3.587129116468128e-05,0.006570557723954132
confirmation,controller,2015-05,0.012196141244981362,4.429546453457529e-05,0.0121296980481795
confirmation,controller,2015-06,-0.019222015619763444,4.772696694713836e-05,-0.01929360607018415
confirmation,controller,2015-07,0.015360553611928784,5.713298285745118e-05,0.015274854137642608
confirmation,controller,2015-08,-0.05869892940490862,0.00027165762633015106,-0.05910641584440384
confirmation,controller,2015-09,-0.03616070830010454,0.00020372690054450983,-0.036466298650921304
confirmation,controller,2015-10,0.06748711724084178,6.015187491021057e-05,0.06739688942847646
confirmation,controller,2015-11,-0.0030309175920699705,4.971036701163314e-05,-0.00310548314258742
confirmation,controller,2015-12,-0.009963013313197377,0.00011657136747147585,-0.010137870364404592
confirmation,controller,2016-01,-0.027210157770613974,0.0001798453804793583,-0.027479925841333012
confirmation,controller,2016-02,0.004564381049266153,9.610077895281292e-05,0.004420229880836933
confirmation,controller,2016-03,0.06123422071349216,3.319069290646234e-05,0.06118443467413247
confirmation,controller,2016-04,0.005125713566636492,3.668138495757374e-05,0.005070691489200131
confirmation,controller,2016-05,0.010195103659007998,5.0439821539887046e-05,0.010119443926698167
confirmation,controller,2016-06,0.01998047997927066,0.00010979340828254622,0.01981578986684684
confirmation,controller,2016-07,0.0219661367805406,2.0253549669472587e-05,0.021935756456036393
confirmation,controller,2016-08,-0.00035202023313951614,1.1506832188420083e-05,-0.0003692804814221463
confirmation,controller,2016-09,-0.01103604228580013,9.267847553879414e-05,-0.011175059999108321
confirmation,controller,2016-10,-0.010529173897126487,1.9409653469356084e-05,-0.010558288377330522
confirmation,controller,2016-11,0.009099424670660827,5.295823768986348e-05,0.009019987314126033
confirmation,controller,2016-12,0.025694409103132365,2.9507829369566196e-05,0.025650147359078015
confirmation,controller,2017-01,0.01869705976881253,1.444943653618862e-05,0.018675385614008246
confirmation,controller,2017-02,0.03616084995794111,1.0297703699292732e-05,0.03614540340239217
confirmation,controller,2017-03,0.005491257544855355,1.6127459760665086e-05,0.005467066355214357
confirmation,controller,2017-04,0.009765294421084425,1.706486609352155e-05,0.009739697121944143
confirmation,controller,2017-05,0.02137373421674238,1.6628034110594958e-05,0.02134879216557649
confirmation,controller,2017-06,-0.0024926714121360494,2.3069751504032508e-05,-0.0025272760393920983
confirmation,controller,2017-07,0.009334408913806769,1.622376878442879e-05,0.009310073260630125
confirmation,controller,2017-08,-0.008021976277202025,2.431528244926411e-05,-0.008058449200875922
confirmation,controller,2017-09,0.010696508767636947,9.868341426901096e-06,0.010681706255496595
confirmation,controller,2017-10,0.013395840160556505,1.1595291698786426e-05,0.013378447223008325
confirmation,controller,2017-11,0.03998801886493353,1.7657098611960784e-05,0.039961533217015587
confirmation,controller,2017-12,0.015193011254173827,9.50860503232169e-06,0.015178748346625345
confirmation,controller,2018-01,0.04166487837295807,2.2716081574895514e-05,0.041630804250595725
confirmation,controller,2018-02,-0.046832307532050366,0.00020853814664010235,-0.04714511475201052
confirmation,controller,2018-03,-0.017514643112320094,9.778167395532715e-05,-0.017661315623253085
confirmation,controller,2018-04,0.0007843645035878755,0.00011957952224372656,0.0006049952202222856
confirmation,controller,2018-05,0.012750041554478342,3.723134634819457e-05,0.01269419453495605
confirmation,controller,2018-06,0.021694804266327417,2.401083191911735e-05,0.02165878801844874
confirmation,controller,2018-07,0.03732178821749277,2.2088562622146333e-05,0.03728865537355955
confirmation,controller,2018-08,0.052613396432919846,2.228792619810249e-05,0.05257996454362269
confirmation,controller,2018-09,0.008943005122111769,1.5099615427058962e-05,0.008920355698971181
confirmation,controller,2018-10,-0.07978900210781903,0.00019136774648068728,-0.08007605372754006
confirmation,controller,2018-11,0.035353046664021726,0.00015835837134824598,0.03511550910699936
confirmation,controller,2018-12,-0.08628368886108873,0.00039358399135643263,-0.08687406484812338
confirmation,controller,2019-01,0.0771399186928392,0.0001180447600141116,0.07696285155281804
confirmation,controller,2019-02,0.02174125597889609,3.2351561468209636e-05,0.021692728636693775
confirmation,controller,2019-03,0.020888143804628223,5.612048777601645e-05,0.0208039630729642
confirmation,controller,2019-04,0.028416047614892692,2.149748186782456e-05,0.028383801392090954
confirmation,controller,2019-05,-0.05317611732199212,7.214897282084446e-05,-0.05328434078122339
confirmation,controller,2019-06,0.06405296362894997,3.579663223582913e-05,0.06399926868059622
confirmation,controller,2019-07,0.01536415408692915,3.467447306812644e-05,0.01531214237732696
confirmation,controller,2019-08,-0.01082622311629855,0.00016962158260482426,-0.011080655490205786
confirmation,controller,2019-09,0.01617086281788871,3.448498066564605e-05,0.01611913534689024
confirmation,controller,2019-10,0.023528366400826783,5.328037896926623e-05,0.023448445832372884
confirmation,controller,2019-11,0.032552325551710615,1.2773538219585578e-05,0.03253316524438123
confirmation,controller,2019-12,0.024068511655317204,1.8481129689631028e-05,0.02404078996078276
confirmation,controller,2020-01,-0.004685663479109814,4.117044767311931e-05,-0.004747419150619493
confirmation,controller,2020-02,-0.07219814390631185,0.00020137781320317858,-0.07250021062611661
confirmation,controller,2020-03,-0.11074448235346324,0.0032784965490320747,-0.11566222717701134
confirmation,controller,2020-04,0.13543336224403202,0.0006086274014587197,0.13452042114184393
confirmation,controller,2020-05,0.04976726523649688,0.00017054350502377223,0.049511449978961224
confirmation,controller,2020-06,0.011712604251775227,0.0002695546238596167,0.011308272315985801
confirmation,controller,2020-07,0.08164889504480555,0.0001659873033388512,0.08139991408979727
confirmation,controller,2020-08,0.13012121495033635,7.102671993145182e-05,0.13001467487043916
confirmation,controller,2020-09,-0.05043109323830164,0.00044226183161310184,-0.05109448598572129
confirmation,controller,2020-10,-0.023892257049927923,0.00020242837380053558,-0.024195899610628728
confirmation,controller,2020-11,0.1701044038006727,0.00010567269051937048,0.16994589476489366
confirmation,controller,2020-12,0.07010330768139306,5.8918332112605084e-05,0.07001493018322415
confirmation,controller,2021-01,0.02307527735261128,0.0001711358350728903,0.022818573600001942
confirmation,controller,2021-02,-0.015566973825464236,0.0002472813938712889,-0.01593789591627117
confirmation,controller,2021-03,0.027311702440856456,0.000373191646630237,0.0267519149709111
confirmation,controller,2021-04,0.04484687975405066,0.0001139815516035888,0.044675907426645275
confirmation,controller,2021-05,-0.01814308032452583,0.0001448138867809795,-0.0183603011546973
confirmation,controller,2021-06,0.03433126417009613,4.851828502490269e-05,0.034258486742558776
confirmation,controller,2021-07,0.0011697779791424168,9.597928694121798e-05,0.0010258090487305898
confirmation,controller,2021-08,0.022007590795063425,6.575211565784023e-05,0.021908962621576666
confirmation,controller,2021-09,0.0003506339342420617,0.0001156952382492293,0.00017709107686821773
confirmation,controller,2021-10,0.0846209079763316,5.7549624463758644e-05,0.08453458353963596
confirmation,controller,2021-11,-0.02793789060305496,0.00012969809228149622,-0.028132437741477206
confirmation,controller,2021-12,0.040613048796315665,0.00014861874169777567,0.040390120683769
confirmation,controller,2022-01,0.026917284868969604,0.0001251058688354974,0.02672962606571636
confirmation,controller,2022-02,0.018808514123529463,0.0001277558625222198,0.018616880329746132
confirmation,controller,2022-03,0.05722188509179027,0.00011016356861190524,0.057056639738872414
confirmation,controller,2022-04,-0.04608591383278371,0.0001985138420706616,-0.0463836845958897
confirmation,controller,2022-05,0.04888613392893948,0.000443669712191431,0.048220629360652335
confirmation,controller,2022-06,-0.11256076316647068,0.0004022501918288143,-0.1131641384542139
confirmation,controller,2022-07,0.11213030541727531,0.000216824125879154,0.11180506922845658
confirmation,controller,2022-08,-0.004907647949210947,0.0001237336499989245,-0.005093248424209334
confirmation,controller,2022-09,-0.08610537359552273,0.00029014622590150315,-0.08654059293437498
confirmation,controller,2022-10,0.12419921517791987,0.00028668067946968645,0.12376919415871535
confirmation,controller,2022-11,0.024351209792542905,0.00028475867900470053,0.023924071774035854
confirmation,controller,2022-12,-0.07216777761531312,0.00014963848536793628,-0.07239223534336503
confirmation,controller,2023-01,0.017908679594822896,0.00010305047840864263,0.017754103877209933
confirmation,controller,2023-02,-0.045799857906452135,7.679172100113995e-05,-0.045915045487953846
confirmation,controller,2023-03,0.023773313671970442,0.00013310765285939137,0.023573652192681354
confirmation,controller,2023-04,0.022360051485559307,5.932797956970285e-05,0.022271059516204752
confirmation,controller,2023-05,-0.06050126891212948,6.930815139603085e-05,-0.060605231139223524
confirmation,controller,2023-06,0.04373957572688991,6.838320998060114e-05,0.04363700091191901
confirmation,controller,2023-07,0.04378184755279335,5.6590854097880716e-05,0.04369696127164653
confirmation,controller,2023-08,-0.02133330011028345,3.546678873791613e-05,-0.02138650029339032
confirmation,controller,2023-09,-0.021713359241341768,5.0093272660558915e-05,-0.021788499150332607
confirmation,controller,2023-10,-0.02307860989918642,7.631970930705551e-05,-0.023193089463147003
confirmation,controller,2023-11,0.08198317294604074,5.034072413204881e-05,0.08190766185984266
confirmation,controller,2023-12,0.0493183629466829,4.295223265682406e-05,0.04925393459769767
confirmation,controller,2024-01,0.007259245776136458,5.229768797400862e-05,0.007180799244175445
confirmation,controller,2024-02,0.046570885533246065,5.891939583443448e-05,0.04648250643949441
confirmation,controller,2024-03,0.029932951213421877,3.816695779057537e-05,0.029875700776736014
confirmation,controller,2024-04,-0.03628449186633098,8.034318916733205e-05,-0.03640500665008198
confirmation,controller,2024-05,0.044887689902296524,3.38473480876929e-05,0.044836918880164986
confirmation,controller,2024-06,0.034574234870151876,1.6129442448875244e-05,0.03455004070647856
confirmation,controller,2024-07,0.013774335327874976,8.38630212974052e-05,0.013648540795928869
confirmation,controller,2024-08,0.014167218055646469,0.0001621548446831262,0.013923985788621779
confirmation,controller,2024-09,0.025560957917524885,8.167613085205415e-05,0.025438443721246803
confirmation,controller,2024-10,-0.007703966628805237,4.194926134347105e-05,-0.0077668905208204434
confirmation,controller,2024-11,0.0623292226994403,5.7961424075409286e-05,0.06224228056332719
confirmation,controller,2024-12,-0.0190157116875187,8.033146287753807e-05,-0.019136208881835006
confirmation,equal_weight,2005-01,-0.021903670828340327,4.573396315789474e-05,-0.02197227177307717
confirmation,equal_weight,2005-02,0.02802884906223091,4.8414265497076026e-05,0.027956227663985294
confirmation,equal_weight,2005-03,-0.018257988703316852,3.800908484848485e-05,-0.01831500233058958
confirmation,equal_weight,2005-04,-0.030049610695806805,9.380897142857146e-05,-0.030190324152949664
confirmation,equal_weight,2005-05,0.038838015628809064,4.531885904761905e-05,0.03877003734023764
confirmation,equal_weight,2005-06,0.012283052082910473,2.554811601731602e-05,0.012244729908884498
confirmation,equal_weight,2005-07,0.0441953464891216,3.545758184210527e-05,0.04414216011635844
confirmation,equal_weight,2005-08,-0.0064783573703568464,3.347069644268774e-05,-0.006528563415020878
confirmation,equal_weight,2005-09,0.0049674794763883146,3.2434732857142865e-05,0.004918827377102601
confirmation,equal_weight,2005-10,-0.03172093990390179,0.00011800505904761905,-0.03189794749247322
confirmation,equal_weight,2005-11,0.029246166167317567,2.4381316190476192e-05,0.029209594193031853
confirmation,equal_weight,2005-12,0.0011140668982678736,2.2689544761904764e-05,0.0010800325811250165
confirmation,equal_weight,2006-01,0.04033857993597367,4.363070526315789e-05,0.04027313387807894
confirmation,equal_weight,2006-02,-0.00034782670071098476,3.196033391812867e-05,-0.0003957672015881778
confirmation,equal_weight,2006-03,0.01533932907802904,2.568695296442688e-05,0.0153007986485824
confirmation,equal_weight,2006-04,0.01117377275064002,3.0673994152046786e-05,0.01112776175941195
confirmation,equal_weight,2006-05,-0.01731702732077378,7.046497142857145e-05,-0.017422724777916638
confirmation,equal_weight,2006-06,0.008364769111639747,0.00010785419047619049,0.008202987825925462
confirmation,equal_weight,2006-07,0.0040139772708747135,8.379947368421054e-05,0.0038882780603483975
confirmation,equal_weight,2006-08,0.022552889468904436,2.1590840711462454e-05,0.02252050320783724
confirmation,equal_weight,2006-09,0.01735222457889929,2.7299560789473687e-05,0.017311275237715078
confirmation,equal_weight,2006-10,0.04084188976041547,2.231825367965368e-05,0.04080841237989599
confirmation,equal_weight,2006-11,0.02257001507483758,3.187139285714286e-05,0.022522207985551865
confirmation,equal_weight,2006-12,0.008652431268515226,1.9294515789473685e-05,0.008623489494831016
confirmation,equal_weight,2007-01,0.020123514036920254,2.3797532631578958e-05,0.020087817737972885
confirmation,equal_weight,2007-02,-0.01026550510943025,7.914080409356723e-05,-0.0103842163155706
confirmation,equal_weight,2007-03,0.016811403204979314,6.86989038961039e-05,0.01670835484913516
confirmation,equal_weight,2007-04,0.042339000862862575,2.6317606315789478e-05,0.04229952445338889
confirmation,equal_weight,2007-05,0.037127688188263175,3.465180714285714e-05,0.03707571047754889
confirmation,equal_weight,2007-06,-0.01335884546813515,7.527685571428571e-05,-0.013471760751706578
confirmation,equal_weight,2007-07,-0.03367182234381283,0.00011573097571428574,-0.03384541880738426
confirmation,equal_weight,2007-08,0.010165360116428657,0.00020868167272727274,0.009852337607337747
confirmation,equal_weight,2007-09,0.0342051826099512,9.564744502923978e-05,0.03406171144240734
confirmation,equal_weight,2007-10,0.021180974846098488,6.792920750988142e-05,0.021079081034833667
confirmation,equal_weight,2007-11,-0.03927340441332383,0.0002186002661904762,-0.039601304812609546
confirmation,equal_weight,2007-12,-0.002738556775225831,0.00011040106815789472,-0.002904158377462673
confirmation,equal_weight,2008-01,-0.06069225880485818,0.00019730967142857144,-0.06098822331200104
confirmation,equal_weight,2008-02,-0.02261917551751058,0.00016256695236842105,-0.022863025946063213
confirmation,equal_weight,2008-03,-0.005911293359033731,0.0002713674660526316,-0.0063183445581126785
confirmation,equal_weight,2008-04,0.047783634791124685,0.00010112728225108226,0.047631943867748064
confirmation,equal_weight,2008-05,0.02700184976961073,6.381684000000002e-05,0.026906124509610732
confirmation,equal_weight,2008-06,-0.08078188746052162,0.00014127268619047622,-0.08099379648980733
confirmation,equal_weight,2008-07,-0.012189314869392454,0.0001580928155844156,-0.012426454092769077
confirmation,equal_weight,2008-08,0.019593264467265836,0.00014721479571428575,0.019372442273694408
confirmation,equal_weight,2008-09,-0.09157770440153223,0.0008451572961904764,-0.09284544034581795
confirmation,equal_weight,2008-10,-0.1743562579232053,0.002550189335968379,-0.17818154192715788
confirmation,equal_weight,2008-11,-0.0594419295837576,0.0018788494842105266,-0.06226020381007339
confirmation,equal_weight,2008-12,0.017742724367906915,0.0008750117688311686,0.01643020671466016
confirmation,equal_weight,2009-01,-0.07367415077422013,0.0005202537463157896,-0.0744545313936938
confirmation,equal_weight,2009-02,-0.09889934628511432,0.00044812187602339185,-0.0995715290991494
confirmation,equal_weight,2009-03,0.08431059209989833,0.0008823883575757576,0.08298700956353469
confirmation,equal_weight,2009-04,0.11728193674312126,0.0003422249661904763,0.11676859929383555
confirmation,equal_weight,2009-05,0.0413025752965992,0.0002857295042105264,0.040873981040283405
confirmation,equal_weight,2009-06,0.010780711179683822,0.00017371341406926413,0.010520141058579926
confirmation,equal_weight,2009-07,0.0831135624598236,0.00017003867034632038,0.08285850445430412
confirmation,equal_weight,2009-08,0.024036831860321684,0.00010726197142857147,0.023875938903178826
confirmation,equal_weight,2009-09,0.03989364390300332,8.046683142857144e-05,0.03977294365586046
confirmation,equal_weight,2009-10,-0.018775051262714837,0.0001750881445887446,-0.019037683479597955
confirmation,equal_weight,2009-11,0.06033708687727768,0.00010001045157894736,0.06018707119990926
confirmation,equal_weight,2009-12,0.033983122005494026,4.153062857142858e-05,0.03392082606263688
confirmation,equal_weight,2010-01,-0.0325906740229589,9.580966725146201e-05,-0.03273438852383609
confirmation,equal_weight,2010-02,0.03325294114797028,0.00012581730058479535,0.03306421519709309
confirmation,equal_weight,2010-03,0.06043704694918306,3.0466081027667993e-05,0.06039134782764156
confirmation,equal_weight,2010-04,0.024264056458541905,8.167987285714288e-05,0.024141536649256192
confirmation,equal_weight,2010-05,-0.07524843747005716,0.0004074155252631579,-0.0758595607579519
confirmation,equal_weight,2010-06,-0.052864745047346395,0.00027525606341991345,-0.05327762914247627
confirmation,equal_weight,2010-07,0.07755274478529905,0.0001608359047619048,0.0773114909281562
confirmation,equal_weight,2010-08,-0.04096260132819196,0.0001316667956709957,-0.04116010152169845
confirmation,equal_weight,2010-09,0.09256133215262641,9.880816904761904e-05,0.09241311989905499
confirmation,equal_weight,2010-10,0.04184711156343379,5.05733061904762e-05,0.04177125160414808
confirmation,equal_weight,2010-11,0.01136896933675935,8.134846142857143e-05,0.011246946644616493
confirmation,equal_weight,2010-12,0.06293790980197889,2.7747983766233762e-05,0.06289628782632954
confirmation,equal_weight,2011-01,0.01458175521365912,5.1066750263157904e-05,0.014505155088264382
confirmation,equal_weight,2011-02,0.034890491621056174,5.355179532163743e-05,0.03481016392807372
confirmation,equal_weight,2011-03,0.01229052388505747,9.814220592885376e-05,0.012143310576164188
confirmation,equal_weight,2011-04,0.033826230292367976,3.853794842105264e-05,0.0337684233697364
confirmation,equal_weight,2011-05,-0.007679038090814716,4.9691003333333334e-05,-0.007753574595814716
confirmation,equal_weight,2011-06,-0.013841728880446103,0.00010866341233766233,-0.014004723998952596
confirmation,equal_weight,2011-07,-0.02765432593713335,9.510881473684209e-05,-0.027796989159238613
confirmation,equal_weight,2011-08,-0.054593854531648556,0.0008931839964426877,-0.05593363052631259
confirmation,equal_weight,2011-09,-0.07381301219237812,0.0003354431757142858,-0.07431617695594955
confirmation,equal_weight,2011-10,0.11451739187490606,0.00034311364476190476,0.1140027214077632
confirmation,equal_weight,2011-11,-0.003327573655310556,0.0003699089214285715,-0.0038824370374534135
confirmation,equal_weight,2011-12,0.010233798696140495,0.0001449796547619048,0.010016329213997638
confirmation,equal_weight,2012-01,0.04391734928851232,2.6790709473684208e-05,0.043877163224301796
confirmation,equal_weight,2012-02,0.04180948883756175,3.3753677894736846e-05,0.04175885832071964
confirmation,equal_weight,2012-03,0.024165660427549307,5.32606409090909e-05,0.02408576946618567
confirmation,equal_weight,2012-04,-0.007317619912698969,8.656176210526316e-05,-0.007447462555856864
confirmation,equal_weight,2012-05,-0.052977158343197384,6.324133246753248e-05,-0.05307202034189868
confirmation,equal_weight,2012-06,0.03200799609910998,0.00015556651571428575,0.03177464632553855
confirmation,equal_weight,2012-07,0.014877790322866291,7.901501904761906e-05,0.014759267794294862
confirmation,equal_weight,2012-08,0.019022037822441273,3.461088853754941e-05,0.01897012148963495
confirmation,equal_weight,2012-09,0.028666855659281065,5.202405614035088e-05,0.028588819575070538
confirmation,equal_weight,2012-10,-0.008312259160705993,4.63609061904762e-05,-0.008381800519991708
confirmation,equal_weight,2012-11,0.00788718440458891,9.002904142857143e-05,0.007752140842446052
confirmation,equal_weight,2012-12,0.01265929160704271,4.820208000000001e-05,0.01258698848704271
confirmation,equal_weight,2013-01,0.05482614413244469,3.906257333333334e-05,0.05476755027244469
confirmation,equal_weight,2013-02,0.013962457258657857,6.749825087719299e-05,0.013861209882342067
confirmation,equal_weight,2013-03,0.04324576079025477,2.1962057631578947e-05,0.0432128177038074
confirmation,equal_weight,2013-04,0.022740886559608153,8.54819670995671e-05,0.0226126636089588
confirmation,equal_weight,2013-05,0.01876996874121528,5.388006948051949e-05,0.0186891486369945
confirmation,equal_weight,2013-06,-0.007421724111220884,0.00012132928921052634,-0.007603718045036674
confirmation,equal_weight,2013-07,0.05672308557907724,2.0851808658008656e-05,0.056691807866090224
confirmation,equal_weight,2013-08,-0.02812742824924619,4.9656999350649366e-05,-0.02820191374827216
confirmation,equal_weight,2013-09,0.037355906289371354,2.863517789473684e-05,0.03731295352252925
confirmation,equal_weight,2013-10,0.04040708413020688,6.417565296442687e-05,0.04031082065076024
confirmation,equal_weight,2013-11,0.02174789162861046,3.8229805000000005e-05,0.02169054692111046
confirmation,equal_weight,2013-12,0.023703158039459327,3.0088614761904767e-05,0.023658025117316468
confirmation,equal_weight,2014-01,-0.0323739201535852,6.610210571428573e-05,-0.03247307331215663
confirmation,equal_weight,2014-02,0.04875804684134244,6.88093918128655e-05,0.04865483275362314
confirmation,equal_weight,2014-03,0.006047235114697624,4.209570142857144e-05,0.005984091562554767
confirmation,equal_weight,2014-04,0.008452890796762702,6.976955571428571e-05,0.008348236463191274
confirmation,equal_weight,2014-05,0.018600191624308593,2.724186904761905e-05,0.018559328820737166
confirmation,equal_weight,2014-06,0.027644587355614814,1.4294264761904765e-05,0.027623145958471956
confirmation,equal_weight,2014-07,-0.026793769186594263,4.28780893939394e-05,-0.026858086320685173
confirmation,equal_weight,2014-08,0.042406209350157154,2.276062476190476e-05,0.042372068413014295
confirmation,equal_weight,2014-09,-0.028917200184884417,3.5212864761904765e-05,-0.028970019482027275
confirmation,equal_weight,2014-10,0.02606776057664506,0.0001271948861660079,0.02587696824739605
confirmation,equal_weight,2014-11,0.02107922616384106,9.825400584795322e-06,0.021064488062963866
confirmation,equal_weight,2014-12,-0.0006327923841017435,0.00010061431341991346,-0.0007837138542316137
confirmation,equal_weight,2015-01,-0.024675862746292188,0.00010946373973684211,-0.024840058355897452
confirmation,equal_weight,2015-02,0.053560052877667186,3.837472865497077e-05,0.05350249078468473
confirmation,equal_weight,2015-03,-0.011365207098339103,7.405973961038963e-05,-0.011476296707754687
confirmation,equal_weight,2015-04,0.008431133421014092,3.020738571428572e-05,0.008385822342442664
confirmation,equal_weight,2015-05,0.007598367638997905,3.673039368421052e-05,0.007543272048471589
confirmation,equal_weight,2015-06,-0.01891951478746079,4.479901471861474e-05,-0.018986713309538713
confirmation,equal_weight,2015-07,0.008303825234172058,5.6030725541125555e-05,0.008219779145860369
confirmation,equal_weight,2015-08,-0.05704324813439021,0.0002534647261904762,-0.05742344522367593
confirmation,equal_weight,2015-09,-0.030319847972057223,0.00018709108571428578,-0.03060048460062865
confirmation,equal_weight,2015-10,0.07582601368205544,6.89935474025974e-05,0.07572252336095155
confirmation,equal_weight,2015-11,0.0016789742956231368,6.146152736842107e-05,0.0015867820045705051
confirmation,equal_weight,2015-12,-0.025647410724176645,0.00012717756645021648,-0.02583817707385197
confirmation,equal_weight,2016-01,-0.04713350969098418,0.0002288396052631579,-0.047476769098878914
confirmation,equal_weight,2016-02,0.006092114385255698,0.00012911735263157896,0.00589843835630833
confirmation,equal_weight,2016-03,0.07282576375086469,5.364308246753247e-05,0.07274529912716339
confirmation,equal_weight,2016-04,0.015621225945088968,4.2403942857142865e-05,0.015557620030803253
confirmation,equal_weight,2016-05,0.011070705550072946,4.777597142857144e-05,0.010999041592930088
confirmation,equal_weight,2016-06,0.009267683414544647,0.00012684309978354982,0.009077418764869323
confirmation,equal_weight,2016-07,0.03292523953655113,2.5241948421052632e-05,0.03288737661391955
confirmation,equal_weight,2016-08,-0.0037023499981287955,1.5355152173913042e-05,-0.003725382726389665
confirmation,equal_weight,2016-09,0.0023693924681240652,9.769237476190476e-05,0.002222853905981208
confirmation,equal_weight,2016-10,-0.02523631897262313,1.941848142857143e-05,-0.025265446694765985
confirmation,equal_weight,2016-11,0.04211245392078089,4.323111333333334e-05,0.04204760725078089
confirmation,equal_weight,2016-12,0.02284335797023518,2.9164770000000004e-05,0.02279961081523518
confirmation,equal_weight,2017-01,0.016867173575799255,2.0716245000000003e-05,0.016836099208299253
confirmation,equal_weight,2017-02,0.028338366168012774,1.1705931578947369e-05,0.028320807270644354
confirmation,equal_weight,2017-03,0.002855379949994852,2.6268996442687754e-05,0.0028159764553308203
confirmation,equal_weight,2017-04,0.008444439891543754,1.9943428654970764e-05,0.008414524748561298
confirmation,equal_weight,2017-05,0.007154082219751556,2.1830559307359314e-05,0.007121336380790517
confirmation,equal_weight,2017-06,0.004971628221862812,2.0964454545454547e-05,0.00494018154004463
confirmation,equal_weight,2017-07,0.017583932079070053,1.4858462105263156e-05,0.017561644385912158
confirmation,equal_weight,2017-08,-0.0034920485142660995,2.7887084584980238e-05,-0.0035338791411435697
confirmation,equal_weight,2017-09,0.026013673436600104,8.69143052631579e-06,0.02600063629081063
confirmation,equal_weight,2017-10,0.011379348093746078,1.0657595021645023e-05,0.01136336170121361
confirmation,equal_weight,2017-11,0.031806932016188894,1.5557974761904762e-05,0.031783595054046036
confirmation,equal_weight,2017-12,0.01149789453862371,1.3104427368421053e-05,0.011478237897571079
confirmation,equal_weight,2018-01,0.04116745811852751,3.0879609047619053e-05,0.04112113870495608
confirmation,equal_weight,2018-02,-0.0499523460682072,0.00024418823567251465,-0.05031862842171597
confirmation,equal_weight,2018-03,-0.015920593370711944,0.00011517991904761906,-0.01609336324928337
confirmation,equal_weight,2018-04,0.006631141252327,0.00010462449619047615,0.006474204508041285
confirmation,equal_weight,2018-05,0.018985393632849457,3.578174220779221e-05,0.01893172101953777
confirmation,equal_weight,2018-06,0.01702005220565983,2.2591636190476193e-05,0.016986164751374117
confirmation,equal_weight,2018-07,0.028091798387938738,2.0740070000000003e-05,0.02806068828293874
confirmation,equal_weight,2018-08,0.020763800053869685,2.4521498418972335e-05,0.020727017806241227
confirmation,equal_weight,2018-09,0.004083595465007583,1.1596500000000002e-05,0.004066200715007583
confirmation,equal_weight,2018-10,-0.05852994241822285,0.00015675190553359687,-0.058765070276523244
confirmation,equal_weight,2018-11,0.024686050466628195,0.00010802010333333336,0.024524020311628196
confirmation,equal_weight,2018-12,-0.09411268135887696,0.0003081374134502925,-0.0945748874790524
confirmation,equal_weight,2019-01,0.08224531196822982,0.00011098159333333335,0.08207883957822981
confirmation,equal_weight,2019-02,0.03235914469476464,2.414603216374269e-05,0.03232292564651903
confirmation,equal_weight,2019-03,0.010002646942500526,4.9384019047619046e-05,0.009928570913929097
confirmation,equal_weight,2019-04,0.03176850268610876,1.827524904761905e-05,0.03174108981253733
confirmation,equal_weight,2019-05,-0.06786089158673358,7.125403571428573e-05,-0.06796777264030501
confirmation,equal_weight,2019-06,0.07241274512504603,3.6740198947368424e-05,0.07235763482662498
confirmation,equal_weight,2019-07,0.0063461841307603795,2.5023766450216456e-05,0.006308648481085055
confirmation,equal_weight,2019-08,-0.020618263400672077,0.00018764583376623377,-0.02089973215132143
confirmation,equal_weight,2019-09,0.02181264130885885,2.8509737894736847e-05,0.021769876702016744
confirmation,equal_weight,2019-10,0.017521431908558815,5.9212143083003956e-05,0.01743261369393431
confirmation,equal_weight,2019-11,0.02794665646674699,1.3486541842105263e-05,0.02792642665398383
confirmation,equal_weight,2019-12,0.032750240467299685,2.101869571428572e-05,0.03271871242372826
confirmation,equal_weight,2020-01,-0.005986592532064905,4.0229983333333336e-05,-0.006046937507064905
confirmation,equal_weight,2020-02,-0.08447364284929182,0.0002392054877192982,-0.08483245108087077
confirmation,equal_weight,2020-03,-0.15343646471390238,0.003391582654545455,-0.15852383869572056
confirmation,equal_weight,2020-04,0.14969153712342065,0.0006935367290476191,0.14865123202984923
confirmation,equal_weight,2020-05,0.04813266613549527,0.0002980024260526316,0.04768566249641633
confirmation,equal_weight,2020-06,0.017867890283230103,0.00039324279567099575,0.01727802608972361
confirmation,equal_weight,2020-07,0.060697665882445406,9.407623225108227e-05,0.06055655153406878
confirmation,equal_weight,2020-08,0.0776967290025885,2.816563142857143e-05,0.07765448055544565
confirmation,equal_weight,2020-09,-0.04104218559270878,0.00023489235904761906,-0.04139452413128021
confirmation,equal_weight,2020-10,-0.02062107947627001,0.00015501231363636365,-0.020853597946724554
confirmation,equal_weight,2020-11,0.14805049861803243,0.0001277121144736842,0.1478589304463219
confirmation,equal_weight,2020-12,0.05172458716485262,3.633069458874459e-05,0.051670091122969504
confirmation,equal_weight,2021-01,0.0073566765478272345,0.00011931250935672516,0.007177707783792147
confirmation,equal_weight,2021-02,0.0281364496088361,9.319157017543861e-05,0.027996662253572942
confirmation,equal_weight,2021-03,0.04351069834873744,0.00012121221185770753,0.04332888003095088
confirmation,equal_weight,2021-04,0.04093157514903112,3.35996461904762e-05,0.040881175679745405
confirmation,equal_weight,2021-05,0.00380288499526249,7.709371868421053e-05,0.003687244417236174
confirmation,equal_weight,2021-06,0.020180579183440406,3.4436302380952377e-05,0.020128924729868977
confirmation,equal_weight,2021-07,0.0016152477303537083,5.8636436190476194e-05,0.001527293076067994
confirmation,equal_weight,2021-08,0.018516918344728905,3.7619961255411254e-05,0.01846048840284579
confirmation,equal_weight,2021-09,-0.026756728521795003,6.917946904761907e-05,-0.02686049772536643
confirmation,equal_weight,2021-10,0.07076899257911196,3.823860476190477e-05,0.0707116346719691
confirmation,equal_weight,2021-11,-0.022898390840481064,7.065781285714287e-05,-0.023004377559766778
confirmation,equal_weight,2021-12,0.04003725060723462,0.00010483553008658008,0.03987999731210475
confirmation,equal_weight,2022-01,-0.03347652075871921,0.00012981015236842105,-0.03367123598727184
confirmation,equal_weight,2022-02,-0.009505165222406409,0.00014547044678362575,-0.009723370892581847
confirmation,equal_weight,2022-03,0.04689602291972195,0.0001385971628458498,0.046688127175453176
confirmation,equal_weight,2022-04,-0.07416366607439362,0.00018878102631578945,-0.0744468376138673
confirmation,equal_weight,2022-05,0.01351911464871769,0.00037445362904761913,0.012957434205146261
confirmation,equal_weight,2022-06,-0.08185602800248704,0.00032751792285714285,-0.08234730488677275
confirmation,equal_weight,2022-07,0.09425158472897799,0.00012880119447368423,0.09405838293726747
confirmation,equal_weight,2022-08,-0.025817692146954396,0.00011614011739130436,-0.02599190232304135
confirmation,equal_weight,2022-09,-0.09002571960122019,0.00024043056142857147,-0.09038636544336305
confirmation,equal_weight,2022-10,0.08194235303684372,0.0002762835728571429,0.08152792767755801
confirmation,equal_weight,2022-11,0.03690199156506413,0.0002638104828571429,0.03650627584077842
confirmation,equal_weight,2022-12,-0.07056360761288416,0.00011374693571428572,-0.07073422801645558
confirmation,equal_weight,2023-01,0.07393491379357586,0.0001152532302631579,0.07376203394818112
confirmation,equal_weight,2023-02,-0.02345434915037503,7.508027602339181e-05,-0.02356696956441012
confirmation,equal_weight,2023-03,0.01791767238762021,0.0001356520201581028,0.017714194357383056
confirmation,equal_weight,2023-04,0.0004691897361579489,6.242459239766084e-05,0.0003755528475614576
confirmation,equal_weight,2023-05,-0.021317738571549727,6.093498095238094e-05,-0.021409141042978298
confirmation,equal_weight,2023-06,0.07715199603180412,4.295551571428573e-05,0.07708756275823268
confirmation,equal_weight,2023-07,0.0320363649687323,3.27398555263158e-05,0.03198725518544283
confirmation,equal_weight,2023-08,-0.018961225675788063,4.9574287747035566e-05,-0.019035587107408616
confirmation,equal_weight,2023-09,-0.03871305436005801,4.448127263157895e-05,-0.038779776269005375
confirmation,equal_weight,2023-10,-0.03843399249900026,8.15389515151515e-05,-0.038556300926272984
confirmation,equal_weight,2023-11,0.07542110779122435,6.976136285714285e-05,0.07531646574693864
confirmation,equal_weight,2023-12,0.04493725132345805,5.524802394736841e-05,0.044854379287536994
confirmation,equal_weight,2024-01,-0.01170085697023382,3.3600445714285714e-05,-0.011751257638805248
confirmation,equal_weight,2024-02,0.04235950805227162,4.735596736842105e-05,0.04228847410121899
confirmation,equal_weight,2024-03,0.03398838018953709,2.7271331315789474e-05,0.03394747319256341
confirmation,equal_weight,2024-04,-0.030653013287251563,6.371640519480521e-05,-0.03074858789504377
confirmation,equal_weight,2024-05,0.03210334700959172,3.794184502164503e-05,0.03204643424205925
confirmation,equal_weight,2024-06,0.008905319395979605,1.2461576023391813e-05,0.008886627031944518
confirmation,equal_weight,2024-07,0.039177095210494395,5.205166082251085e-05,0.03909901771926063
confirmation,equal_weight,2024-08,0.01629121913775844,0.00012763852056277058,0.016099761356914283
confirmation,equal_weight,2024-09,0.031236213077651565,5.333657342105263e-05,0.031156208217519986
confirmation,equal_weight,2024-10,-0.008616445856949428,3.572515375494071e-05,-0.00867003358758184
confirmation,equal_weight,2024-11,0.08337619916345829,7.189919368421053e-05,0.08326835037293197
confirmation,equal_weight,2024-12,-0.03972475289492705,7.476319904761906e-05,-0.03983689769349848
confirmation,localized,2005-01,-0.017590889219889716,4.657136111147815e-05,-0.017660746261556934
confirmation,localized,2005-02,0.029644652893138,5.096521189059445e-05,0.02956820507530211
confirmation,localized,2005-03,-0.012995568243039601,3.8923691407700576e-05,-0.013053953780151152
confirmation,localized,2005-04,-0.022514287735330485,9.4553196810644e-05,-0.02265611753054645
confirmation,localized,2005-05,0.0323321363561786,4.229354483665814e-05,0.032268696038923614
confirmation,localized,2005-06,0.011230410220427478,2.895503841685768e-05,0.011186977662802192
confirmation,localized,2005-07,0.046380881551550956,5.148633601895843e-05,0.04630365204752252
confirmation,localized,2005-08,0.010504251988520563,4.244885387482775e-05,0.010440578707708321
confirmation,localized,2005-09,0.025621724846825344,3.740754148834096e-05,0.025565613534592833
confirmation,localized,2005-10,-0.041729995441871726,0.00017505669872228322,-0.04199258048995515
confirmation,localized,2005-11,0.020731169787831627,3.7492219636415466e-05,0.020674931458377004
confirmation,localized,2005-12,0.0037791725078801797,3.553846301341494e-05,0.0037258648133600574
confirmation,localized,2006-01,0.0546868506226601,5.536214891056441e-05,0.054603807399294255
confirmation,localized,2006-02,-0.02144182067671563,3.909371209671699e-05,-0.021500461244860703
confirmation,localized,2006-03,0.02427190953481606,3.854826939460449e-05,0.024214087130724152
confirmation,localized,2006-04,0.021562132381194754,4.511649635569302e-05,0.021494457636661215
confirmation,localized,2006-05,-0.01382723150126719,8.9058879879808e-05,-0.013960819821086903
confirmation,localized,2006-06,0.012418971073230534,0.0001421277666882964,0.01220577942319809
confirmation,localized,2006-07,0.017667427574593164,7.872841246805351e-05,0.017549334955891085
confirmation,localized,2006-08,0.005232076145446296,1.3203634041805565e-05,0.005212270694383588
confirmation,localized,2006-09,-0.0005272891783473233,4.4537649412044584e-05,-0.0005940956524653901
confirmation,localized,2006-10,0.041533925308270936,4.648198744388848e-05,0.041464202327105106
confirmation,localized,2006-11,0.03711300706401888,4.13845630163896e-05,0.037050930219494294
confirmation,localized,2006-12,0.002809691829679828,3.231017640276803e-05,0.002761226565075676
confirmation,localized,2007-01,0.012530861887007472,4.715249225906603e-05,0.012460133148618872
confirmation,localized,2007-02,-0.011892876689017062,8.223666619171809e-05,-0.01201623168830464
confirmation,localized,2007-03,0.03248337035360138,6.894626660998039e-05,0.03237995095368641
confirmation,localized,2007-04,0.040165292700159005,3.750897363071339e-05,0.040109029239712934
confirmation,localized,2007-05,0.02460553172429658,3.1966616222849805e-05,0.024557581799962307
confirmation,localized,2007-06,-0.023143609344375538,9.792094334919831e-05,-0.023290490759399336
confirmation,localized,2007-07,-0.030871831396888982,0.00015166180875188982,-0.031099324110016816
confirmation,localized,2007-08,0.01158541564620097,0.00022589238787642857,0.011246577064386327
confirmation,localized,2007-09,0.05431039480240618,8.450541521749056e-05,0.05418363667957995
confirmation,localized,2007-10,0.037470409760722356,8.610718158680429e-05,0.03734124898834215
confirmation,localized,2007-11,-0.01816791259548467,0.0002109886914475391,-0.018484395632655977
confirmation,localized,2007-12,0.03175694682385144,0.00010929947981695319,0.03159299760412601
confirmation,localized,2008-01,-0.07295238890025157,0.00019522862373474748,-0.0732452318358537
confirmation,localized,2008-02,0.019723072691747223,0.00017683267559631558,0.01945782367835275
confirmation,localized,2008-03,-0.006073541390843373,0.00025746732031633346,-0.006459742371317873
confirmation,localized,2008-04,0.05981543217305485,6.992773336052024e-05,0.059710540573014066
confirmation,localized,2008-05,0.03847556058792678,5.862767095862403e-05,0.03838761908148885
confirmation,localized,2008-06,-0.011198356758961081,0.000134472776017191,-0.011400065922986868
confirmation,localized,2008-07,-0.08177492315322266,0.00017168238207955827,-0.082032446726342
confirmation,localized,2008-08,0.0047985335419620245,0.0001404888254768849,0.0045878003037466975
confirmation,localized,2008-09,-0.09295130217165548,0.0010138197617057107,-0.09447203181421404
confirmation,localized,2008-10,-0.12470567780347452,0.0030638188728200626,-0.12930140611270463
confirmation,localized,2008-11,-0.0034591152168634842,0.001610707801218132,-0.005875176918690682
confirmation,localized,2008-12,-0.01174355386324033,0.0006002439561509154,-0.012643919797466704
confirmation,localized,2009-01,-0.024750467819072086,0.0002485535097885446,-0.025123298083754905
confirmation,localized,2009-02,-0.11176156848544527,0.00032992493258876977,-0.11225645588432842
confirmation,localized,2009-03,0.04105719159020049,0.0005043918411195113,0.04030060382852123
confirmation,localized,2009-04,0.033352571376304097,0.00012179552340824851,0.03316987809119172
confirmation,localized,2009-05,0.06254225679032777,0.00019641904931664924,0.06224762821635279
confirmation,localized,2009-06,0.020774430514327813,0.00016135291978865,0.02053240113464484
confirmation,localized,2009-07,0.05402321025275403,0.00016641705121110827,0.05377358467593737
confirmation,localized,2009-08,0.005076761670796959,6.292171526283276e-05,0.00498237909790271
confirmation,localized,2009-09,0.03253378873076773,4.491005866029446e-05,0.03246642364277729
confirmation,localized,2009-10,-0.013332777637223625,0.00012175787073237843,-0.013515414443322193
confirmation,localized,2009-11,0.041904596009681105,8.815559977530912e-05,0.04177236261001814
confirmation,localized,2009-12,0.049256561452525105,4.194707987521378e-05,0.049193640832712285
confirmation,localized,2010-01,-0.05709767564360291,7.380593476483927e-05,-0.05720838454575017
confirmation,localized,2010-02,0.030174296910674636,0.00010163639114280026,0.030021842323960435
confirmation,localized,2010-03,0.06961189927207512,1.7911209537820805e-05,0.06958503245776838
confirmation,localized,2010-04,0.01966976736578996,6.629452488059138e-05,0.01957032557846907
confirmation,localized,2010-05,-0.060531788514731066,0.0003214067787162653,-0.06101389868280546
confirmation,localized,2010-06,-0.042667521944400155,0.000208923150445449,-0.042980906670068326
confirmation,localized,2010-07,0.08006770580511802,0.00011905189825507862,0.0798891279577354
confirmation,localized,2010-08,-0.026648092963037384,9.383357741610352e-05,-0.026788843329161538
confirmation,localized,2010-09,0.08711169932920382,8.470987525301765e-05,0.0869846345163243
confirmation,localized,2010-10,0.05254781743753689,4.2146408262830605e-05,0.05248459782514265
confirmation,localized,2010-11,-0.0010068940015840466,6.735518777329135e-05,-0.0011079267832439837
confirmation,localized,2010-12,0.060802654156596025,2.4816732545653522e-05,0.06076542905777754
confirmation,localized,2011-01,-0.00020350226349452605,5.3657511385373946e-05,-0.00028398853057258694
confirmation,localized,2011-02,0.047763311317345236,5.686804474177044e-05,0.04767800925023258
confirmation,localized,2011-03,0.01603318673065579,9.322866230602283e-05,0.015893343737196756
confirmation,localized,2011-04,0.03536066736908783,3.324555463639141e-05,0.03531079903713324
confirmation,localized,2011-05,0.0024407786543692023,4.770525568200015e-05,0.002369220770846202
confirmation,localized,2011-06,-0.01393291377591932,0.00010329428222406713,-0.014087855199255421
confirmation,localized,2011-07,-0.03489597617095708,9.126731790061042e-05,-0.03503287714780799
confirmation,localized,2011-08,-0.04076577849528651,0.0007068548170115357,-0.04182606072080381
confirmation,localized,2011-09,-0.05365120646251176,0.0002401951464451527,-0.054011499182179484
confirmation,localized,2011-10,0.07915265181871045,0.00022819865796123512,0.0788103538317686
confirmation,localized,2011-11,0.0030432847170811517,0.00028120171956754695,0.002621482137729831
confirmation,localized,2011-12,0.020914424762159545,9.58255588910886e-05,0.02077068642382291
confirmation,localized,2012-01,0.027086454293975493,1.8775721676312133e-05,0.027058290711461024
confirmation,localized,2012-02,0.04851363115555829,1.996110133881406e-05,0.048483689503550066
confirmation,localized,2012-03,0.031153194439401677,3.525303098512973e-05,0.03110031489292398
confirmation,localized,2012-04,0.009117465475732667,7.940006762472604e-05,0.008998365374295578
confirmation,localized,2012-05,-0.03500628778522563,4.2112322773719285e-05,-0.035069456269386214
confirmation,localized,2012-06,0.0340463444548571,0.00010557270794887118,0.0338879853929338
confirmation,localized,2012-07,0.012013461874120335,5.567691918705834e-05,0.011929946495339747
confirmation,localized,2012-08,0.008412209447507202,3.5195240278872344e-05,0.008359416587088893
confirmation,localized,2012-09,0.010293816780212017,4.755482071332248e-05,0.010222484549142034
confirmation,localized,2012-10,-0.024022351507736905,3.451981254771253e-05,-0.024074131226558475
confirmation,localized,2012-11,0.0291432632933164,7.993745298968693e-05,0.02902335711383187
confirmation,localized,2012-12,-0.017106863881976242,3.2045078846356496e-05,-0.017154931500245777
confirmation,localized,2013-01,0.05044933252424855,4.772015405066389e-05,0.050377752293172554
confirmation,localized,2013-02,0.030173414277158583,4.2559267581455125e-05,0.0301095753757864
confirmation,localized,2013-03,0.051567551278990154,2.015053338581804e-05,0.051537325478911426
confirmation,localized,2013-04,0.04405465836887301,6.086825819149787e-05,0.04396335598158577
confirmation,localized,2013-05,-0.0613828889198601,5.6529978832362786e-05,-0.061467683888108644
confirmation,localized,2013-06,0.009901847172432587,0.000129108461212092,0.00970818448061445
confirmation,localized,2013-07,0.07121728889683188,2.7417442684091006e-05,0.07117616273280573
confirmation,localized,2013-08,-0.035992604528514716,4.325569961979364e-05,-0.036057488077944407
confirmation,localized,2013-09,0.04208793725141269,2.8978685700807667e-05,0.04204446922286147
confirmation,localized,2013-10,0.0394677727390933,9.838624876840943e-05,0.039320193365940684
confirmation,localized,2013-11,0.03711070649931214,4.366269429181947e-05,0.03704521245787441
confirmation,localized,2013-12,0.011970677086135195,5.625332501030876e-05,0.011886297098619733
confirmation,localized,2014-01,0.007684494286111843,9.376237336692031e-05,0.007543850726061462
confirmation,localized,2014-02,0.058972863018623034,9.399621751630541e-05,0.05883186869234858
confirmation,localized,2014-03,-0.020555197565363614,8.287289703127477e-05,-0.020679506910910528
confirmation,localized,2014-04,-0.002263392099661976,0.00014486876109503827,-0.0024806952413045334
confirmation,localized,2014-05,0.022058903134241525,3.612855265972612e-05,0.022004710305251935
confirmation,localized,2014-06,0.027002640657730392,1.3576174206655567e-05,0.02698227639642041
confirmation,localized,2014-07,-0.002296338382499208,8.16549787533213e-05,-0.00241882085062919
confirmation,localized,2014-08,0.04685839571685135,3.148424981017386e-05,0.04681116934213609
confirmation,localized,2014-09,-0.008088275052478555,5.030346419218043e-05,-0.008163730248766826
confirmation,localized,2014-10,0.05112347449239296,0.00017501645895246992,0.05086094980396426
confirmation,localized,2014-11,0.024687632502617518,2.9762613919819743e-05,0.024642988581737788
confirmation,localized,2014-12,-0.006200824152853723,0.00013698168371145886,-0.006406296678420912
confirmation,localized,2015-01,0.006670527927425063,0.00011189187278922185,0.00650269011824123
confirmation,localized,2015-02,0.043119796588213744,5.919387182798183e-05,0.04303100578047177
confirmation,localized,2015-03,0.0030624959413565467,9.693075651332228e-05,0.0029170998065865634
confirmation,localized,2015-04,-0.01274282505934965,5.755868622864148e-05,-0.012829163088692612
confirmation,localized,2015-05,0.04084691121118911,5.369162138138436e-05,0.04076637377911703
confirmation,localized,2015-06,-0.0020106230611025566,6.722570014585956e-05,-0.0021114616113213458
confirmation,localized,2015-07,0.026124068411272017,8.679501926120946e-05,0.025993875882380203
confirmation,localized,2015-08,-0.07838111715855844,0.0002962432017198915,-0.07882548196113828
confirmation,localized,2015-09,-0.06107683534762365,0.00029909914389569553,-0.06152548406346719
confirmation,localized,2015-10,0.07490256938552564,0.0001746856578092842,0.07464054089881171
confirmation,localized,2015-11,0.009272713072283834,9.415901089313544e-05,0.00913147455594413
confirmation,localized,2015-12,-1.6612538568439028e-05,9.60984636100899e-05,-0.00016076023398357386
confirmation,localized,2016-01,-0.043987573566100724,0.00018040071256654244,-0.04425817463495054
confirmation,localized,2016-02,0.001320666142516247,0.00014948829369294632,0.0010964337019768273
confirmation,localized,2016-03,0.055392467767906295,3.099080028968745e-05,0.055345981567471766
confirmation,localized,2016-04,-0.005056086934701609,5.37540460645e-05,-0.005136718003798359
confirmation,localized,2016-05,0.009760688576272436,8.151127618163649e-05,0.009638421661999982
confirmation,localized,2016-06,0.00843088796442304,6.98509822772428e-05,0.008326111491007175
confirmation,localized,2016-07,0.03752662233510051,2.3506265245085646e-05,0.03749136293723288
confirmation,localized,2016-08,-0.013631834717120261,1.91182757176697e-05,-0.013660512130696766
confirmation,localized,2016-09,-0.006405201401489258,7.706067418058373e-05,-0.0065207924127601334
confirmation,localized,2016-10,-0.040616680032654284,3.4397671463358056e-05,-0.04066827653984932
confirmation,localized,2016-11,0.04162181744255311,5.9573684926121584e-05,0.041532456915163926
confirmation,localized,2016-12,-0.0022949736958300937,4.040641140731938e-05,-0.002355583312941073
confirmation,localized,2017-01,0.011645996812768233,1.5832262451963025e-05,0.011622248419090288
confirmation,localized,2017-02,0.029480814795379118,3.1149377939182265e-05,0.029434090728470343
confirmation,localized,2017-03,0.008048867801130122,2.1613147122424714e-05,0.008016448080446485
confirmation,localized,2017-04,0.026208219155382517,2.2633814352005448e-05,0.02617426843385451
confirmation,localized,2017-05,0.01706297250786437,2.5563448930599274e-05,0.01702462733446847
confirmation,localized,2017-06,-0.01876566088019782,4.014648499177161e-05,-0.018825880607685478
confirmation,localized,2017-07,0.0030619078903779684,2.917697626481796e-05,0.0030181424259807413
confirmation,localized,2017-08,-0.01469760879019244,4.616798221164283e-05,-0.014766860763509904
confirmation,localized,2017-09,0.022732677962380432,1.6806664146566205e-05,0.022707467966160584
confirmation,localized,2017-10,0.02585438457536071,2.320333696449773e-05,0.025819579569913965
confirmation,localized,2017-11,0.07370747824533397,3.5800468041170954e-05,0.07365377754327221
confirmation,localized,2017-12,0.02427135761198662,2.0526174837493312e-05,0.02424056834973038
confirmation,localized,2018-01,0.0887940372430518,3.7786083964686854e-05,0.08873735811710476
confirmation,localized,2018-02,-0.04480163378841284,0.00023881376987937192,-0.0451598544432319
confirmation,localized,2018-03,-0.02494213390529665,0.00014108866655384848,-0.025153766905127422
confirmation,localized,2018-04,0.03186994250006081,0.00017624432017396643,0.03160557601979986
confirmation,localized,2018-05,0.010641999737890595,4.091967991541889e-05,0.010580620218017468
confirmation,localized,2018-06,0.026315415007939658,3.5476202206538484e-05,0.02626220070462985
confirmation,localized,2018-07,0.032274735782627184,2.7034181749822324e-05,0.03223418451000245
confirmation,localized,2018-08,0.07413609597064696,3.274443321057161e-05,0.07408697932083111
confirmation,localized,2018-09,0.005780587654570013,2.9766591158870092e-05,0.005735937767831708
confirmation,localized,2018-10,-0.08823472482736872,0.0002558336346807518,-0.08861847527938985
confirmation,localized,2018-11,0.023612627664485464,0.00022741732150117033,0.023271501682233707
confirmation,localized,2018-12,-0.09187467043768394,0.0005060899936051217,-0.09263380542809162
confirmation,localized,2019-01,0.08276381339870298,0.00013315572818076914,0.08256407980643182
confirmation,localized,2019-02,0.008266160135219858,6.194915193757745e-05,0.008173236407313492
confirmation,localized,2019-03,0.033317595881917184,6.914898900346526e-05,0.03321387239841198
confirmation,localized,2019-04,0.04522748271823529,2.5326672632652777e-05,0.04518949270928631
confirmation,localized,2019-05,-0.0604253777157121,9.11522071585376e-05,-0.06056210602644991
confirmation,localized,2019-06,0.07190668966603586,4.98011025981074e-05,0.0718319880121387
confirmation,localized,2019-07,0.009083433942981056,3.224976672154586e-05,0.009035059292898738
confirmation,localized,2019-08,0.0007746131871781969,0.0002075359483944433,0.00046330926458653196
confirmation,localized,2019-09,0.008822710314221327,4.866815180217598e-05,0.008749708086518064
confirmation,localized,2019-10,0.010764353483125433,5.6286262778012074e-05,0.010679924088958414
confirmation,localized,2019-11,0.02641177574850473,1.647715813950615e-05,0.02638706001129547
confirmation,localized,2019-12,0.017821636844862487,2.5715681599730687e-05,0.01778306332246289
confirmation,localized,2020-01,0.013650673542599856,3.4981580272105244e-05,0.013598201172191697
confirmation,localized,2020-02,-0.06817293087494547,0.00022675189244435618,-0.068513058713612
confirmation,localized,2020-03,-0.08068531804925638,0.0025701238783954923,-0.08454050386684962
confirmation,localized,2020-04,0.1748990794180736,0.0004991097777668006,0.1741504147514234
confirmation,localized,2020-05,0.04974551705641761,0.00017336842357280503,0.0494854644210584
confirmation,localized,2020-06,0.017142736913621004,0.00022254392840965516,0.01680892102100652
confirmation,localized,2020-07,0.09817438990166116,0.00023172200771768943,0.09782680689008463
confirmation,localized,2020-08,0.16382250356629213,0.00015103300419431556,0.16359595406000066
confirmation,localized,2020-09,-0.04504445816427094,0.0005942764967604187,-0.04593587290941157
confirmation,localized,2020-10,-0.03403770666715766,0.00021963638118655888,-0.0343671612389375
confirmation,localized,2020-11,0.18238317129955117,0.00010064862280620806,0.18223219836534185
confirmation,localized,2020-12,0.08569465353222205,0.00010598488017495925,0.08553567621195962
confirmation,localized,2021-01,0.05802532110183023,0.00021208424781048423,0.0577071947301145
confirmation,localized,2021-02,-0.03144551423205311,0.00023059924515635242,-0.031791413099787634
confirmation,localized,2021-03,0.007273123966994088,0.00041380308797902036,0.006652419335025557
confirmation,localized,2021-04,0.041439189830213774,0.00012181375126113815,0.041256469203322065
confirmation,localized,2021-05,-0.02050209942441139,0.0001351692334080051,-0.0207048532745234
confirmation,localized,2021-06,0.05189845411533556,5.3187283934344505e-05,0.05181867318943404
confirmation,localized,2021-07,0.016575751916008574,6.855564959702409e-05,0.016472918441613037
confirmation,localized,2021-08,0.028178786423616264,5.612674108957334e-05,0.028094596311981905
confirmation,localized,2021-09,-0.028646002649466262,7.027861512796225e-05,-0.028751420572158206
confirmation,localized,2021-10,0.13098316594164694,9.246950889387425e-05,0.13084446167830613
confirmation,localized,2021-11,-0.008026351430348466,0.00017819102310970752,-0.008293637965013027
confirmation,localized,2021-12,0.01711752186911486,0.00025619623121586984,0.016733227522291054
confirmation,localized,2022-01,-0.08954411403117579,0.0004584468319396458,-0.09023178427908526
confirmation,localized,2022-02,-0.03736276879022615,0.00034061535139513093,-0.03787369181731885
confirmation,localized,2022-03,0.08437358762458991,0.00032116984252834164,0.08389183286079739
confirmation,localized,2022-04,-0.10855510018852998,0.00031023114112135864,-0.10902044690021202
confirmation,localized,2022-05,-0.032113173864756206,0.0006848014422945799,-0.033140376028198075
confirmation,localized,2022-06,-0.06364437992803695,0.0005169947734724336,-0.06441987208824561
confirmation,localized,2022-07,0.12192748950353272,0.00018244112235743436,0.12165382781999656
confirmation,localized,2022-08,-0.043285959841546484,0.00015380084103251872,-0.04351666110309526
confirmation,localized,2022-09,-0.05231939963337029,0.00030704098992309626,-0.052779961118254934
confirmation,localized,2022-10,0.024484783537285226,0.0003763907291886409,0.023920197443502263
confirmation,localized,2022-11,0.06004243233426565,0.00014306102117665433,0.05982784080250067
confirmation,localized,2022-12,-0.015302051744478518,7.783513797191142e-05,-0.015418804451436384
confirmation,localized,2023-01,-0.01002639584126086,6.904762515019828e-05,-0.010129967278986157
confirmation,localized,2023-02,-0.048118160334078675,6.344878753295051e-05,-0.0482133335153781
confirmation,localized,2023-03,0.009674983000178328,0.00017355206515120707,0.009414654902451518
confirmation,localized,2023-04,0.033204371806612176,0.0001094205415998008,0.033040240994212475
confirmation,localized,2023-05,-0.0674400806505705,9.552201061713411e-05,-0.0675833636664962
confirmation,localized,2023-06,0.056698845072111315,6.501519652568287e-05,0.05660132227732279
confirmation,localized,2023-07,0.03933688331416074,6.099921239103825e-05,0.03924538449557419
confirmation,localized,2023-08,0.008730859953072656,4.142823425824865e-05,0.008668717601685283
confirmation,localized,2023-09,-0.032904825490320366,4.927007567093319e-05,-0.032978730603826764
confirmation,localized,2023-10,-0.03336089251964747,5.732212533049638e-05,-0.03344687570764321
confirmation,localized,2023-11,0.046479710364068394,6.20223514458271e-05,0.046386676836899655
confirmation,localized,2023-12,0.05074006416564503,4.63921915219453e-05,0.05067047587836211
confirmation,localized,2024-01,0.019994772470913746,2.7644669397376578e-05,0.019953305466817683
confirmation,localized,2024-02,0.057382381653526604,4.851666625360168e-05,0.0573096066541462
confirmation,localized,2024-03,0.043169914687810174,2.3484589356285573e-05,0.043134687803775745
confirmation,localized,2024-04,-0.042033217251019606,4.449922329577198e-05,-0.04209996608596327
confirmation,localized,2024-05,0.022243587008154098,3.4321945537183664e-05,0.02219210408984832
confirmation,localized,2024-06,0.017332539759355114,1.4867999171142874e-05,0.0173102377605984
confirmation,localized,2024-07,0.015444124030294715,2.7331660271765986e-05,0.015403126539887065
confirmation,localized,2024-08,0.024720270547105905,0.00012275178483321872,0.024536142869856076
confirmation,localized,2024-09,-0.0017951791964170294,4.691958452125553e-05,-0.0018655585731989126
confirmation,localized,2024-10,-0.01517394264261751,2.5636645698443003e-05,-0.015212397611165175
confirmation,localized,2024-11,0.05185235135888755,5.1696760824853986e-05,0.051774806217650265
confirmation,localized,2024-12,-0.06222315756798957,6.223441939103056e-05,-0.06231650919707612
confirmation,min_variance,2005-01,0.00203012865285368,3.250726549529386e-05,0.0019813677546107393
confirmation,min_variance,2005-02,0.010639559141295107,4.7866511873079614e-05,0.010567759373485489
confirmation,min_variance,2005-03,-0.002032424854773729,3.909574439726596e-05,-0.002091068471369628
confirmation,min_variance,2005-04,-0.006851463535463731,6.624242354521167e-05,-0.006950827170781548
confirmation,min_variance,2005-05,0.018846947586140583,2.0036486203221228e-05,0.01881689285683575
confirmation,min_variance,2005-06,0.008267123477630145,1.5024568947825586e-05,0.008244586624208407
confirmation,min_variance,2005-07,0.029773838281581533,3.108733771443821e-05,0.029727207275009875
confirmation,min_variance,2005-08,-0.0017999583259608043,2.9120788347686765e-05,-0.0018436395084823344
confirmation,min_variance,2005-09,-0.0005917483955730773,3.122124670952124e-05,-0.0006385802656373593
confirmation,min_variance,2005-10,-0.03312598493014751,7.375578312128828e-05,-0.033236618604829446
confirmation,min_variance,2005-11,0.0189409944976362,1.9747752159166005e-05,0.01891137286939745
confirmation,min_variance,2005-12,-0.0033322514209230825,1.3112945608980967e-05,-0.003351920839336554
confirmation,min_variance,2006-01,0.0187825063582594,3.2997942860761935e-05,0.018733009443968256
confirmation,min_variance,2006-02,0.018365614477715564,3.17263185552234e-05,0.018318024999882727
confirmation,min_variance,2006-03,0.01010594525555919,1.669512543576629e-05,0.01008090256740554
confirmation,min_variance,2006-04,0.006226546356500107,1.9704854574901444e-05,0.006196989074637754
confirmation,min_variance,2006-05,0.008034999444382684,4.471535749205783e-05,0.007967926408144598
confirmation,min_variance,2006-06,0.008497803012110783,4.843942643172175e-05,0.0084251438724632
confirmation,min_variance,2006-07,0.03374405322341678,4.8964474699278686e-05,0.033670606511367863
confirmation,min_variance,2006-08,0.02959540447119613,1.461051825399674e-05,0.029573488693815136
confirmation,min_variance,2006-09,-0.0022506950515692736,1.3154917682833567e-05,-0.002270427428093524
confirmation,min_variance,2006-10,0.028622164501584058,1.78711966745437e-05,0.028595357706572243
confirmation,min_variance,2006-11,0.015316066921865268,2.294612249147412e-05,0.015281647738128056
confirmation,min_variance,2006-12,0.019513780667336666,1.2354595233682707e-05,0.01949524877448614
confirmation,min_variance,2007-01,0.015073783021745779,1.4250911232767816e-05,0.015052406654896627
confirmation,min_variance,2007-02,-0.009201376210410617,5.794096922801473e-05,-0.009288287664252638
confirmation,min_variance,2007-03,0.024648094701537282,5.5001501422704983e-05,0.024565592449403224
confirmation,min_variance,2007-04,0.04195606844388644,2.007784388383395e-05,0.04192595167806069
confirmation,min_variance,2007-05,0.02252771225277117,2.6230377037209235e-05,0.022488366687215357
confirmation,min_variance,2007-06,-0.022880796478570442,6.847840341847651e-05,-0.022983514083698156
confirmation,min_variance,2007-07,-0.04095823757432593,8.129459911871194e-05,-0.041080179473004
confirmation,min_variance,2007-08,0.019661198123717805,0.00011566671660371312,0.019487698048812233
confirmation,min_variance,2007-09,0.03766365569578145,5.5839149906040325e-05,0.03757989697092239
confirmation,min_variance,2007-10,0.01898883259498052,3.44095769443121e-05,0.01893721822956405
confirmation,min_variance,2007-11,0.005127461625303198,0.00013573253183453478,0.004923862827551396
confirmation,min_variance,2007-12,-0.026125410664344928,6.192306866378743e-05,-0.02621829526734061
confirmation,min_variance,2008-01,-0.04867975695390103,0.00013860131150548907,-0.04888765892115927
confirmation,min_variance,2008-02,-0.006192193366891696,9.626634456314686e-05,-0.006336592883736417
confirmation,min_variance,2008-03,-0.005021406920573512,0.0001267027504672594,-0.0052114610462744015
confirmation,min_variance,2008-04,-0.0014695295016464716,6.548836345948069e-05,-0.0015677620468356925
confirmation,min_variance,2008-05,0.023855663934213123,4.7632642200846525e-05,0.023784214970911852
confirmation,min_variance,2008-06,-0.04971122410856532,8.192353231433585e-05,-0.04983410940703682
confirmation,min_variance,2008-07,0.048758362024978075,5.892348629419952e-05,0.04866997679553677
confirmation,min_variance,2008-08,0.01587183398979941,8.244392083497532e-05,0.01574816810854695
confirmation,min_variance,2008-09,-0.060109585079853534,0.00040588643912394494,-0.06071841473853945
confirmation,min_variance,2008-10,-0.12070410459310355,0.0017647928985573757,-0.1233512939409396
confirmation,min_variance,2008-11,-0.05842439409609579,0.0009456561450854628,-0.05984287831372398
confirmation,min_variance,2008-12,0.038369893384542886,0.0004495233006897032,0.03769560843350833
confirmation,min_variance,2009-01,-0.03901928995939685,0.0001605922904748113,-0.03926017839510907
confirmation,min_variance,2009-02,-0.09025537862857314,0.0002899111612397562,-0.09069024537043277
confirmation,min_variance,2009-03,0.06821064474420857,0.000378154093342323,0.06764341360419508
confirmation,min_variance,2009-04,0.029405392114747686,8.409992825897508e-05,0.029279242222359222
confirmation,min_variance,2009-05,0.06828267787455111,9.071092839311299e-05,0.06814661148196144
confirmation,min_variance,2009-06,0.018233608088465747,0.0001081546565457185,0.01807137610364717
confirmation,min_variance,2009-07,0.06647986370400227,9.63399493766307e-05,0.06633535377993732
confirmation,min_variance,2009-08,0.013051899189945981,3.4439930974449875e-05,0.013000239293484307
confirmation,min_variance,2009-09,0.03460527136947644,3.069626751758394e-05,0.03455922696820007
confirmation,min_variance,2009-10,-0.018174376370696743,7.613080916915909e-05,-0.01828857258445048
confirmation,min_variance,2009-11,0.05117179515895054,5.3121149727642186e-05,0.05109211343435908
confirmation,min_variance,2009-12,0.025974562873355422,4.32889455742007e-05,0.025909629454994122
confirmation,min_variance,2010-01,-0.016972537858603864,5.589488659095046e-05,-0.01705638018849029
confirmation,min_variance,2010-02,0.0187138338008479,9.225326558829157e-05,0.018575453902465462
confirmation,min_variance,2010-03,0.05341349853049859,2.0428154317434683e-05,0.05338285629902244
confirmation,min_variance,2010-04,-0.013927399962366027,4.31029412049564e-05,-0.013992054374173462
confirmation,min_variance,2010-05,-0.06343954236244675,0.00022605623183326806,-0.06377862671019666
confirmation,min_variance,2010-06,-0.0206575005438977,0.00014831090473831627,-0.020879966901005173
confirmation,min_variance,2010-07,0.055170902665235166,8.665984535310479e-05,0.05504091289720551
confirmation,min_variance,2010-08,-0.012986588495092932,7.72783317817972e-05,-0.013102505992765629
confirmation,min_variance,2010-09,0.06784801078353686,5.622637969583538e-05,0.06776367121399311
confirmation,min_variance,2010-10,0.038965662892959996,2.9810979568009682e-05,0.03892094642360798
confirmation,min_variance,2010-11,-0.008382256579617553,4.820004470268206e-05,-0.008454556646671576
confirmation,min_variance,2010-12,0.046046768972543006,1.916657784569185e-05,0.046018019105774466
confirmation,min_variance,2011-01,-0.020456875551313813,2.4360410770725472e-05,-0.020493416167469903
confirmation,min_variance,2011-02,0.04320353902821572,2.2634205772351107e-05,0.043169587719557194
confirmation,min_variance,2011-03,0.02737104804853896,5.965876409842368e-05,0.027281559902391325
confirmation,min_variance,2011-04,0.048927298669213526,2.0724646481087067e-05,0.0488962116994919
confirmation,min_variance,2011-05,0.020024376737819427,2.9826294860731875e-05,0.01997963729552833
confirmation,min_variance,2011-06,-0.011109272414499105,6.897515246021952e-05,-0.011212735143189434
confirmation,min_variance,2011-07,-0.004557686135130412,5.283211206919781e-05,-0.004636934303234209
confirmation,min_variance,2011-08,-0.0030935670497940215,0.0005246861963102181,-0.0038805963442593485
confirmation,min_variance,2011-09,-0.03945574346316283,0.0001770813607548264,-0.039721365504295066
confirmation,min_variance,2011-10,0.0645115301072805,0.00014124378467782406,0.06429966443026376
confirmation,min_variance,2011-11,0.012802786094912921,0.0001822634206332184,0.012529390963963093
confirmation,min_variance,2011-12,0.022786708750357265,7.651997759635183e-05,0.022671928783962736
confirmation,min_variance,2012-01,-0.006901408671395326,2.343096557007816e-05,-0.006936555119750444
confirmation,min_variance,2012-02,0.031123821170525146,9.772952313159917e-06,0.031109161742055406
confirmation,min_variance,2012-03,0.03143605268991334,2.3440024567894257e-05,0.0314008926530615
confirmation,min_variance,2012-04,0.011092206920124692,4.621455768550052e-05,0.011022885083596442
confirmation,min_variance,2012-05,-0.01966757011987541,3.147693315853541e-05,-0.019714785519613212
confirmation,min_variance,2012-06,0.03431739086713437,6.292797500748374e-05,0.034222998904623145
confirmation,min_variance,2012-07,0.023350606010630992,4.4775486573822985e-05,0.02328344278077026
confirmation,min_variance,2012-08,-0.014309051255710137,2.6630487149976893e-05,-0.014348996986435103
confirmation,min_variance,2012-09,0.017295469197190716,3.2266299627345944e-05,0.017247069747749696
confirmation,min_variance,2012-10,0.0015557666496945899,2.697058501707253e-05,0.001515310772168981
confirmation,min_variance,2012-11,-0.013821692919815054,5.3772431206986905e-05,-0.013902351566625535
confirmation,min_variance,2012-12,-0.006253838494572839,4.311120062854068e-05,-0.00631850529551565
confirmation,min_variance,2013-01,0.05425699613975987,3.387183701452609e-05,0.05420618838423808
confirmation,min_variance,2013-02,0.023161090349432367,3.6289121370091594e-05,0.02310665666737723
confirmation,min_variance,2013-03,0.05626000559728528,1.8986482904577956e-05,0.056231525872928415
confirmation,min_variance,2013-04,0.04467362288702503,5.64012937775831e-05,0.04458902094635866
confirmation,min_variance,2013-05,-0.0477444946900113,5.224774155040195e-05,-0.0478228663023369
confirmation,min_variance,2013-06,0.0035052841580445193,0.00011600737111941385,0.0033312731013653988
confirmation,min_variance,2013-07,0.04833786276560259,2.5640525142142338e-05,0.04829940197788938
confirmation,min_variance,2013-08,-0.04030230348292185,3.843985194571412e-05,-0.040359963260840424
confirmation,min_variance,2013-09,0.02612398877289679,3.670549575576331e-05,0.026068930529263144
confirmation,min_variance,2013-10,0.042888556557871826,5.16451373713793e-05,0.042811088851814755
confirmation,min_variance,2013-11,0.013853693690515367,2.9787967558279127e-05,0.01380901173917795
confirmation,min_variance,2013-12,0.019311315469857426,2.7697941515266842e-05,0.019269768557584527
confirmation,min_variance,2014-01,-0.029593202347360403,5.092443675460605e-05,-0.02966958900249231
confirmation,min_variance,2014-02,0.040936392117113085,5.2513265475404846e-05,0.04085762221889998
confirmation,min_variance,2014-03,0.01330574486645597,3.1707374745664025e-05,0.013258183804337475
confirmation,min_variance,2014-04,0.01294430195599472,4.06699033171622e-05,0.012883297101018976
confirmation,min_variance,2014-05,0.02002571999273317,2.288548321577609e-05,0.019991391767909508
confirmation,min_variance,2014-06,0.030301382841155577,1.864754936320998e-05,0.030273411517110764
confirmation,min_variance,2014-07,-0.04170598382472601,3.3212558756922234e-05,-0.04175580266286139
confirmation,min_variance,2014-08,0.0471900620191128,2.1277267014672037e-05,0.047158146118590795
confirmation,min_variance,2014-09,-0.015317575741062961,3.0373685683449343e-05,-0.015363136269588134
confirmation,min_variance,2014-10,0.03900660684490376,6.685450396400203e-05,0.038906325088957756
confirmation,min_variance,2014-11,0.03371836009002971,1.5590676648223605e-05,0.03369497407505737
confirmation,min_variance,2014-12,-0.00675496677837073,8.286252959931522e-05,-0.006879260572769703
confirmation,min_variance,2015-01,-0.0037329393301246405,7.825112055490306e-05,-0.003850316010956995
confirmation,min_variance,2015-02,0.03132162462543042,3.7766671314468875e-05,0.031264974618458716
confirmation,min_variance,2015-03,-0.017262797637073946,7.61724527245343e-05,-0.017377056316160745
confirmation,min_variance,2015-04,0.008764268506043837,2.3596733647375214e-05,0.008728873405572775
confirmation,min_variance,2015-05,0.009869470699265914,2.989365183736401e-05,0.009824630221509869
confirmation,min_variance,2015-06,-0.015603548427070568,4.002837052019347e-05,-0.015663590982850858
confirmation,min_variance,2015-07,0.040860353096369595,4.478988880093253e-05,0.04079316826316819
confirmation,min_variance,2015-08,-0.05121990955159783,0.00017502952550879644,-0.051482453839861025
confirmation,min_variance,2015-09,-0.009270950396243038,0.00014338218790001483,-0.00948602367809306
confirmation,min_variance,2015-10,0.06525358765774958,6.262397727422239e-05,0.06515965169183824
confirmation,min_variance,2015-11,-0.012123902131351283,5.268622694195974e-05,-0.012202931471764223
confirmation,min_variance,2015-12,-0.0067087532187039,0.00010757287478156567,-0.006870112530876249
confirmation,min_variance,2016-01,0.005199606142873625,0.0001538797964466362,0.004968786448203671
confirmation,min_variance,2016-02,0.007552513937033822,6.656536178115523e-05,0.007452665894362089
confirmation,min_variance,2016-03,0.0572867086579707,2.266423677598573e-05,0.05725271230280672
confirmation,min_variance,2016-04,-0.0002618843031931828,5.208239799079755e-05,-0.0003400079001793791
confirmation,min_variance,2016-05,0.0109468232962453,4.812396606595454e-05,0.010874637347146368
confirmation,min_variance,2016-06,0.047390796667948765,5.9833186157143555e-05,0.04730104688871305
confirmation,min_variance,2016-07,0.009251077610030967,2.4688417002833012e-05,0.009214044984526716
confirmation,min_variance,2016-08,-0.019952352876843937,1.600697635987889e-05,-0.019976363341383755
confirmation,min_variance,2016-09,-0.0027245906820639876,9.857585062459388e-05,-0.0028724544580008785
confirmation,min_variance,2016-10,-0.021888981427655052,2.321299558047706e-05,-0.021923800921025766
confirmation,min_variance,2016-11,0.0024354459799367234,6.257290199258172e-05,0.002341586626947851
confirmation,min_variance,2016-12,0.020136128520111596,3.054051918757173e-05,0.020090317741330237
confirmation,min_variance,2017-01,0.017226904526485676,1.0285762766503616e-05,0.01721147588233592
confirmation,min_variance,2017-02,0.030145685919696907,1.1731891858423205e-05,0.030128088081909272
confirmation,min_variance,2017-03,0.006677135320674932,1.2145693955093103e-05,0.006658916779742292
confirmation,min_variance,2017-04,0.010058192176773284,9.488545612044744e-06,0.010043959358355217
confirmation,min_variance,2017-05,0.00834160325111899,2.1166265147216236e-05,0.008309853853398165
confirmation,min_variance,2017-06,-0.009896493152629748,2.2464858341059277e-05,-0.009930190440141337
confirmation,min_variance,2017-07,0.0132786633991262,1.6905441916953018e-05,0.01325330523625077
confirmation,min_variance,2017-08,-0.007570566256516087,2.2924269446038445e-05,-0.0076049526606851445
confirmation,min_variance,2017-09,0.010877937403229287,6.294566304535206e-06,0.010868495553772485
confirmation,min_variance,2017-10,-0.0009044641679478715,1.0316429355248184e-05,-0.0009199388119807438
confirmation,min_variance,2017-11,0.039728715148261484,1.378660910162879e-05,0.03970803523460904
confirmation,min_variance,2017-12,0.0007430972681881087,1.1287792674048174e-05,0.0007261655791770365
confirmation,min_variance,2018-01,0.025150687473444844,2.2196693530126786e-05,0.025117392433149654
confirmation,min_variance,2018-02,-0.05033865037342089,0.00018363143467961857,-0.05061409752544032
confirmation,min_variance,2018-03,0.00027180065709409007,5.88283454549171e-05,0.0001835581389117144
confirmation,min_variance,2018-04,0.0009787900778295278,6.809846847502143e-05,0.0008766423751169956
confirmation,min_variance,2018-05,0.001437300002067321,3.097656087194241e-05,0.0013908351607594073
confirmation,min_variance,2018-06,0.029186118157159324,1.420810976986703e-05,0.029164805992504525
confirmation,min_variance,2018-07,0.024200434299552542,1.877234174539855e-05,0.024172275786934445
confirmation,min_variance,2018-08,0.004835338392785049,2.2696090544482506e-05,0.004801294256968325
confirmation,min_variance,2018-09,-0.0012443265992153618,2.2604532436011637e-05,-0.0012782333978693793
confirmation,min_variance,2018-10,-0.022309940830161912,8.037125269281202e-05,-0.02243049770920113
confirmation,min_variance,2018-11,0.022103001582152837,5.337453532372839e-05,0.022022939779167243
confirmation,min_variance,2018-12,-0.08284087578165344,0.00017901308793714208,-0.08310939541355916
confirmation,min_variance,2019-01,0.06725960844767243,6.7568123450286e-05,0.067158256262497
confirmation,min_variance,2019-02,0.02801584740056584,1.4333160295069939e-05,0.027994347660123237
confirmation,min_variance,2019-03,0.023209949017724663,2.3875962428122757e-05,0.023174135074082478
confirmation,min_variance,2019-04,0.03074709645151441,1.341180046873789e-05,0.030726978750811304
confirmation,min_variance,2019-05,-0.03787646456593585,4.043084329252824e-05,-0.03793711083087464
confirmation,min_variance,2019-06,0.04779855930301524,3.617514176781756e-05,0.047744296590363514
confirmation,min_variance,2019-07,0.005792594624688618,2.211040377216917e-05,0.005759429019030365
confirmation,min_variance,2019-08,0.00653874496441631,0.000101322493270857,0.006386761224510025
confirmation,min_variance,2019-09,0.029570150531607053,1.1154725642558211e-05,0.029553418443143215
confirmation,min_variance,2019-10,-0.0003145586873500861,3.605384516133864e-05,-0.00036863945509209403
confirmation,min_variance,2019-11,0.0009722740553970155,1.664035925781953e-05,0.0009473135165102862
confirmation,min_variance,2019-12,0.0320627256245023,1.3484971740947195e-05,0.03204249816689088
confirmation,min_variance,2020-01,0.017024108120665682,2.1480180669311198e-05,0.016991887849661717
confirmation,min_variance,2020-02,-0.08621272930436552,0.00017518109708306465,-0.08647550094999011
confirmation,min_variance,2020-03,-0.11617794242002788,0.0031413127648996166,-0.1208899115673773
confirmation,min_variance,2020-04,0.14870734708165512,0.00045988880720085215,0.14801751387085385
confirmation,min_variance,2020-05,0.04263117195732624,0.00013841688954272118,0.04242354662301216
confirmation,min_variance,2020-06,0.014734382006271973,0.00020634563047139273,0.014424863560564884
confirmation,min_variance,2020-07,0.07285441809644899,6.741613155201975e-05,0.07275329389912097
confirmation,min_variance,2020-08,0.05417469136692055,2.8076816181332162e-05,0.05413257614264855
confirmation,min_variance,2020-09,-0.02660356879312109,0.00020238725049313462,-0.02690714966886079
confirmation,min_variance,2020-10,-0.03539713438035519,0.00014667547277061582,-0.035617147589511115
confirmation,min_variance,2020-11,0.1021330171112762,7.305649062370285e-05,0.10202343237534064
confirmation,min_variance,2020-12,0.03757742491881633,1.761794024175309e-05,0.0375509980084537
confirmation,min_variance,2021-01,0.0034679288117167584,7.787547742473968e-05,0.003351115595579649
confirmation,min_variance,2021-02,-0.0027999118076269536,5.563556544789815e-05,-0.0028833651557988007
confirmation,min_variance,2021-03,0.03023479773795823,9.972360975903654e-05,0.030085212323319677
confirmation,min_variance,2021-04,0.03940195828404547,2.3516612527591053e-05,0.03936668336525408
confirmation,min_variance,2021-05,-0.000648731855962148,4.886555446762502e-05,-0.0007220301876635855
confirmation,min_variance,2021-06,0.011509694602346077,3.23133657424122e-05,0.011461224553732458
confirmation,min_variance,2021-07,0.013285477794288791,2.4204672373935507e-05,0.013249170785727888
confirmation,min_variance,2021-08,0.013376230498391317,2.0047458849531013e-05,0.01334615931011702
confirmation,min_variance,2021-09,-0.05082043926464974,4.6474131934153736e-05,-0.05089015046255097
confirmation,min_variance,2021-10,0.029285261380322503,3.2747212882254776e-05,0.02923614056099912
confirmation,min_variance,2021-11,-0.031867482491664156,4.695762463711467e-05,-0.03193791892861983
confirmation,min_variance,2021-12,0.06609653805783311,4.029540489771712e-05,0.06603609495048654
confirmation,min_variance,2022-01,-0.0423926701967986,5.926323949300236e-05,-0.042481565056038104
confirmation,min_variance,2022-02,-0.006486063871730674,8.837454992004307e-05,-0.006618625696610738
confirmation,min_variance,2022-03,0.0359253542100324,8.313568950744705e-05,0.03580065067577123
confirmation,min_variance,2022-04,-0.026054791085267204,0.00012930559345391757,-0.02624874947544808
confirmation,min_variance,2022-05,0.014335057354342817,0.0001812347950279428,0.014063205161800903
confirmation,min_variance,2022-06,-0.04801175130470947,0.00020308688374775233,-0.0483163816303311
confirmation,min_variance,2022-07,0.044681042701554485,6.451773719531378e-05,0.044584266095761514
confirmation,min_variance,2022-08,-0.017902979909852346,6.184806769605492e-05,-0.01799575201139643
confirmation,min_variance,2022-09,-0.0876231466646088,0.00017650756644691868,-0.08788790801427918
confirmation,min_variance,2022-10,0.08670697634132729,0.00019832185621527945,0.08640949355700438
confirmation,min_variance,2022-11,0.05368854409658552,0.00010795308243904593,0.053526614472926955
confirmation,min_variance,2022-12,-0.023868143581264656,7.001038055031271e-05,-0.023973159152090126
confirmation,min_variance,2023-01,-0.004514608043434842,7.982920517857033e-05,-0.004634351851202698
confirmation,min_variance,2023-02,-0.03265355146997362,4.375376963350177e-05,-0.03271918212442387
confirmation,min_variance,2023-03,0.029764450324756053,7.318560540232506e-05,0.029654671916652567
confirmation,min_variance,2023-04,0.033269005539631635,1.9096067974582334e-05,0.033240361437669765
confirmation,min_variance,2023-05,-0.04989989703616604,2.5355754843773815e-05,-0.049937930668431704
confirmation,min_variance,2023-06,0.031097949688893012,3.647482158925006e-05,0.031043237456509137
confirmation,min_variance,2023-07,0.017715164941886963,2.6877512078735972e-05,0.01767484867376886
confirmation,min_variance,2023-08,-0.027892340341827304,2.879340462041497e-05,-0.027935530448757927
confirmation,min_variance,2023-09,-0.04550594385079387,3.0423749771395496e-05,-0.045551579475450965
confirmation,min_variance,2023-10,-0.0391683159915035,9.19520946042495e-05,-0.03930624413340987
confirmation,min_variance,2023-11,0.05121550630149296,4.678320141493729e-05,0.05114533149937056
confirmation,min_variance,2023-12,0.046769366914026334,5.7673181895192974e-05,0.046682857141183545
confirmation,min_variance,2024-01,0.0047854797875916955,3.193937965366187e-05,0.004737570718111202
confirmation,min_variance,2024-02,0.03675502061251201,4.0499433666494926e-05,0.03669427146201227
confirmation,min_variance,2024-03,0.0320116048640835,1.8874907369230783e-05,0.03198329250302965
confirmation,min_variance,2024-04,-0.03418776327225537,4.136212992439687e-05,-0.034249806467141965
confirmation,min_variance,2024-05,0.02503392870206156,2.7803571279807664e-05,0.024992223345141847
confirmation,min_variance,2024-06,0.008469590540315153,9.775469022525096e-06,0.008454927336781366
confirmation,min_variance,2024-07,0.02133028123822478,2.158910457960728e-05,0.02129789758135537
confirmation,min_variance,2024-08,0.03091191464747345,7.949689475048547e-05,0.03079266930534772
confirmation,min_variance,2024-09,0.0030589446009146037,2.5848339559638986e-05,0.0030201720915751453
confirmation,min_variance,2024-10,-0.0174961446013,2.1949690336658883e-05,-0.01752906913680499
confirmation,min_variance,2024-11,0.03139195384869864,2.8181691300433778e-05,0.031349681311747986
confirmation,min_variance,2024-12,-0.05266141266707436,4.054168562884284e-05,-0.05272222519551762
confirmation,random,2005-01,-0.00745444211511026,4.982716541415517e-05,-0.007529182863231493
confirmation,random,2005-02,0.0746757997166636,6.277536929150545e-05,0.07458163666272635
confirmation,random,2005-03,-0.024944701669620484,6.460688098552791e-05,-0.025041611991098774
confirmation,random,2005-04,-0.03346264671659904,0.0001438638154246185,-0.03367844243973597
confirmation,random,2005-05,0.027054015164329925,3.837574326070129e-05,0.026996451549438874
confirmation,random,2005-06,0.036056004196168834,1.7990726447006965e-05,0.03602901810649832
confirmation,random,2005-07,0.036312752559272354,4.602709317494658e-05,0.03624371191950993
confirmation,random,2005-08,0.004613624374923075,6.006524546122892e-05,0.004523526506731232
confirmation,random,2005-09,0.03081255170187691,4.165495186877346e-05,0.03075006927407375
confirmation,random,2005-10,-0.07359215769216831,0.0003406485347610262,-0.07410313049430986
confirmation,random,2005-11,0.01963716592118625,9.672093200562477e-05,0.019492084523177813
confirmation,random,2005-12,0.004574413006534606,8.078949596872087e-05,0.004453228762581524
confirmation,random,2006-01,0.09054028088986277,0.00011446313672918755,0.09036858618476899
confirmation,random,2006-02,-0.046117220158731986,8.542180741718335e-05,-0.04624535286985776
confirmation,random,2006-03,0.0020002107182288675,2.4730730237707053e-05,0.001963114622872307
confirmation,random,2006-04,0.014967532474986944,4.0610486150934924e-05,0.014906616745760541
confirmation,random,2006-05,-0.021403754893373317,9.692134989774499e-05,-0.021549136918219934
confirmation,random,2006-06,0.01455481777955625,0.00019777705121582536,0.014258152202732513
confirmation,random,2006-07,0.021045519105051813,0.00010381069720429049,0.020889803059245378
confirmation,random,2006-08,-0.00068846132167244,1.8690176636258638e-05,-0.000716496586626828
confirmation,random,2006-09,0.015936444284101237,2.34359479061136e-05,0.015901290362242065
confirmation,random,2006-10,0.03999378401401654,2.893372661183782e-05,0.03995038342409878
confirmation,random,2006-11,0.02954922452690889,3.3628963352160336e-05,0.02949878108188065
confirmation,random,2006-12,0.010532694227630923,2.4295860591976114e-05,0.01049625043674296
confirmation,random,2007-01,0.02064271784972993,3.0500014688030027e-05,0.020596967827697887
confirmation,random,2007-02,-0.0197452007438782,9.099402182789335e-05,-0.01988169177662004
confirmation,random,2007-03,0.021975499284714317,6.802244353049656e-05,0.021873465619418574
confirmation,random,2007-04,0.03287148696024156,2.262892515826842e-05,0.03283754357250416
confirmation,random,2007-05,0.04618850522007856,3.625168902651662e-05,0.04613412768653878
confirmation,random,2007-06,-0.01697083352098372,7.262666749819607e-05,-0.017079773522231015
confirmation,random,2007-07,-0.0331488421966325,0.0001250968712970755,-0.033336487503578115
confirmation,random,2007-08,0.01728362983314935,0.0002023723917026327,0.0169800712455954
confirmation,random,2007-09,0.043108878097026126,8.258526436306099e-05,0.042985000200481537
confirmation,random,2007-10,0.03370693541760694,8.466844225983312e-05,0.033579932754217195
confirmation,random,2007-11,-0.03408508109020514,0.0002145415195039365,-0.034406893369461046
confirmation,random,2007-12,0.020372029582536477,0.0001247244648994892,0.020184942885187244
confirmation,random,2008-01,-0.07864461602422113,0.00020029836143097566,-0.07894506356636759
confirmation,random,2008-02,0.0016493671012696165,0.0001738921281614552,0.0013885289090274336
confirmation,random,2008-03,-0.010986700229264401,0.0003213126349684917,-0.011468669181717139
confirmation,random,2008-04,0.06964734517613236,8.996422316727696e-05,0.06951239884138144
confirmation,random,2008-05,0.03924699423672395,6.225328488478302e-05,0.039153614309396775
confirmation,random,2008-06,-0.04111199954856248,0.00014014885262009685,-0.04132222282749263
confirmation,random,2008-07,-0.08087874167445097,0.00016968822199490242,-0.08113327400744333
confirmation,random,2008-08,0.017466866100835476,0.0001079968704056069,0.017304870795227065
confirmation,random,2008-09,-0.0930814429236475,0.0006805146826867135,-0.09410221494767758
confirmation,random,2008-10,-0.14701658150287655,0.0021303300370318352,-0.1502120765584243
confirmation,random,2008-11,-0.06437886793931535,0.0012155532656011353,-0.06620219783771705
confirmation,random,2008-12,0.02251532987857563,0.0006008625147408681,0.021614036106464327
confirmation,random,2009-01,-0.049340070467711494,0.00022857594165462102,-0.04968293438019342
confirmation,random,2009-02,-0.10198746581767326,0.0003387025553630233,-0.10249551965071779
confirmation,random,2009-03,0.07746648127360589,0.0005622311271754463,0.07662313458284273
confirmation,random,2009-04,0.028988093019213235,0.00012019448007310576,0.028807801299103576
confirmation,random,2009-05,0.06051977866162428,0.0001263001834733112,0.06033032838641431
confirmation,random,2009-06,0.022274900189286795,0.0001304164450769091,0.02207927552167143
confirmation,random,2009-07,0.06249609906342957,0.00011004037012998204,0.06233103850823459
confirmation,random,2009-08,0.021262268441079923,5.4399682310267414e-05,0.021180668917614522
confirmation,random,2009-09,0.03200010378880447,4.264825030222189e-05,0.03193613141335114
confirmation,random,2009-10,-0.020402995968255455,0.00010552666397190341,-0.020561285964213312
confirmation,random,2009-11,0.0680337166421785,0.00010768820220651727,0.06787218433886873
confirmation,random,2009-12,0.04481166320191554,4.751661727674411e-05,0.04474038827600042
confirmation,random,2010-01,-0.020865490288946242,0.00017030306718905468,-0.021120944889729824
confirmation,random,2010-02,0.054145230537800515,0.00016864799068935302,0.053892258551766485
confirmation,random,2010-03,0.07819043023575256,7.647971381266816e-05,0.07807571066503356
confirmation,random,2010-04,0.045539195349538986,0.00015284797961658485,0.04530992338011411
confirmation,random,2010-05,-0.08367694425462635,0.0006512696889341319,-0.08465384878802755
confirmation,random,2010-06,-0.07871124475659441,0.00041701662628760325,-0.07933676969602582
confirmation,random,2010-07,0.1143671717084489,0.0002781347440913348,0.11394996959231189
confirmation,random,2010-08,-0.07078135068922098,0.00021667194280191888,-0.07110635860342386
confirmation,random,2010-09,0.10288438921768539,0.00012845693487965597,0.10269170381536591
confirmation,random,2010-10,0.05368051365110604,6.311802157882175e-05,0.05358583661873781
confirmation,random,2010-11,0.020504812179861,0.00010302879802938669,0.02035026898281692
confirmation,random,2010-12,0.0712001539053504,4.3906921178289616e-05,0.07113429352358296
confirmation,random,2011-01,0.0049634307000085975,0.0001393894592415651,0.00475434651114625
confirmation,random,2011-02,0.014692413286365502,9.34956751566e-05,0.014552169773630603
confirmation,random,2011-03,0.011258027495904654,0.0001054409176223855,0.011099866119471077
confirmation,random,2011-04,0.028832703412432936,4.8560296978430016e-05,0.02875986296696529
confirmation,random,2011-05,-0.0126839815930323,6.963616973962684e-05,-0.01278843584764174
confirmation,random,2011-06,-0.01616910523965509,0.00011831958816560654,-0.0163465846219035
confirmation,random,2011-07,-0.019315792141175736,9.723814754433262e-05,-0.019461649362492235
confirmation,random,2011-08,-0.07426588050580707,0.0009879088420097107,-0.07574774376882164
confirmation,random,2011-09,-0.06009720256275486,0.0002805050384591935,-0.06051796012044365
confirmation,random,2011-10,0.08417607143299732,0.00023414951634167974,0.0838248471584848
confirmation,random,2011-11,0.009109595773597157,0.00022010267614963738,0.0087794417593727
confirmation,random,2011-12,0.01870668341330095,8.776928094475768e-05,0.018575029491883815
confirmation,random,2012-01,0.014280827460497303,1.4910470520390985e-05,0.014258461754716716
confirmation,random,2012-02,0.032368161057589884,1.469823593814238e-05,0.03234611370368267
confirmation,random,2012-03,0.03477281017561551,2.8290300792787855e-05,0.034730374724426326
confirmation,random,2012-04,0.007344407858423718,5.890224047420588e-05,0.007256054497712409
confirmation,random,2012-05,-0.029136727643411242,4.0815856778203676e-05,-0.029197951428578547
confirmation,random,2012-06,0.03515703933316172,9.59364820116483e-05,0.03501313461014425
confirmation,random,2012-07,0.023671479414329122,5.306384567513627e-05,0.02359188364581642
confirmation,random,2012-08,0.0030317711603951025,2.008436393364172e-05,0.00300164461449464
confirmation,random,2012-09,0.02877438378031627,4.25647344353953e-05,0.028710536678663176
confirmation,random,2012-10,-0.018193523397702638,4.766421956170267e-05,-0.018265019727045192
confirmation,random,2012-11,0.005045852373119164,8.57191934984154e-05,0.004917273582871541
confirmation,random,2012-12,0.01420177480106477,5.2522852632062816e-05,0.014122990522116676
confirmation,random,2013-01,0.055576232221194566,4.9911896906512036e-05,0.0555013643758348
confirmation,random,2013-02,0.017012977116999783,6.561355120038552e-05,0.016914556790199205
confirmation,random,2013-03,0.049685341273860484,2.6181812374919293e-05,0.04964606855529811
confirmation,random,2013-04,0.030438315119876602,7.631362381126564e-05,0.030323844684159704
confirmation,random,2013-05,-0.00010625867113900345,5.420441259416858e-05,-0.00018756529003025632
confirmation,random,2013-06,-0.010735903345417408,0.00015228893537285677,-0.010964336748476694
confirmation,random,2013-07,0.07080011524596497,3.925182505866294e-05,0.07074123750837698
confirmation,random,2013-08,-0.021655893896048828,9.605234444828264e-05,-0.02179997241272125
confirmation,random,2013-09,0.05114791945227215,4.336691175613094e-05,0.05108286908463795
confirmation,random,2013-10,0.025935256543819563,8.457463067330014e-05,0.025808394597809613
confirmation,random,2013-11,0.02471899317223869,6.375921161611464e-05,0.024623354354814518
confirmation,random,2013-12,0.019011529360161816,3.489914150235948e-05,0.018959180647908278
confirmation,random,2014-01,-0.04120053809178259,9.866299668129708e-05,-0.041348532586804536
confirmation,random,2014-02,0.05746369089239112,8.014153207289673e-05,0.05734347859428177
confirmation,random,2014-03,-0.01094731973586216,6.148304520391982e-05,-0.01103954430366804
confirmation,random,2014-04,-0.0013808154871619571,0.0001162816020962066,-0.001555237890306267
confirmation,random,2014-05,0.018500621560548325,4.506007129392266e-05,0.018433031453607442
confirmation,random,2014-06,0.028826745167748413,1.920463538812402e-05,0.028797938214666228
confirmation,random,2014-07,-0.023116979482336708,5.479199463165813e-05,-0.023199167474284195
confirmation,random,2014-08,0.0371945939568028,2.3650118806327168e-05,0.03715911877859331
confirmation,random,2014-09,-0.020780868371410133,4.1353357416779504e-05,-0.020842898407535303
confirmation,random,2014-10,0.020346952770185833,0.00013150926570852645,0.020149688871623044
confirmation,random,2014-11,0.029006122997220052,1.1437741115761583e-05,0.02898896638554641
confirmation,random,2014-12,-0.0011525511330766625,9.029645869691333e-05,-0.0012879958211220325
confirmation,random,2015-01,-0.0005231706060073726,8.358894776792564e-05,-0.0006485540276592611
confirmation,random,2015-02,-0.013793667517080777,0.00010469056214561997,-0.013950703360299207
confirmation,random,2015-03,-0.012551024771063624,7.288509931745512e-05,-0.012660352420039806
confirmation,random,2015-04,-4.533594717681666e-05,3.029803276906775e-05,-9.078299633041829e-05
confirmation,random,2015-05,0.020856137132428287,4.7604834756862565e-05,0.020784729880292993
confirmation,random,2015-06,-0.01786463077059075,5.0780609423295e-05,-0.017940801684725692
confirmation,random,2015-07,0.027011789762078298,5.5703914950616226e-05,0.026928233889652372
confirmation,random,2015-08,-0.06544026783664847,0.00026392472943867143,-0.06583615493080648
confirmation,random,2015-09,-0.03817476121719654,0.00020099181782961244,-0.03847624894394096
confirmation,random,2015-10,0.06034923424012728,5.6473795996682325e-05,0.06026452354613226
confirmation,random,2015-11,0.0018029367962759668,5.768392080093255e-05,0.001716410915074568
confirmation,random,2015-12,-0.007484952036481696,0.0001097235653940741,-0.007649537384572807
confirmation,random,2016-01,-0.02341282343144835,0.000168971797832868,-0.02366628112819765
confirmation,random,2016-02,0.009497235730944409,8.943080901935206e-05,0.009363089517415381
confirmation,random,2016-03,0.059885314159182856,3.5357445957164663e-05,0.05983227799024711
confirmation,random,2016-04,0.008635049582039533,3.7204953451584664e-05,0.008579242151862156
confirmation,random,2016-05,0.005398238581588721,5.0099909750384485e-05,0.005323088716963144
confirmation,random,2016-06,0.02624053022216799,0.0001066514538466617,0.026080553041398
confirmation,random,2016-07,0.017137668482348545,2.094252757723808e-05,0.01710625469098269
confirmation,random,2016-08,-0.0013448878348835125,1.1855344368351878e-05,-0.0013626708514360402
confirmation,random,2016-09,-0.014237111817650971,0.00010209161151837859,-0.01439024923492854
confirmation,random,2016-10,-0.025324326558688548,2.1766425556579844e-05,-0.025356976197023418
confirmation,random,2016-11,0.019539263737321733,5.880244465131578e-05,0.01945106007034476
confirmation,random,2016-12,0.022204468478279837,3.5870338427239134e-05,0.022150662970638977
confirmation,random,2017-01,-0.00940232139585262,3.611611206936042e-05,-0.00945649556395666
confirmation,random,2017-02,0.0035274015930448765,2.8825275401011437e-05,0.003484163679943359
confirmation,random,2017-03,-0.0020301314900796896,3.710246213336343e-05,-0.002085785183279735
confirmation,random,2017-04,0.014249440371215893,2.2590349859856772e-05,0.014215554846426108
confirmation,random,2017-05,0.024408885885211395,3.0284791976239885e-05,0.024363458697247035
confirmation,random,2017-06,-0.004798099516383214,3.689520029884167e-05,-0.004853442316831476
confirmation,random,2017-07,0.025805866471419803,1.7570249851826907e-05,0.025779511096642064
confirmation,random,2017-08,0.013325605467778168,4.051479197191115e-05,0.0132648332798203
confirmation,random,2017-09,0.016615526992393104,1.6791603427824336e-05,0.016590339587251368
confirmation,random,2017-10,0.017961760896181733,1.207760245128015e-05,0.017943644492504813
confirmation,random,2017-11,0.015212303794672088,2.502308761763074e-05,0.015174769163245642
confirmation,random,2017-12,0.0005832739570477141,3.0240908588187795e-05,0.0005379125941654324
confirmation,random,2018-01,0.07000159029836528,4.4181088749823086e-05,0.06993531866524054
confirmation,random,2018-02,-0.011965868523765022,0.0003377862078537319,-0.01247254783554562
confirmation,random,2018-03,-0.027631311967331484,0.00023153773935783508,-0.027978618576368238
confirmation,random,2018-04,0.0019573532260939164,0.00016078950033272915,0.0017161689755948227
confirmation,random,2018-05,0.053671093067281905,4.284180107821898e-05,0.053606830365664576
confirmation,random,2018-06,0.00030486250021288797,5.836711299323304e-05,0.0002173118307230384
confirmation,random,2018-07,0.0272105311906623,7.428094991996447e-05,0.027099109765782354
confirmation,random,2018-08,0.06052598230261319,2.5809930156566072e-05,0.060487267407378344
confirmation,random,2018-09,0.00651594898819674,1.3641136910584529e-05,0.006495487282830863
confirmation,random,2018-10,-0.08119858687613335,0.00020027741718329679,-0.0814990030019083
confirmation,random,2018-11,0.026375197907458237,0.00016133335472646884,0.026133197875368535
confirmation,random,2018-12,-0.09480154804041707,0.00040161933306697323,-0.09540397704001753
confirmation,random,2019-01,0.06770125912252989,0.00010989093546793359,0.06753642271932798
confirmation,random,2019-02,0.03467917520184516,1.2709507237878703e-05,0.03466011094098834
confirmation,random,2019-03,0.026500441947674425,3.339304191010957e-05,0.02645035238480926
confirmation,random,2019-04,0.02077249993091379,1.5468932484143065e-05,0.020749296532187576
confirmation,random,2019-05,-0.05194723052935757,7.684712368592292e-05,-0.05206250121488645
confirmation,random,2019-06,0.06366997588835899,3.658457707627633e-05,0.06361509902274458
confirmation,random,2019-07,0.01987677038040303,4.1965899322396916e-05,0.019813821531419435
confirmation,random,2019-08,-0.006686235914127203,0.00017176037499580106,-0.006943876476620905
confirmation,random,2019-09,0.015189729910578986,4.0501998717133974e-05,0.015128976912503285
confirmation,random,2019-10,0.023054508439022126,5.250492707579904e-05,0.022975751048408426
confirmation,random,2019-11,0.030277337853825026,1.5783544727423583e-05,0.03025366253673389
confirmation,random,2019-12,0.021969803052375836,1.949480285640952e-05,0.02194056084809122
confirmation,random,2020-01,-0.0006493440065499234,4.378051963251213e-05,-0.0007150147859986916
confirmation,random,2020-02,-0.07444994041992103,0.0002486958049408009,-0.07482298412733224
confirmation,random,2020-03,-0.11905584545907266,0.003019425544398344,-0.12358498377567018
confirmation,random,2020-04,0.13207249253878772,0.0006114007396827531,0.13115539142926358
confirmation,random,2020-05,0.057454689508344536,0.00020596722352123525,0.05714573867306268
confirmation,random,2020-06,0.017865666670989988,0.00028031555339552694,0.017445193340896697
confirmation,random,2020-07,0.0997194635090275,0.00019871922206823303,0.09942138467592515
confirmation,random,2020-08,0.1641808356328034,9.220251335651673e-05,0.16404253186276863
confirmation,random,2020-09,-0.049248709197683094,0.0006480352408312786,-0.05022076205893001
confirmation,random,2020-10,-0.023421445918953676,0.00020952532453962056,-0.023735733905763105
confirmation,random,2020-11,0.21801553114164252,0.00018422986200469226,0.21773918634863548
confirmation,random,2020-12,0.08669793826918704,0.00013743334541354096,0.08649178825106672
confirmation,random,2021-01,0.05190954316727314,0.0002904456864031336,0.05147387463766844
confirmation,random,2021-02,-0.03310799371124529,0.0003015019168485275,-0.03356024658651808
confirmation,random,2021-03,0.032572101684945176,0.00047399445431088767,0.03186111000347885
confirmation,random,2021-04,0.04989027137430968,0.00014684995746084152,0.04966999643811842
confirmation,random,2021-05,-0.027004540015533318,0.0001820130041452458,-0.027277559521751187
confirmation,random,2021-06,0.04002896005541734,5.7396607172446975e-05,0.03994286514465867
confirmation,random,2021-07,0.0009052813159933226,0.0001003441406649065,0.0007547651049959629
confirmation,random,2021-08,0.020562314065739606,7.566074805191813e-05,0.02044882294366173
confirmation,random,2021-09,-0.014479960352593246,9.20564295279439e-05,-0.014618044996885161
confirmation,random,2021-10,0.09782838403151373,5.399994714570202e-05,0.09774738411079517
confirmation,random,2021-11,-0.038091190670271446,0.00016101579122693765,-0.03833271435711185
confirmation,random,2021-12,0.007331952395129848,0.0002988436872084471,0.006883686864317178
confirmation,random,2022-01,0.03596988926631384,0.0001326439680830623,0.03577092331418924
confirmation,random,2022-02,0.028323202653481427,0.00013190775467736166,0.028125341021465383
confirmation,random,2022-03,0.0596567923771687,0.00011648819211706015,0.05948206008899311
confirmation,random,2022-04,-0.06455044806681165,0.00022582857196165856,-0.06488919092475413
confirmation,random,2022-05,0.10218112083391206,0.000439336495707983,0.10152211609035008
confirmation,random,2022-06,-0.12574179696367527,0.0004896453760579218,-0.12647626502776216
confirmation,random,2022-07,0.08830115023483698,0.00027588545140759156,0.08788732205772559
confirmation,random,2022-08,0.010319419192781343,0.00016881060341998252,0.010066203287651369
confirmation,random,2022-09,-0.09969240299752236,0.00035825842326484583,-0.10022979063241963
confirmation,random,2022-10,0.1634594139554193,0.0003068286031586619,0.1629991710506813
confirmation,random,2022-11,0.026022764979461988,0.00027890502426017945,0.025604407443071717
confirmation,random,2022-12,-0.0473928795504146,0.00019040604478013214,-0.0476784886175848
confirmation,random,2023-01,0.04627834260857333,0.00014664314874429188,0.04605837788545689
confirmation,random,2023-02,-0.05434670873103975,0.0001209616474817823,-0.054528151202262426
confirmation,random,2023-03,0.00551763723875931,0.000208578959355705,0.005204768799725752
confirmation,random,2023-04,0.024645567042876015,5.210079275422337e-05,0.02456741585374468
confirmation,random,2023-05,-0.04914113522759245,5.4053539173121995e-05,-0.04922221553635213
confirmation,random,2023-06,0.05977627882441716,6.520867740188912e-05,0.059678465808314325
confirmation,random,2023-07,0.04566329974695282,5.144659216529785e-05,0.045586129858704874
confirmation,random,2023-08,-0.011651476157120921,9.548022742758611e-05,-0.0117946964982623
confirmation,random,2023-09,-0.04412955864211365,6.636056282816653e-05,-0.0442290994863559
confirmation,random,2023-10,-0.025727856450903808,9.795288920649923e-05,-0.025874785784713555
confirmation,random,2023-11,0.09396736431557584,5.935036644074647e-05,0.09387833876591473
confirmation,random,2023-12,0.040586796732789754,4.489335298402297e-05,0.04051945670331372
confirmation,random,2024-01,0.02363880847979072,9.293601661623772e-05,0.02349940445486636
confirmation,random,2024-02,0.054760867551936654,9.248005457070555e-05,0.054622147470080595
confirmation,random,2024-03,0.037454359187917285,6.286106507974681e-05,0.03736006759029767
confirmation,random,2024-04,-0.03720709864050731,0.00012113775039817374,-0.037388805266104566
confirmation,random,2024-05,0.06280726203149323,6.183798445853959e-05,0.06271450505480541
confirmation,random,2024-06,0.05188181226692046,4.0281286922000356e-05,0.05182139033653746
confirmation,random,2024-07,-0.0035367395639017696,0.00014315327243728506,-0.0037514694725576973
confirmation,random,2024-08,0.01057666007271929,0.00021667942867091238,0.010251640929712922
confirmation,random,2024-09,0.018578212916859016,0.00014922023992272563,0.018354382556974927
confirmation,random,2024-10,-0.0024246433454370164,4.121845403434518e-05,-0.002486471026488534
confirmation,random,2024-11,0.08095885179173967,7.622019059661951e-05,0.08084452150584474
confirmation,random,2024-12,-0.04051699941111564,8.422846664579372e-05,-0.04064334211108433
later_vintage,all_gene,2025-01,0.0282495701458787,9.771381331332029e-05,0.028102999425908718
later_vintage,all_gene,2025-02,-0.07440948455529373,0.0001528618245751464,-0.07463877729215644
later_vintage,all_gene,2025-03,-0.054351770627919405,0.00040250882904272747,-0.0549555338714835
later_vintage,all_gene,2025-04,0.00930675127356495,0.0010489248494164201,0.0077333639994403205
later_vintage,all_gene,2025-05,0.0756920186427914,0.00010201668307157238,0.07553899361818404
later_vintage,all_gene,2025-06,-0.003842349529788347,0.00020396116188801312,-0.0041482912726203665
later_vintage,all_gene,2025-07,0.019977335140229036,5.1049769988283066e-05,0.01990076048524661
later_vintage,all_gene,2025-08,-0.0009294341587441357,4.371066445154536e-05,-0.0009950001554214537
later_vintage,all_gene,2025-09,0.10505107975359662,9.71958072996496e-05,0.10490528604264715
later_vintage,all_gene,2025-10,0.01559697937136395,0.00021535931253033384,0.01527394040256845
later_vintage,all_gene,2025-11,-0.00696342837813313,0.0002760195158560111,-0.007377457651917147
later_vintage,all_gene,2025-12,-0.019956028473600895,6.605922391323947e-05,-0.020055117309470755
later_vintage,all_gene,2026-01,0.02404022102708181,5.1598054124797935e-05,0.023962823945894614
later_vintage,all_gene,2026-02,0.07673715624528032,8.659105684252172e-05,0.07660726966001655
later_vintage,all_gene,2026-03,-0.038673933035022756,0.0001125232635226987,-0.0388427179303068
later_vintage,all_gene,2026-04,0.027551355533230293,9.89589894394422e-05,0.027402917049071128
later_vintage,all_gene,2026-05,0.014763104995572762,9.378846048076466e-05,0.014622422304851616
later_vintage,all_gene,2026-06,0.0063106517869429,0.000184399017725888,0.006034053260354068
later_vintage,controller,2025-01,0.03139545993119741,5.316308000000001e-05,0.03131571531119741
later_vintage,controller,2025-02,-0.012053533693259899,5.7091643274853814e-05,-0.01213917115817218
later_vintage,controller,2025-03,-0.03463777171651172,0.00013614937904761904,-0.03484199578508315
later_vintage,controller,2025-04,-0.010991762663024818,0.0008999883181610961,-0.012341745140266463
later_vintage,controller,2025-05,0.06305296895498924,7.000040247038823e-05,0.06294796835128366
later_vintage,controller,2025-06,0.019412577135542675,9.007065501768332e-05,0.01927747115301615
later_vintage,controller,2025-07,-0.003074834993018416,3.720839555389061e-05,-0.003130647586349252
later_vintage,controller,2025-08,0.030711179377493902,3.519781141565191e-05,0.030658382660370423
later_vintage,controller,2025-09,0.0476208293593281,3.7050106275048894e-05,0.04756525419991552
later_vintage,controller,2025-10,-0.013752381073460107,6.368990601873259e-05,-0.013847915932488205
later_vintage,controller,2025-11,-0.0004744041370196017,7.090652712666273e-05,-0.0005807639277095958
later_vintage,controller,2025-12,0.011946804690280421,2.8864142827271776e-05,0.011903508476039514
later_vintage,controller,2026-01,0.019286453017805183,5.655987360702825e-05,0.01920161320739464
later_vintage,controller,2026-02,0.029817503885954943,5.036916339079882e-05,0.029741950140868747
later_vintage,controller,2026-03,0.031506690538641635,5.860939846643928e-05,0.03141877644094197
later_vintage,controller,2026-04,0.01309125978096315,5.782547229075052e-05,0.013004521572527024
later_vintage,controller,2026-05,-0.002672102587205072,5.624898037771375e-05,-0.0027564760577716424
later_vintage,controller,2026-06,-0.025988997405674286,8.705406358293792e-05,-0.026119578501048693
later_vintage,equal_weight,2025-01,0.03139545993119741,5.316308000000001e-05,0.03131571531119741
later_vintage,equal_weight,2025-02,-0.012053533693259899,5.7091643274853814e-05,-0.01213917115817218
later_vintage,equal_weight,2025-03,-0.03463777171651172,0.00013614937904761904,-0.03484199578508315
later_vintage,equal_weight,2025-04,-0.015980541886182587,0.0008101402157142856,-0.017195752209754014
later_vintage,equal_weight,2025-05,0.05217570927171411,9.12846661904762e-05,0.0520387822724284
later_vintage,equal_weight,2025-06,0.025346125929327057,4.777070000000001e-05,0.025274469879327056
later_vintage,equal_weight,2025-07,0.008737208081041281,3.0318114285714285e-05,0.00869173090961271
later_vintage,equal_weight,2025-08,0.03031138606346473,3.7897659047619056e-05,0.0302545395748933
later_vintage,equal_weight,2025-09,0.033548042586376337,2.1726451428571433e-05,0.03351545290923348
later_vintage,equal_weight,2025-10,0.005140135655475886,5.63639181818182e-05,0.005055589778203158
later_vintage,equal_weight,2025-11,0.015644526505534495,6.436858421052633e-05,0.015547973629218706
later_vintage,equal_weight,2025-12,0.0025857161750157953,2.3584031385281387e-05,0.0025503401279378733
later_vintage,equal_weight,2026-01,0.03906638781040517,3.584955263157895e-05,0.0390126134814578
later_vintage,equal_weight,2026-02,0.029153653188135342,3.914950643274855e-05,0.02909492892848622
later_vintage,equal_weight,2026-03,-0.039346964341398616,7.484366839826842e-05,-0.03945922984399602
later_vintage,equal_weight,2026-04,0.04349364286963131,3.441127571428572e-05,0.04344202595605988
later_vintage,equal_weight,2026-05,0.014089873054809576,2.346227263157895e-05,0.014054679645862208
later_vintage,equal_weight,2026-06,0.0019763930144613973,4.747310333333334e-05,0.0019051833594613972
later_vintage,localized,2025-01,0.025816997052551915,8.9781636791217e-05,0.02568232459736509
later_vintage,localized,2025-02,-0.06256862108003858,0.00013409926732531303,-0.06276976998102654
later_vintage,localized,2025-03,-0.0432160643517806,0.0003101026452984122,-0.043681218319728224
later_vintage,localized,2025-04,0.0030581432077778636,0.0012899861776544436,0.0011231639412961983
later_vintage,localized,2025-05,0.09337919992951838,0.00017494850064237827,0.09311677717855481
later_vintage,localized,2025-06,-0.0043026381798795255,0.000246486481932808,-0.004672367902778737
later_vintage,localized,2025-07,0.0006781551459558166,0.0001282020298482098,0.00048585210118350195
later_vintage,localized,2025-08,0.046356914397728266,8.45626726448075e-05,0.046230070388761056
later_vintage,localized,2025-09,0.09988072346290755,9.781370931036516e-05,0.099734002898942
later_vintage,localized,2025-10,0.005833389953383339,0.00018509126789230209,0.005555753051544886
later_vintage,localized,2025-11,-0.007372544118901314,0.00020097655522336694,-0.007674008951736365
later_vintage,localized,2025-12,0.013059559650770991,9.808903270232806e-05,0.012912426101717498
later_vintage,localized,2026-01,0.0022515007582877278,9.845185712956453e-05,0.002103822972593381
later_vintage,localized,2026-02,-0.0010659893684734634,7.529305551434124e-05,-0.0011789289517449752
later_vintage,localized,2026-03,-0.07204932386231566,0.00022534761755128128,-0.07238734528864259
later_vintage,localized,2026-04,0.013350340008685624,2.703305835950224e-05,0.01330979042114637
later_vintage,localized,2026-05,0.008688315176694994,3.403043725086479e-05,0.008637269520818697
later_vintage,localized,2026-06,-0.00906962303646508,0.0001109404845055033,-0.009236033763223335
later_vintage,min_variance,2025-01,0.01927705731457019,4.105943517015056e-05,0.019215468161814964
later_vintage,min_variance,2025-02,0.03944108390640677,3.231015932414124e-05,0.03939261866742056
later_vintage,min_variance,2025-03,-0.014388915813098313,6.475356371185334e-05,-0.014486046158666093
later_vintage,min_variance,2025-04,-0.022466214851890265,0.0004688921978824594,-0.023169553148713953
later_vintage,min_variance,2025-05,0.015106303257452991,6.503712253836236e-05,0.015008747573645448
later_vintage,min_variance,2025-06,0.003131150925502757,3.298456033046767e-05,0.0030816740850070556
later_vintage,min_variance,2025-07,-0.0018639587930967538,3.197354374194109e-05,-0.0019119191087096654
later_vintage,min_variance,2025-08,0.018232800506750912,3.020613965330436e-05,0.018187491297270954
later_vintage,min_variance,2025-09,-0.010226010887034676,2.276704633385621e-05,-0.010260161456535459
later_vintage,min_variance,2025-10,-0.016244892256884857,2.6848940965052046e-05,-0.016285165668332435
later_vintage,min_variance,2025-11,0.037836818131636196,4.144599721633341e-05,0.037774649135811696
later_vintage,min_variance,2025-12,-0.019026480234734744,1.964685345921887e-05,-0.01905595051492357
later_vintage,min_variance,2026-01,0.052175770161507984,4.172596089726137e-05,0.05211318122016209
later_vintage,min_variance,2026-02,0.06432263411710126,2.1812253303299137e-05,0.06428991573714632
later_vintage,min_variance,2026-03,-0.058342564448293666,6.571661252819691e-05,-0.05844113936708596
later_vintage,min_variance,2026-04,0.03413112168510812,7.273059479199127e-05,0.03402202579292014
later_vintage,min_variance,2026-05,0.0003868620802407463,1.802443554265129e-05,0.00035982542692676936
later_vintage,min_variance,2026-06,-0.015511024599771495,2.778857182620261e-05,-0.015552707457510799
later_vintage,random,2025-01,0.01832849202612219,0.0001714530242075823,0.018071312489810816
later_vintage,random,2025-02,-0.08152746690625057,0.000169908917106356,-0.0817823302819101
later_vintage,random,2025-03,-0.011377772448685541,7.877208789217867e-05,-0.01149593058052381
later_vintage,random,2025-04,-0.018094657647280687,0.000535140384335108,-0.01889736822378335
later_vintage,random,2025-05,0.04670032025869841,6.186198729277867e-05,0.04660752727775924
later_vintage,random,2025-06,0.0012568850672722842,0.00021865352871367247,0.0009289047742017755
later_vintage,random,2025-07,-0.002863617777734251,7.734408449688014e-05,-0.002979633904479571
later_vintage,random,2025-08,0.041361939064472386,5.8573406031570457e-05,0.04127407895542503
later_vintage,random,2025-09,0.08168377911488212,7.751720524685053e-05,0.08156750330701185
later_vintage,random,2025-10,-0.008779076256751117,0.00012340217802678463,-0.008964179523791294
later_vintage,random,2025-11,-0.011734937491373998,0.00012692921545849118,-0.011925331314561735
later_vintage,random,2025-12,-0.015885447947507125,3.1583228772590694e-05,-0.01593282279066601
later_vintage,random,2026-01,0.025109701179925947,3.0444704754965078e-05,0.0250640341227935
later_vintage,random,2026-02,0.028237912209776228,3.339475370321316e-05,0.02818782007922141
later_vintage,random,2026-03,-0.052576958276119634,0.0001136412051007857,-0.05274742008377081
later_vintage,random,2026-04,0.006179584123678028,8.406938324892306e-05,0.0060534800488046435
later_vintage,random,2026-05,-0.023844828441693555,8.370834584826815e-05,-0.023970390960465958
later_vintage,random,2026-06,-0.02411378370281614,5.148659172165955e-05,-0.024191013590398627
