period,date,method,net_return
confirmation,2015-01-02,localized,-0.0013173567344124547
confirmation,2015-01-05,localized,-0.01478916332070349
confirmation,2015-01-06,localized,-0.0069506611712031
confirmation,2015-01-07,localized,0.015610572352737755
confirmation,2015-01-08,localized,0.017042643265587545
confirmation,2015-01-09,localized,-0.007842907592146302
confirmation,2015-01-12,localized,-0.0058244935514988275
confirmation,2015-01-13,localized,-0.002159823782294164
confirmation,2015-01-14,localized,-0.003985638966586764
confirmation,2015-01-15,localized,-0.010143171918705056
confirmation,2015-01-16,localized,0.013722202721322956
confirmation,2015-01-20,localized,0.0008603524354116726
confirmation,2015-01-21,localized,0.0036000881088529184
confirmation,2015-01-22,localized,0.014005727075439683
confirmation,2015-01-23,localized,-0.0032863438374101093
confirmation,2015-01-26,localized,0.004440969197382101
confirmation,2015-01-27,localized,-0.01046299570099922
confirmation,2015-01-28,localized,-0.012447489252498046
confirmation,2015-01-29,localized,0.010158942693764982
confirmation,2015-01-30,localized,-0.012960792979676266
confirmation,2015-01-02,all_gene,-0.0001715969549180021
confirmation,2015-01-05,all_gene,-0.013781187972217904
confirmation,2015-01-06,all_gene,-0.008360125344736341
confirmation,2015-01-07,all_gene,0.01604925090082469
confirmation,2015-01-08,all_gene,0.016911158920762212
confirmation,2015-01-09,all_gene,-0.008351985301808881
confirmation,2015-01-12,all_gene,-0.004752340980415475
confirmation,2015-01-13,all_gene,-0.00245627572132425
confirmation,2015-01-14,all_gene,-0.004552641712856395
confirmation,2015-01-15,all_gene,-0.011891145724950388
confirmation,2015-01-16,all_gene,0.0151957084778989
confirmation,2015-01-20,all_gene,0.0007282584995214398
confirmation,2015-01-21,all_gene,0.0016070659299265936
confirmation,2015-01-22,all_gene,0.014969359820374114
confirmation,2015-01-23,all_gene,-0.004152149378293877
confirmation,2015-01-26,all_gene,0.005244855574713384
confirmation,2015-01-27,all_gene,-0.010176672875461824
confirmation,2015-01-28,all_gene,-0.014137228798674023
confirmation,2015-01-29,all_gene,0.009953660063793616
confirmation,2015-01-30,all_gene,-0.013702453719075986
confirmation,2015-01-02,random,0.0014993179343978967
confirmation,2015-01-05,random,-0.009963282749425652
confirmation,2015-01-06,random,-0.007010983995738115
confirmation,2015-01-07,random,0.0178467419303163
confirmation,2015-01-08,random,0.016636658406446844
confirmation,2015-01-09,random,-0.006600108309989061
confirmation,2015-01-12,random,-0.002583572919773758
confirmation,2015-01-13,random,-0.002716950509661233
confirmation,2015-01-14,random,-0.0023000011132373625
confirmation,2015-01-15,random,-0.013716845928512493
confirmation,2015-01-16,random,0.017283252746713548
confirmation,2015-01-20,random,0.0010929156568106836
confirmation,2015-01-21,random,-0.0012765280614815272
confirmation,2015-01-22,random,0.013060094482874759
confirmation,2015-01-23,random,-0.002853426480938367
confirmation,2015-01-26,random,0.0056721797057252745
confirmation,2015-01-27,random,-0.010209185380431432
confirmation,2015-01-28,random,-0.013576725842701958
confirmation,2015-01-29,random,0.009636994868548623
confirmation,2015-01-30,random,-0.01377842163046491
confirmation,2015-01-02,min_variance,-0.004599767206319821
confirmation,2015-01-05,min_variance,-0.014946589588170595
confirmation,2015-01-06,min_variance,-0.005369379995948834
confirmation,2015-01-07,min_variance,0.018553410411829407
confirmation,2015-01-08,min_variance,0.015761666796516
confirmation,2015-01-09,min_variance,-0.010222984402511726
confirmation,2015-01-12,min_variance,-0.005515659192545853
confirmation,2015-01-13,min_variance,-0.0022923255995138604
confirmation,2015-01-14,min_variance,-0.0056459688050234475
confirmation,2015-01-15,min_variance,-0.007599961201053305
confirmation,2015-01-16,min_variance,0.010977131994328367
confirmation,2015-01-20,min_variance,-0.00026918600121535
confirmation,2015-01-21,min_variance,0.0058155815946524594
confirmation,2015-01-22,min_variance,0.015599767206319821
confirmation,2015-01-23,min_variance,-0.003430969194571437
confirmation,2015-01-26,min_variance,0.004438527198217487
confirmation,2015-01-27,min_variance,-0.007992286800567166
confirmation,2015-01-28,min_variance,-0.011915659192545856
confirmation,2015-01-29,min_variance,0.011053798401296375
confirmation,2015-01-30,min_variance,-0.013445930006076752
confirmation,2015-01-02,equal_weight,-0.0007199999999999999
confirmation,2015-01-05,equal_weight,-0.01686
confirmation,2015-01-06,equal_weight,-0.00936
confirmation,2015-01-07,equal_weight,0.013479999999999999
confirmation,2015-01-08,equal_weight,0.017640000000000003
confirmation,2015-01-09,equal_weight,-0.0085
confirmation,2015-01-12,equal_weight,-0.006840000000000001
confirmation,2015-01-13,equal_weight,-0.0021200000000000004
confirmation,2015-01-14,equal_weight,-0.005260000000000001
confirmation,2015-01-15,equal_weight,-0.010860000000000002
confirmation,2015-01-16,equal_weight,0.01422
confirmation,2015-01-20,equal_weight,0.0009399999999999999
confirmation,2015-01-21,equal_weight,0.00362
confirmation,2015-01-22,equal_weight,0.015300000000000001
confirmation,2015-01-23,equal_weight,-0.00472
confirmation,2015-01-26,equal_weight,0.004660000000000001
confirmation,2015-01-27,equal_weight,-0.01114
confirmation,2015-01-28,equal_weight,-0.01414
confirmation,2015-01-29,equal_weight,0.009920000000000002
confirmation,2015-01-30,equal_weight,-0.01314
confirmation,2015-02-02,localized,0.009389776684037312
confirmation,2015-02-03,localized,0.012314168288667337
confirmation,2015-02-04,localized,-0.0025824994401515296
confirmation,2015-02-05,localized,0.009282147302030596
confirmation,2015-02-06,localized,-0.00280705342447151
confirmation,2015-02-09,localized,-0.0064615282155555545
confirmation,2015-02-10,localized,0.012732624207882026
confirmation,2015-02-11,localized,0.0021317873224246716
confirmation,2015-02-12,localized,0.006886139761412723
confirmation,2015-02-13,localized,0.00329315488821341
confirmation,2015-02-17,localized,0.0010778772726553008
confirmation,2015-02-18,localized,0.0021956854702621423
confirmation,2015-02-19,localized,-0.00037223830606853737
confirmation,2015-02-20,localized,0.006690344411666902
confirmation,2015-02-23,localized,0.00044567183840710505
confirmation,2015-02-24,localized,0.002236822770475416
confirmation,2015-02-25,localized,0.001371206054069935
confirmation,2015-02-26,localized,0.0009637145920982302
confirmation,2015-02-27,localized,-0.0016527779931467953
confirmation,2015-02-02,all_gene,0.007970266064843409
confirmation,2015-02-03,all_gene,0.010090239016069116
confirmation,2015-02-04,all_gene,-0.008951878151958484
confirmation,2015-02-05,all_gene,0.014260718835633318
confirmation,2015-02-06,all_gene,-0.005421721464889744
confirmation,2015-02-09,all_gene,-0.007588261946048881
confirmation,2015-02-10,all_gene,0.01288783110883988
confirmation,2015-02-11,all_gene,0.00027980351759289657
confirmation,2015-02-12,all_gene,0.006624548381746814
confirmation,2015-02-13,all_gene,0.0049581103531486015
confirmation,2015-02-17,all_gene,0.004056875712767852
confirmation,2015-02-18,all_gene,0.0019523772591583362
confirmation,2015-02-19,all_gene,0.0002904014807175911
confirmation,2015-02-20,all_gene,0.0076779920082773465
confirmation,2015-02-23,all_gene,0.0006487241560931519
confirmation,2015-02-24,all_gene,0.0007487084210094631
confirmation,2015-02-25,all_gene,0.0025255614772068382
confirmation,2015-02-26,all_gene,0.0016180307091659802
confirmation,2015-02-27,all_gene,-0.00450872506059273
confirmation,2015-02-02,random,0.007252167794282485
confirmation,2015-02-03,random,0.009187163119719857
confirmation,2015-02-04,random,-0.009262012776337652
confirmation,2015-02-05,random,0.014913010753681222
confirmation,2015-02-06,random,-0.006091676088643508
confirmation,2015-02-09,random,-0.007440737978920988
confirmation,2015-02-10,random,0.013638767826946608
confirmation,2015-02-11,random,0.0004415476322940264
confirmation,2015-02-12,random,0.007217647357487566
confirmation,2015-02-13,random,0.005927728008338775
confirmation,2015-02-17,random,0.004414558396657754
confirmation,2015-02-18,random,0.0021101157697864313
confirmation,2015-02-19,random,0.0011283087748486268
confirmation,2015-02-20,random,0.007853645960989721
confirmation,2015-02-23,random,0.0007767388477242494
confirmation,2015-02-24,random,0.0001771315595140322
confirmation,2015-02-25,random,0.002345625977659584
confirmation,2015-02-26,random,0.0028501509655411263
confirmation,2015-02-27,random,-0.005130871313855463
confirmation,2015-02-02,min_variance,0.011592119108361831
confirmation,2015-02-03,min_variance,0.014541363496683451
confirmation,2015-02-04,min_variance,-0.0013666768558933241
confirmation,2015-02-05,min_variance,0.007302476305999005
confirmation,2015-02-06,min_variance,-0.0019574136341570314
confirmation,2015-02-09,min_variance,-0.006363268114184694
confirmation,2015-02-10,min_variance,0.01107005502992198
confirmation,2015-02-11,min_variance,0.0017379547549748221
confirmation,2015-02-12,min_variance,0.005883338427946662
confirmation,2015-02-13,min_variance,0.0017734637716306113
confirmation,2015-02-17,min_variance,-0.00041141852660543307
confirmation,2015-02-18,min_variance,0.002282405992237038
confirmation,2015-02-19,min_variance,-0.002188581473394567
confirmation,2015-02-20,min_variance,0.005792280648553089
confirmation,2015-02-23,min_variance,0.00020987465631605102
confirmation,2015-02-24,min_variance,0.003370987465631605
confirmation,2015-02-25,min_variance,0.0013228370532108664
confirmation,2015-02-26,min_variance,-0.0017879700388148084
confirmation,2015-02-27,min_variance,8.919290797432516e-05
confirmation,2015-02-02,equal_weight,0.011720000000000001
confirmation,2015-02-03,equal_weight,0.014060000000000001
confirmation,2015-02-04,equal_weight,-0.0048
confirmation,2015-02-05,equal_weight,0.011600000000000001
confirmation,2015-02-06,equal_weight,-0.0029000000000000002
confirmation,2015-02-09,equal_weight,-0.00532
confirmation,2015-02-10,equal_weight,0.010900000000000002
confirmation,2015-02-11,equal_weight,0.00020000000000000006
confirmation,2015-02-12,equal_weight,0.0091
confirmation,2015-02-13,equal_weight,0.00472
confirmation,2015-02-17,equal_weight,0.00222
confirmation,2015-02-18,equal_weight,0.0007400000000000001
confirmation,2015-02-19,equal_weight,-0.00024000000000000003
confirmation,2015-02-20,equal_weight,0.0063999999999999994
confirmation,2015-02-23,equal_weight,-0.00042
confirmation,2015-02-24,equal_weight,0.00266
confirmation,2015-02-25,equal_weight,0.0006599999999999999
confirmation,2015-02-26,equal_weight,-0.0005999999999999996
confirmation,2015-02-27,equal_weight,-0.0037
confirmation,2015-03-02,localized,0.006828435105449742
confirmation,2015-03-03,localized,-0.005293012681454372
confirmation,2015-03-04,localized,-0.0037074508394235885
confirmation,2015-03-05,localized,0.0025698020512677933
confirmation,2015-03-06,localized,-0.014812812479115678
confirmation,2015-03-09,localized,0.004544731457299555
confirmation,2015-03-10,localized,-0.01373561361468779
confirmation,2015-03-11,localized,-0.0029406290526939214
confirmation,2015-03-12,localized,0.013746125464078092
confirmation,2015-03-13,localized,-0.005129083881701461
confirmation,2015-03-16,localized,0.013231180444857295
confirmation,2015-03-17,localized,-0.0027635920992093925
confirmation,2015-03-18,localized,0.008269523241218617
confirmation,2015-03-19,localized,-0.0005388086316853296
confirmation,2015-03-20,localized,0.008085980716108564
confirmation,2015-03-23,localized,-0.00034640059820583623
confirmation,2015-03-24,localized,-0.0037547892869543333
confirmation,2015-03-25,localized,-0.015259857444797405
confirmation,2015-03-26,localized,-0.003437045324928353
confirmation,2015-03-27,localized,0.005904908981431947
confirmation,2015-03-30,localized,0.010906212388183572
confirmation,2015-03-31,localized,-0.00788863365956649
confirmation,2015-03-02,all_gene,0.00750147789183181
confirmation,2015-03-03,all_gene,-0.006678623042578338
confirmation,2015-03-04,all_gene,0.002132877729492558
confirmation,2015-03-05,all_gene,0.004526752194380121
confirmation,2015-03-06,all_gene,-0.016170068345904322
confirmation,2015-03-09,all_gene,0.003653122668644511
confirmation,2015-03-10,all_gene,-0.01054067409537989
confirmation,2015-03-11,all_gene,-0.0005423682102967338
confirmation,2015-03-12,all_gene,0.012094386894040854
confirmation,2015-03-13,all_gene,-0.002885583268866871
confirmation,2015-03-16,all_gene,0.01706234732876491
confirmation,2015-03-17,all_gene,-0.002314500211171439
confirmation,2015-03-18,all_gene,0.009860953037192368
confirmation,2015-03-19,all_gene,0.004848019955876256
confirmation,2015-03-20,all_gene,0.006274487748122381
confirmation,2015-03-23,all_gene,-0.0030002975406201436
confirmation,2015-03-24,all_gene,-0.006378067570865163
confirmation,2015-03-25,all_gene,-0.019394059428812407
confirmation,2015-03-26,all_gene,-0.0028301313503544074
confirmation,2015-03-27,all_gene,0.007598680273475669
confirmation,2015-03-30,all_gene,0.010571204838788005
confirmation,2015-03-31,all_gene,-0.0119816292198263
confirmation,2015-03-02,random,0.008185060133819339
confirmation,2015-03-03,random,-0.007389747261457198
confirmation,2015-03-04,random,0.004323321884582
confirmation,2015-03-05,random,0.005288063568643425
confirmation,2015-03-06,random,-0.016391556655303882
confirmation,2015-03-09,random,0.003491452392940285
confirmation,2015-03-10,random,-0.009618790231729533
confirmation,2015-03-11,random,0.00016378938334985255
confirmation,2015-03-12,random,0.011560653045787048
confirmation,2015-03-13,random,-0.001964636007373382
confirmation,2015-03-16,random,0.018582300367085917
confirmation,2015-03-17,random,-0.0019205743165338974
confirmation,2015-03-18,random,0.010051327004695193
confirmation,2015-03-19,random,0.007377359432279681
confirmation,2015-03-20,random,0.005363836644538375
confirmation,2015-03-23,random,-0.0039225475323069504
confirmation,2015-03-24,random,-0.0073317963907503225
confirmation,2015-03-25,random,-0.021900860623051865
confirmation,2015-03-26,random,-0.0025130961880026133
confirmation,2015-03-27,random,0.008352225911921548
confirmation,2015-03-30,random,0.010211806491423843
confirmation,2015-03-31,random,-0.013594748979388203
confirmation,2015-03-02,min_variance,0.004969314684419076
confirmation,2015-03-03,min_variance,-0.00423020964236725
confirmation,2015-03-04,min_variance,-0.006283090845025809
confirmation,2015-03-05,min_variance,0.002194237594682883
confirmation,2015-03-06,min_variance,-0.015297846262264018
confirmation,2015-03-09,min_variance,0.004649272535077425
confirmation,2015-03-10,min_variance,-0.01349892313113201
confirmation,2015-03-11,min_variance,-0.0033852445827617914
confirmation,2015-03-12,min_variance,0.015426600974786119
confirmation,2015-03-13,min_variance,-0.006289930119210917
confirmation,2015-03-16,min_variance,0.011410069880789084
confirmation,2015-03-17,min_variance,-0.003962951083447642
confirmation,2015-03-18,min_variance,0.007312979740479387
confirmation,2015-03-19,min_variance,-0.0039733990252138855
confirmation,2015-03-20,min_variance,0.009871944095368734
confirmation,2015-03-23,min_variance,0.0006841677138937996
confirmation,2015-03-24,min_variance,-0.002314755417238209
confirmation,2015-03-25,min_variance,-0.009541356392024325
confirmation,2015-03-26,min_variance,-0.004493160725814891
confirmation,2015-03-27,min_variance,0.005487398320497774
confirmation,2015-03-30,min_variance,0.011449650596054586
confirmation,2015-03-31,min_variance,-0.005680937107289827
confirmation,2015-03-02,equal_weight,0.006200000000000001
confirmation,2015-03-03,equal_weight,-0.004660000000000001
confirmation,2015-03-04,equal_weight,-0.00324
confirmation,2015-03-05,equal_weight,0.0019399999999999999
confirmation,2015-03-06,equal_weight,-0.0137
confirmation,2015-03-09,equal_weight,0.0036800000000000005
confirmation,2015-03-10,equal_weight,-0.01526
confirmation,2015-03-11,equal_weight,-0.00042
confirmation,2015-03-12,equal_weight,0.012719999999999999
confirmation,2015-03-13,equal_weight,-0.00536
confirmation,2015-03-16,equal_weight,0.013059999999999999
confirmation,2015-03-17,equal_weight,-0.0023000000000000004
confirmation,2015-03-18,equal_weight,0.01094
confirmation,2015-03-19,equal_weight,-0.00268
confirmation,2015-03-20,equal_weight,0.007980000000000001
confirmation,2015-03-23,equal_weight,-0.0019399999999999999
confirmation,2015-03-24,equal_weight,-0.00524
confirmation,2015-03-25,equal_weight,-0.015479999999999999
confirmation,2015-03-26,equal_weight,-0.0024400000000000003
confirmation,2015-03-27,equal_weight,0.00384
confirmation,2015-03-30,equal_weight,0.012240000000000001
confirmation,2015-03-31,equal_weight,-0.0082
confirmation,2015-04-01,localized,-0.005375091224289994
confirmation,2015-04-02,localized,0.004673514275097572
confirmation,2015-04-06,localized,0.005524010538552438
confirmation,2015-04-07,localized,-0.0025765007613754143
confirmation,2015-04-08,localized,0.00593950139479599
confirmation,2015-04-09,localized,0.003224527974397468
confirmation,2015-04-10,localized,0.004218026553285543
confirmation,2015-04-13,localized,-0.004443139298918442
confirmation,2015-04-14,localized,-0.00048334210502530995
confirmation,2015-04-15,localized,0.0017952657588225281
confirmation,2015-04-16,localized,-0.00013638989467753412
confirmation,2015-04-17,localized,-0.01198476349239635
confirmation,2015-04-20,localized,0.009459586968694058
confirmation,2015-04-21,localized,0.001985527458951472
confirmation,2015-04-22,localized,0.003008700692587079
confirmation,2015-04-23,localized,0.003302517361886451
confirmation,2015-04-24,localized,0.0047947817599487295
confirmation,2015-04-27,localized,-0.008363165911191274
confirmation,2015-04-28,localized,-0.00047211936705349384
confirmation,2015-04-29,localized,-0.007570294182427217
confirmation,2015-04-30,localized,-0.011070780092907389
confirmation,2015-04-01,all_gene,-0.010273594554593129
confirmation,2015-04-02,all_gene,0.001995277986815828
confirmation,2015-04-06,all_gene,0.0017368162618556433
confirmation,2015-04-07,all_gene,0.0029215825036516788
confirmation,2015-04-08,all_gene,0.009115732612762403
confirmation,2015-04-09,all_gene,0.006241566988336303
confirmation,2015-04-10,all_gene,0.008482354228299117
confirmation,2015-04-13,all_gene,-0.004237768435645218
confirmation,2015-04-14,all_gene,0.0005088708983057249
confirmation,2015-04-15,all_gene,0.005243878283186966
confirmation,2015-04-16,all_gene,-0.0014495616531363937
confirmation,2015-04-17,all_gene,-0.009452878323657408
confirmation,2015-04-20,all_gene,0.007038500432709409
confirmation,2015-04-21,all_gene,0.006489455588111321
confirmation,2015-04-22,all_gene,0.002186221496829622
confirmation,2015-04-23,all_gene,0.004808931209957934
confirmation,2015-04-24,all_gene,-0.002893860460115339
confirmation,2015-04-27,all_gene,-0.018434252435442167
confirmation,2015-04-28,all_gene,0.00024398028969569653
confirmation,2015-04-29,all_gene,-0.0051260457922368795
confirmation,2015-04-30,all_gene,-0.01661649617369295
confirmation,2015-04-01,random,-0.010493187224424298
confirmation,2015-04-02,random,0.0016645979611531279
confirmation,2015-04-06,random,0.0011487749123545697
confirmation,2015-04-07,random,0.0034767069542305184
confirmation,2015-04-08,random,0.009481485384171158
confirmation,2015-04-09,random,0.006555434551584682
confirmation,2015-04-10,random,0.008981743741624186
confirmation,2015-04-13,random,-0.004024403273059161
confirmation,2015-04-14,random,0.0003308922635965549
confirmation,2015-04-15,random,0.005729733804298029
confirmation,2015-04-16,random,-0.0015067109895375592
confirmation,2015-04-17,random,-0.009376777783423045
confirmation,2015-04-20,random,0.006925357125016549
confirmation,2015-04-21,random,0.00683487085142768
confirmation,2015-04-22,random,0.0023876165634412775
confirmation,2015-04-23,random,0.004917116174874656
confirmation,2015-04-24,random,-0.0036801664462938486
confirmation,2015-04-27,random,-0.019044183728503226
confirmation,2015-04-28,random,0.0006249301099431567
confirmation,2015-04-29,random,-0.004733383700948049
confirmation,2015-04-30,random,-0.017271404075732404
confirmation,2015-04-01,min_variance,-0.003793943674175719
confirmation,2015-04-02,min_variance,0.006051621380159908
confirmation,2015-04-06,min_variance,0.0068580485041424
confirmation,2015-04-07,min_variance,-0.004858070402888825
confirmation,2015-04-08,min_variance,0.004525825289244238
confirmation,2015-04-09,min_variance,0.0021290242520711996
confirmation,2015-04-10,min_variance,0.002545157758266706
confirmation,2015-04-13,min_variance,-0.004954834942151153
confirmation,2015-04-14,min_variance,0.0008515921818313396
confirmation,2015-04-15,min_variance,-0.0005613204627907789
confirmation,2015-04-16,min_variance,0.0003645267251998834
confirmation,2015-04-17,min_variance,-0.011845165057848848
confirmation,2015-04-20,min_variance,0.008619354367768894
confirmation,2015-04-21,min_variance,3.2274311973154446e-05
confirmation,2015-04-22,min_variance,0.002306449022728918
confirmation,2015-04-23,min_variance,0.0022387087355377885
confirmation,2015-04-24,min_variance,0.006670990347093085
confirmation,2015-04-27,min_variance,-0.006935495173546543
confirmation,2015-04-28,min_variance,-0.0011677548863554131
confirmation,2015-04-29,min_variance,-0.00869357287601751
confirmation,2015-04-30,min_variance,-0.007425803390497813
confirmation,2015-04-01,equal_weight,-0.00466
confirmation,2015-04-02,equal_weight,0.0034400000000000003
confirmation,2015-04-06,equal_weight,0.00578
confirmation,2015-04-07,equal_weight,-0.00162
confirmation,2015-04-08,equal_weight,0.00434
confirmation,2015-04-09,equal_weight,0.00438
confirmation,2015-04-10,equal_weight,0.00526
confirmation,2015-04-13,equal_weight,-0.004039999999999999
confirmation,2015-04-14,equal_weight,0.0012000000000000003
confirmation,2015-04-15,equal_weight,0.00542
confirmation,2015-04-16,equal_weight,-0.0009600000000000003
confirmation,2015-04-17,equal_weight,-0.011760000000000001
confirmation,2015-04-20,equal_weight,0.0091
confirmation,2015-04-21,equal_weight,-5.999999999999994e-05
confirmation,2015-04-22,equal_weight,0.0041800000000000006
confirmation,2015-04-23,equal_weight,0.00304
confirmation,2015-04-24,equal_weight,0.0012200000000000002
confirmation,2015-04-27,equal_weight,-0.0070799999999999995
confirmation,2015-04-28,equal_weight,0.00234
confirmation,2015-04-29,equal_weight,-0.00414
confirmation,2015-04-30,equal_weight,-0.011540000000000002
confirmation,2015-05-01,localized,0.011656469598550165
confirmation,2015-05-04,localized,0.002528582273851126
confirmation,2015-05-05,localized,-0.011507542622014907
confirmation,2015-05-06,localized,-0.0020414853950341738
confirmation,2015-05-07,localized,0.0055614155173456
confirmation,2015-05-08,localized,0.011797650917369904
confirmation,2015-05-11,localized,-0.0026564459877629855
confirmation,2015-05-12,localized,-0.0027393780629680095
confirmation,2015-05-13,localized,-0.0008517746643693641
confirmation,2015-05-14,localized,0.010656053336164829
confirmation,2015-05-15,localized,0.0025499198659846003
confirmation,2015-05-18,localized,0.003862733952596443
confirmation,2015-05-19,localized,-0.002024171265770719
confirmation,2015-05-20,localized,-0.0006314722701675623
confirmation,2015-05-21,localized,0.0027543668170364167
confirmation,2015-05-22,localized,-0.002550298503385895
confirmation,2015-05-26,localized,-0.008859689691220517
confirmation,2015-05-27,localized,0.009579216016276705
confirmation,2015-05-28,localized,-0.0008400498605204012
confirmation,2015-05-29,localized,-0.005876988583461957
confirmation,2015-05-01,all_gene,0.013694484221571416
confirmation,2015-05-04,all_gene,0.005703361162302648
confirmation,2015-05-05,all_gene,-0.012783899714330929
confirmation,2015-05-06,all_gene,-0.0012624275829129182
confirmation,2015-05-07,all_gene,0.005021787791749004
confirmation,2015-05-08,all_gene,0.0160439247141615
confirmation,2015-05-11,all_gene,-0.0010373191134751523
confirmation,2015-05-12,all_gene,-0.004715692286499937
confirmation,2015-05-13,all_gene,-0.001280121221811797
confirmation,2015-05-14,all_gene,0.013186411866925044
confirmation,2015-05-15,all_gene,0.002233591987789438
confirmation,2015-05-18,all_gene,0.007411774276534814
confirmation,2015-05-19,all_gene,0.0026920648511506258
confirmation,2015-05-20,all_gene,0.0023625838039284023
confirmation,2015-05-21,all_gene,-0.00030915436545716324
confirmation,2015-05-22,all_gene,-0.002442255063535552
confirmation,2015-05-26,all_gene,-0.008571058361054268
confirmation,2015-05-27,all_gene,0.01153379974140179
confirmation,2015-05-28,all_gene,-9.703108227118773e-05
confirmation,2015-05-29,all_gene,-0.003145112872415328
confirmation,2015-05-01,random,0.013567607399499169
confirmation,2015-05-04,random,0.005863246461918013
confirmation,2015-05-05,random,-0.012760153560316023
confirmation,2015-05-06,random,-0.00149735421003736
confirmation,2015-05-07,random,0.004991985888175903
confirmation,2015-05-08,random,0.016033638127667883
confirmation,2015-05-11,random,-0.0011183048011946274
confirmation,2015-05-12,random,-0.004782171393967125
confirmation,2015-05-13,random,-0.0010345044993572234
confirmation,2015-05-14,random,0.013157761693148048
confirmation,2015-05-15,random,0.0017948046953199172
confirmation,2015-05-18,random,0.007570489079788453
confirmation,2015-05-19,random,0.002984482816125638
confirmation,2015-05-20,random,0.002280504493862256
confirmation,2015-05-21,random,-0.0004580983221507838
confirmation,2015-05-22,random,-0.002354825149878192
confirmation,2015-05-26,random,-0.008719817203332194
confirmation,2015-05-27,random,0.011668663950756226
confirmation,2015-05-28,random,-0.00013614360040822975
confirmation,2015-05-29,random,-0.0032205757500305796
confirmation,2015-05-01,min_variance,0.010816301801589932
confirmation,2015-05-04,min_variance,0.0015999550219585948
confirmation,2015-05-05,min_variance,-0.01027067582922961
confirmation,2015-05-06,min_variance,-0.0007572776199250276
confirmation,2015-05-07,min_variance,0.005290411607350746
confirmation,2015-05-08,min_variance,0.01065695692242155
confirmation,2015-05-11,min_variance,-0.0030321830940520395
confirmation,2015-05-12,min_variance,-0.00163594005697136
confirmation,2015-05-13,min_variance,-0.0021519887762595736
confirmation,2015-05-14,min_variance,0.008696935261342676
confirmation,2015-05-15,min_variance,0.0038830991962805787
confirmation,2015-05-18,min_variance,0.0021031897726059663
confirmation,2015-05-19,min_variance,-0.003927230699279274
confirmation,2015-05-20,min_variance,-0.002067639018263306
confirmation,2015-05-21,min_variance,0.003754095723013667
confirmation,2015-05-22,min_variance,-0.0033250630230945624
confirmation,2015-05-26,min_variance,-0.008896688768532798
confirmation,2015-05-27,min_variance,0.006890489387131752
confirmation,2015-05-28,min_variance,-0.0008686745899475412
confirmation,2015-05-29,min_variance,-0.006176637570680443
confirmation,2015-05-01,equal_weight,0.0106
confirmation,2015-05-04,equal_weight,0.00332
confirmation,2015-05-05,equal_weight,-0.011859999999999999
confirmation,2015-05-06,equal_weight,-0.0027400000000000002
confirmation,2015-05-07,equal_weight,0.0039
confirmation,2015-05-08,equal_weight,0.012600000000000002
confirmation,2015-05-11,equal_weight,-0.00366
confirmation,2015-05-12,equal_weight,-0.00288
confirmation,2015-05-13,equal_weight,-0.00024000000000000011
confirmation,2015-05-14,equal_weight,0.010400000000000001
confirmation,2015-05-15,equal_weight,0.00102
confirmation,2015-05-18,equal_weight,0.0045000000000000005
confirmation,2015-05-19,equal_weight,-0.00066
confirmation,2015-05-20,equal_weight,-0.00022000000000000003
confirmation,2015-05-21,equal_weight,0.00212
confirmation,2015-05-22,equal_weight,-0.00244
confirmation,2015-05-26,equal_weight,-0.010000000000000002
confirmation,2015-05-27,equal_weight,0.0092
confirmation,2015-05-28,equal_weight,-0.001
confirmation,2015-05-29,equal_weight,-0.00552
confirmation,2015-06-01,localized,0.001609599883057614
confirmation,2015-06-02,localized,-0.0011642835997706165
confirmation,2015-06-03,localized,0.003979968006294822
confirmation,2015-06-04,localized,-0.007927436798670097
confirmation,2015-06-05,localized,-0.004274866420496765
confirmation,2015-06-08,localized,-0.004360571212723854
confirmation,2015-06-09,localized,-2.5295334744106146e-05
confirmation,2015-06-10,localized,0.009799783001644288
confirmation,2015-06-11,localized,0.0028229082038957595
confirmation,2015-06-12,localized,-0.004711792708779835
confirmation,2015-06-15,localized,-0.005581113088007895
confirmation,2015-06-16,localized,0.006665470858182241
confirmation,2015-06-17,localized,0.0034791506715725973
confirmation,2015-06-18,localized,0.012352130721690897
confirmation,2015-06-19,localized,-0.0009145426181078598
confirmation,2015-06-22,localized,0.005072056354144503
confirmation,2015-06-23,localized,0.0014724788166438113
confirmation,2015-06-24,localized,-0.007955128138915205
confirmation,2015-06-25,localized,-0.001087129100593139
confirmation,2015-06-26,localized,0.0012409784982864757
confirmation,2015-06-29,localized,-0.020900719162748188
confirmation,2015-06-30,localized,0.002864313326222196
confirmation,2015-06-01,all_gene,0.0025061012047527696
confirmation,2015-06-02,all_gene,-0.004141601384722954
confirmation,2015-06-03,all_gene,0.002182757287142313
confirmation,2015-06-04,all_gene,-0.006870640658371368
confirmation,2015-06-05,all_gene,0.0016729980581764669
confirmation,2015-06-08,all_gene,-0.003973565502800411
confirmation,2015-06-09,all_gene,-0.0009637579047069409
confirmation,2015-06-10,all_gene,0.011078122959150546
confirmation,2015-06-11,all_gene,0.006305863459268355
confirmation,2015-06-12,all_gene,-0.010734640691891352
confirmation,2015-06-15,all_gene,-0.0026346032814686285
confirmation,2015-06-16,all_gene,0.004395738496991067
confirmation,2015-06-17,all_gene,0.003286095117335302
confirmation,2015-06-18,all_gene,0.017583640731348358
confirmation,2015-06-19,all_gene,-0.0006828655305220944
confirmation,2015-06-22,all_gene,0.008158343837093612
confirmation,2015-06-23,all_gene,-0.00022631779715783084
confirmation,2015-06-24,all_gene,-0.009986176069834107
confirmation,2015-06-25,all_gene,0.0027847548083762487
confirmation,2015-06-26,all_gene,-0.0007625979278404354
confirmation,2015-06-29,all_gene,-0.024138125316762408
confirmation,2015-06-30,all_gene,0.0071862140574935765
confirmation,2015-06-01,random,0.002504328431155622
confirmation,2015-06-02,random,-0.0037324457967056516
confirmation,2015-06-03,random,0.0025513391776698035
confirmation,2015-06-04,random,-0.00703942459424026
confirmation,2015-06-05,random,0.001959015628774866
confirmation,2015-06-08,random,-0.004353786237974957
confirmation,2015-06-09,random,-0.0007740944229821593
confirmation,2015-06-10,random,0.011303584818893977
confirmation,2015-06-11,random,0.005967398893443818
confirmation,2015-06-12,random,-0.01034276727914616
confirmation,2015-06-15,random,-0.002703297141669455
confirmation,2015-06-16,random,0.0044186065632712416
confirmation,2015-06-17,random,0.0029396732465213323
confirmation,2015-06-18,random,0.01686751292442701
confirmation,2015-06-19,random,-0.0011708839892424177
confirmation,2015-06-22,random,0.008156382298374842
confirmation,2015-06-23,random,-3.604043975050992e-06
confirmation,2015-06-24,random,-0.009873025373735985
confirmation,2015-06-25,random,0.002314997863561764
confirmation,2015-06-26,random,-0.000763115915443374
confirmation,2015-06-29,random,-0.024035757929267147
confirmation,2015-06-30,random,0.006893964134127664
confirmation,2015-06-01,min_variance,0.0014770596750487432
confirmation,2015-06-02,min_variance,-0.00026714443334365054
confirmation,2015-06-03,min_variance,0.003907652900038235
confirmation,2015-06-04,min_variance,-0.008403190866650888
confirmation,2015-06-05,min_variance,-0.005515467933370962
confirmation,2015-06-08,min_variance,-0.004392184966667274
confirmation,2015-06-09,min_variance,0.00022344509999817943
confirmation,2015-06-10,min_variance,0.00953285556665635
confirmation,2015-06-11,min_variance,0.0018374797333381887
confirmation,2015-06-12,min_variance,-0.003514196766634502
confirmation,2015-06-15,min_variance,-0.006353109800003643
confirmation,2015-06-16,min_variance,0.00721403463334001
confirmation,2015-06-17,min_variance,0.0034905895333418304
confirmation,2015-06-18,min_variance,0.010687398666690945
confirmation,2015-06-19,min_variance,-0.0013063817333017753
confirmation,2015-06-22,min_variance,0.004270335299994538
confirmation,2015-06-23,min_variance,0.0016421039000200277
confirmation,2015-06-24,min_variance,-0.007400000000000001
confirmation,2015-06-25,min_variance,-0.00245167649997269
confirmation,2015-06-26,min_variance,0.001846890199996359
confirmation,2015-06-29,min_variance,-0.01987495946667638
confirmation,2015-06-30,min_variance,0.001746890199996359
confirmation,2015-06-01,equal_weight,0.00176
confirmation,2015-06-02,equal_weight,-0.0006399999999999999
confirmation,2015-06-03,equal_weight,0.0035200000000000006
confirmation,2015-06-04,equal_weight,-0.00864
confirmation,2015-06-05,equal_weight,0.00023999999999999998
confirmation,2015-06-08,equal_weight,-0.00606
confirmation,2015-06-09,equal_weight,7.999999999999988e-05
confirmation,2015-06-10,equal_weight,0.01166
confirmation,2015-06-11,equal_weight,0.0026200000000000004
confirmation,2015-06-12,equal_weight,-0.00676
confirmation,2015-06-15,equal_weight,-0.004560000000000001
confirmation,2015-06-16,equal_weight,0.0056
confirmation,2015-06-17,equal_weight,0.0019400000000000003
confirmation,2015-06-18,equal_weight,0.01076
confirmation,2015-06-19,equal_weight,-0.0038799999999999998
confirmation,2015-06-22,equal_weight,0.006360000000000001
confirmation,2015-06-23,equal_weight,0.0009600000000000001
confirmation,2015-06-24,equal_weight,-0.00812
confirmation,2015-06-25,equal_weight,-0.00202
confirmation,2015-06-26,equal_weight,-0.0002400000000000003
confirmation,2015-06-29,equal_weight,-0.02146
confirmation,2015-06-30,equal_weight,0.0035600000000000007
confirmation,2015-07-01,localized,0.004983917536106139
confirmation,2015-07-02,localized,-0.0021971746917924416
confirmation,2015-07-06,localized,0.002264786235771785
confirmation,2015-07-07,localized,0.005675034716705613
confirmation,2015-07-08,localized,-0.01806664095485281
confirmation,2015-07-09,localized,0.005956453654168157
confirmation,2015-07-10,localized,0.013011506520282405
confirmation,2015-07-13,localized,0.011601672557339038
confirmation,2015-07-14,localized,0.010436662261517845
confirmation,2015-07-15,localized,0.0003797214804722885
confirmation,2015-07-16,localized,0.009181688850345891
confirmation,2015-07-17,localized,-0.0009533735209193594
confirmation,2015-07-20,localized,0.0024643263985129537
confirmation,2015-07-21,localized,-0.004379570454604122
confirmation,2015-07-22,localized,0.00226896743895492
confirmation,2015-07-23,localized,-0.0019187638306770083
confirmation,2015-07-24,localized,-0.026540233535047524
confirmation,2015-07-27,localized,-0.005342111132325122
confirmation,2015-07-28,localized,0.01722088617322964
confirmation,2015-07-29,localized,8.871609180248802e-05
confirmation,2015-07-30,localized,0.001412981880681473
confirmation,2015-07-31,localized,0.007013882761818572
confirmation,2015-07-01,all_gene,0.005689420692286582
confirmation,2015-07-02,all_gene,-0.002178870943622525
confirmation,2015-07-06,all_gene,0.002316405684980938
confirmation,2015-07-07,all_gene,0.005721463794818589
confirmation,2015-07-08,all_gene,-0.018071197691978267
confirmation,2015-07-09,all_gene,0.005946998981378688
confirmation,2015-07-10,all_gene,0.012992424341452783
confirmation,2015-07-13,all_gene,0.011603417031195322
confirmation,2015-07-14,all_gene,0.010503772268032504
confirmation,2015-07-15,all_gene,0.00035509717163118444
confirmation,2015-07-16,all_gene,0.009181111651350288
confirmation,2015-07-17,all_gene,-0.0009752474174222295
confirmation,2015-07-20,all_gene,0.002475858302757673
confirmation,2015-07-21,all_gene,-0.0044024187083099
confirmation,2015-07-22,all_gene,0.0022533533351153435
confirmation,2015-07-23,all_gene,-0.0018510316489175377
confirmation,2015-07-24,all_gene,-0.026717247730686483
confirmation,2015-07-27,all_gene,-0.005321133634434046
confirmation,2015-07-28,all_gene,0.017311596688066932
confirmation,2015-07-29,all_gene,1.087507630113767e-05
confirmation,2015-07-30,all_gene,0.0014005712980658057
confirmation,2015-07-31,all_gene,0.0070865688984062735
confirmation,2015-07-01,random,0.005901725144678636
confirmation,2015-07-02,random,-0.0021872844434001016
confirmation,2015-07-06,random,0.001617866377525796
confirmation,2015-07-07,random,0.005351334278633097
confirmation,2015-07-08,random,-0.01799119019929691
confirmation,2015-07-09,random,0.0057656283974461325
confirmation,2015-07-10,random,0.013038562529509795
confirmation,2015-07-13,random,0.011571371545074573
confirmation,2015-07-14,random,0.009831344162264607
confirmation,2015-07-15,random,0.00035642774090632835
confirmation,2015-07-16,random,0.00909158640728246
confirmation,2015-07-17,random,-0.0006975732972560983
confirmation,2015-07-20,random,0.0021954889542066293
confirmation,2015-07-21,random,-0.004336225816593505
confirmation,2015-07-22,random,0.001904840632850957
confirmation,2015-07-23,random,-0.0024461594206826066
confirmation,2015-07-24,random,-0.024920348824023674
confirmation,2015-07-27,random,-0.005626653409951061
confirmation,2015-07-28,random,0.016579156029195893
confirmation,2015-07-29,random,0.0008955161854183551
confirmation,2015-07-30,random,0.00141382776062369
confirmation,2015-07-31,random,0.006063644936624402
confirmation,2015-07-01,min_variance,0.007792648503386669
confirmation,2015-07-02,min_variance,-0.0005778378662794274
confirmation,2015-07-06,min_variance,-0.0026205211816853697
confirmation,2015-07-07,min_variance,0.01122065638081408
confirmation,2015-07-08,min_variance,-0.015342818514534654
confirmation,2015-07-09,min_variance,0.0027857722281980192
confirmation,2015-07-10,min_variance,0.01197947881831463
confirmation,2015-07-13,min_variance,0.01173816605668647
confirmation,2015-07-14,min_variance,0.002806293409883389
confirmation,2015-07-15,min_variance,-0.00448084937209241
confirmation,2015-07-16,min_variance,0.007111216265988997
confirmation,2015-07-17,min_variance,-0.0025919304389526963
confirmation,2015-07-20,min_variance,0.0015176448750010983
confirmation,2015-07-21,min_variance,-0.0039697683052321246
confirmation,2015-07-22,min_variance,0.0036176448750010986
confirmation,2015-07-23,min_variance,-0.005626949790697471
confirmation,2015-07-24,min_variance,-0.003564845449126515
confirmation,2015-07-27,min_variance,-0.004790424686046205
confirmation,2015-07-28,min_variance,0.010737895658429045
confirmation,2015-07-29,min_variance,0.007953899581394941
confirmation,2015-07-30,min_variance,0.0017429537136633654
confirmation,2015-07-31,min_variance,0.0011144981700594038
confirmation,2015-07-01,equal_weight,0.00588
confirmation,2015-07-02,equal_weight,-0.0010600000000000002
confirmation,2015-07-06,equal_weight,-0.00314
confirmation,2015-07-07,equal_weight,0.00588
confirmation,2015-07-08,equal_weight,-0.016900000000000002
confirmation,2015-07-09,equal_weight,0.0032
confirmation,2015-07-10,equal_weight,0.01218
confirmation,2015-07-13,equal_weight,0.01128
confirmation,2015-07-14,equal_weight,0.00534
confirmation,2015-07-15,equal_weight,-0.0020599999999999998
confirmation,2015-07-16,equal_weight,0.00762
confirmation,2015-07-17,equal_weight,-0.0003200000000000001
confirmation,2015-07-20,equal_weight,-3.999999999999997e-05
confirmation,2015-07-21,equal_weight,-0.00466
confirmation,2015-07-22,equal_weight,-0.0009600000000000003
confirmation,2015-07-23,equal_weight,-0.0054800000000000005
confirmation,2015-07-24,equal_weight,-0.012300000000000002
confirmation,2015-07-27,equal_weight,-0.00698
confirmation,2015-07-28,equal_weight,0.013099999999999999
confirmation,2015-07-29,equal_weight,0.006840000000000001
confirmation,2015-07-30,equal_weight,0.00098
confirmation,2015-07-31,equal_weight,-0.00074
confirmation,2015-08-03,localized,-0.0004373374585038546
confirmation,2015-08-04,localized,0.0010736044711423256
confirmation,2015-08-05,localized,0.006366290901518536
confirmation,2015-08-06,localized,-0.02356996520790204
confirmation,2015-08-07,localized,-0.005138630804737948
confirmation,2015-08-10,localized,0.008065419278692525
confirmation,2015-08-11,localized,-0.009499821927749274
confirmation,2015-08-12,localized,0.003747313073247987
confirmation,2015-08-13,localized,-0.003884555909596206
confirmation,2015-08-14,localized,0.0007107375357047865
confirmation,2015-08-17,localized,0.011352805034359911
confirmation,2015-08-18,localized,-0.004845063593389067
confirmation,2015-08-19,localized,-0.004670039436080806
confirmation,2015-08-20,localized,-0.02531568509768273
confirmation,2015-08-21,localized,-0.02697270806240587
confirmation,2015-08-24,localized,-0.041535223317242236
confirmation,2015-08-25,localized,-0.0106942820063173
confirmation,2015-08-26,localized,0.04148388369872337
confirmation,2015-08-27,localized,0.0203572176767738
confirmation,2015-08-28,localized,0.0004026732916138482
confirmation,2015-08-31,localized,-0.02055999303306158
confirmation,2015-08-03,all_gene,-0.0004197638138122566
confirmation,2015-08-04,all_gene,0.0010919780241967763
confirmation,2015-08-05,all_gene,0.0063931313559660065
confirmation,2015-08-06,all_gene,-0.023849057120351187
confirmation,2015-08-07,all_gene,-0.0051919706005264
confirmation,2015-08-10,all_gene,0.008012835933336184
confirmation,2015-08-11,all_gene,-0.009499112651521341
confirmation,2015-08-12,all_gene,0.0038863102347947162
confirmation,2015-08-13,all_gene,-0.003986499773594951
confirmation,2015-08-14,all_gene,0.0006143956997955663
confirmation,2015-08-17,all_gene,0.0114791045638549
confirmation,2015-08-18,all_gene,-0.0048938589075518315
confirmation,2015-08-19,all_gene,-0.004611010395033308
confirmation,2015-08-20,all_gene,-0.02538551111228572
confirmation,2015-08-21,all_gene,-0.02691279505675858
confirmation,2015-08-24,all_gene,-0.0415841232872184
confirmation,2015-08-25,all_gene,-0.010697534324703804
confirmation,2015-08-26,all_gene,0.041584032396140454
confirmation,2015-08-27,all_gene,0.02030695536345703
confirmation,2015-08-28,all_gene,0.0004044805528871258
confirmation,2015-08-31,all_gene,-0.020847478758529166
confirmation,2015-08-03,random,-0.0006976563016352524
confirmation,2015-08-04,random,0.0008379430844183653
confirmation,2015-08-05,random,0.006029358943833112
confirmation,2015-08-06,random,-0.021961845062352447
confirmation,2015-08-07,random,-0.004872118542718822
confirmation,2015-08-10,random,0.008636146294242628
confirmation,2015-08-11,random,-0.00966041591519055
confirmation,2015-08-12,random,0.00321812372811843
confirmation,2015-08-13,random,-0.0035273058958754174
confirmation,2015-08-14,random,0.0011629010185722224
confirmation,2015-08-17,random,0.010774837033443483
confirmation,2015-08-18,random,-0.004678930890200897
confirmation,2015-08-19,random,-0.005076731878633558
confirmation,2015-08-20,random,-0.02516425120702293
confirmation,2015-08-21,random,-0.02725376345468671
confirmation,2015-08-24,random,-0.04140382761990613
confirmation,2015-08-25,random,-0.010832041696348563
confirmation,2015-08-26,random,0.04106393692446227
confirmation,2015-08-27,random,0.020820955240261417
confirmation,2015-08-28,random,0.000529744188932605
confirmation,2015-08-31,random,-0.01916018026103096
confirmation,2015-08-03,min_variance,-0.0019321861434354957
confirmation,2015-08-04,min_variance,0.0011880667539242878
confirmation,2015-08-05,min_variance,0.00802158917689176
confirmation,2015-08-06,min_variance,-0.01162556417903366
confirmation,2015-08-07,min_variance,-0.004394319071325855
confirmation,2015-08-10,min_variance,0.007251707986444753
confirmation,2015-08-11,min_variance,-0.00526647757703253
confirmation,2015-08-12,min_variance,-0.000983520363054968
confirmation,2015-08-13,min_variance,0.001321589176891759
confirmation,2015-08-14,min_variance,0.004633522422967472
confirmation,2015-08-17,min_variance,0.004453977062054405
confirmation,2015-08-18,min_variance,-0.0018022731954346603
confirmation,2015-08-19,min_variance,-0.006814206441510375
confirmation,2015-08-20,min_variance,-0.01679715953566293
confirmation,2015-08-21,min_variance,-0.029641476547076284
confirmation,2015-08-24,min_variance,-0.036060796648358394
confirmation,2015-08-25,min_variance,-0.008429547420825573
confirmation,2015-08-26,min_variance,0.033869885310272026
confirmation,2015-08-27,min_variance,0.01967784355420583
confirmation,2015-08-28,min_variance,0.0004397747403690375
confirmation,2015-08-31,min_variance,-0.005400567268902415
confirmation,2015-08-03,equal_weight,-0.0033799999999999998
confirmation,2015-08-04,equal_weight,-0.00114
confirmation,2015-08-05,equal_weight,0.00408
confirmation,2015-08-06,equal_weight,-0.009840000000000003
confirmation,2015-08-07,equal_weight,-0.00398
confirmation,2015-08-10,equal_weight,0.01268
confirmation,2015-08-11,equal_weight,-0.0093
confirmation,2015-08-12,equal_weight,0.00144
confirmation,2015-08-13,equal_weight,-0.0016400000000000002
confirmation,2015-08-14,equal_weight,0.00388
confirmation,2015-08-17,equal_weight,0.0063999999999999994
confirmation,2015-08-18,equal_weight,-0.0035200000000000006
confirmation,2015-08-19,equal_weight,-0.008300000000000002
confirmation,2015-08-20,equal_weight,-0.02226
confirmation,2015-08-21,equal_weight,-0.029060000000000002
confirmation,2015-08-24,equal_weight,-0.03934
confirmation,2015-08-25,equal_weight,-0.01154
confirmation,2015-08-26,equal_weight,0.03686
confirmation,2015-08-27,equal_weight,0.023679999999999996
confirmation,2015-08-28,equal_weight,0.00232
confirmation,2015-08-31,equal_weight,-0.00842
confirmation,2015-09-01,localized,-0.026052858681397485
confirmation,2015-09-02,localized,0.023277436929099865
confirmation,2015-09-03,localized,-0.009791580263086467
confirmation,2015-09-04,localized,-0.010969888541945201
confirmation,2015-09-08,localized,0.03134608898563076
confirmation,2015-09-09,localized,-0.017670443187354185
confirmation,2015-09-10,localized,0.0121096132338854
confirmation,2015-09-11,localized,0.007547367852469469
confirmation,2015-09-14,localized,-0.0027367578768495537
confirmation,2015-09-15,localized,0.011909632012522806
confirmation,2015-09-16,localized,0.0016562560934218933
confirmation,2015-09-17,localized,0.013275921814388617
confirmation,2015-09-18,localized,-0.014163213847123922
confirmation,2015-09-21,localized,-0.020528150763575843
confirmation,2015-09-22,localized,-0.008803967751267022
confirmation,2015-09-23,localized,-0.0011891189030072882
confirmation,2015-09-24,localized,-0.011613472740591654
confirmation,2015-09-25,localized,-0.029955400461591192
confirmation,2015-09-28,localized,-0.04149571743991415
confirmation,2015-09-29,localized,0.0032919368957024862
confirmation,2015-09-30,localized,0.023058980814090153
confirmation,2015-09-01,all_gene,-0.02600303682927393
confirmation,2015-09-02,all_gene,0.02339242293834518
confirmation,2015-09-03,all_gene,-0.010081653667457021
confirmation,2015-09-04,all_gene,-0.010903698025966455
confirmation,2015-09-08,all_gene,0.03148862122897597
confirmation,2015-09-09,all_gene,-0.01779329481976204
confirmation,2015-09-10,all_gene,0.012287872133910116
confirmation,2015-09-11,all_gene,0.007596402560404561
confirmation,2015-09-14,all_gene,-0.0027029891228661598
confirmation,2015-09-15,all_gene,0.01189929061352437
confirmation,2015-09-16,all_gene,0.0015116241674061708
confirmation,2015-09-17,all_gene,0.013677703066926885
confirmation,2015-09-18,all_gene,-0.014101511745683035
confirmation,2015-09-21,all_gene,-0.021160096393798743
confirmation,2015-09-22,all_gene,-0.008706344035802272
confirmation,2015-09-23,all_gene,-0.0012012195521857037
confirmation,2015-09-24,all_gene,-0.011786026705407585
confirmation,2015-09-25,all_gene,-0.03065652364169529
confirmation,2015-09-28,all_gene,-0.0418738070159289
confirmation,2015-09-29,all_gene,0.00339213392228952
confirmation,2015-09-30,all_gene,0.023192748976980627
confirmation,2015-09-01,random,-0.026569212274645
confirmation,2015-09-02,random,0.022759711706045196
confirmation,2015-09-03,random,-0.00852914358464959
confirmation,2015-09-04,random,-0.01132237034180484
confirmation,2015-09-08,random,0.03081346689175889
confirmation,2015-09-09,random,-0.017117097100314452
confirmation,2015-09-10,random,0.01139997095273202
confirmation,2015-09-11,random,0.007192330931402659
confirmation,2015-09-14,random,-0.0028431961941569536
confirmation,2015-09-15,random,0.012038816887451276
confirmation,2015-09-16,random,0.0022526464042540877
confirmation,2015-09-17,random,0.011411908358774347
confirmation,2015-09-18,random,-0.014491817387910697
confirmation,2015-09-21,random,-0.01780542999142957
confirmation,2015-09-22,random,-0.009261914126845931
confirmation,2015-09-23,random,-0.0012654493649986618
confirmation,2015-09-24,random,-0.010851131186456307
confirmation,2015-09-25,random,-0.026811945728277088
confirmation,2015-09-28,random,-0.039893550263437896
confirmation,2015-09-29,random,0.0029419260080934856
confirmation,2015-09-30,random,0.02256546902075008
confirmation,2015-09-01,min_variance,-0.022437065931243557
confirmation,2015-09-02,min_variance,0.01687260425274819
confirmation,2015-09-03,min_variance,0.0031610398850808455
confirmation,2015-09-04,min_variance,-0.012877570574780645
confirmation,2015-09-08,min_variance,0.021538960114919157
confirmation,2015-09-09,min_variance,-0.013683236206928429
confirmation,2015-09-10,min_variance,0.0019445091953810497
confirmation,2015-09-11,min_variance,0.006656073563048388
confirmation,2015-09-14,min_variance,-0.005716647241385685
confirmation,2015-09-15,min_variance,0.010099883448314112
confirmation,2015-09-16,min_variance,0.01152184666678992
confirmation,2015-09-17,min_variance,0.000100000000000001
confirmation,2015-09-18,min_variance,-0.015160923333394959
confirmation,2015-09-21,min_variance,0.006839076666605038
confirmation,2015-09-22,min_variance,-0.012438843563233265
confirmation,2015-09-23,min_variance,-0.0009604571266514099
confirmation,2015-09-24,min_variance,-0.0020891349424479854
confirmation,2015-09-25,min_variance,-0.0005892514941338745
confirmation,2015-09-28,min_variance,-0.023249941724157057
confirmation,2015-09-29,min_variance,-0.002528095057367138
confirmation,2015-09-30,min_variance,0.016155374252933067
confirmation,2015-09-01,equal_weight,-0.028480000000000005
confirmation,2015-09-02,equal_weight,0.018260000000000002
confirmation,2015-09-03,equal_weight,0.0005400000000000001
confirmation,2015-09-04,equal_weight,-0.013600000000000001
confirmation,2015-09-08,equal_weight,0.02544
confirmation,2015-09-09,equal_weight,-0.013920000000000002
confirmation,2015-09-10,equal_weight,0.005420000000000001
confirmation,2015-09-11,equal_weight,0.004540000000000001
confirmation,2015-09-14,equal_weight,-0.004240000000000001
confirmation,2015-09-15,equal_weight,0.012100000000000001
confirmation,2015-09-16,equal_weight,0.008360000000000001
confirmation,2015-09-17,equal_weight,0.00017999999999999982
confirmation,2015-09-18,equal_weight,-0.01604
confirmation,2015-09-21,equal_weight,0.0011600000000000002
confirmation,2015-09-22,equal_weight,-0.012360000000000001
confirmation,2015-09-23,equal_weight,-0.0028200000000000005
confirmation,2015-09-24,equal_weight,-0.0041
confirmation,2015-09-25,equal_weight,-0.00484
confirmation,2015-09-28,equal_weight,-0.027700000000000002
confirmation,2015-09-29,equal_weight,4.000000000000005e-05
confirmation,2015-09-30,equal_weight,0.019100000000000002
confirmation,2015-10-01,localized,0.006968985404631147
confirmation,2015-10-02,localized,0.02270811396015859
confirmation,2015-10-05,localized,0.004862088358485849
confirmation,2015-10-06,localized,-0.025322699254508075
confirmation,2015-10-07,localized,0.017880464471205868
confirmation,2015-10-08,localized,0.0003717353854300572
confirmation,2015-10-09,localized,0.0045249064303088775
confirmation,2015-10-12,localized,-0.0007240815876644749
confirmation,2015-10-13,localized,-0.017728046293436026
confirmation,2015-10-14,localized,-0.0009247063523280183
confirmation,2015-10-15,localized,0.029736187248271546
confirmation,2015-10-16,localized,0.007415723970945882
confirmation,2015-10-19,localized,0.0032647571947423282
confirmation,2015-10-20,localized,-0.017182915469723326
confirmation,2015-10-21,localized,-0.004373346568088593
confirmation,2015-10-22,localized,-0.0013945347967938499
confirmation,2015-10-23,localized,0.01869718540163736
confirmation,2015-10-26,localized,0.0037053076897046655
confirmation,2015-10-27,localized,0.016854061639510587
confirmation,2015-10-28,localized,0.013027070577776979
confirmation,2015-10-29,localized,-0.0037575423319468524
confirmation,2015-10-30,localized,-0.004255347051994361
confirmation,2015-10-01,all_gene,0.007079294868923327
confirmation,2015-10-02,all_gene,0.02297536301641785
confirmation,2015-10-05,all_gene,0.004542330503422652
confirmation,2015-10-06,all_gene,-0.025734573060903973
confirmation,2015-10-07,all_gene,0.018066470339184692
confirmation,2015-10-08,all_gene,0.00022484758432113916
confirmation,2015-10-09,all_gene,0.0045927878452386725
confirmation,2015-10-12,all_gene,-0.000791548837711369
confirmation,2015-10-13,all_gene,-0.01796348195651443
confirmation,2015-10-14,all_gene,-0.0007295778895884351
confirmation,2015-10-15,all_gene,0.030045601567715758
confirmation,2015-10-16,all_gene,0.007492946083059497
confirmation,2015-10-19,all_gene,0.003295362895196662
confirmation,2015-10-20,all_gene,-0.017551332026274194
confirmation,2015-10-21,all_gene,-0.0043037060003045914
confirmation,2015-10-22,all_gene,-0.0017428194178072775
confirmation,2015-10-23,all_gene,0.01886312338575308
confirmation,2015-10-26,all_gene,0.0037883696510934628
confirmation,2015-10-27,all_gene,0.01733129878638232
confirmation,2015-10-28,all_gene,0.01299023880207685
confirmation,2015-10-29,all_gene,-0.0037917991185825468
confirmation,2015-10-30,all_gene,-0.004197665800063964
confirmation,2015-10-01,random,0.0014602413122849663
confirmation,2015-10-02,random,0.016110830809881807
confirmation,2015-10-05,random,0.01572305629847767
confirmation,2015-10-06,random,-0.008805137783892532
confirmation,2015-10-07,random,0.0089010442694609
confirmation,2015-10-08,random,0.00750975170200607
confirmation,2015-10-09,random,0.0022726278239544972
confirmation,2015-10-12,random,0.001940811720941418
confirmation,2015-10-13,random,-0.008386127768985965
confirmation,2015-10-14,random,-0.010880400853239335
confirmation,2015-10-15,random,0.014686926409355783
confirmation,2015-10-16,random,0.006286885015100465
confirmation,2015-10-19,random,0.002012400123000513
confirmation,2015-10-20,random,-0.004195525629250633
confirmation,2015-10-21,random,-0.004364817308805251
confirmation,2015-10-22,random,0.013196968250674674
confirmation,2015-10-23,random,0.0048750730725592925
confirmation,2015-10-26,random,0.0013262359312606411
confirmation,2015-10-27,random,-0.0012431579596092913
confirmation,2015-10-28,random,0.008523361117221791
confirmation,2015-10-29,random,-0.001303043529921078
confirmation,2015-10-30,random,-0.0034143444454161447
confirmation,2015-10-01,min_variance,0.0015120504977853202
confirmation,2015-10-02,min_variance,0.014314227404131803
confirmation,2015-10-05,min_variance,0.016679604793363025
confirmation,2015-10-06,min_variance,-0.007271085197696619
confirmation,2015-10-07,min_variance,0.006747606089807068
confirmation,2015-10-08,min_variance,0.008186096532882174
confirmation,2015-10-09,min_variance,0.0024744930359631833
confirmation,2015-10-12,min_variance,0.003242034338367455
confirmation,2015-10-13,min_variance,-0.006521639131730485
confirmation,2015-10-14,min_variance,-0.014860265631831375
confirmation,2015-10-15,min_variance,0.011319475218557435
confirmation,2015-10-16,min_variance,0.006974493035963182
confirmation,2015-10-19,min_variance,0.0029533138982724646
confirmation,2015-10-20,min_variance,-0.0023982960808667173
confirmation,2015-10-21,min_variance,-0.0036584256556723115
confirmation,2015-10-22,min_variance,0.0156757369610567
confirmation,2015-10-23,min_variance,0.001084852607788662
confirmation,2015-10-26,min_variance,0.002331674766541979
confirmation,2015-10-27,min_variance,-0.004184392613748893
confirmation,2015-10-28,min_variance,0.006131998703555963
confirmation,2015-10-29,min_variance,-0.0006956721736539031
confirmation,2015-10-30,min_variance,-0.003552853904232699
confirmation,2015-10-01,equal_weight,0.00188
confirmation,2015-10-02,equal_weight,0.016200000000000003
confirmation,2015-10-05,equal_weight,0.017820000000000003
confirmation,2015-10-06,equal_weight,-0.00632
confirmation,2015-10-07,equal_weight,0.010280000000000001
confirmation,2015-10-08,equal_weight,0.0078000000000000005
confirmation,2015-10-09,equal_weight,0.0013999999999999998
confirmation,2015-10-12,equal_weight,0.00039999999999999996
confirmation,2015-10-13,equal_weight,-0.0086
confirmation,2015-10-14,equal_weight,-0.0057
confirmation,2015-10-15,equal_weight,0.01688
confirmation,2015-10-16,equal_weight,0.00404
confirmation,2015-10-19,equal_weight,0.0002000000000000002
confirmation,2015-10-20,equal_weight,-0.00312
confirmation,2015-10-21,equal_weight,-0.00666
confirmation,2015-10-22,equal_weight,0.013380000000000001
confirmation,2015-10-23,equal_weight,0.010900000000000002
confirmation,2015-10-26,equal_weight,-0.0015
confirmation,2015-10-27,equal_weight,-0.0018200000000000004
confirmation,2015-10-28,equal_weight,0.013500000000000002
confirmation,2015-10-29,equal_weight,-0.002
confirmation,2015-10-30,equal_weight,-0.0038400000000000005
confirmation,2015-11-02,localized,0.005992344056043806
confirmation,2015-11-03,localized,0.0006040905455685438
confirmation,2015-11-04,localized,-0.0015941916037108634
confirmation,2015-11-05,localized,0.003972454458765929
confirmation,2015-11-06,localized,-0.003896473645478073
confirmation,2015-11-09,localized,-0.0102436851818242
confirmation,2015-11-10,localized,0.0035854933876189638
confirmation,2015-11-11,localized,-0.006289130054798838
confirmation,2015-11-12,localized,-0.013287015740832315
confirmation,2015-11-13,localized,-0.017757788576212952
confirmation,2015-11-16,localized,0.013937136328505094
confirmation,2015-11-17,localized,0.0020527763104109544
confirmation,2015-11-18,localized,0.016054584710298955
confirmation,2015-11-19,localized,-0.0004447071990891247
confirmation,2015-11-20,localized,0.004304756507556321
confirmation,2015-11-23,localized,0.007050663504411164
confirmation,2015-11-24,localized,0.002357775409245758
confirmation,2015-11-25,localized,0.005650757180369384
confirmation,2015-11-27,localized,0.001258540083812786
confirmation,2015-11-30,localized,-0.008710676836599538
confirmation,2015-11-02,all_gene,0.024692735638408708
confirmation,2015-11-03,all_gene,1.712025463499899e-05
confirmation,2015-11-04,all_gene,-0.0010095201661024199
confirmation,2015-11-05,all_gene,-0.006688576311958877
confirmation,2015-11-06,all_gene,-0.0012138065758202888
confirmation,2015-11-09,all_gene,-0.00595040351501875
confirmation,2015-11-10,all_gene,0.004178686631944493
confirmation,2015-11-11,all_gene,-0.010538117907059268
confirmation,2015-11-12,all_gene,-0.0179403109587634
confirmation,2015-11-13,all_gene,-0.0006920746595258827
confirmation,2015-11-16,all_gene,0.007775092406852264
confirmation,2015-11-17,all_gene,0.004758518291975868
confirmation,2015-11-18,all_gene,0.020149476531027142
confirmation,2015-11-19,all_gene,-0.012451501796882144
confirmation,2015-11-20,all_gene,0.00439952292492426
confirmation,2015-11-23,all_gene,0.0019346426954110264
confirmation,2015-11-24,all_gene,-0.00017194430813753398
confirmation,2015-11-25,all_gene,0.006866659625771773
confirmation,2015-11-27,all_gene,0.0025824457627572892
confirmation,2015-11-30,all_gene,-0.013920339265681519
confirmation,2015-11-02,random,0.010096787415710013
confirmation,2015-11-03,random,0.0008564452746077764
confirmation,2015-11-04,random,-0.0016873029874838038
confirmation,2015-11-05,random,0.002096419155384233
confirmation,2015-11-06,random,-0.0017641888897296449
confirmation,2015-11-09,random,-0.009645208863097141
confirmation,2015-11-10,random,0.0033521102049401882
confirmation,2015-11-11,random,-0.006298227816221093
confirmation,2015-11-12,random,-0.014168475427192117
confirmation,2015-11-13,random,-0.014195679237651046
confirmation,2015-11-16,random,0.012859237040699552
confirmation,2015-11-17,random,0.0018769275247611226
confirmation,2015-11-18,random,0.01663891858433593
confirmation,2015-11-19,random,-0.0021561982432549667
confirmation,2015-11-20,random,0.004250072335988092
confirmation,2015-11-23,random,0.004862791149164683
confirmation,2015-11-24,random,0.0016721389817024954
confirmation,2015-11-25,random,0.004879472318342165
confirmation,2015-11-27,random,0.0014876930780437993
confirmation,2015-11-30,random,-0.008621686406403388
confirmation,2015-11-02,min_variance,0.006571137305029128
confirmation,2015-11-03,min_variance,0.0010746915488086019
confirmation,2015-11-04,min_variance,-0.0017408425474487064
confirmation,2015-11-05,min_variance,0.003904442888606406
confirmation,2015-11-06,min_variance,-0.004408655625849935
confirmation,2015-11-09,min_variance,-0.010300888577721283
confirmation,2015-11-10,min_variance,0.0035269705309525236
confirmation,2015-11-11,min_variance,-0.00623651473452374
confirmation,2015-11-12,min_variance,-0.013439065392006148
confirmation,2015-11-13,min_variance,-0.017707108621770253
confirmation,2015-11-16,min_variance,0.01458601290782238
confirmation,2015-11-17,min_variance,0.0014470625914976734
confirmation,2015-11-18,min_variance,0.015832186921598775
confirmation,2015-11-19,min_variance,-8.867864098622225e-05
confirmation,2015-11-20,min_variance,0.004002665733163844
confirmation,2015-11-23,min_variance,0.007076583779932603
confirmation,2015-11-24,min_variance,0.002896445689114877
confirmation,2015-11-25,min_variance,0.005204442888606406
confirmation,2015-11-27,min_variance,0.0010226427180275556
confirmation,2015-11-30,min_variance,-0.008177472357653884
confirmation,2015-11-02,equal_weight,0.01366
confirmation,2015-11-03,equal_weight,0.00316
confirmation,2015-11-04,equal_weight,-0.00238
confirmation,2015-11-05,equal_weight,-0.0012200000000000002
confirmation,2015-11-06,equal_weight,0.0005200000000000003
confirmation,2015-11-09,equal_weight,-0.009120000000000001
confirmation,2015-11-10,equal_weight,0.0018800000000000002
confirmation,2015-11-11,equal_weight,-0.005300000000000001
confirmation,2015-11-12,equal_weight,-0.015200000000000002
confirmation,2015-11-13,equal_weight,-0.009440000000000002
confirmation,2015-11-16,equal_weight,0.013600000000000001
confirmation,2015-11-17,equal_weight,-0.0006600000000000002
confirmation,2015-11-18,equal_weight,0.01652
confirmation,2015-11-19,equal_weight,-0.00258
confirmation,2015-11-20,equal_weight,0.0034200000000000003
confirmation,2015-11-23,equal_weight,0.0006200000000000004
confirmation,2015-11-24,equal_weight,0.00224
confirmation,2015-11-25,equal_weight,0.00142
confirmation,2015-11-27,equal_weight,0.0009599999999999999
confirmation,2015-11-30,equal_weight,-0.00574
confirmation,2015-12-01,localized,0.0073862943450901785
confirmation,2015-12-02,localized,-0.006260997945810069
confirmation,2015-12-03,localized,-0.011282417270361013
confirmation,2015-12-04,localized,0.01931176649147651
confirmation,2015-12-07,localized,-0.0018869272028354232
confirmation,2015-12-08,localized,-0.0016653084351040922
confirmation,2015-12-09,localized,-0.010386636535634023
confirmation,2015-12-10,localized,0.0021544709731852636
confirmation,2015-12-11,localized,-0.0168864030579105
confirmation,2015-12-14,localized,0.005952573503534435
confirmation,2015-12-15,localized,0.003956203259511416
confirmation,2015-12-16,localized,0.017106080276154515
confirmation,2015-12-17,localized,-0.014374909547416374
confirmation,2015-12-18,localized,-0.012738112913927556
confirmation,2015-12-21,localized,0.007991347986711285
confirmation,2015-12-22,localized,0.009913574999038312
confirmation,2015-12-23,localized,0.009354463097457102
confirmation,2015-12-24,localized,-0.0019555922434183475
confirmation,2015-12-28,localized,-0.0006933118047277324
confirmation,2015-12-29,localized,0.010681339764700412
confirmation,2015-12-30,localized,-0.004949115290226348
confirmation,2015-12-31,localized,-0.010161191226879446
confirmation,2015-12-01,all_gene,0.013319894734826827
confirmation,2015-12-02,all_gene,-0.009421451172999641
confirmation,2015-12-03,all_gene,-0.02520854684913763
confirmation,2015-12-04,all_gene,0.02396376008558595
confirmation,2015-12-07,all_gene,-0.00930564630368293
confirmation,2015-12-08,all_gene,0.005286569870288091
confirmation,2015-12-09,all_gene,-0.012535667015578391
confirmation,2015-12-10,all_gene,0.0084209845861004
confirmation,2015-12-11,all_gene,-0.019925519656455604
confirmation,2015-12-14,all_gene,0.004045831708449835
confirmation,2015-12-15,all_gene,0.016939586039170704
confirmation,2015-12-16,all_gene,0.015243341764790398
confirmation,2015-12-17,all_gene,-0.013525575087942837
confirmation,2015-12-18,all_gene,-0.013106664703956663
confirmation,2015-12-21,all_gene,0.007705882944740624
confirmation,2015-12-22,all_gene,0.005618412027524599
confirmation,2015-12-23,all_gene,0.012709832662450104
confirmation,2015-12-24,all_gene,0.0011143895417849814
confirmation,2015-12-28,all_gene,-0.005271353177116094
confirmation,2015-12-29,all_gene,0.012935781077238624
confirmation,2015-12-30,all_gene,-0.004814506699578483
confirmation,2015-12-31,all_gene,-0.00942164057635242
confirmation,2015-12-01,random,0.008768754015561375
confirmation,2015-12-02,random,-0.007240906685159392
confirmation,2015-12-03,random,-0.013802049857376228
confirmation,2015-12-04,random,0.020148091278224135
confirmation,2015-12-07,random,-0.004077354941278625
confirmation,2015-12-08,random,-0.001922795620351834
confirmation,2015-12-09,random,-0.010527844731820923
confirmation,2015-12-10,random,0.003189655957221217
confirmation,2015-12-11,random,-0.018005876569521306
confirmation,2015-12-14,random,0.004947756077062414
confirmation,2015-12-15,random,0.007400521640039624
confirmation,2015-12-16,random,0.016542258330340665
confirmation,2015-12-17,random,-0.014329839580032245
confirmation,2015-12-18,random,-0.013923580287755692
confirmation,2015-12-21,random,0.007923035113535787
confirmation,2015-12-22,random,0.009111010356509238
confirmation,2015-12-23,random,0.01027468382418442
confirmation,2015-12-24,random,-0.001289953885069912
confirmation,2015-12-28,random,-0.0016210095966570483
confirmation,2015-12-29,random,0.010935458696822819
confirmation,2015-12-30,random,-0.005453159366637502
confirmation,2015-12-31,random,-0.009894076294574608
confirmation,2015-12-01,min_variance,0.0070478360935375154
confirmation,2015-12-02,min_variance,-0.006731727360943177
confirmation,2015-12-03,min_variance,-0.01082534273034587
confirmation,2015-12-04,min_variance,0.01851840973119517
confirmation,2015-12-07,min_variance,-0.0022219741267922033
confirmation,2015-12-08,min_variance,-0.002231178992389788
confirmation,2015-12-09,min_variance,-0.009492792816572608
confirmation,2015-12-10,min_variance,0.0018298080710063137
confirmation,2015-12-11,min_variance,-0.016915589496194896
confirmation,2015-12-14,min_variance,0.005859341957735931
confirmation,2015-12-15,min_variance,0.0037111241555344487
confirmation,2015-12-16,min_variance,0.016828985518176225
confirmation,2015-12-17,min_variance,-0.014455150801352182
confirmation,2015-12-18,min_variance,-0.012740383857987373
confirmation,2015-12-21,min_variance,0.007814492759088115
confirmation,2015-12-22,min_variance,0.010180219347421355
confirmation,2015-12-23,min_variance,0.009937015254433707
confirmation,2015-12-24,min_variance,-0.00219526047506286
confirmation,2015-12-28,min_variance,-0.0008459459357545971
confirmation,2015-12-29,min_variance,0.010479670978867968
confirmation,2015-12-30,min_variance,-0.0050855072409118855
confirmation,2015-12-31,min_variance,-0.009969369376163604
confirmation,2015-12-01,equal_weight,0.009760000000000001
confirmation,2015-12-02,equal_weight,-0.01032
confirmation,2015-12-03,equal_weight,-0.01578
confirmation,2015-12-04,equal_weight,0.01876
confirmation,2015-12-07,equal_weight,-0.00854
confirmation,2015-12-08,equal_weight,-0.00474
confirmation,2015-12-09,equal_weight,-0.00804
confirmation,2015-12-10,equal_weight,0.00348
confirmation,2015-12-11,equal_weight,-0.02008
confirmation,2015-12-14,equal_weight,0.0029999999999999996
confirmation,2015-12-15,equal_weight,0.0114
confirmation,2015-12-16,equal_weight,0.0146
confirmation,2015-12-17,equal_weight,-0.01458
confirmation,2015-12-18,equal_weight,-0.01632
confirmation,2015-12-21,equal_weight,0.007240000000000001
confirmation,2015-12-22,equal_weight,0.0087
confirmation,2015-12-23,equal_weight,0.013280000000000002
confirmation,2015-12-24,equal_weight,-0.0010600000000000002
confirmation,2015-12-28,equal_weight,-0.0032400000000000003
confirmation,2015-12-29,equal_weight,0.01066
confirmation,2015-12-30,equal_weight,-0.007020000000000001
confirmation,2015-12-31,equal_weight,-0.00906
confirmation,2016-01-04,localized,-0.016005784441579726
confirmation,2016-01-05,localized,0.003680206615799363
confirmation,2016-01-06,localized,-0.00865118045488468
confirmation,2016-01-07,localized,-0.017056222567612262
confirmation,2016-01-08,localized,-0.011620062896725422
confirmation,2016-01-11,localized,0.005211501983692852
confirmation,2016-01-12,localized,0.006991583981988938
confirmation,2016-01-13,localized,-0.027541694496001735
confirmation,2016-01-14,localized,0.0072269339931964344
confirmation,2016-01-15,localized,-0.016899361312827408
confirmation,2016-01-19,localized,0.003769999751061969
confirmation,2016-01-20,localized,-0.01058841952486314
confirmation,2016-01-21,localized,0.007420938739281508
confirmation,2016-01-22,localized,0.016994723712590868
confirmation,2016-01-25,localized,-0.009018444521664604
confirmation,2016-01-26,localized,0.011763159524279733
confirmation,2016-01-27,localized,-0.007339452117192468
confirmation,2016-01-28,localized,0.008023526236566783
confirmation,2016-01-29,localized,0.01614021073893562
confirmation,2016-01-04,all_gene,-0.02296120108495229
confirmation,2016-01-05,all_gene,0.004804131573643136
confirmation,2016-01-06,all_gene,-0.010583734096667383
confirmation,2016-01-07,all_gene,-0.024248545081941734
confirmation,2016-01-08,all_gene,-0.014492870000012576
confirmation,2016-01-11,all_gene,-0.013639793239212905
confirmation,2016-01-12,all_gene,0.008785083231062267
confirmation,2016-01-13,all_gene,-0.03321109999720076
confirmation,2016-01-14,all_gene,0.027849028050595196
confirmation,2016-01-15,all_gene,-0.014215787627475027
confirmation,2016-01-19,all_gene,-0.007554917231903215
confirmation,2016-01-20,all_gene,0.005050167505507438
confirmation,2016-01-21,all_gene,-0.004783508561648189
confirmation,2016-01-22,all_gene,0.018716041980795402
confirmation,2016-01-25,all_gene,-0.010432886433856555
confirmation,2016-01-26,all_gene,0.009463304366949508
confirmation,2016-01-27,all_gene,-0.012020339031545604
confirmation,2016-01-28,all_gene,-0.02234655830967112
confirmation,2016-01-29,all_gene,0.01624359039504817
confirmation,2016-01-04,random,-0.016533562140209693
confirmation,2016-01-05,random,0.003257962329074229
confirmation,2016-01-06,random,-0.008949730724180297
confirmation,2016-01-07,random,-0.01827042737865448
confirmation,2016-01-08,random,-0.011447782322561993
confirmation,2016-01-11,random,0.00377980099691058
confirmation,2016-01-12,random,0.007327000073523945
confirmation,2016-01-13,random,-0.0278505243692703
confirmation,2016-01-14,random,0.009505080315092018
confirmation,2016-01-15,random,-0.01755365411341704
confirmation,2016-01-19,random,0.0026559606921766218
confirmation,2016-01-20,random,-0.009295904207733297
confirmation,2016-01-21,random,0.006422891407453448
confirmation,2016-01-22,random,0.0179246213772769
confirmation,2016-01-25,random,-0.009537163552403126
confirmation,2016-01-26,random,0.01161798939368183
confirmation,2016-01-27,random,-0.008640560705405356
confirmation,2016-01-28,random,0.006061121514070101
confirmation,2016-01-29,random,0.017221814123380613
confirmation,2016-01-04,min_variance,-0.015120418851312885
confirmation,2016-01-05,min_variance,0.0036479235354214333
confirmation,2016-01-06,min_variance,-0.009645682220728492
confirmation,2016-01-07,min_variance,-0.017077367591970205
confirmation,2016-01-08,min_variance,-0.011352450017027393
confirmation,2016-01-11,min_variance,0.004880356011560795
confirmation,2016-01-12,min_variance,0.006474708872608364
confirmation,2016-01-13,min_variance,-0.026423379512927447
confirmation,2016-01-14,min_variance,0.007619270435990383
confirmation,2016-01-15,min_variance,-0.017229817608997597
confirmation,2016-01-19,min_variance,0.0034147001021643487
confirmation,2016-01-20,min_variance,-0.011599252895102356
confirmation,2016-01-21,min_variance,0.008460008770444016
confirmation,2016-01-22,min_variance,0.017524917574942813
confirmation,2016-01-25,min_variance,-0.010353614526593937
confirmation,2016-01-26,min_variance,0.01296304104225468
confirmation,2016-01-27,min_variance,-0.007126038232289284
confirmation,2016-01-28,min_variance,0.009881520521127342
confirmation,2016-01-29,min_variance,0.016785299897835653
confirmation,2016-01-04,equal_weight,-0.0165
confirmation,2016-01-05,equal_weight,0.0018800000000000002
confirmation,2016-01-06,equal_weight,-0.013320000000000002
confirmation,2016-01-07,equal_weight,-0.02392
confirmation,2016-01-08,equal_weight,-0.01152
confirmation,2016-01-11,equal_weight,-0.0022000000000000006
confirmation,2016-01-12,equal_weight,0.007080000000000001
confirmation,2016-01-13,equal_weight,-0.026960000000000005
confirmation,2016-01-14,equal_weight,0.01774
confirmation,2016-01-15,equal_weight,-0.02026
confirmation,2016-01-19,equal_weight,-0.0026
confirmation,2016-01-20,equal_weight,-0.008140000000000001
confirmation,2016-01-21,equal_weight,0.00386
confirmation,2016-01-22,equal_weight,0.02034
confirmation,2016-01-25,equal_weight,-0.016560000000000002
confirmation,2016-01-26,equal_weight,0.015000000000000001
confirmation,2016-01-27,equal_weight,-0.010700000000000001
confirmation,2016-01-28,equal_weight,0.0018000000000000008
confirmation,2016-01-29,equal_weight,0.0242
confirmation,2016-02-01,localized,0.0036278608822136274
confirmation,2016-02-02,localized,-0.016083272472930343
confirmation,2016-02-03,localized,-0.008130374815335786
confirmation,2016-02-04,localized,-0.004459974028242379
confirmation,2016-02-05,localized,-0.019016012292290416
confirmation,2016-02-08,localized,-0.012903487163826617
confirmation,2016-02-09,localized,0.0014640401778449736
confirmation,2016-02-10,localized,0.002329588626900914
confirmation,2016-02-11,localized,-0.005182862464685368
confirmation,2016-02-12,localized,0.017576987312181384
confirmation,2016-02-16,localized,0.017327439581842692
confirmation,2016-02-17,localized,0.014337735373444994
confirmation,2016-02-18,localized,-0.005348465797548266
confirmation,2016-02-19,localized,0.0020235991351412147
confirmation,2016-02-22,localized,0.013374336145564653
confirmation,2016-02-23,localized,-0.0022176371524107864
confirmation,2016-02-24,localized,0.005952047640674481
confirmation,2016-02-25,localized,0.011322665620523508
confirmation,2016-02-26,localized,-0.005389812491859271
confirmation,2016-02-29,localized,-0.00477020262123222
confirmation,2016-02-01,all_gene,0.0026520750695628423
confirmation,2016-02-02,all_gene,-0.016212996129533228
confirmation,2016-02-03,all_gene,0.006296617217939986
confirmation,2016-02-04,all_gene,-0.003577839570990271
confirmation,2016-02-05,all_gene,-0.022434961614624754
confirmation,2016-02-08,all_gene,-0.014316908244502286
confirmation,2016-02-09,all_gene,0.0032265399613988803
confirmation,2016-02-10,all_gene,0.0064001453533289185
confirmation,2016-02-11,all_gene,-0.01343989056743745
confirmation,2016-02-12,all_gene,0.014197071800596315
confirmation,2016-02-16,all_gene,0.019323565688988766
confirmation,2016-02-17,all_gene,0.014851598438342037
confirmation,2016-02-18,all_gene,-0.006878888400153156
confirmation,2016-02-19,all_gene,0.002523812700958602
confirmation,2016-02-22,all_gene,0.010516250860649983
confirmation,2016-02-23,all_gene,-0.010129313999412358
confirmation,2016-02-24,all_gene,0.006167932713410013
confirmation,2016-02-25,all_gene,0.009814837567310292
confirmation,2016-02-26,all_gene,-0.001872209962165322
confirmation,2016-02-29,all_gene,-0.013635717651351763
confirmation,2016-02-01,random,0.0034101458017813243
confirmation,2016-02-02,random,-0.01648829882628489
confirmation,2016-02-03,random,-0.006219856217340745
confirmation,2016-02-04,random,-0.00384488077074092
confirmation,2016-02-05,random,-0.02000596007895246
confirmation,2016-02-08,random,-0.013229303219479719
confirmation,2016-02-09,random,0.0010956577327818576
confirmation,2016-02-10,random,0.002410782803919788
confirmation,2016-02-11,random,-0.005610846030404845
confirmation,2016-02-12,random,0.017046297640456082
confirmation,2016-02-16,random,0.01766606475236921
confirmation,2016-02-17,random,0.0149076095963471
confirmation,2016-02-18,random,-0.005389071039924913
confirmation,2016-02-19,random,0.0020507916063748992
confirmation,2016-02-22,random,0.013165377271283559
confirmation,2016-02-23,random,-0.0037162976564042794
confirmation,2016-02-24,random,0.006134633240367676
confirmation,2016-02-25,random,0.011151940533381812
confirmation,2016-02-26,random,-0.00479351466772946
confirmation,2016-02-29,random,-0.005427483540782821
confirmation,2016-02-01,min_variance,0.0034222737688237607
confirmation,2016-02-02,min_variance,-0.016011933257721583
confirmation,2016-02-03,min_variance,-0.008131498202730191
confirmation,2016-02-04,min_variance,-0.004392361315644494
confirmation,2016-02-05,min_variance,-0.018511454527999027
confirmation,2016-02-08,min_variance,-0.012666347513518297
confirmation,2016-02-09,min_variance,0.0013687341650626106
confirmation,2016-02-10,min_variance,0.002042480998075133
confirmation,2016-02-11,min_variance,-0.005167304972963413
confirmation,2016-02-12,min_variance,0.017780906787645472
confirmation,2016-02-16,min_variance,0.017066347513518296
confirmation,2016-02-17,min_variance,0.014302626016405596
confirmation,2016-02-18,min_variance,-0.005209307241315986
confirmation,2016-02-19,min_variance,0.0018400943465308166
confirmation,2016-02-22,min_variance,0.013571599546329489
confirmation,2016-02-23,min_variance,-0.0020341312162042656
confirmation,2016-02-24,min_variance,0.005921479863898846
confirmation,2016-02-25,min_variance,0.011352266969113676
confirmation,2016-02-26,min_variance,-0.005504533938227354
confirmation,2016-02-29,min_variance,-0.004423866515443163
confirmation,2016-02-01,equal_weight,-7.999999999999999e-05
confirmation,2016-02-02,equal_weight,-0.019340000000000003
confirmation,2016-02-03,equal_weight,0.005520000000000001
confirmation,2016-02-04,equal_weight,0.0019000000000000002
confirmation,2016-02-05,equal_weight,-0.019940000000000003
confirmation,2016-02-08,equal_weight,-0.014520000000000002
confirmation,2016-02-09,equal_weight,-0.00019999999999999998
confirmation,2016-02-10,equal_weight,0.0007799999999999999
confirmation,2016-02-11,equal_weight,-0.01226
confirmation,2016-02-12,equal_weight,0.019360000000000002
confirmation,2016-02-16,equal_weight,0.0178
confirmation,2016-02-17,equal_weight,0.01686
confirmation,2016-02-18,equal_weight,-0.005180000000000001
confirmation,2016-02-19,equal_weight,0.0006800000000000002
confirmation,2016-02-22,equal_weight,0.01404
confirmation,2016-02-23,equal_weight,-0.011720000000000001
confirmation,2016-02-24,equal_weight,0.00544
confirmation,2016-02-25,equal_weight,0.010740000000000001
confirmation,2016-02-26,equal_weight,-0.0006999999999999999
confirmation,2016-02-29,equal_weight,-0.00774
confirmation,2016-03-01,localized,0.01748509119470897
confirmation,2016-03-02,localized,0.0002998307375026693
confirmation,2016-03-03,localized,0.00600354308091062
confirmation,2016-03-04,localized,0.003019618137836342
confirmation,2016-03-07,localized,-0.0017373403012732214
confirmation,2016-03-08,localized,-0.004274815291756124
confirmation,2016-03-09,localized,0.004852765934958341
confirmation,2016-03-10,localized,0.0007116909013345937
confirmation,2016-03-11,localized,0.011590144154634946
confirmation,2016-03-14,localized,0.0009421867542575458
confirmation,2016-03-15,localized,-0.002046275418576285
confirmation,2016-03-16,localized,0.0041821579157517086
confirmation,2016-03-17,localized,0.0030554206499466036
confirmation,2016-03-18,localized,0.001587524100020324
confirmation,2016-03-21,localized,0.0002970660420447184
confirmation,2016-03-22,localized,-0.0039823835186981954
confirmation,2016-03-23,localized,-0.003742382244618487
confirmation,2016-03-24,localized,0.0011138960439047716
confirmation,2016-03-28,localized,0.004026422541407922
confirmation,2016-03-29,localized,0.01002735566791842
confirmation,2016-03-30,localized,0.005799227797214986
confirmation,2016-03-31,localized,-0.0025588760396268524
confirmation,2016-03-01,all_gene,0.023390608680903098
confirmation,2016-03-02,all_gene,0.002761936990688925
confirmation,2016-03-03,all_gene,-0.0009230518826462467
confirmation,2016-03-04,all_gene,0.0004643646390849419
confirmation,2016-03-07,all_gene,0.007039442207617575
confirmation,2016-03-08,all_gene,-0.01236318018081323
confirmation,2016-03-09,all_gene,0.00045776338881965266
confirmation,2016-03-10,all_gene,-0.0018158713771875973
confirmation,2016-03-11,all_gene,0.01728943239914463
confirmation,2016-03-14,all_gene,-0.0017849098848588562
confirmation,2016-03-15,all_gene,-0.01294972233353364
confirmation,2016-03-16,all_gene,-0.0006359192411088672
confirmation,2016-03-17,all_gene,-0.005014502914175596
confirmation,2016-03-18,all_gene,0.010866629383775597
confirmation,2016-03-21,all_gene,0.005028134369662369
confirmation,2016-03-22,all_gene,0.007694497784829417
confirmation,2016-03-23,all_gene,-0.009688518703630066
confirmation,2016-03-24,all_gene,0.0004763284006898501
confirmation,2016-03-28,all_gene,-0.0008205095922900516
confirmation,2016-03-29,all_gene,0.0131945146129871
confirmation,2016-03-30,all_gene,0.0010025532442798075
confirmation,2016-03-31,all_gene,0.001448534452943657
confirmation,2016-03-01,random,0.018719511010962732
confirmation,2016-03-02,random,0.0007207777222765753
confirmation,2016-03-03,random,0.0048264869228697915
confirmation,2016-03-04,random,0.002522856036221577
confirmation,2016-03-07,random,-0.0005806324974186202
confirmation,2016-03-08,random,-0.005405502189977452
confirmation,2016-03-09,random,0.004496490004309162
confirmation,2016-03-10,random,0.00013723106536714692
confirmation,2016-03-11,random,0.012395852420407699
confirmation,2016-03-14,random,0.0005803293279853414
confirmation,2016-03-15,random,-0.0033328913346122183
confirmation,2016-03-16,random,0.004105919920419456
confirmation,2016-03-17,random,0.0019298981642061077
confirmation,2016-03-18,random,0.002662310471915018
confirmation,2016-03-21,random,0.001053241902171214
confirmation,2016-03-22,random,-0.00211256633856885
confirmation,2016-03-23,random,-0.00482936078696343
confirmation,2016-03-24,random,0.0012105509369043836
confirmation,2016-03-28,random,0.0030772834954347498
confirmation,2016-03-29,random,0.010915599833948584
confirmation,2016-03-30,random,0.005077032533505536
confirmation,2016-03-31,random,-0.0018502389048624716
confirmation,2016-03-01,min_variance,0.01669700150511113
confirmation,2016-03-02,min_variance,0.0008123231015114592
confirmation,2016-03-03,min_variance,0.006219546784192287
confirmation,2016-03-04,min_variance,0.0034317753422448303
confirmation,2016-03-07,min_variance,-0.0009144946370911122
confirmation,2016-03-08,min_variance,-0.004724551659564003
confirmation,2016-03-09,min_variance,0.005112228558052543
confirmation,2016-03-10,min_variance,0.000690226607903857
confirmation,2016-03-11,min_variance,0.011341501462611517
confirmation,2016-03-14,min_variance,0.0008219074066897709
confirmation,2016-03-15,min_variance,-0.0019926817738602576
confirmation,2016-03-16,min_variance,0.0048440039002973735
confirmation,2016-03-17,min_variance,0.0036806423027255456
confirmation,2016-03-18,min_variance,0.0012512275829782002
confirmation,2016-03-21,min_variance,0.00021949951246282836
confirmation,2016-03-22,min_variance,-0.0039389990249256565
confirmation,2016-03-23,min_variance,-0.0040635034127602014
confirmation,2016-03-24,min_variance,0.0013292729045589716
confirmation,2016-03-28,min_variance,0.003812134014593628
confirmation,2016-03-29,min_variance,0.009975590155624372
confirmation,2016-03-30,min_variance,0.005485316275991057
confirmation,2016-03-31,min_variance,-0.0025268177386025712
confirmation,2016-03-01,equal_weight,0.02322
confirmation,2016-03-02,equal_weight,0.0051600000000000005
confirmation,2016-03-03,equal_weight,0.004320000000000001
confirmation,2016-03-04,equal_weight,0.0033600000000000006
confirmation,2016-03-07,equal_weight,0.0034400000000000008
confirmation,2016-03-08,equal_weight,-0.012920000000000001
confirmation,2016-03-09,equal_weight,0.00424
confirmation,2016-03-10,equal_weight,-0.00118
confirmation,2016-03-11,equal_weight,0.01694
confirmation,2016-03-14,equal_weight,-0.00154
confirmation,2016-03-15,equal_weight,-0.005100000000000001
confirmation,2016-03-16,equal_weight,0.00528
confirmation,2016-03-17,equal_weight,0.00558
confirmation,2016-03-18,equal_weight,0.00648
confirmation,2016-03-21,equal_weight,0.0015600000000000002
confirmation,2016-03-22,equal_weight,0.0008800000000000002
confirmation,2016-03-23,equal_weight,-0.00884
confirmation,2016-03-24,equal_weight,0.00011999999999999988
confirmation,2016-03-28,equal_weight,0.00011999999999999999
confirmation,2016-03-29,equal_weight,0.0108
confirmation,2016-03-30,equal_weight,0.0034999999999999996
confirmation,2016-03-31,equal_weight,-0.00074
confirmation,2016-04-01,localized,0.00779182500929328
confirmation,2016-04-04,localized,-0.005336136686140773
confirmation,2016-04-05,localized,-0.008118605960926782
confirmation,2016-04-06,localized,0.01014420317519712
confirmation,2016-04-07,localized,-0.012396214716372114
confirmation,2016-04-08,localized,0.0013019116293576972
confirmation,2016-04-11,localized,-0.0047439754014864345
confirmation,2016-04-12,localized,0.007551276335917021
confirmation,2016-04-13,localized,0.006397798151187489
confirmation,2016-04-14,localized,-0.0019219276236070023
confirmation,2016-04-15,localized,0.004637757233271416
confirmation,2016-04-18,localized,0.006163396330004737
confirmation,2016-04-19,localized,-0.000693584249187641
confirmation,2016-04-20,localized,-0.0029093123123364734
confirmation,2016-04-21,localized,-0.00958835197416377
confirmation,2016-04-22,localized,0.0006454248333963447
confirmation,2016-04-25,localized,0.0025381241142010346
confirmation,2016-04-26,localized,0.0033802825602636845
confirmation,2016-04-27,localized,0.002027481036012639
confirmation,2016-04-28,localized,-0.008708053729529958
confirmation,2016-04-29,localized,0.001301670399946216
confirmation,2016-04-01,all_gene,0.010836242532913544
confirmation,2016-04-04,all_gene,0.0005117425567262416
confirmation,2016-04-05,all_gene,-0.005371974220987609
confirmation,2016-04-06,all_gene,0.018483905953695107
confirmation,2016-04-07,all_gene,-0.011281994238078316
confirmation,2016-04-08,all_gene,-0.0009321694108744753
confirmation,2016-04-11,all_gene,-0.005954384683774201
confirmation,2016-04-12,all_gene,0.008495429600049856
confirmation,2016-04-13,all_gene,0.008204558133050174
confirmation,2016-04-14,all_gene,7.374089803497916e-06
confirmation,2016-04-15,all_gene,0.002669560048515177
confirmation,2016-04-18,all_gene,0.007326744717654148
confirmation,2016-04-19,all_gene,-0.0005056690887888462
confirmation,2016-04-20,all_gene,-0.0003450961687542765
confirmation,2016-04-21,all_gene,-0.0027144264504126575
confirmation,2016-04-22,all_gene,0.0014327824126862392
confirmation,2016-04-25,all_gene,0.0006978513941904359
confirmation,2016-04-26,all_gene,-0.00021597653355819927
confirmation,2016-04-27,all_gene,0.0005559005973348706
confirmation,2016-04-28,all_gene,-0.007078150174380693
confirmation,2016-04-29,all_gene,-0.005757963569872217
confirmation,2016-04-01,random,0.008522210087139196
confirmation,2016-04-04,random,-0.0037937169240435144
confirmation,2016-04-05,random,-0.0075279545043967985
confirmation,2016-04-06,random,0.012184751843541439
confirmation,2016-04-07,random,-0.012157859690564356
confirmation,2016-04-08,random,0.0007072406628896161
confirmation,2016-04-11,random,-0.005081537306260624
confirmation,2016-04-12,random,0.007584543696305099
confirmation,2016-04-13,random,0.006964080892288146
confirmation,2016-04-14,random,-0.00153363510089281
confirmation,2016-04-15,random,0.003834940089380214
confirmation,2016-04-18,random,0.006383263828772197
confirmation,2016-04-19,random,-0.0010609509990058246
confirmation,2016-04-20,random,-0.002269658387749591
confirmation,2016-04-21,random,-0.007487121058333729
confirmation,2016-04-22,random,4.7493056337423077e-05
confirmation,2016-04-25,random,0.0020861827196351295
confirmation,2016-04-26,random,0.0020674693232516235
confirmation,2016-04-27,random,0.0013103508942518877
confirmation,2016-04-28,random,-0.008527493351546189
confirmation,2016-04-29,random,-0.0007731226487793484
confirmation,2016-04-01,min_variance,0.007484361090387336
confirmation,2016-04-04,min_variance,-0.005407337158395821
confirmation,2016-04-05,min_variance,-0.007925556466284721
confirmation,2016-04-06,min_variance,0.010305111293256945
confirmation,2016-04-07,min_variance,-0.01185243205852782
confirmation,2016-04-08,min_variance,0.0016395712200971697
confirmation,2016-04-11,min_variance,-0.004861995082062517
confirmation,2016-04-12,min_variance,0.007803792167298563
confirmation,2016-04-13,min_variance,0.005705111293256944
confirmation,2016-04-14,min_variance,-0.0019619950820625167
confirmation,2016-04-15,min_variance,0.004693322404583371
confirmation,2016-04-18,min_variance,0.0062766693988541575
confirmation,2016-04-19,min_variance,-0.00044286903499312215
confirmation,2016-04-20,min_variance,-0.0034255564662847193
confirmation,2016-04-21,min_variance,-0.00969266284160418
confirmation,2016-04-22,min_variance,0.0010242373403263382
confirmation,2016-04-25,min_variance,0.0024604287799028304
confirmation,2016-04-26,min_variance,0.003555564662847192
confirmation,2016-04-27,min_variance,0.0025804615661527202
confirmation,2016-04-28,min_variance,-0.008651112932569439
confirmation,2016-04-29,min_variance,0.0015262160292639098
confirmation,2016-04-01,equal_weight,0.007240000000000001
confirmation,2016-04-04,equal_weight,-0.0028000000000000004
confirmation,2016-04-05,equal_weight,-0.008300000000000002
confirmation,2016-04-06,equal_weight,0.013460000000000001
confirmation,2016-04-07,equal_weight,-0.011819999999999999
confirmation,2016-04-08,equal_weight,0.00236
confirmation,2016-04-11,equal_weight,-0.0033
confirmation,2016-04-12,equal_weight,0.0102
confirmation,2016-04-13,equal_weight,0.01192
confirmation,2016-04-14,equal_weight,0.00058
confirmation,2016-04-15,equal_weight,-0.00026000000000000003
confirmation,2016-04-18,equal_weight,0.00672
confirmation,2016-04-19,equal_weight,0.0028000000000000004
confirmation,2016-04-20,equal_weight,0.00142
confirmation,2016-04-21,equal_weight,-0.00372
confirmation,2016-04-22,equal_weight,0.0017599999999999998
confirmation,2016-04-25,equal_weight,-0.00232
confirmation,2016-04-26,equal_weight,0.00236
confirmation,2016-04-27,equal_weight,0.0020800000000000003
confirmation,2016-04-28,equal_weight,-0.00906
confirmation,2016-04-29,equal_weight,-0.00598
confirmation,2016-05-02,localized,0.011338604375674226
confirmation,2016-05-03,localized,-0.0074484252711470335
confirmation,2016-05-04,localized,-0.0021733516244075383
confirmation,2016-05-05,localized,-0.00503001408701905
confirmation,2016-05-06,localized,0.004991828622665602
confirmation,2016-05-09,localized,0.006173671093578913
confirmation,2016-05-10,localized,0.010132908237715135
confirmation,2016-05-11,localized,-0.014906548439753618
confirmation,2016-05-12,localized,0.0034370977188515495
confirmation,2016-05-13,localized,-0.011376463676488407
confirmation,2016-05-16,localized,0.007560223716665919
confirmation,2016-05-17,localized,-0.01515728374258527
confirmation,2016-05-18,localized,-0.005928570136520079
confirmation,2016-05-19,localized,0.005133676755282338
confirmation,2016-05-20,localized,0.002649241932898018
confirmation,2016-05-23,localized,-0.0027636985857920587
confirmation,2016-05-24,localized,0.011926340962782904
confirmation,2016-05-25,localized,0.004233726500005326
confirmation,2016-05-26,localized,0.003756189197289175
confirmation,2016-05-27,localized,0.0028973642261799566
confirmation,2016-05-31,localized,-0.0006868696017893832
confirmation,2016-05-02,all_gene,0.010142810999816015
confirmation,2016-05-03,all_gene,-0.007126447266500994
confirmation,2016-05-04,all_gene,-0.0043617887331401746
confirmation,2016-05-05,all_gene,-0.002772253629647534
confirmation,2016-05-06,all_gene,0.0028396084791118613
confirmation,2016-05-09,all_gene,0.00785212756506353
confirmation,2016-05-10,all_gene,0.009089988473345823
confirmation,2016-05-11,all_gene,-0.014571697952200454
confirmation,2016-05-12,all_gene,0.0012362302145084646
confirmation,2016-05-13,all_gene,-0.008782594091325136
confirmation,2016-05-16,all_gene,0.009424202694256196
confirmation,2016-05-17,all_gene,-0.01489098403763004
confirmation,2016-05-18,all_gene,-0.004125156494591255
confirmation,2016-05-19,all_gene,0.002125589563949015
confirmation,2016-05-20,all_gene,0.0044239954865460465
confirmation,2016-05-23,all_gene,-0.002476263114528407
confirmation,2016-05-24,all_gene,0.012974096505229309
confirmation,2016-05-25,all_gene,0.004685828342287711
confirmation,2016-05-26,all_gene,0.0025471802058163492
confirmation,2016-05-27,all_gene,0.0034053096790620783
confirmation,2016-05-31,all_gene,0.0004561103566485976
confirmation,2016-05-02,random,0.01070240683451214
confirmation,2016-05-03,random,-0.007346092306722341
confirmation,2016-05-04,random,-0.0030767938587079216
confirmation,2016-05-05,random,-0.0038017240522291522
confirmation,2016-05-06,random,0.004283921861461927
confirmation,2016-05-09,random,0.0064304193027124555
confirmation,2016-05-10,random,0.009929522197985055
confirmation,2016-05-11,random,-0.014263065478855592
confirmation,2016-05-12,random,0.0022019633553900216
confirmation,2016-05-13,random,-0.009845741515295516
confirmation,2016-05-16,random,0.008492248059109789
confirmation,2016-05-17,random,-0.01477409887140697
confirmation,2016-05-18,random,-0.005030180621028141
confirmation,2016-05-19,random,0.0034047047240989116
confirmation,2016-05-20,random,0.00388836942740461
confirmation,2016-05-23,random,-0.0025908759555908125
confirmation,2016-05-24,random,0.012682409527868683
confirmation,2016-05-25,random,0.004514990174357538
confirmation,2016-05-26,random,0.00332487423105881
confirmation,2016-05-27,random,0.003231741529451002
confirmation,2016-05-31,random,-3.5757803499889355e-05
confirmation,2016-05-02,min_variance,0.011225303244275408
confirmation,2016-05-03,min_variance,-0.0074163714417630495
confirmation,2016-05-04,min_variance,-0.0019262166743617794
confirmation,2016-05-05,min_variance,-0.004976416176844848
confirmation,2016-05-06,min_variance,0.004895420469814525
confirmation,2016-05-09,min_variance,0.006134801400209442
confirmation,2016-05-10,min_variance,0.010037035246449928
confirmation,2016-05-11,min_variance,-0.014723982828121287
confirmation,2016-05-12,min_variance,0.003767544283735542
confirmation,2016-05-13,min_variance,-0.011474756665127641
confirmation,2016-05-16,min_variance,0.007626216674361778
confirmation,2016-05-17,min_variance,-0.01525741188387517
confirmation,2016-05-18,min_variance,-0.006919004292969676
confirmation,2016-05-19,min_variance,0.005583628558236949
confirmation,2016-05-20,min_variance,0.00238294238600917
confirmation,2016-05-23,min_variance,-0.0027495133302552883
confirmation,2016-05-24,min_variance,0.011631482376775032
confirmation,2016-05-25,min_variance,0.0041370352464499315
confirmation,2016-05-26,min_variance,0.003916084274501407
confirmation,2016-05-27,min_variance,0.0026891814279118484
confirmation,2016-05-31,min_variance,-0.0007757300046170674
confirmation,2016-05-02,equal_weight,0.00774
confirmation,2016-05-03,equal_weight,-0.009980000000000001
confirmation,2016-05-04,equal_weight,-0.00706
confirmation,2016-05-05,equal_weight,-0.0004199999999999998
confirmation,2016-05-06,equal_weight,0.0028400000000000005
confirmation,2016-05-09,equal_weight,0.0017
confirmation,2016-05-10,equal_weight,0.01182
confirmation,2016-05-11,equal_weight,-0.00944
confirmation,2016-05-12,equal_weight,-0.00136
confirmation,2016-05-13,equal_weight,-0.00762
confirmation,2016-05-16,equal_weight,0.01042
confirmation,2016-05-17,equal_weight,-0.00986
confirmation,2016-05-18,equal_weight,0.0007000000000000001
confirmation,2016-05-19,equal_weight,-0.0035
confirmation,2016-05-20,equal_weight,0.00754
confirmation,2016-05-23,equal_weight,-0.00194
confirmation,2016-05-24,equal_weight,0.014340000000000002
confirmation,2016-05-25,equal_weight,0.00698
confirmation,2016-05-26,equal_weight,-0.00034000000000000013
confirmation,2016-05-27,equal_weight,0.0047
confirmation,2016-05-31,equal_weight,0.00019999999999999998
confirmation,2016-06-01,localized,0.001801091692085567
confirmation,2016-06-02,localized,0.00514527928630538
confirmation,2016-06-03,localized,-0.001167064943975696
confirmation,2016-06-06,localized,0.0011075624496454629
confirmation,2016-06-07,localized,0.0021726252288442236
confirmation,2016-06-08,localized,0.0046761427047210475
confirmation,2016-06-09,localized,-0.0005363627082043685
confirmation,2016-06-10,localized,-0.006800921723853305
confirmation,2016-06-13,localized,-0.008077882002689604
confirmation,2016-06-14,localized,-0.0015517557239175524
confirmation,2016-06-15,localized,0.0007466501267518814
confirmation,2016-06-16,localized,0.003525606610409578
confirmation,2016-06-17,localized,-0.0023940312653037265
confirmation,2016-06-20,localized,0.006748638407433619
confirmation,2016-06-21,localized,0.0012868324103973779
confirmation,2016-06-22,localized,-0.002790511234249758
confirmation,2016-06-23,localized,0.010409810516352704
confirmation,2016-06-24,localized,-0.02650359604455484
confirmation,2016-06-27,localized,-0.013459107695802705
confirmation,2016-06-28,localized,0.011854796174091468
confirmation,2016-06-29,localized,0.014937251288967909
confirmation,2016-06-30,localized,0.014408720528678145
confirmation,2016-06-01,all_gene,0.0016894056495433706
confirmation,2016-06-02,all_gene,0.005961681558144622
confirmation,2016-06-03,all_gene,-0.0012968420266465323
confirmation,2016-06-06,all_gene,0.0013652570556001323
confirmation,2016-06-07,all_gene,0.001289325796428752
confirmation,2016-06-08,all_gene,0.0045251981770467065
confirmation,2016-06-09,all_gene,-0.0007109521631570922
confirmation,2016-06-10,all_gene,-0.006789890193722018
confirmation,2016-06-13,all_gene,-0.008102792254783216
confirmation,2016-06-14,all_gene,-0.001074001423313975
confirmation,2016-06-15,all_gene,0.0002958729769210458
confirmation,2016-06-16,all_gene,0.0035133610497623206
confirmation,2016-06-17,all_gene,-0.0034589342566451104
confirmation,2016-06-20,all_gene,0.006820297188687764
confirmation,2016-06-21,all_gene,0.0007422775249909256
confirmation,2016-06-22,all_gene,-0.0021004516798885328
confirmation,2016-06-23,all_gene,0.010339071346798066
confirmation,2016-06-24,all_gene,-0.02586570175612775
confirmation,2016-06-27,all_gene,-0.012921984084875814
confirmation,2016-06-28,all_gene,0.01235127974194838
confirmation,2016-06-29,all_gene,0.01506150906352055
confirmation,2016-06-30,all_gene,0.013956028974434433
confirmation,2016-06-01,random,0.0016490502263016532
confirmation,2016-06-02,random,0.0056094443862157355
confirmation,2016-06-03,random,-0.0015432995102471372
confirmation,2016-06-06,random,0.0016583127011234747
confirmation,2016-06-07,random,0.0012315213092496974
confirmation,2016-06-08,random,0.004357468500944766
confirmation,2016-06-09,random,-0.0008094044811291501
confirmation,2016-06-10,random,-0.007110691158295223
confirmation,2016-06-13,random,-0.008079530730792593
confirmation,2016-06-14,random,-0.0008416428399920884
confirmation,2016-06-15,random,7.185552431669237e-05
confirmation,2016-06-16,random,0.003459945801935245
confirmation,2016-06-17,random,-0.0038179872595969925
confirmation,2016-06-20,random,0.006797467389418636
confirmation,2016-06-21,random,0.0009960273846414207
confirmation,2016-06-22,random,-0.00206071422495465
confirmation,2016-06-23,random,0.01073679450606277
confirmation,2016-06-24,random,-0.02703407202079013
confirmation,2016-06-27,random,-0.01362115483237028
confirmation,2016-06-28,random,0.012896371143282091
confirmation,2016-06-29,random,0.015273373883516246
confirmation,2016-06-30,random,0.013967102426903227
confirmation,2016-06-01,min_variance,0.001931135229223573
confirmation,2016-06-02,min_variance,0.0049928400357654844
confirmation,2016-06-03,min_variance,-0.0005732866930650002
confirmation,2016-06-06,min_variance,0.001524019915695646
confirmation,2016-06-07,min_variance,0.002702233286497581
confirmation,2016-06-08,min_variance,0.004590300012773387
confirmation,2016-06-09,min_variance,-0.0003438799948906454
confirmation,2016-06-10,min_variance,-0.0068802932890522596
confirmation,2016-06-13,min_variance,-0.007919553342700485
confirmation,2016-06-14,min_variance,-0.0011610466828462904
confirmation,2016-06-15,min_variance,0.0005659733605832256
confirmation,2016-06-16,min_variance,0.0034244800204374197
confirmation,2016-06-17,min_variance,-0.0019173200562029031
confirmation,2016-06-20,min_variance,0.006707313332481775
confirmation,2016-06-21,min_variance,0.0013096999872266128
confirmation,2016-06-22,min_variance,-0.002814626664963549
confirmation,2016-06-23,min_variance,0.010204773309489679
confirmation,2016-06-24,min_variance,-0.02590461994124242
confirmation,2016-06-27,min_variance,-0.013211933273724195
confirmation,2016-06-28,min_variance,0.011794919954015807
confirmation,2016-06-29,min_variance,0.014680446657299517
confirmation,2016-06-30,min_variance,0.014465819992335968
confirmation,2016-06-01,equal_weight,0.00206
confirmation,2016-06-02,equal_weight,0.00454
confirmation,2016-06-03,equal_weight,-0.00372
confirmation,2016-06-06,equal_weight,0.00606
confirmation,2016-06-07,equal_weight,0.0003600000000000001
confirmation,2016-06-08,equal_weight,0.00366
confirmation,2016-06-09,equal_weight,-0.0027800000000000004
confirmation,2016-06-10,equal_weight,-0.010280000000000001
confirmation,2016-06-13,equal_weight,-0.00842
confirmation,2016-06-14,equal_weight,-0.0015400000000000001
confirmation,2016-06-15,equal_weight,-0.0015199999999999999
confirmation,2016-06-16,equal_weight,0.00246
confirmation,2016-06-17,equal_weight,-0.00392
confirmation,2016-06-20,equal_weight,0.007220000000000001
confirmation,2016-06-21,equal_weight,0.00136
confirmation,2016-06-22,equal_weight,-0.0012200000000000002
confirmation,2016-06-23,equal_weight,0.014159999999999999
confirmation,2016-06-24,equal_weight,-0.035660000000000004
confirmation,2016-06-27,equal_weight,-0.01982
confirmation,2016-06-28,equal_weight,0.01784
confirmation,2016-06-29,equal_weight,0.01802
confirmation,2016-06-30,equal_weight,0.013680000000000001
confirmation,2016-07-01,localized,0.00236241570216287
confirmation,2016-07-05,localized,-0.003387107109385107
confirmation,2016-07-06,localized,0.006349412365045539
confirmation,2016-07-07,localized,0.000874633043862761
confirmation,2016-07-08,localized,0.01420297389884817
confirmation,2016-07-11,localized,0.0041766195499936
confirmation,2016-07-12,localized,0.0001911543421161816
confirmation,2016-07-13,localized,-0.00023278072174614503
confirmation,2016-07-14,localized,0.003348788524344966
confirmation,2016-07-15,localized,-0.0019498897280203523
confirmation,2016-07-18,localized,0.002442681602327723
confirmation,2016-07-19,localized,-0.0010538772179456484
confirmation,2016-07-20,localized,0.002696449721134109
confirmation,2016-07-21,localized,-0.002730098282488518
confirmation,2016-07-22,localized,0.004475464457139986
confirmation,2016-07-25,localized,0.00030453197824820274
confirmation,2016-07-26,localized,-0.003070680795415822
confirmation,2016-07-27,localized,-0.008469558034162399
confirmation,2016-07-28,localized,0.003631905681853395
confirmation,2016-07-29,localized,0.003395279699785319
confirmation,2016-07-01,all_gene,0.002569344560588506
confirmation,2016-07-05,all_gene,-0.00289662247267419
confirmation,2016-07-06,all_gene,0.006542970992807732
confirmation,2016-07-07,all_gene,0.0008191957946100478
confirmation,2016-07-08,all_gene,0.013947821106243468
confirmation,2016-07-11,all_gene,0.004006636942296171
confirmation,2016-07-12,all_gene,-0.0002778918935816298
confirmation,2016-07-13,all_gene,-0.0003959338321146273
confirmation,2016-07-14,all_gene,0.0031044049418821476
confirmation,2016-07-15,all_gene,-0.001919334678862307
confirmation,2016-07-18,all_gene,0.0023487186454626795
confirmation,2016-07-19,all_gene,-0.0010370248678068597
confirmation,2016-07-20,all_gene,0.0027631300019526983
confirmation,2016-07-21,all_gene,-0.002466040448596058
confirmation,2016-07-22,all_gene,0.004328468732757598
confirmation,2016-07-25,all_gene,0.0004961058985044287
confirmation,2016-07-26,all_gene,-0.0033578936448992653
confirmation,2016-07-27,all_gene,-0.008558590717983587
confirmation,2016-07-28,all_gene,0.003618628504433871
confirmation,2016-07-29,all_gene,0.0037375807202570835
confirmation,2016-07-01,random,0.0031260543130278624
confirmation,2016-07-05,random,-0.0032102950221553047
confirmation,2016-07-06,random,0.007014818775502801
confirmation,2016-07-07,random,0.0009546491286039815
confirmation,2016-07-08,random,0.013983632964985964
confirmation,2016-07-11,random,0.0037826660377322813
confirmation,2016-07-12,random,0.0007473552113656201
confirmation,2016-07-13,random,-0.0007531098077618914
confirmation,2016-07-14,random,0.003334213976022897
confirmation,2016-07-15,random,-0.0015985446976546898
confirmation,2016-07-18,random,0.0023634775280748223
confirmation,2016-07-19,random,-0.001257694231138394
confirmation,2016-07-20,random,0.0038746847046299496
confirmation,2016-07-21,random,-0.0022520794387548447
confirmation,2016-07-22,random,0.00422427567393735
confirmation,2016-07-25,random,0.0003828069138642948
confirmation,2016-07-26,random,-0.0027888607215851985
confirmation,2016-07-27,random,-0.006278934327341927
confirmation,2016-07-28,random,0.003255549517064709
confirmation,2016-07-29,random,0.0037860022251077806
confirmation,2016-07-01,min_variance,0.0024722965015104787
confirmation,2016-07-05,min_variance,-0.0031470246806597
confirmation,2016-07-06,min_variance,0.006320497803925617
confirmation,2016-07-07,min_variance,0.0005984051456685226
confirmation,2016-07-08,min_variance,0.014059626647055793
confirmation,2016-07-11,min_variance,0.004088642543417947
confirmation,2016-07-12,min_variance,-7.915185155694248e-05
confirmation,2016-07-13,min_variance,-0.00030567872829102746
confirmation,2016-07-14,min_variance,0.0030772850868358917
confirmation,2016-07-15,min_variance,-0.0018949435266159911
confirmation,2016-07-18,min_variance,0.002340373352944212
confirmation,2016-07-19,min_variance,-0.0010653053753468173
confirmation,2016-07-20,min_variance,0.00253185526050767
confirmation,2016-07-21,min_variance,-0.0026823415602199004
confirmation,2016-07-22,min_variance,0.004397160635854489
confirmation,2016-07-25,min_variance,0.00024729659104927385
confirmation,2016-07-26,min_variance,-0.0031927264173774953
confirmation,2016-07-27,min_variance,-0.008826176532216644
confirmation,2016-07-28,min_variance,0.0035807467058884225
confirmation,2016-07-29,min_variance,0.003708518092436542
confirmation,2016-07-01,equal_weight,0.0031600000000000005
confirmation,2016-07-05,equal_weight,-0.00772
confirmation,2016-07-06,equal_weight,0.006900000000000001
confirmation,2016-07-07,equal_weight,0.0001600000000000001
confirmation,2016-07-08,equal_weight,0.01536
confirmation,2016-07-11,equal_weight,0.0037199999999999998
confirmation,2016-07-12,equal_weight,0.00708
confirmation,2016-07-13,equal_weight,-0.0008999999999999999
confirmation,2016-07-14,equal_weight,0.0047
confirmation,2016-07-15,equal_weight,-0.00019999999999999996
confirmation,2016-07-18,equal_weight,0.0020399999999999997
confirmation,2016-07-19,equal_weight,-0.00222
confirmation,2016-07-20,equal_weight,0.00502
confirmation,2016-07-21,equal_weight,-0.00298
confirmation,2016-07-22,equal_weight,0.00434
confirmation,2016-07-25,equal_weight,-0.0024600000000000004
confirmation,2016-07-26,equal_weight,0.00084
confirmation,2016-07-27,equal_weight,-0.00118
confirmation,2016-07-28,equal_weight,0.00164
confirmation,2016-07-29,equal_weight,0.00228
confirmation,2016-08-01,localized,-0.0006692373736511201
confirmation,2016-08-02,localized,-0.009532002539998682
confirmation,2016-08-03,localized,-0.00016504314708201386
confirmation,2016-08-04,localized,0.0006780623281597216
confirmation,2016-08-05,localized,0.007609273642880343
confirmation,2016-08-08,localized,-0.0013408823218742523
confirmation,2016-08-09,localized,-0.00033653409953105846
confirmation,2016-08-10,localized,0.0020504688231084978
confirmation,2016-08-11,localized,0.0050600669769473045
confirmation,2016-08-12,localized,0.0018037819052998648
confirmation,2016-08-15,localized,0.001134492034972088
confirmation,2016-08-16,localized,-0.005609829564875413
confirmation,2016-08-17,localized,-0.0011404778388740644
confirmation,2016-08-18,localized,0.0027415117108129453
confirmation,2016-08-19,localized,-0.0009732855158489756
confirmation,2016-08-22,localized,0.0007487683242983038
confirmation,2016-08-23,localized,0.0017382379277627264
confirmation,2016-08-24,localized,-0.0036187140650692637
confirmation,2016-08-25,localized,-0.004894714991943677
confirmation,2016-08-26,localized,-0.003228192795583522
confirmation,2016-08-29,localized,0.004677249712364886
confirmation,2016-08-30,localized,-0.0044798495435728015
confirmation,2016-08-31,localized,-0.00015916043864366635
confirmation,2016-08-01,all_gene,-0.000575353924362179
confirmation,2016-08-02,all_gene,-0.009572843963995704
confirmation,2016-08-03,all_gene,-0.0005963968554545437
confirmation,2016-08-04,all_gene,0.0006820145746645777
confirmation,2016-08-05,all_gene,0.007182079542684024
confirmation,2016-08-08,all_gene,-0.0014406356772962176
confirmation,2016-08-09,all_gene,-0.0003889678572656174
confirmation,2016-08-10,all_gene,0.002344422447549058
confirmation,2016-08-11,all_gene,0.005109072908951282
confirmation,2016-08-12,all_gene,0.0019787167780650925
confirmation,2016-08-15,all_gene,0.0009129454209214453
confirmation,2016-08-16,all_gene,-0.005727146960506213
confirmation,2016-08-17,all_gene,-0.0012838047841602386
confirmation,2016-08-18,all_gene,0.0027922985558449225
confirmation,2016-08-19,all_gene,-0.0010014104247458413
confirmation,2016-08-22,all_gene,0.0008182159231810433
confirmation,2016-08-23,all_gene,0.0017026294052110427
confirmation,2016-08-24,all_gene,-0.0036702503031026813
confirmation,2016-08-25,all_gene,-0.005190782499868555
confirmation,2016-08-26,all_gene,-0.00335811215251633
confirmation,2016-08-29,all_gene,0.004592354428222558
confirmation,2016-08-30,all_gene,-0.00488955563414992
confirmation,2016-08-31,all_gene,-0.00012016267512751923
confirmation,2016-08-01,random,0.00040953134931063096
confirmation,2016-08-02,random,-0.009094554523498135
confirmation,2016-08-03,random,-0.00020643522739234902
confirmation,2016-08-04,random,0.0005255233815824648
confirmation,2016-08-05,random,0.006972561954759109
confirmation,2016-08-08,random,-0.0021015895473557077
confirmation,2016-08-09,random,3.533455228970534e-05
confirmation,2016-08-10,random,0.0011056070285498207
confirmation,2016-08-11,random,0.0051847305293501
confirmation,2016-08-12,random,0.0013970513765029196
confirmation,2016-08-15,random,0.0013582425892804573
confirmation,2016-08-16,random,-0.006297777071257814
confirmation,2016-08-17,random,-0.0009514281545719098
confirmation,2016-08-18,random,0.0024653409843864277
confirmation,2016-08-19,random,-0.0009661479070208081
confirmation,2016-08-22,random,0.0010233927770420918
confirmation,2016-08-23,random,0.001841135935947254
confirmation,2016-08-24,random,-0.00500714785715459
confirmation,2016-08-25,random,-0.004553326945516465
confirmation,2016-08-26,random,-0.0024400724963560354
confirmation,2016-08-29,random,0.004392498137642424
confirmation,2016-08-30,random,-0.0045712143953622955
confirmation,2016-08-31,random,-0.0005874675436618158
confirmation,2016-08-01,min_variance,-0.000988608597459887
confirmation,2016-08-02,min_variance,-0.009289077278001955
confirmation,2016-08-03,min_variance,-0.00033663016489577367
confirmation,2016-08-04,min_variance,0.0007000000000000001
confirmation,2016-08-05,min_variance,0.0070866046543301255
confirmation,2016-08-08,min_variance,-0.0011732093086602498
confirmation,2016-08-09,min_variance,-0.000462184544399609
confirmation,2016-08-10,min_variance,0.00217320930866025
confirmation,2016-08-11,min_variance,0.00520607951691698
confirmation,2016-08-12,min_variance,0.0019378154556003912
confirmation,2016-08-15,min_variance,0.0010097374312934278
confirmation,2016-08-16,min_variance,-0.005670736684988418
confirmation,2016-08-17,min_variance,-0.001106130538048278
confirmation,2016-08-18,min_variance,0.003078001492610017
confirmation,2016-08-19,min_variance,-0.001062184544399609
confirmation,2016-08-22,min_variance,0.0006573413393185443
confirmation,2016-08-23,min_variance,0.0017804741162818472
confirmation,2016-08-24,min_variance,-0.0036109737431293427
confirmation,2016-08-25,min_variance,-0.00498784096616604
confirmation,2016-08-26,min_variance,-0.0035060795169169806
confirmation,2016-08-29,min_variance,0.004684132030658295
confirmation,2016-08-30,min_variance,-0.004892684171247105
confirmation,2016-08-31,min_variance,-0.00034508026322198826
confirmation,2016-08-01,equal_weight,-0.0009400000000000002
confirmation,2016-08-02,equal_weight,-0.00656
confirmation,2016-08-03,equal_weight,0.0037600000000000003
confirmation,2016-08-04,equal_weight,9.999999999999996e-05
confirmation,2016-08-05,equal_weight,0.008320000000000001
confirmation,2016-08-08,equal_weight,-0.0014400000000000003
confirmation,2016-08-09,equal_weight,0.0004000000000000001
confirmation,2016-08-10,equal_weight,-0.0032600000000000003
confirmation,2016-08-11,equal_weight,0.00566
confirmation,2016-08-12,equal_weight,-0.00054
confirmation,2016-08-15,equal_weight,0.00358
confirmation,2016-08-16,equal_weight,-0.00626
confirmation,2016-08-17,equal_weight,0.0012800000000000003
confirmation,2016-08-18,equal_weight,0.00332
confirmation,2016-08-19,equal_weight,-0.0011400000000000002
confirmation,2016-08-22,equal_weight,0.0003399999999999999
confirmation,2016-08-23,equal_weight,0.0025600000000000006
confirmation,2016-08-24,equal_weight,-0.00668
confirmation,2016-08-25,equal_weight,-0.00138
confirmation,2016-08-26,equal_weight,-0.0010800000000000002
confirmation,2016-08-29,equal_weight,0.00506
confirmation,2016-08-30,equal_weight,-0.0019399999999999997
confirmation,2016-08-31,equal_weight,-0.0026400000000000004
confirmation,2016-09-01,localized,0.0028184949176215043
confirmation,2016-09-02,localized,0.004815450220900113
confirmation,2016-09-06,localized,0.0036567736861094803
confirmation,2016-09-07,localized,0.0016205820867480122
confirmation,2016-09-08,localized,-0.0065220912138953865
confirmation,2016-09-09,localized,-0.024718442833198153
confirmation,2016-09-12,localized,0.016065896290526627
confirmation,2016-09-13,localized,-0.010435410058898873
confirmation,2016-09-14,localized,0.004355708946663237
confirmation,2016-09-15,localized,0.014820028120042664
confirmation,2016-09-16,localized,-0.0038830220185244466
confirmation,2016-09-19,localized,-0.001539158170365167
confirmation,2016-09-20,localized,-0.0007566905391504254
confirmation,2016-09-21,localized,0.011684429637620387
confirmation,2016-09-22,localized,0.007715670170857002
confirmation,2016-09-23,localized,-0.006176660291530827
confirmation,2016-09-26,localized,-0.007388016270486076
confirmation,2016-09-27,localized,0.009799708345118853
confirmation,2016-09-28,localized,0.003275100285845389
confirmation,2016-09-29,localized,-0.007183204124083488
confirmation,2016-09-30,localized,0.005250797844678984
confirmation,2016-09-01,all_gene,-0.0008050190645832777
confirmation,2016-09-02,all_gene,0.0049960414184651416
confirmation,2016-09-06,all_gene,0.002004904359542349
confirmation,2016-09-07,all_gene,-0.003191913166461545
confirmation,2016-09-08,all_gene,-0.006587392073741058
confirmation,2016-09-09,all_gene,-0.02709322131148952
confirmation,2016-09-12,all_gene,0.015600782567379904
confirmation,2016-09-13,all_gene,-0.013602897164492953
confirmation,2016-09-14,all_gene,-0.002794015232037922
confirmation,2016-09-15,all_gene,0.00800468095608045
confirmation,2016-09-16,all_gene,-0.002396783076281425
confirmation,2016-09-19,all_gene,-0.0009013759412720774
confirmation,2016-09-20,all_gene,-0.0003913590213880994
confirmation,2016-09-21,all_gene,0.009300448569703622
confirmation,2016-09-22,all_gene,0.008697184149505014
confirmation,2016-09-23,all_gene,-0.0030032266247425796
confirmation,2016-09-26,all_gene,-0.010301794651192655
confirmation,2016-09-27,all_gene,0.006601848350075736
confirmation,2016-09-28,all_gene,0.0005000080417073304
confirmation,2016-09-29,all_gene,-0.007615852539051877
confirmation,2016-09-30,all_gene,0.009901804204027661
confirmation,2016-09-01,random,0.0019191794748470966
confirmation,2016-09-02,random,0.004829043707829425
confirmation,2016-09-06,random,0.0035970061285356485
confirmation,2016-09-07,random,0.0008687827881583313
confirmation,2016-09-08,random,-0.0056314299534037755
confirmation,2016-09-09,random,-0.025145062226712693
confirmation,2016-09-12,random,0.015839257913374247
confirmation,2016-09-13,random,-0.011602677991198976
confirmation,2016-09-14,random,0.0027247533527071438
confirmation,2016-09-15,random,0.013346487108225507
confirmation,2016-09-16,random,-0.0034218150043521635
confirmation,2016-09-19,random,-0.001241122117284083
confirmation,2016-09-20,random,-0.0004365408482952651
confirmation,2016-09-21,random,0.011356201736814635
confirmation,2016-09-22,random,0.007765001690166986
confirmation,2016-09-23,random,-0.00572051134889682
confirmation,2016-09-26,random,-0.00794986227728537
confirmation,2016-09-27,random,0.008770374132874239
confirmation,2016-09-28,random,0.003239998650102934
confirmation,2016-09-29,random,-0.007903853361956866
confirmation,2016-09-30,random,0.0064468685045572845
confirmation,2016-09-01,min_variance,-0.0007634208562355242
confirmation,2016-09-02,min_variance,0.005266679879760484
confirmation,2016-09-06,min_variance,0.0023276352808485933
confirmation,2016-09-07,min_variance,-0.002910461844831476
confirmation,2016-09-08,min_variance,-0.0057923409355825385
confirmation,2016-09-09,min_variance,-0.027305724478672373
confirmation,2016-09-12,min_variance,0.015310461844831477
confirmation,2016-09-13,min_variance,-0.014102882058976913
confirmation,2016-09-14,min_variance,-0.002921910802176221
confirmation,2016-09-15,min_variance,0.00813714965244825
confirmation,2016-09-16,min_variance,-0.0024990525267681793
confirmation,2016-09-19,min_variance,-0.0005037898929272826
confirmation,2016-09-20,min_variance,-0.0006590604546244691
confirmation,2016-09-21,min_variance,0.009833359759520967
confirmation,2016-09-22,min_variance,0.008524753221871682
confirmation,2016-09-23,min_variance,-0.0034495460830248144
confirmation,2016-09-26,min_variance,-0.009781879090751063
confirmation,2016-09-27,min_variance,0.005998065414254911
confirmation,2016-09-28,min_variance,0.0018791159496184973
confirmation,2016-09-29,min_variance,-0.0075238057486398625
confirmation,2016-09-30,min_variance,0.00977808919782378
confirmation,2016-09-01,equal_weight,4.000000000000005e-05
confirmation,2016-09-02,equal_weight,0.00494
confirmation,2016-09-06,equal_weight,0.0032000000000000006
confirmation,2016-09-07,equal_weight,0.0008600000000000001
confirmation,2016-09-08,equal_weight,-0.00124
confirmation,2016-09-09,equal_weight,-0.024680000000000004
confirmation,2016-09-12,equal_weight,0.014640000000000002
confirmation,2016-09-13,equal_weight,-0.015100000000000002
confirmation,2016-09-14,equal_weight,-0.0007800000000000003
confirmation,2016-09-15,equal_weight,0.01056
confirmation,2016-09-16,equal_weight,-0.00302
confirmation,2016-09-19,equal_weight,0.00026000000000000003
confirmation,2016-09-20,equal_weight,0.00054
confirmation,2016-09-21,equal_weight,0.011060000000000002
confirmation,2016-09-22,equal_weight,0.00704
confirmation,2016-09-23,equal_weight,-0.0057599999999999995
confirmation,2016-09-26,equal_weight,-0.009080000000000001
confirmation,2016-09-27,equal_weight,0.0063
confirmation,2016-09-28,equal_weight,0.005180000000000001
confirmation,2016-09-29,equal_weight,-0.01082
confirmation,2016-09-30,equal_weight,0.009219999999999999
confirmation,2016-10-03,localized,-0.0019451010584201768
confirmation,2016-10-04,localized,-0.002947932316471901
confirmation,2016-10-05,localized,0.003201008830779832
confirmation,2016-10-06,localized,0.00036732627582587414
confirmation,2016-10-07,localized,-0.004067548666298572
confirmation,2016-10-10,localized,0.005862385646765289
confirmation,2016-10-11,localized,-0.013304325381389958
confirmation,2016-10-12,localized,0.0005298850283141115
confirmation,2016-10-13,localized,-0.005358112189479602
confirmation,2016-10-14,localized,0.0029796024889896912
confirmation,2016-10-17,localized,-0.002146315557134062
confirmation,2016-10-18,localized,0.00598141230217093
confirmation,2016-10-19,localized,0.0009874751481324256
confirmation,2016-10-20,localized,-0.0024867160523437673
confirmation,2016-10-21,localized,0.0025627751450170793
confirmation,2016-10-24,localized,0.009625283559283363
confirmation,2016-10-25,localized,-0.00508225063666983
confirmation,2016-10-26,localized,-0.004928672798247474
confirmation,2016-10-27,localized,-0.004416479661640624
confirmation,2016-10-28,localized,-5.701635037873424e-05
confirmation,2016-10-31,localized,0.00016144698300828186
confirmation,2016-10-03,all_gene,-0.002895193935130002
confirmation,2016-10-04,all_gene,-0.005888354387357701
confirmation,2016-10-05,all_gene,0.0012183649667320434
confirmation,2016-10-06,all_gene,-2.153156117655432e-05
confirmation,2016-10-07,all_gene,-0.0038865776457634544
confirmation,2016-10-10,all_gene,0.0021111828892007786
confirmation,2016-10-11,all_gene,-0.009642648918412542
confirmation,2016-10-12,all_gene,0.004862722452951497
confirmation,2016-10-13,all_gene,-0.0018931745316188068
confirmation,2016-10-14,all_gene,-0.0008231918471806082
confirmation,2016-10-17,all_gene,-0.005884474261867382
confirmation,2016-10-18,all_gene,0.003509814564542492
confirmation,2016-10-19,all_gene,0.00038347188760389503
confirmation,2016-10-20,all_gene,-0.0029750737209378467
confirmation,2016-10-21,all_gene,0.00525032439639054
confirmation,2016-10-24,all_gene,0.009561858454738734
confirmation,2016-10-25,all_gene,-0.008278043431474258
confirmation,2016-10-26,all_gene,-0.003114509782245852
confirmation,2016-10-27,all_gene,-0.006470121226349973
confirmation,2016-10-28,all_gene,-0.004928520401623373
confirmation,2016-10-31,all_gene,0.0033672858200079177
confirmation,2016-10-03,random,-0.002825659630436124
confirmation,2016-10-04,random,-0.004367247507144663
confirmation,2016-10-05,random,0.0052826069958631875
confirmation,2016-10-06,random,0.00045979018293004575
confirmation,2016-10-07,random,-0.004467046671649051
confirmation,2016-10-10,random,0.006019309827709845
confirmation,2016-10-11,random,-0.01275613130973109
confirmation,2016-10-12,random,0.000625067810948679
confirmation,2016-10-13,random,-0.005126815419065504
confirmation,2016-10-14,random,0.0019814540239019404
confirmation,2016-10-17,random,-0.0021662746920970855
confirmation,2016-10-18,random,0.006109936523002022
confirmation,2016-10-19,random,0.0027674681000743094
confirmation,2016-10-20,random,-0.0022966443269986933
confirmation,2016-10-21,random,0.0011623948399880264
confirmation,2016-10-24,random,0.00698928282812114
confirmation,2016-10-25,random,-0.0043854851508473925
confirmation,2016-10-26,random,-0.0026153095481155865
confirmation,2016-10-27,random,-0.0038392950007239733
confirmation,2016-10-28,random,-0.00040969689955681204
confirmation,2016-10-31,random,0.00018316388826543594
confirmation,2016-10-03,min_variance,-0.0029539229066963524
confirmation,2016-10-04,min_variance,-0.006251263830497278
confirmation,2016-10-05,min_variance,0.0018130217823511155
confirmation,2016-10-06,min_variance,-4.2176886489103815e-05
confirmation,2016-10-07,min_variance,-0.004017618622671557
confirmation,2016-10-10,min_variance,0.002541892508181922
confirmation,2016-10-11,min_variance,-0.010136024270736933
confirmation,2016-10-12,min_variance,0.004331149036258195
confirmation,2016-10-13,min_variance,-0.001857421218908084
confirmation,2016-10-14,min_variance,-0.001068398489077423
confirmation,2016-10-17,min_variance,-0.005472568348583925
confirmation,2016-10-18,min_variance,0.003608221806505758
confirmation,2016-10-19,min_variance,0.0005824837603695341
confirmation,2016-10-20,min_variance,-0.002738633582153071
confirmation,2016-10-21,min_variance,0.0043279406902909144
confirmation,2016-10-24,min_variance,0.008706854429556023
confirmation,2016-10-25,min_variance,-0.007724101424133846
confirmation,2016-10-26,min_variance,-0.002822575507571879
confirmation,2016-10-27,min_variance,-0.006106183289900568
confirmation,2016-10-28,min_variance,-0.004838627586576486
confirmation,2016-10-31,min_variance,0.0028444301107053652
confirmation,2016-10-03,equal_weight,-0.0024600000000000004
confirmation,2016-10-04,equal_weight,-0.00458
confirmation,2016-10-05,equal_weight,0.005720000000000001
confirmation,2016-10-06,equal_weight,-0.00122
confirmation,2016-10-07,equal_weight,-0.00338
confirmation,2016-10-10,equal_weight,0.00506
confirmation,2016-10-11,equal_weight,-0.013940000000000001
confirmation,2016-10-12,equal_weight,3.9999999999999996e-05
confirmation,2016-10-13,equal_weight,-0.0033
confirmation,2016-10-14,equal_weight,-0.0011199999999999997
confirmation,2016-10-17,equal_weight,-0.0028200000000000005
confirmation,2016-10-18,equal_weight,0.00582
confirmation,2016-10-19,equal_weight,0.0014800000000000002
confirmation,2016-10-20,equal_weight,-0.00084
confirmation,2016-10-21,equal_weight,-0.0008800000000000004
confirmation,2016-10-24,equal_weight,0.0044599999999999996
confirmation,2016-10-25,equal_weight,-0.00436
confirmation,2016-10-26,equal_weight,-0.002820000000000001
confirmation,2016-10-27,equal_weight,-0.00266
confirmation,2016-10-28,equal_weight,-0.0044800000000000005
confirmation,2016-10-31,equal_weight,-0.0005199999999999998
confirmation,2016-11-01,localized,-0.007856556836628238
confirmation,2016-11-02,localized,-0.009104259810304726
confirmation,2016-11-03,localized,-0.005168878590650357
confirmation,2016-11-04,localized,-0.0027437829196615316
confirmation,2016-11-07,localized,0.02188283112557816
confirmation,2016-11-08,localized,0.005988420307640962
confirmation,2016-11-09,localized,0.0043750881630670755
confirmation,2016-11-10,localized,-0.010472303386920099
confirmation,2016-11-11,localized,0.0065331937383268715
confirmation,2016-11-14,localized,-0.00866219914877704
confirmation,2016-11-15,localized,0.011449022611398253
confirmation,2016-11-16,localized,0.007054220016410716
confirmation,2016-11-17,localized,0.006484507736287624
confirmation,2016-11-18,localized,-0.002313175080050161
confirmation,2016-11-21,localized,0.007448631481126161
confirmation,2016-11-22,localized,0.004021879045875975
confirmation,2016-11-23,localized,-0.0014108679873676413
confirmation,2016-11-25,localized,0.00426980356550648
confirmation,2016-11-28,localized,-0.0014056494588372793
confirmation,2016-11-29,localized,0.002478352277457978
confirmation,2016-11-30,localized,-0.010644664343187575
confirmation,2016-11-01,all_gene,-0.00789762403973494
confirmation,2016-11-02,all_gene,-0.0023080328752474745
confirmation,2016-11-03,all_gene,-0.007800842695221438
confirmation,2016-11-04,all_gene,-0.003987905050805903
confirmation,2016-11-07,all_gene,0.020504241193148396
confirmation,2016-11-08,all_gene,0.002301555121468932
confirmation,2016-11-09,all_gene,0.0014397336856722528
confirmation,2016-11-10,all_gene,-0.006581031547910286
confirmation,2016-11-11,all_gene,0.0021885298437801857
confirmation,2016-11-14,all_gene,0.00039917319864754585
confirmation,2016-11-15,all_gene,0.005799304849293218
confirmation,2016-11-16,all_gene,0.002589888083484959
confirmation,2016-11-17,all_gene,0.004701279987013821
confirmation,2016-11-18,all_gene,-0.0030033856323688534
confirmation,2016-11-21,all_gene,0.007596717928140804
confirmation,2016-11-22,all_gene,0.010575273456499529
confirmation,2016-11-23,all_gene,-0.0008960170190668796
confirmation,2016-11-25,all_gene,0.004301621180776616
confirmation,2016-11-28,all_gene,-0.004406613423942624
confirmation,2016-11-29,all_gene,-9.608074917405745e-05
confirmation,2016-11-30,all_gene,-0.010597589081983766
confirmation,2016-11-01,random,-0.007416822657456507
confirmation,2016-11-02,random,-0.008649035918521387
confirmation,2016-11-03,random,-0.0033570972388077473
confirmation,2016-11-04,random,-0.002382826773338562
confirmation,2016-11-07,random,0.022004113043559783
confirmation,2016-11-08,random,0.005306970958056416
confirmation,2016-11-09,random,0.009142192992387697
confirmation,2016-11-10,random,-0.0028753023306700987
confirmation,2016-11-11,random,0.00425712530622731
confirmation,2016-11-14,random,-0.0026222188167168156
confirmation,2016-11-15,random,0.01065270436350243
confirmation,2016-11-16,random,0.0023769743701860073
confirmation,2016-11-17,random,0.005435145209876379
confirmation,2016-11-18,random,-0.0013066785868177126
confirmation,2016-11-21,random,0.008306338562727698
confirmation,2016-11-22,random,0.003933953252013795
confirmation,2016-11-23,random,0.0004376267365764207
confirmation,2016-11-25,random,0.003927369101687373
confirmation,2016-11-28,random,-0.0038232082451852487
confirmation,2016-11-29,random,0.001382667178206508
confirmation,2016-11-30,random,-0.003590564054458481
confirmation,2016-11-01,min_variance,-0.007666456198969836
confirmation,2016-11-02,min_variance,-0.003052022889511718
confirmation,2016-11-03,min_variance,-0.007207041872082485
confirmation,2016-11-04,min_variance,-0.003481907232552585
confirmation,2016-11-07,min_variance,0.02059800813396577
confirmation,2016-11-08,min_variance,0.0025681035387701
confirmation,2016-11-09,min_variance,0.00338868801591682
confirmation,2016-11-10,min_variance,-0.005407081792598351
confirmation,2016-11-11,min_variance,0.0013050259323844524
confirmation,2016-11-14,min_variance,0.0005903352650839945
confirmation,2016-11-15,min_variance,0.006389065628467407
confirmation,2016-11-16,min_variance,0.0016305520955811495
confirmation,2016-11-17,min_variance,0.004236527048438552
confirmation,2016-11-18,min_variance,-0.0028532323534576345
confirmation,2016-11-21,min_variance,0.00794784530061994
confirmation,2016-11-22,min_variance,0.009234627060267958
confirmation,2016-11-23,min_variance,-0.00046468241550736436
confirmation,2016-11-25,min_variance,0.004281005057427833
confirmation,2016-11-28,min_variance,-0.004732248064380831
confirmation,2016-11-29,min_variance,-0.00019883997387225915
confirmation,2016-11-30,min_variance,-0.00864672463419201
confirmation,2016-11-01,equal_weight,-0.006300000000000001
confirmation,2016-11-02,equal_weight,-0.00728
confirmation,2016-11-03,equal_weight,-0.0048400000000000006
confirmation,2016-11-04,equal_weight,-0.00012000000000000033
confirmation,2016-11-07,equal_weight,0.0225
confirmation,2016-11-08,equal_weight,0.00388
confirmation,2016-11-09,equal_weight,0.01742
confirmation,2016-11-10,equal_weight,0.00392
confirmation,2016-11-11,equal_weight,-5.9999999999999724e-05
confirmation,2016-11-14,equal_weight,0.0016800000000000007
confirmation,2016-11-15,equal_weight,0.007540000000000001
confirmation,2016-11-16,equal_weight,-0.002
confirmation,2016-11-17,equal_weight,0.005300000000000001
confirmation,2016-11-18,equal_weight,-0.0024200000000000003
confirmation,2016-11-21,equal_weight,0.00734
confirmation,2016-11-22,equal_weight,0.0012999999999999995
confirmation,2016-11-23,equal_weight,0.00162
confirmation,2016-11-25,equal_weight,0.004320000000000001
confirmation,2016-11-28,equal_weight,-0.006879999999999999
confirmation,2016-11-29,equal_weight,0.0012799999999999999
confirmation,2016-11-30,equal_weight,-0.0034600000000000004
confirmation,2016-12-01,localized,-0.015911400761220062
confirmation,2016-12-02,localized,0.00023017823417467086
confirmation,2016-12-05,localized,0.008887477485149137
confirmation,2016-12-06,localized,0.005385347708332187
confirmation,2016-12-07,localized,0.016768525039821475
confirmation,2016-12-08,localized,0.004178389955769122
confirmation,2016-12-09,localized,0.0042157368902222825
confirmation,2016-12-12,localized,-0.004812555366947909
confirmation,2016-12-13,localized,0.010607693611059107
confirmation,2016-12-14,localized,-0.0034387033743851947
confirmation,2016-12-15,localized,0.003610815984850731
confirmation,2016-12-16,localized,-0.005194196911024346
confirmation,2016-12-19,localized,0.006041471445138243
confirmation,2016-12-20,localized,0.0037883113035453615
confirmation,2016-12-21,localized,-0.00192480856002899
confirmation,2016-12-22,localized,-0.002516744231273599
confirmation,2016-12-23,localized,0.0011346598284733664
confirmation,2016-12-27,localized,0.00403313709039242
confirmation,2016-12-28,localized,-0.008723818562893847
confirmation,2016-12-29,localized,0.0002586969241171855
confirmation,2016-12-30,localized,-0.008452137350964143
confirmation,2016-12-01,all_gene,-0.0018051787936503223
confirmation,2016-12-02,all_gene,0.0018008455634308275
confirmation,2016-12-05,all_gene,0.006698374115829958
confirmation,2016-12-06,all_gene,0.0031013364668019514
confirmation,2016-12-07,all_gene,0.015984520685336085
confirmation,2016-12-08,all_gene,-0.0004957848703744064
confirmation,2016-12-09,all_gene,0.006900804513264929
confirmation,2016-12-12,all_gene,-0.0015963858992534188
confirmation,2016-12-13,all_gene,0.005799804010037538
confirmation,2016-12-14,all_gene,-0.010795960491140589
confirmation,2016-12-15,all_gene,0.0007059888043875165
confirmation,2016-12-16,all_gene,0.0006987351465601349
confirmation,2016-12-19,all_gene,0.001996837565314598
confirmation,2016-12-20,all_gene,0.00369849926973704
confirmation,2016-12-21,all_gene,-0.001203711533116835
confirmation,2016-12-22,all_gene,-0.009091672113547151
confirmation,2016-12-23,all_gene,-9.433768163841999e-05
confirmation,2016-12-27,all_gene,0.0033977287321167904
confirmation,2016-12-28,all_gene,-0.005903162227332227
confirmation,2016-12-29,all_gene,0.0007995767748105766
confirmation,2016-12-30,all_gene,-0.006997643986222953
confirmation,2016-12-01,random,0.0021096158618785924
confirmation,2016-12-02,random,-0.001168221121483842
confirmation,2016-12-05,random,0.007621718776032487
confirmation,2016-12-06,random,0.004485638178630586
confirmation,2016-12-07,random,0.01380996304671113
confirmation,2016-12-08,random,0.004301420430418733
confirmation,2016-12-09,random,0.003182333177687472
confirmation,2016-12-12,random,-0.003367770440693834
confirmation,2016-12-13,random,0.004208974391307763
confirmation,2016-12-14,random,-0.010917196902708487
confirmation,2016-12-15,random,0.005426354524176941
confirmation,2016-12-16,random,-0.0017548266568848112
confirmation,2016-12-19,random,0.0015908628687292222
confirmation,2016-12-20,random,0.005051284465449131
confirmation,2016-12-21,random,-0.001934855359925263
confirmation,2016-12-22,random,-0.0014918096412797526
confirmation,2016-12-23,random,0.0013764408968429964
confirmation,2016-12-27,random,0.0023456389824749
confirmation,2016-12-28,random,-0.009534906846583015
confirmation,2016-12-29,random,-0.0010640918915440457
confirmation,2016-12-30,random,-0.0034301431694419766
confirmation,2016-12-01,min_variance,-0.00202408338138329
confirmation,2016-12-02,min_variance,0.0019047870303369446
confirmation,2016-12-05,min_variance,0.006579803112260563
confirmation,2016-12-06,min_variance,0.0029459234497573395
confirmation,2016-12-07,min_variance,0.014740852911862145
confirmation,2016-12-08,min_variance,-7.592265120392936e-05
confirmation,2016-12-09,min_variance,0.006743787130042995
confirmation,2016-12-12,min_variance,-0.0010772995638279824
confirmation,2016-12-13,min_variance,0.005726978336234194
confirmation,2016-12-14,min_variance,-0.011076921813842771
confirmation,2016-12-15,min_variance,0.001317562940265607
confirmation,2016-12-16,min_variance,0.0008085255898370465
confirmation,2016-12-19,min_variance,0.001723301178557008
confirmation,2016-12-20,min_variance,0.0033571220695540597
confirmation,2016-12-21,min_variance,-0.0013905481518623132
confirmation,2016-12-22,min_variance,-0.007852568257329053
confirmation,2016-12-23,min_variance,0.0002557619200787779
confirmation,2016-12-27,min_variance,0.0031813245567578912
confirmation,2016-12-28,min_variance,-0.006401516183863841
confirmation,2016-12-29,min_variance,0.000860159697915227
confirmation,2016-12-30,min_variance,-0.006681777841398046
confirmation,2016-12-01,equal_weight,-0.00426
confirmation,2016-12-02,equal_weight,0.0008600000000000001
confirmation,2016-12-05,equal_weight,0.00674
confirmation,2016-12-06,equal_weight,0.0045000000000000005
confirmation,2016-12-07,equal_weight,0.0097
confirmation,2016-12-08,equal_weight,0.00334
confirmation,2016-12-09,equal_weight,0.00562
confirmation,2016-12-12,equal_weight,-0.0014399999999999999
confirmation,2016-12-13,equal_weight,0.005940000000000001
confirmation,2016-12-14,equal_weight,-0.00802
confirmation,2016-12-15,equal_weight,0.004880000000000001
confirmation,2016-12-16,equal_weight,-0.00156
confirmation,2016-12-19,equal_weight,0.00132
confirmation,2016-12-20,equal_weight,0.0037
confirmation,2016-12-21,equal_weight,-0.0029600000000000004
confirmation,2016-12-22,equal_weight,-0.0027
confirmation,2016-12-23,equal_weight,0.0027
confirmation,2016-12-27,equal_weight,0.00232
confirmation,2016-12-28,equal_weight,-0.00862
confirmation,2016-12-29,equal_weight,-9.999999999999994e-05
confirmation,2016-12-30,equal_weight,-0.0052
confirmation,2017-01-03,localized,0.009832128669326116
confirmation,2017-01-04,localized,0.006241682672694289
confirmation,2017-01-05,localized,0.0008266261309164241
confirmation,2017-01-06,localized,0.005609708122673112
confirmation,2017-01-09,localized,0.00023137196272455176
confirmation,2017-01-10,localized,0.0013997095322129346
confirmation,2017-01-11,localized,0.0049961056386794885
confirmation,2017-01-12,localized,-0.003000299126313887
confirmation,2017-01-13,localized,0.003928386854269886
confirmation,2017-01-17,localized,-0.0044065063140217905
confirmation,2017-01-18,localized,0.0023084572884739954
confirmation,2017-01-19,localized,-0.0018138125750958337
confirmation,2017-01-20,localized,0.004668465805663246
confirmation,2017-01-23,localized,0.00040247620302840347
confirmation,2017-01-24,localized,0.006420236871895796
confirmation,2017-01-25,localized,0.007878882058474363
confirmation,2017-01-26,localized,0.0010079006570453727
confirmation,2017-01-27,localized,0.0029695156553650234
confirmation,2017-01-30,localized,-0.006639178980031567
confirmation,2017-01-31,localized,-0.0013556844799422684
confirmation,2017-01-03,all_gene,0.004608093441180226
confirmation,2017-01-04,all_gene,0.007800632718949563
confirmation,2017-01-05,all_gene,-0.0021971482002789947
confirmation,2017-01-06,all_gene,0.0009021362314759578
confirmation,2017-01-09,all_gene,-0.0027993666879841906
confirmation,2017-01-10,all_gene,0.0014990583378675737
confirmation,2017-01-11,all_gene,0.0011970433176372885
confirmation,2017-01-12,all_gene,-3.6382289057590316e-06
confirmation,2017-01-13,all_gene,0.0005033420347650899
confirmation,2017-01-17,all_gene,0.005782030450887402
confirmation,2017-01-18,all_gene,0.0004020576985904985
confirmation,2017-01-19,all_gene,-0.005101220752231948
confirmation,2017-01-20,all_gene,0.0015006695789952533
confirmation,2017-01-23,all_gene,-0.0007069457278851743
confirmation,2017-01-24,all_gene,0.007994845745341263
confirmation,2017-01-25,all_gene,0.005005029364530307
confirmation,2017-01-26,all_gene,-0.005494658109657609
confirmation,2017-01-27,all_gene,-0.006287468321544318
confirmation,2017-01-30,all_gene,-0.0013113402158714525
confirmation,2017-01-31,all_gene,0.001206462391187837
confirmation,2017-01-03,random,0.007834722949892627
confirmation,2017-01-04,random,0.005459516091862871
confirmation,2017-01-05,random,-0.0019571363025799493
confirmation,2017-01-06,random,0.001681801273287646
confirmation,2017-01-09,random,-0.008546707467010632
confirmation,2017-01-10,random,-0.001544924395210047
confirmation,2017-01-11,random,0.007021835207539776
confirmation,2017-01-12,random,-0.0031779335739531775
confirmation,2017-01-13,random,0.001367946343984765
confirmation,2017-01-17,random,0.0004071340819695572
confirmation,2017-01-18,random,0.0012301720260291802
confirmation,2017-01-19,random,-0.00457301971933293
confirmation,2017-01-20,random,0.005544869093964449
confirmation,2017-01-23,random,-0.004247833909411599
confirmation,2017-01-24,random,0.010650720225452236
confirmation,2017-01-25,random,0.006316712959626186
confirmation,2017-01-26,random,0.00031374563755037305
confirmation,2017-01-27,random,-0.003202659741838199
confirmation,2017-01-30,random,-0.009910869878405462
confirmation,2017-01-31,random,0.0009714809040725111
confirmation,2017-01-03,min_variance,0.005549169919058015
confirmation,2017-01-04,min_variance,0.007831352286760147
confirmation,2017-01-05,min_variance,-0.0016959616176225175
confirmation,2017-01-06,min_variance,0.0010539031637214497
confirmation,2017-01-09,min_variance,-0.002586029685248134
confirmation,2017-01-10,min_variance,0.0012907868995201237
confirmation,2017-01-11,min_variance,0.0006086614858112668
confirmation,2017-01-12,min_variance,-0.00025143649479341523
confirmation,2017-01-13,min_variance,0.0007653719393301708
confirmation,2017-01-17,min_variance,0.0042309924626152
confirmation,2017-01-18,min_variance,0.0004861347390205978
confirmation,2017-01-19,min_variance,-0.005407700830543306
confirmation,2017-01-20,min_variance,0.0014619964816702613
confirmation,2017-01-23,min_variance,-0.0014998082094763374
confirmation,2017-01-24,min_variance,0.007157646978616232
confirmation,2017-01-25,min_variance,0.005377157205637677
confirmation,2017-01-26,min_variance,-0.005100467597857969
confirmation,2017-01-27,min_variance,-0.0048191316427281024
confirmation,2017-01-30,min_variance,-0.0025325918425712253
confirmation,2017-01-31,min_variance,0.0023456180552489754
confirmation,2017-01-03,equal_weight,0.008660000000000001
confirmation,2017-01-04,equal_weight,0.00808
confirmation,2017-01-05,equal_weight,-0.00136
confirmation,2017-01-06,equal_weight,0.00266
confirmation,2017-01-09,equal_weight,-0.0025400000000000006
confirmation,2017-01-10,equal_weight,0.0015800000000000002
confirmation,2017-01-11,equal_weight,0.0012799999999999999
confirmation,2017-01-12,equal_weight,-0.00236
confirmation,2017-01-13,equal_weight,0.00268
confirmation,2017-01-17,equal_weight,-0.00434
confirmation,2017-01-18,equal_weight,0.002
confirmation,2017-01-19,equal_weight,-0.004560000000000001
confirmation,2017-01-20,equal_weight,0.0024800000000000004
confirmation,2017-01-23,equal_weight,-0.0032200000000000006
confirmation,2017-01-24,equal_weight,0.006620000000000001
confirmation,2017-01-25,equal_weight,0.00808
confirmation,2017-01-26,equal_weight,-0.00192
confirmation,2017-01-27,equal_weight,-0.0004000000000000001
confirmation,2017-01-30,equal_weight,-0.006500000000000001
confirmation,2017-01-31,equal_weight,0.00194
confirmation,2017-02-01,localized,0.004646281619061668
confirmation,2017-02-02,localized,-0.0017753119137003813
confirmation,2017-02-03,localized,0.006333578373316715
confirmation,2017-02-06,localized,-0.0010850004435681941
confirmation,2017-02-07,localized,0.0024419118297033704
confirmation,2017-02-08,localized,0.0014073052508051874
confirmation,2017-02-09,localized,0.005575015871858211
confirmation,2017-02-10,localized,0.002821145727760931
confirmation,2017-02-13,localized,0.0037755170505405326
confirmation,2017-02-14,localized,0.003545130568253566
confirmation,2017-02-15,localized,0.004381945421381015
confirmation,2017-02-16,localized,0.0008947372732523567
confirmation,2017-02-17,localized,0.0033153173750648133
confirmation,2017-02-21,localized,0.004920260887424646
confirmation,2017-02-22,localized,0.0011221708158679902
confirmation,2017-02-23,localized,-0.0016832454455107872
confirmation,2017-02-24,localized,0.002429208822696186
confirmation,2017-02-27,localized,-0.0005461942094790271
confirmation,2017-02-28,localized,-0.005163631382757354
confirmation,2017-02-01,all_gene,-0.004383742654105467
confirmation,2017-02-02,all_gene,0.0028968635066808166
confirmation,2017-02-03,all_gene,0.0020292868391917967
confirmation,2017-02-06,all_gene,-0.0034977557933813792
confirmation,2017-02-07,all_gene,0.002675787226980287
confirmation,2017-02-08,all_gene,0.006270169031391409
confirmation,2017-02-09,all_gene,0.00759017487389563
confirmation,2017-02-10,all_gene,0.0036073792434430005
confirmation,2017-02-13,all_gene,0.0005256624238204852
confirmation,2017-02-14,all_gene,0.004690116634688475
confirmation,2017-02-15,all_gene,0.003910065677671069
confirmation,2017-02-16,all_gene,-0.003095772279832832
confirmation,2017-02-17,all_gene,0.006175075900674101
confirmation,2017-02-21,all_gene,0.00878449644948426
confirmation,2017-02-22,all_gene,-0.0020078999730354244
confirmation,2017-02-23,all_gene,-0.0041724335029820385
confirmation,2017-02-24,all_gene,0.004983981511531868
confirmation,2017-02-27,all_gene,-0.0011687672891319677
confirmation,2017-02-28,all_gene,-0.00558151428469173
confirmation,2017-02-01,random,-0.0003349013175980923
confirmation,2017-02-02,random,-0.00244646995733546
confirmation,2017-02-03,random,0.013540209771807766
confirmation,2017-02-06,random,-0.0031449847208160926
confirmation,2017-02-07,random,-0.0014642988205633924
confirmation,2017-02-08,random,-0.0028483413897504545
confirmation,2017-02-09,random,0.009583545335932581
confirmation,2017-02-10,random,0.0032369201203480786
confirmation,2017-02-13,random,0.007708549458941489
confirmation,2017-02-14,random,0.007249611455571974
confirmation,2017-02-15,random,0.0070775562106026825
confirmation,2017-02-16,random,-0.0020627162006158373
confirmation,2017-02-17,random,-0.0004335769320383989
confirmation,2017-02-21,random,0.005327130230017015
confirmation,2017-02-22,random,-0.0013734855591250985
confirmation,2017-02-23,random,-0.000647438707993112
confirmation,2017-02-24,random,-0.00070611860971739
confirmation,2017-02-27,random,0.0037868458368786307
confirmation,2017-02-28,random,-0.004015561724614778
confirmation,2017-02-01,min_variance,-0.003483144503795378
confirmation,2017-02-02,min_variance,0.0029120988086867054
confirmation,2017-02-03,min_variance,0.0033305072533415126
confirmation,2017-02-06,min_variance,-0.003368793008459381
confirmation,2017-02-07,min_variance,0.0014546932066469968
confirmation,2017-02-08,min_variance,0.004848935812616433
confirmation,2017-02-09,min_variance,0.007009081199406692
confirmation,2017-02-10,min_variance,0.003980306353816747
confirmation,2017-02-13,min_variance,0.0017549392524884206
confirmation,2017-02-14,min_variance,0.004155950036608792
confirmation,2017-02-15,min_variance,0.004484459703946012
confirmation,2017-02-16,min_variance,-0.0029111188210455604
confirmation,2017-02-17,min_variance,0.0050292436091369415
confirmation,2017-02-21,min_variance,0.007983472441567142
confirmation,2017-02-22,min_variance,-0.002481951876056385
confirmation,2017-02-23,min_variance,-0.0026850354676250508
confirmation,2017-02-24,min_variance,0.004327131748262883
confirmation,2017-02-27,min_variance,0.0004758106395731281
confirmation,2017-02-28,min_variance,-0.004601248573015258
confirmation,2017-02-01,equal_weight,0.0005199999999999998
confirmation,2017-02-02,equal_weight,0.0006200000000000001
confirmation,2017-02-03,equal_weight,0.00776
confirmation,2017-02-06,equal_weight,-0.0025800000000000003
confirmation,2017-02-07,equal_weight,-6.000000000000016e-05
confirmation,2017-02-08,equal_weight,0.00074
confirmation,2017-02-09,equal_weight,0.006920000000000001
confirmation,2017-02-10,equal_weight,0.0036
confirmation,2017-02-13,equal_weight,0.0048400000000000006
confirmation,2017-02-14,equal_weight,0.00476
confirmation,2017-02-15,equal_weight,0.0061200000000000004
confirmation,2017-02-16,equal_weight,-0.0017200000000000002
confirmation,2017-02-17,equal_weight,0.0024999999999999996
confirmation,2017-02-21,equal_weight,0.005700000000000001
confirmation,2017-02-22,equal_weight,-0.0018200000000000002
confirmation,2017-02-23,equal_weight,-0.0003799999999999999
confirmation,2017-02-24,equal_weight,0.00238
confirmation,2017-02-27,equal_weight,0.00272
confirmation,2017-02-28,equal_weight,-0.0037600000000000003
confirmation,2017-03-01,localized,0.012670248381385158
confirmation,2017-03-02,localized,-0.0069030447815698675
confirmation,2017-03-03,localized,0.0014536069878891072
confirmation,2017-03-06,localized,-0.0023868733711253274
confirmation,2017-03-07,localized,-0.0002252675129335281
confirmation,2017-03-08,localized,0.00032853801471886503
confirmation,2017-03-09,localized,0.0002891791588966863
confirmation,2017-03-10,localized,0.004054363861736533
confirmation,2017-03-13,localized,0.0019583696725310722
confirmation,2017-03-14,localized,-0.002556112251465478
confirmation,2017-03-15,localized,0.007012496524626512
confirmation,2017-03-16,localized,0.0012259526262945776
confirmation,2017-03-17,localized,0.000895206382803909
confirmation,2017-03-20,localized,-6.0655509950567404e-05
confirmation,2017-03-21,localized,-0.014417387705983834
confirmation,2017-03-22,localized,0.004438385997290048
confirmation,2017-03-23,localized,-0.0010205976681152194
confirmation,2017-03-24,localized,0.0006470266939815304
confirmation,2017-03-27,localized,0.0005605511607783275
confirmation,2017-03-28,localized,0.005904313322629522
confirmation,2017-03-29,localized,0.0020366234326190027
confirmation,2017-03-30,localized,0.002780233839678999
confirmation,2017-03-31,localized,-0.0009264164461370702
confirmation,2017-03-01,all_gene,0.008171812288389991
confirmation,2017-03-02,all_gene,-0.0001909498186341833
confirmation,2017-03-03,all_gene,-0.0021834497581195837
confirmation,2017-03-06,all_gene,-0.005941250278391817
confirmation,2017-03-07,all_gene,-0.004307356103925066
confirmation,2017-03-08,all_gene,0.0012542377700611072
confirmation,2017-03-09,all_gene,-0.0010760714783508213
confirmation,2017-03-10,all_gene,0.003011394203524757
confirmation,2017-03-13,all_gene,0.00032605215121449813
confirmation,2017-03-14,all_gene,-0.0008750112731935315
confirmation,2017-03-15,all_gene,0.00711258305001465
confirmation,2017-03-16,all_gene,0.0008191318668341125
confirmation,2017-03-17,all_gene,0.0007158356795516222
confirmation,2017-03-20,all_gene,-0.0027715334276962184
confirmation,2017-03-21,all_gene,-0.008821336088171247
confirmation,2017-03-22,all_gene,0.0017725082279497375
confirmation,2017-03-23,all_gene,-0.0007896663652145053
confirmation,2017-03-24,all_gene,-0.0007209639358883523
confirmation,2017-03-27,all_gene,0.0002780554645542137
confirmation,2017-03-28,all_gene,0.006120372632436478
confirmation,2017-03-29,all_gene,0.0059529223011850945
confirmation,2017-03-30,all_gene,-0.00017582679426240494
confirmation,2017-03-31,all_gene,0.00027856313213225073
confirmation,2017-03-01,random,0.02030075027456448
confirmation,2017-03-02,random,-0.010432606342833968
confirmation,2017-03-03,random,0.0026626199819805804
confirmation,2017-03-06,random,-0.004813452317501168
confirmation,2017-03-07,random,-0.00422471239938786
confirmation,2017-03-08,random,-0.000922165132814909
confirmation,2017-03-09,random,0.0006531467045630134
confirmation,2017-03-10,random,0.0028423406435430605
confirmation,2017-03-13,random,0.0006404836941697208
confirmation,2017-03-14,random,-0.003852489351840683
confirmation,2017-03-15,random,0.005903416494362959
confirmation,2017-03-16,random,0.0006213052824445466
confirmation,2017-03-17,random,-0.004279359208940079
confirmation,2017-03-20,random,-0.0059466159152400215
confirmation,2017-03-21,random,-0.020798702195778285
confirmation,2017-03-22,random,0.0002980788691611596
confirmation,2017-03-23,random,0.0005689574462235048
confirmation,2017-03-24,random,-0.0005093312593604763
confirmation,2017-03-27,random,-0.0020515664787113946
confirmation,2017-03-28,random,0.00974063294792077
confirmation,2017-03-29,random,-0.0013560726964829983
confirmation,2017-03-30,random,0.008267154541029548
confirmation,2017-03-31,random,-0.003647363689469057
confirmation,2017-03-01,min_variance,0.009219448932990515
confirmation,2017-03-02,min_variance,-0.001397435502185619
confirmation,2017-03-03,min_variance,-0.0014106381956925597
confirmation,2017-03-06,min_variance,-0.005165226896322888
confirmation,2017-03-07,min_variance,-0.004750913133037429
confirmation,2017-03-08,min_variance,-0.00014916426726560922
confirmation,2017-03-09,min_variance,-9.41572270258032e-05
confirmation,2017-03-10,min_variance,0.0031337169680743333
confirmation,2017-03-13,min_variance,0.0005336421166763532
confirmation,2017-03-14,min_variance,-0.001978238633638483
confirmation,2017-03-15,min_variance,0.008992814516976439
confirmation,2017-03-16,min_variance,-0.0009666200033761436
confirmation,2017-03-17,min_variance,0.00039151702817842284
confirmation,2017-03-20,min_variance,-0.0021076570575387396
confirmation,2017-03-21,min_variance,-0.009371825549672926
confirmation,2017-03-22,min_variance,0.00145151761134727
confirmation,2017-03-23,min_variance,-0.0008669233768240262
confirmation,2017-03-24,min_variance,-0.0007039615727235996
confirmation,2017-03-27,min_variance,0.0005051267270428381
confirmation,2017-03-28,min_variance,0.005702680882926881
confirmation,2017-03-29,min_variance,0.005030719880554235
confirmation,2017-03-30,min_variance,-7.644653488210452e-05
confirmation,2017-03-31,min_variance,-6.405777414768678e-05
confirmation,2017-03-01,equal_weight,0.013740000000000002
confirmation,2017-03-02,equal_weight,-0.005900000000000001
confirmation,2017-03-03,equal_weight,0.00098
confirmation,2017-03-06,equal_weight,-0.00386
confirmation,2017-03-07,equal_weight,-0.0041400000000000005
confirmation,2017-03-08,equal_weight,-0.00136
confirmation,2017-03-09,equal_weight,0.0011200000000000001
confirmation,2017-03-10,equal_weight,0.00334
confirmation,2017-03-13,equal_weight,0.001
confirmation,2017-03-14,equal_weight,-0.00354
confirmation,2017-03-15,equal_weight,0.00944
confirmation,2017-03-16,equal_weight,-0.0017399999999999996
confirmation,2017-03-17,equal_weight,-0.0011
confirmation,2017-03-20,equal_weight,-0.0021000000000000003
confirmation,2017-03-21,equal_weight,-0.013900000000000003
confirmation,2017-03-22,equal_weight,0.00148
confirmation,2017-03-23,equal_weight,-0.0006200000000000001
confirmation,2017-03-24,equal_weight,-0.00031999999999999997
confirmation,2017-03-27,equal_weight,0.0001200000000000002
confirmation,2017-03-28,equal_weight,0.00634
confirmation,2017-03-29,equal_weight,0.00192
confirmation,2017-03-30,equal_weight,0.0027400000000000002
confirmation,2017-03-31,equal_weight,-0.00148
confirmation,2017-04-03,localized,-0.0018472379581056873
confirmation,2017-04-04,localized,6.87456420358591e-05
confirmation,2017-04-05,localized,-0.00416344375252788
confirmation,2017-04-06,localized,0.0013397426123551905
confirmation,2017-04-07,localized,-0.00046563455399340544
confirmation,2017-04-10,localized,-0.0012614067458632094
confirmation,2017-04-11,localized,-0.0023211876303209046
confirmation,2017-04-12,localized,-0.0034940420130845293
confirmation,2017-04-13,localized,-0.004898081363561418
confirmation,2017-04-17,localized,0.00895978822824141
confirmation,2017-04-18,localized,0.00023806468099390874
confirmation,2017-04-19,localized,-9.595879101010218e-05
confirmation,2017-04-20,localized,0.007527839777931231
confirmation,2017-04-21,localized,-0.001924298437645714
confirmation,2017-04-24,localized,0.011457033543284235
confirmation,2017-04-25,localized,0.006232339942103504
confirmation,2017-04-26,localized,0.0006280385633537066
confirmation,2017-04-27,localized,0.004161925615174272
confirmation,2017-04-28,localized,0.0002968597928061259
confirmation,2017-04-03,all_gene,-0.0033126516295989067
confirmation,2017-04-04,all_gene,0.00010617526653105651
confirmation,2017-04-05,all_gene,-0.002234555474515607
confirmation,2017-04-06,all_gene,0.0026450198131996584
confirmation,2017-04-07,all_gene,0.0001616098510985009
confirmation,2017-04-10,all_gene,0.004746606114252973
confirmation,2017-04-11,all_gene,0.0010915619724920628
confirmation,2017-04-12,all_gene,-0.003077522238552098
confirmation,2017-04-13,all_gene,-0.006897977125097372
confirmation,2017-04-17,all_gene,0.008065705155728253
confirmation,2017-04-18,all_gene,0.0004955222097591682
confirmation,2017-04-19,all_gene,-0.00013465358325970324
confirmation,2017-04-20,all_gene,0.005608370983782624
confirmation,2017-04-21,all_gene,-0.0016635244850032498
confirmation,2017-04-24,all_gene,0.008942629442296577
confirmation,2017-04-25,all_gene,0.0033752229781330665
confirmation,2017-04-26,all_gene,0.0006941259113842067
confirmation,2017-04-27,all_gene,0.0013925428915270142
confirmation,2017-04-28,all_gene,-0.0025264048335574938
confirmation,2017-04-03,random,-0.00312540957247097
confirmation,2017-04-04,random,-0.0006705905516819136
confirmation,2017-04-05,random,-0.005554306443171892
confirmation,2017-04-06,random,0.004573988866979859
confirmation,2017-04-07,random,-0.001806228474639265
confirmation,2017-04-10,random,-4.361390950976689e-05
confirmation,2017-04-11,random,-0.0002490130171184427
confirmation,2017-04-12,random,-0.007637833027246714
confirmation,2017-04-13,random,-0.009383627228569107
confirmation,2017-04-17,random,0.012225392191151457
confirmation,2017-04-18,random,-0.003965984787944493
confirmation,2017-04-19,random,0.0001309633668024198
confirmation,2017-04-20,random,0.012506458668609083
confirmation,2017-04-21,random,-0.004911009921646034
confirmation,2017-04-24,random,0.014855312092306417
confirmation,2017-04-25,random,0.006757522850991335
confirmation,2017-04-26,random,0.0014013406750721666
confirmation,2017-04-27,random,-0.0015388930547237127
confirmation,2017-04-28,random,-0.0067120218389796205
confirmation,2017-04-03,min_variance,-0.003175779875120642
confirmation,2017-04-04,min_variance,0.0005720832811637538
confirmation,2017-04-05,min_variance,-0.0028338188771256777
confirmation,2017-04-06,min_variance,0.002578879264393947
confirmation,2017-04-07,min_variance,0.0002106839778000907
confirmation,2017-04-10,min_variance,0.003552988541366444
confirmation,2017-04-11,min_variance,0.0007392027984744102
confirmation,2017-04-12,min_variance,-0.002799931699938997
confirmation,2017-04-13,min_variance,-0.006665454319390465
confirmation,2017-04-17,min_variance,0.007105383921348735
confirmation,2017-04-18,min_variance,-0.0014697202180318921
confirmation,2017-04-19,min_variance,-0.00044733662748045394
confirmation,2017-04-20,min_variance,0.005601132170867983
confirmation,2017-04-21,min_variance,-0.001943585233032564
confirmation,2017-04-24,min_variance,0.009398882685630544
confirmation,2017-04-25,min_variance,0.004558953083672273
confirmation,2017-04-26,min_variance,0.0004896166857565168
confirmation,2017-04-27,min_variance,0.0009970830708857866
confirmation,2017-04-28,min_variance,-0.002001755045249184
confirmation,2017-04-03,equal_weight,-0.0027600000000000003
confirmation,2017-04-04,equal_weight,0.00058
confirmation,2017-04-05,equal_weight,-0.00426
confirmation,2017-04-06,equal_weight,0.0028200000000000005
confirmation,2017-04-07,equal_weight,-0.0003999999999999999
confirmation,2017-04-10,equal_weight,0.0007799999999999999
confirmation,2017-04-11,equal_weight,-0.00035999999999999997
confirmation,2017-04-12,equal_weight,-0.00396
confirmation,2017-04-13,equal_weight,-0.006880000000000001
confirmation,2017-04-17,equal_weight,0.007960000000000002
confirmation,2017-04-18,equal_weight,-0.0034000000000000002
confirmation,2017-04-19,equal_weight,-0.00054
confirmation,2017-04-20,equal_weight,0.0077
confirmation,2017-04-21,equal_weight,-0.0029
confirmation,2017-04-24,equal_weight,0.011540000000000002
confirmation,2017-04-25,equal_weight,0.00644
confirmation,2017-04-26,equal_weight,0.0005399999999999999
confirmation,2017-04-27,equal_weight,0.0005800000000000003
confirmation,2017-04-28,equal_weight,-0.0023600000000000006
confirmation,2017-05-01,localized,0.006018259836864922
confirmation,2017-05-02,localized,0.000748375867483822
confirmation,2017-05-03,localized,-0.005058311756765377
confirmation,2017-05-04,localized,0.0003298419516859119
confirmation,2017-05-05,localized,0.006696259941633565
confirmation,2017-05-08,localized,0.0022360426931221705
confirmation,2017-05-09,localized,0.0008127490332306196
confirmation,2017-05-10,localized,0.00122076922667337
confirmation,2017-05-11,localized,-0.0016744193070565882
confirmation,2017-05-12,localized,0.0009018810943756338
confirmation,2017-05-15,localized,0.004381987943172974
confirmation,2017-05-16,localized,0.0028828894726814
confirmation,2017-05-17,localized,-0.025710841315558664
confirmation,2017-05-18,localized,0.00630448495947328
confirmation,2017-05-19,localized,0.006263784808991265
confirmation,2017-05-22,localized,0.008389853874220903
confirmation,2017-05-23,localized,0.0008693076610774885
confirmation,2017-05-24,localized,0.004360999635060702
confirmation,2017-05-25,localized,0.006976475364066223
confirmation,2017-05-26,localized,0.0012481068480390677
confirmation,2017-05-30,localized,0.002426980395600788
confirmation,2017-05-31,localized,-0.0014616303525004483
confirmation,2017-05-01,all_gene,-0.0019642494338250735
confirmation,2017-05-02,all_gene,0.00024993945762543204
confirmation,2017-05-03,all_gene,-0.0006674560973095788
confirmation,2017-05-04,all_gene,0.0016468311687192084
confirmation,2017-05-05,all_gene,0.004898019951471882
confirmation,2017-05-08,all_gene,0.0018291149312445276
confirmation,2017-05-09,all_gene,0.001205882587633941
confirmation,2017-05-10,all_gene,0.0014663191066288314
confirmation,2017-05-11,all_gene,-0.0035591660177036835
confirmation,2017-05-12,all_gene,-0.0031473707606631957
confirmation,2017-05-15,all_gene,0.002971099176243871
confirmation,2017-05-16,all_gene,-0.0020461147398442674
confirmation,2017-05-17,all_gene,-0.010896149393884221
confirmation,2017-05-18,all_gene,0.0036079320654434596
confirmation,2017-05-19,all_gene,0.0067928446201726824
confirmation,2017-05-22,all_gene,0.00598537016032193
confirmation,2017-05-23,all_gene,-0.0017140684300236994
confirmation,2017-05-24,all_gene,0.0029050072569032576
confirmation,2017-05-25,all_gene,0.0068089476104528975
confirmation,2017-05-26,all_gene,0.001987476543253736
confirmation,2017-05-30,all_gene,-0.0009668410334589337
confirmation,2017-05-31,all_gene,0.0019110986621088094
confirmation,2017-05-01,random,0.00411632323458194
confirmation,2017-05-02,random,0.0005187729202441895
confirmation,2017-05-03,random,-0.004514719490671441
confirmation,2017-05-04,random,0.0002421854734506428
confirmation,2017-05-05,random,0.006384603811394355
confirmation,2017-05-08,random,0.0015884449113623147
confirmation,2017-05-09,random,0.0005106017220461126
confirmation,2017-05-10,random,0.0014058096794474968
confirmation,2017-05-11,random,-0.0017009097255558528
confirmation,2017-05-12,random,0.0004445693318718667
confirmation,2017-05-15,random,0.004559802241663831
confirmation,2017-05-16,random,0.002054397528074154
confirmation,2017-05-17,random,-0.023555216868882713
confirmation,2017-05-18,random,0.005681648690962614
confirmation,2017-05-19,random,0.006333828232309208
confirmation,2017-05-22,random,0.007594033577404938
confirmation,2017-05-23,random,0.0009072542060607414
confirmation,2017-05-24,random,0.003986915517128146
confirmation,2017-05-25,random,0.006209041183197649
confirmation,2017-05-26,random,0.0010611156105058378
confirmation,2017-05-30,random,0.0015588875595490088
confirmation,2017-05-31,random,-0.0008283032814040737
confirmation,2017-05-01,min_variance,-0.001437299611698179
confirmation,2017-05-02,min_variance,7.589879210295701e-05
confirmation,2017-05-03,min_variance,-0.001255269974100036
confirmation,2017-05-04,min_variance,0.0015539618302075596
confirmation,2017-05-05,min_variance,0.004278005338599556
confirmation,2017-05-08,min_variance,0.00029038611009884276
confirmation,2017-05-09,min_variance,0.000896045026659376
confirmation,2017-05-10,min_variance,0.0014224549641821812
confirmation,2017-05-11,min_variance,-0.0029476535659116445
confirmation,2017-05-12,min_variance,-0.0026032393591693013
confirmation,2017-05-15,min_variance,0.0038515871400783223
confirmation,2017-05-16,min_variance,-0.0020277467782015726
confirmation,2017-05-17,min_variance,-0.011469531864915913
confirmation,2017-05-18,min_variance,0.0035923621926376615
confirmation,2017-05-19,min_variance,0.006165593719504611
confirmation,2017-05-22,min_variance,0.005163451754167729
confirmation,2017-05-23,min_variance,-0.0008930488040902283
confirmation,2017-05-24,min_variance,0.0026732715169518534
confirmation,2017-05-25,min_variance,0.0057162853429472095
confirmation,2017-05-26,min_variance,0.0011885339935010124
confirmation,2017-05-30,min_variance,-0.0014663865874780236
confirmation,2017-05-31,min_variance,0.0023722336675013837
confirmation,2017-05-01,equal_weight,0.00152
confirmation,2017-05-02,equal_weight,0.0003000000000000001
confirmation,2017-05-03,equal_weight,-0.00194
confirmation,2017-05-04,equal_weight,0.0006600000000000002
confirmation,2017-05-05,equal_weight,0.003960000000000001
confirmation,2017-05-08,equal_weight,-0.00124
confirmation,2017-05-09,equal_weight,-0.00033999999999999997
confirmation,2017-05-10,equal_weight,0.0017000000000000001
confirmation,2017-05-11,equal_weight,-0.00218
confirmation,2017-05-12,equal_weight,-0.0017599999999999998
confirmation,2017-05-15,equal_weight,0.0054600000000000004
confirmation,2017-05-16,equal_weight,-0.0007199999999999999
confirmation,2017-05-17,equal_weight,-0.01788
confirmation,2017-05-18,equal_weight,0.0038400000000000005
confirmation,2017-05-19,equal_weight,0.00636
confirmation,2017-05-22,equal_weight,0.004940000000000001
confirmation,2017-05-23,equal_weight,0.0017600000000000003
confirmation,2017-05-24,equal_weight,0.0023000000000000004
confirmation,2017-05-25,equal_weight,0.00396
confirmation,2017-05-26,equal_weight,0.00018000000000000004
confirmation,2017-05-30,equal_weight,-0.00206
confirmation,2017-05-31,equal_weight,0.0007599999999999998
confirmation,2017-06-01,localized,0.006040259199913366
confirmation,2017-06-02,localized,0.006871661949726901
confirmation,2017-06-05,localized,-0.0013800157429065228
confirmation,2017-06-06,localized,-0.0024336921721131994
confirmation,2017-06-07,localized,0.0021256830414843977
confirmation,2017-06-08,localized,0.0016156747302396289
confirmation,2017-06-09,localized,-0.019355754168297046
confirmation,2017-06-12,localized,-0.003925570619059338
confirmation,2017-06-13,localized,0.005779963768908239
confirmation,2017-06-14,localized,-0.0047221860043919536
confirmation,2017-06-15,localized,-0.002793603109479071
confirmation,2017-06-16,localized,-0.001259939369609878
confirmation,2017-06-19,localized,0.013593734395367051
confirmation,2017-06-20,localized,-0.009316066084154691
confirmation,2017-06-21,localized,0.0041768405724315
confirmation,2017-06-22,localized,0.0012556669585363429
confirmation,2017-06-23,localized,0.004928988712450481
confirmation,2017-06-26,localized,-0.0028917252484897673
confirmation,2017-06-27,localized,-0.014227635519657358
confirmation,2017-06-28,localized,0.012524880892891164
confirmation,2017-06-29,localized,-0.015464084513295569
confirmation,2017-06-30,localized,0.0004011043463088043
confirmation,2017-06-01,all_gene,0.010228028260270831
confirmation,2017-06-02,all_gene,0.002711787043646752
confirmation,2017-06-05,all_gene,-0.0009008142704575184
confirmation,2017-06-06,all_gene,-0.0055303302714643735
confirmation,2017-06-07,all_gene,3.052794838198067e-05
confirmation,2017-06-08,all_gene,-0.0026323218558284116
confirmation,2017-06-09,all_gene,0.00026438346103129705
confirmation,2017-06-12,all_gene,-0.0012550366919170902
confirmation,2017-06-13,all_gene,0.005149472619172548
confirmation,2017-06-14,all_gene,0.00111916767420095
confirmation,2017-06-15,all_gene,-0.0045027780193514205
confirmation,2017-06-16,all_gene,-0.0042915147096867275
confirmation,2017-06-19,all_gene,0.005587455863153153
confirmation,2017-06-20,all_gene,-0.007412053898562709
confirmation,2017-06-21,all_gene,-0.003233187335784469
confirmation,2017-06-22,all_gene,-0.0017191839925461254
confirmation,2017-06-23,all_gene,0.0009000173539200111
confirmation,2017-06-26,all_gene,0.0026013416751225083
confirmation,2017-06-27,all_gene,-0.007577250560348517
confirmation,2017-06-28,all_gene,0.0072702113164095404
confirmation,2017-06-29,all_gene,-0.00842054071297728
confirmation,2017-06-30,all_gene,0.003153043565203403
confirmation,2017-06-01,random,0.006660225737920367
confirmation,2017-06-02,random,0.006292673707669077
confirmation,2017-06-05,random,-0.001577736992940121
confirmation,2017-06-06,random,-0.002443174676902455
confirmation,2017-06-07,random,0.0016613502410510648
confirmation,2017-06-08,random,0.0012518820926998517
confirmation,2017-06-09,random,-0.015167129397520237
confirmation,2017-06-12,random,-0.0033137697127574527
confirmation,2017-06-13,random,0.0056447896170716836
confirmation,2017-06-14,random,-0.00405723444952522
confirmation,2017-06-15,random,-0.002781275351258317
confirmation,2017-06-16,random,-0.0008951732627571549
confirmation,2017-06-19,random,0.012392268150529073
confirmation,2017-06-20,random,-0.008420398355344309
confirmation,2017-06-21,random,0.003377426931140045
confirmation,2017-06-22,random,0.0013501310415213225
confirmation,2017-06-23,random,0.004446386402179383
confirmation,2017-06-26,random,-0.002274997380486257
confirmation,2017-06-27,random,-0.013296499830712316
confirmation,2017-06-28,random,0.01160681817107068
confirmation,2017-06-29,random,-0.014204224233071924
confirmation,2017-06-30,random,0.0007436996401177963
confirmation,2017-06-01,min_variance,0.010587542219874325
confirmation,2017-06-02,min_variance,0.0037510287209556346
confirmation,2017-06-05,min_variance,-0.0012033832612247963
confirmation,2017-06-06,min_variance,-0.0058242075903408306
confirmation,2017-06-07,min_variance,0.0006161630450569932
confirmation,2017-06-08,min_variance,-0.002510852607496942
confirmation,2017-06-09,min_variance,0.00011714803850081936
confirmation,2017-06-12,min_variance,-0.0013074799323137213
confirmation,2017-06-13,min_variance,0.004620459838199739
confirmation,2017-06-14,min_variance,0.0022907150638489036
confirmation,2017-06-15,min_variance,-0.004412723472745504
confirmation,2017-06-16,min_variance,-0.0045832174881325575
confirmation,2017-06-19,min_variance,0.006765264589677371
confirmation,2017-06-20,min_variance,-0.005817375206480052
confirmation,2017-06-21,min_variance,-0.00021569387724373586
confirmation,2017-06-22,min_variance,-8.438745319102269e-05
confirmation,2017-06-23,min_variance,0.0005678931325888209
confirmation,2017-06-26,min_variance,0.002325759689718216
confirmation,2017-06-27,min_variance,-0.0083474931341563
confirmation,2017-06-28,min_variance,0.007436157813454986
confirmation,2017-06-29,min_variance,-0.008667743299977725
confirmation,2017-06-30,min_variance,0.002256557811887507
confirmation,2017-06-01,equal_weight,0.0097
confirmation,2017-06-02,equal_weight,0.003960000000000001
confirmation,2017-06-05,equal_weight,-0.00202
confirmation,2017-06-06,equal_weight,-0.00296
confirmation,2017-06-07,equal_weight,0.00132
confirmation,2017-06-08,equal_weight,0.0012600000000000003
confirmation,2017-06-09,equal_weight,0.0009200000000000002
confirmation,2017-06-12,equal_weight,-0.00088
confirmation,2017-06-13,equal_weight,0.00498
confirmation,2017-06-14,equal_weight,-0.0007800000000000001
confirmation,2017-06-15,equal_weight,-0.0028
confirmation,2017-06-16,equal_weight,-0.0001800000000000002
confirmation,2017-06-19,equal_weight,0.00854
confirmation,2017-06-20,equal_weight,-0.00568
confirmation,2017-06-21,equal_weight,0.0006400000000000004
confirmation,2017-06-22,equal_weight,0.0013000000000000002
confirmation,2017-06-23,equal_weight,0.0020800000000000003
confirmation,2017-06-26,equal_weight,0.00044
confirmation,2017-06-27,equal_weight,-0.008660000000000001
confirmation,2017-06-28,equal_weight,0.009340000000000001
confirmation,2017-06-29,equal_weight,-0.00826
confirmation,2017-06-30,equal_weight,0.0013599999999999999
confirmation,2017-07-03,localized,-0.005680295472703679
confirmation,2017-07-05,localized,0.007126052769971802
confirmation,2017-07-06,localized,-0.009303040041762925
confirmation,2017-07-07,localized,0.010671249091303613
confirmation,2017-07-10,localized,0.005001235071527524
confirmation,2017-07-11,localized,0.002402530617794656
confirmation,2017-07-12,localized,0.011071707269941522
confirmation,2017-07-13,localized,0.0011734185838290034
confirmation,2017-07-14,localized,0.007112617439914539
confirmation,2017-07-17,localized,0.00035701094240930706
confirmation,2017-07-18,localized,0.002612007886411849
confirmation,2017-07-19,localized,0.006080182144067716
confirmation,2017-07-20,localized,0.000929024500187961
confirmation,2017-07-21,localized,-0.0008799411136696053
confirmation,2017-07-24,localized,0.0017652752919714548
confirmation,2017-07-25,localized,-0.0002774476106752015
confirmation,2017-07-26,localized,0.0019993782944718284
confirmation,2017-07-27,localized,-0.0013816306579781325
confirmation,2017-07-28,localized,-0.00019195471094761356
confirmation,2017-07-31,localized,-0.002513229007602934
confirmation,2017-07-03,all_gene,0.0026631428875373794
confirmation,2017-07-05,all_gene,-0.004950623376677446
confirmation,2017-07-06,all_gene,-0.008489625334333391
confirmation,2017-07-07,all_gene,0.004246553608630014
confirmation,2017-07-10,all_gene,-0.0016931775465871169
confirmation,2017-07-11,all_gene,1.1192650844832114e-05
confirmation,2017-07-12,all_gene,0.006314244612967471
confirmation,2017-07-13,all_gene,0.001417987553145833
confirmation,2017-07-14,all_gene,0.0052387649821469635
confirmation,2017-07-17,all_gene,0.0015062260843713392
confirmation,2017-07-18,all_gene,-0.0014215423647671805
confirmation,2017-07-19,all_gene,0.006633148608321221
confirmation,2017-07-20,all_gene,-0.0020156131593332743
confirmation,2017-07-21,all_gene,-0.0006761803078465983
confirmation,2017-07-24,all_gene,-0.0024903355562814417
confirmation,2017-07-25,all_gene,0.007405296651554921
confirmation,2017-07-26,all_gene,0.0002510805997771873
confirmation,2017-07-27,all_gene,0.004206070612931866
confirmation,2017-07-28,all_gene,-0.006579518829162542
confirmation,2017-07-31,all_gene,-0.002617525837279539
confirmation,2017-07-03,random,0.005472899006214768
confirmation,2017-07-05,random,0.0011271936629167216
confirmation,2017-07-06,random,-0.00902809921275554
confirmation,2017-07-07,random,0.00700392471864846
confirmation,2017-07-10,random,0.0008253629262412618
confirmation,2017-07-11,random,-0.0011867574101198086
confirmation,2017-07-12,random,0.005855159256172419
confirmation,2017-07-13,random,0.0022640163399613574
confirmation,2017-07-14,random,0.0018246734854492634
confirmation,2017-07-17,random,-0.00026749039488284127
confirmation,2017-07-18,random,0.00014016702088563346
confirmation,2017-07-19,random,0.004821657467706105
confirmation,2017-07-20,random,-0.0007951468141764915
confirmation,2017-07-21,random,-0.0006254094269428235
confirmation,2017-07-24,random,-4.171410541800992e-05
confirmation,2017-07-25,random,0.006347740140019894
confirmation,2017-07-26,random,-0.001797250625739434
confirmation,2017-07-27,random,-0.0033720221431812686
confirmation,2017-07-28,random,-0.0006762242221931901
confirmation,2017-07-31,random,0.001106228506080479
confirmation,2017-07-03,min_variance,0.0013905210916829733
confirmation,2017-07-05,min_variance,-0.0026938310056832905
confirmation,2017-07-06,min_variance,-0.00967759717254442
confirmation,2017-07-07,min_variance,0.004574195585075509
confirmation,2017-07-10,min_variance,-0.0030724875007267934
confirmation,2017-07-11,min_variance,-0.0004256339423995699
confirmation,2017-07-12,min_variance,0.006693134880547759
confirmation,2017-07-13,min_variance,0.0016910815391635295
confirmation,2017-07-14,min_variance,0.005297033477459242
confirmation,2017-07-17,min_variance,0.000825577435853316
confirmation,2017-07-18,min_variance,-0.0007921651928449773
confirmation,2017-07-19,min_variance,0.006342041953355549
confirmation,2017-07-20,min_variance,-0.000623193072469423
confirmation,2017-07-21,min_variance,-0.0005529759691478563
confirmation,2017-07-24,min_variance,-0.0016936318899903324
confirmation,2017-07-25,min_variance,0.005358687300030029
confirmation,2017-07-26,min_variance,-0.0004393686663860607
confirmation,2017-07-27,min_variance,0.0023178942080090163
confirmation,2017-07-28,min_variance,-0.005603179873269567
confirmation,2017-07-31,min_variance,-0.0032431774554049055
confirmation,2017-07-03,equal_weight,0.00256
confirmation,2017-07-05,equal_weight,0.00102
confirmation,2017-07-06,equal_weight,-0.00988
confirmation,2017-07-07,equal_weight,0.006520000000000001
confirmation,2017-07-10,equal_weight,-0.00027999999999999987
confirmation,2017-07-11,equal_weight,-3.999999999999989e-05
confirmation,2017-07-12,equal_weight,0.006999999999999999
confirmation,2017-07-13,equal_weight,0.00166
confirmation,2017-07-14,equal_weight,0.004520000000000001
confirmation,2017-07-17,equal_weight,-0.00019999999999999996
confirmation,2017-07-18,equal_weight,0.0003400000000000001
confirmation,2017-07-19,equal_weight,0.00652
confirmation,2017-07-20,equal_weight,0.0005599999999999998
confirmation,2017-07-21,equal_weight,-0.00074
confirmation,2017-07-24,equal_weight,-0.00048000000000000007
confirmation,2017-07-25,equal_weight,0.0028
confirmation,2017-07-26,equal_weight,-0.00086
confirmation,2017-07-27,equal_weight,-0.00144
confirmation,2017-07-28,equal_weight,-0.0014400000000000003
confirmation,2017-07-31,equal_weight,-0.00142
confirmation,2017-08-01,localized,0.004515512969179762
confirmation,2017-08-02,localized,-0.000473460844373718
confirmation,2017-08-03,localized,-0.0014006890660409924
confirmation,2017-08-04,localized,0.0007373147990116407
confirmation,2017-08-07,localized,0.0036428667651159843
confirmation,2017-08-08,localized,-0.0012403960779773242
confirmation,2017-08-09,localized,-0.0016966696881188235
confirmation,2017-08-10,localized,-0.01786457340129313
confirmation,2017-08-11,localized,0.0063915907675777634
confirmation,2017-08-14,localized,0.01398746432648187
confirmation,2017-08-15,localized,-0.000654126340414057
confirmation,2017-08-16,localized,0.0026132913516520614
confirmation,2017-08-17,localized,-0.018641580719486284
confirmation,2017-08-18,localized,-0.001296876571010726
confirmation,2017-08-21,localized,0.0004964548778211553
confirmation,2017-08-22,localized,0.013591402963779765
confirmation,2017-08-23,localized,-0.00245340071110568
confirmation,2017-08-24,localized,-0.0008013131706029522
confirmation,2017-08-25,localized,0.0004940943305928953
confirmation,2017-08-28,localized,0.0021657154114870583
confirmation,2017-08-29,localized,0.0030459172066008597
confirmation,2017-08-30,localized,0.007778608544912525
confirmation,2017-08-31,localized,0.00629952133236303
confirmation,2017-08-01,all_gene,0.0005568805101429709
confirmation,2017-08-02,all_gene,-0.0008688875144525697
confirmation,2017-08-03,all_gene,-0.003726686573790166
confirmation,2017-08-04,all_gene,0.0027870494534831098
confirmation,2017-08-07,all_gene,0.001651780511900285
confirmation,2017-08-08,all_gene,-0.002245137010069309
confirmation,2017-08-09,all_gene,-0.0015954823690980317
confirmation,2017-08-10,all_gene,-0.010938963744347961
confirmation,2017-08-11,all_gene,0.000613241614012759
confirmation,2017-08-14,all_gene,0.005801597015907433
confirmation,2017-08-15,all_gene,-0.0027291689181014028
confirmation,2017-08-16,all_gene,0.002082717616160036
confirmation,2017-08-17,all_gene,-0.01334134560754862
confirmation,2017-08-18,all_gene,-0.0010752795167482546
confirmation,2017-08-21,all_gene,-0.00035054279462257365
confirmation,2017-08-22,all_gene,0.007820465130869581
confirmation,2017-08-23,all_gene,-0.0022595925293845474
confirmation,2017-08-24,all_gene,-0.003829170933641638
confirmation,2017-08-25,all_gene,0.002681172710264411
confirmation,2017-08-28,all_gene,-0.00041660852382130627
confirmation,2017-08-29,all_gene,0.0009397150128896167
confirmation,2017-08-30,all_gene,0.00333573303457056
confirmation,2017-08-31,all_gene,0.005521857407138157
confirmation,2017-08-01,random,0.003963904092325781
confirmation,2017-08-02,random,-0.00020411625724302076
confirmation,2017-08-03,random,-0.001420544793061479
confirmation,2017-08-04,random,0.0031729726801903225
confirmation,2017-08-07,random,0.0007514554950724807
confirmation,2017-08-08,random,-0.0021089445177729306
confirmation,2017-08-09,random,-0.00149409582918111
confirmation,2017-08-10,random,-0.0167929737771994
confirmation,2017-08-11,random,0.0008863866828463626
confirmation,2017-08-14,random,0.013085524345179025
confirmation,2017-08-15,random,7.56121072081541e-05
confirmation,2017-08-16,random,0.0011019702532775637
confirmation,2017-08-17,random,-0.017265710506910593
confirmation,2017-08-18,random,-0.0012219365946102585
confirmation,2017-08-21,random,0.0005814697597081657
confirmation,2017-08-22,random,0.011544579121207533
confirmation,2017-08-23,random,-0.0034805744046395204
confirmation,2017-08-24,random,-0.0005227999142526916
confirmation,2017-08-25,random,0.0020494429404668618
confirmation,2017-08-28,random,0.0001751996430479077
confirmation,2017-08-29,random,0.0003666384382122888
confirmation,2017-08-30,random,0.005550770629107557
confirmation,2017-08-31,random,0.005250791906094543
confirmation,2017-08-01,min_variance,-4.208022094082557e-05
confirmation,2017-08-02,min_variance,-0.001477526301612164
confirmation,2017-08-03,min_variance,-0.0025353641345831736
confirmation,2017-08-04,min_variance,0.0022254216213974916
confirmation,2017-08-07,min_variance,0.002907950299307074
confirmation,2017-08-08,min_variance,-0.0030752737115975967
confirmation,2017-08-09,min_variance,-0.0013169567903951506
confirmation,2017-08-10,min_variance,-0.012494475964049522
confirmation,2017-08-11,min_variance,0.0027899853196704026
confirmation,2017-08-14,min_variance,0.006643974558372007
confirmation,2017-08-15,min_variance,-0.003156171128376305
confirmation,2017-08-16,min_variance,0.0031407815072223093
confirmation,2017-08-17,min_variance,-0.013410156357164986
confirmation,2017-08-18,min_variance,-0.003065157796356877
confirmation,2017-08-21,min_variance,0.000943816506722145
confirmation,2017-08-22,min_variance,0.008637981783937857
confirmation,2017-08-23,min_variance,-0.0036465838562708837
confirmation,2017-08-24,min_variance,-0.00401431299141423
confirmation,2017-08-25,min_variance,0.0020446597428590754
confirmation,2017-08-28,min_variance,0.0009269978109922657
confirmation,2017-08-29,min_variance,0.001113430964593852
confirmation,2017-08-30,min_variance,0.004645833919397767
confirmation,2017-08-31,min_variance,0.006868489756927008
confirmation,2017-08-01,equal_weight,0.00136
confirmation,2017-08-02,equal_weight,-0.0011200000000000001
confirmation,2017-08-03,equal_weight,-0.00184
confirmation,2017-08-04,equal_weight,0.0025199999999999997
confirmation,2017-08-07,equal_weight,0.00162
confirmation,2017-08-08,equal_weight,-0.00264
confirmation,2017-08-09,equal_weight,-0.0011400000000000002
confirmation,2017-08-10,equal_weight,-0.01444
confirmation,2017-08-11,equal_weight,0.0021800000000000005
confirmation,2017-08-14,equal_weight,0.00946
confirmation,2017-08-15,equal_weight,-0.0013
confirmation,2017-08-16,equal_weight,0.00204
confirmation,2017-08-17,equal_weight,-0.015380000000000001
confirmation,2017-08-18,equal_weight,-0.00176
confirmation,2017-08-21,equal_weight,0.001
confirmation,2017-08-22,equal_weight,0.010560000000000003
confirmation,2017-08-23,equal_weight,-0.00354
confirmation,2017-08-24,equal_weight,-0.0010400000000000001
confirmation,2017-08-25,equal_weight,0.0015800000000000002
confirmation,2017-08-28,equal_weight,0.0015799999999999998
confirmation,2017-08-29,equal_weight,0.00112
confirmation,2017-08-30,equal_weight,0.00536
confirmation,2017-08-31,equal_weight,0.007600000000000001
confirmation,2017-09-01,localized,0.0002546613642674155
confirmation,2017-09-05,localized,-0.00837486136197173
confirmation,2017-09-06,localized,0.0006612505472125163
confirmation,2017-09-07,localized,-0.002025232964781906
confirmation,2017-09-08,localized,-0.006428722462982084
confirmation,2017-09-11,localized,0.010829372033100531
confirmation,2017-09-12,localized,0.0032864986172717425
confirmation,2017-09-13,localized,-0.00017866803000248714
confirmation,2017-09-14,localized,-0.004721730435519578
confirmation,2017-09-15,localized,0.0025099555523585013
confirmation,2017-09-18,localized,0.001089919539826844
confirmation,2017-09-19,localized,0.004371612723583511
confirmation,2017-09-20,localized,-0.002402298967889598
confirmation,2017-09-21,localized,-0.005149456140779483
confirmation,2017-09-22,localized,0.002569263207275979
confirmation,2017-09-25,localized,-0.010055557291142445
confirmation,2017-09-26,localized,0.0017764087388124187
confirmation,2017-09-27,localized,0.010207418974843438
confirmation,2017-09-28,localized,-0.0009590922375919417
confirmation,2017-09-29,localized,0.006767926408444436
confirmation,2017-09-01,all_gene,0.0035073294303418993
confirmation,2017-09-05,all_gene,-0.003044388213962124
confirmation,2017-09-06,all_gene,0.003976856892955108
confirmation,2017-09-07,all_gene,0.0032158715465944797
confirmation,2017-09-08,all_gene,-0.0019528105758674862
confirmation,2017-09-11,all_gene,0.009817824411044666
confirmation,2017-09-12,all_gene,0.0014270023954637107
confirmation,2017-09-13,all_gene,0.0030956411840611943
confirmation,2017-09-14,all_gene,0.0035026802338195906
confirmation,2017-09-15,all_gene,0.0025949511610440013
confirmation,2017-09-18,all_gene,0.002817491203422907
confirmation,2017-09-19,all_gene,0.001329034107074812
confirmation,2017-09-20,all_gene,0.002071162732300698
confirmation,2017-09-21,all_gene,-0.0030324617109325604
confirmation,2017-09-22,all_gene,0.0004825899187844896
confirmation,2017-09-25,all_gene,0.004667687183975548
confirmation,2017-09-26,all_gene,0.00022555140635970407
confirmation,2017-09-27,all_gene,0.0016656183409772545
confirmation,2017-09-28,all_gene,0.0019100456812904476
confirmation,2017-09-29,all_gene,0.0004722537952568659
confirmation,2017-09-01,random,0.002945780806663416
confirmation,2017-09-05,random,-0.012482050554521413
confirmation,2017-09-06,random,0.002027904799430919
confirmation,2017-09-07,random,-0.004871828959078873
confirmation,2017-09-08,random,0.0003169028966870037
confirmation,2017-09-11,random,0.012769710336401592
confirmation,2017-09-12,random,0.006256531231969734
confirmation,2017-09-13,random,0.00013466473561029278
confirmation,2017-09-14,random,-0.0025849415128395836
confirmation,2017-09-15,random,0.002420873034175937
confirmation,2017-09-18,random,0.0043426359227942135
confirmation,2017-09-19,random,0.00336246831426809
confirmation,2017-09-20,random,0.003057993202794998
confirmation,2017-09-21,random,-0.0009158548658343439
confirmation,2017-09-22,random,0.0018681948347842908
confirmation,2017-09-25,random,-0.004955902132092777
confirmation,2017-09-26,random,0.0010048341140420683
confirmation,2017-09-27,random,0.009456737458744906
confirmation,2017-09-28,random,0.0016564900712212455
confirmation,2017-09-29,random,0.004315710992073456
confirmation,2017-09-01,min_variance,0.003729662232700866
confirmation,2017-09-05,min_variance,-0.002300980489960916
confirmation,2017-09-06,min_variance,0.004838958703783107
confirmation,2017-09-07,min_variance,0.004012601137113664
confirmation,2017-09-08,min_variance,-0.0024615199953000465
confirmation,2017-09-11,min_variance,0.008030135038719504
confirmation,2017-09-12,min_variance,0.0029831121737632907
confirmation,2017-09-13,min_variance,0.0030966976829255657
confirmation,2017-09-14,min_variance,-0.00030919977125020847
confirmation,2017-09-15,min_variance,0.0014213149177634272
confirmation,2017-09-18,min_variance,-0.00013963495916190246
confirmation,2017-09-19,min_variance,-0.0025019073701373906
confirmation,2017-09-20,min_variance,0.0004912636688380294
confirmation,2017-09-21,min_variance,-0.004290644026068802
confirmation,2017-09-22,min_variance,0.00022659701786213726
confirmation,2017-09-25,min_variance,0.0024145659991231905
confirmation,2017-09-26,min_variance,0.00039087210035427524
confirmation,2017-09-27,min_variance,0.0018466007784826263
confirmation,2017-09-28,min_variance,0.0017509595425123892
confirmation,2017-09-29,min_variance,0.0014049666919116032
confirmation,2017-09-01,equal_weight,0.00268
confirmation,2017-09-05,equal_weight,-0.00676
confirmation,2017-09-06,equal_weight,0.00338
confirmation,2017-09-07,equal_weight,0.0011200000000000003
confirmation,2017-09-08,equal_weight,-0.0012399999999999998
confirmation,2017-09-11,equal_weight,0.01012
confirmation,2017-09-12,equal_weight,0.00394
confirmation,2017-09-13,equal_weight,0.0009
confirmation,2017-09-14,equal_weight,-0.0004000000000000002
confirmation,2017-09-15,equal_weight,0.0015
confirmation,2017-09-18,equal_weight,0.00214
confirmation,2017-09-19,equal_weight,0.00046
confirmation,2017-09-20,equal_weight,0.00182
confirmation,2017-09-21,equal_weight,-0.0031400000000000004
confirmation,2017-09-22,equal_weight,0.00108
confirmation,2017-09-25,equal_weight,-0.0015400000000000001
confirmation,2017-09-26,equal_weight,0.00010000000000000005
confirmation,2017-09-27,equal_weight,0.005040000000000001
confirmation,2017-09-28,equal_weight,0.0015600000000000002
confirmation,2017-09-29,equal_weight,0.0034800000000000005
confirmation,2017-10-02,localized,0.002737453977015333
confirmation,2017-10-03,localized,0.00420227024633061
confirmation,2017-10-04,localized,0.00037730254894657167
confirmation,2017-10-05,localized,0.0066353686237609075
confirmation,2017-10-06,localized,0.001358618347448307
confirmation,2017-10-09,localized,-4.6622568703193494e-05
confirmation,2017-10-10,localized,9.081013222992077e-05
confirmation,2017-10-11,localized,0.001933505734825382
confirmation,2017-10-12,localized,-0.004098130046583617
confirmation,2017-10-13,localized,0.0032356327940498064
confirmation,2017-10-16,localized,0.003695871720544744
confirmation,2017-10-17,localized,-0.00019672878193202867
confirmation,2017-10-18,localized,0.0018888990784665725
confirmation,2017-10-19,localized,-0.0008294912897082275
confirmation,2017-10-20,localized,0.005952913334950805
confirmation,2017-10-23,localized,-0.0053695550327934076
confirmation,2017-10-24,localized,0.0019077125055105288
confirmation,2017-10-25,localized,-0.004903516316138248
confirmation,2017-10-26,localized,0.002177100998415309
confirmation,2017-10-27,localized,0.02062055799200238
confirmation,2017-10-30,localized,-0.0005142087733177286
confirmation,2017-10-31,localized,0.004052959390736644
confirmation,2017-10-02,all_gene,0.005369727118201387
confirmation,2017-10-03,all_gene,0.0008186326162299932
confirmation,2017-10-04,all_gene,0.0026033667622902103
confirmation,2017-10-05,all_gene,0.0025776242487771297
confirmation,2017-10-06,all_gene,-0.002961103163941682
confirmation,2017-10-09,all_gene,6.8720843838404875e-06
confirmation,2017-10-10,all_gene,0.002699697567245539
confirmation,2017-10-11,all_gene,0.0025402207936128813
confirmation,2017-10-12,all_gene,0.0017655251718597064
confirmation,2017-10-13,all_gene,0.00015622441088946907
confirmation,2017-10-16,all_gene,0.0010078165342838426
confirmation,2017-10-17,all_gene,-3.0869197028568596e-05
confirmation,2017-10-18,all_gene,-0.0016359681314271671
confirmation,2017-10-19,all_gene,0.0006073506609693674
confirmation,2017-10-20,all_gene,0.0042663888083763575
confirmation,2017-10-23,all_gene,-0.003974359271662993
confirmation,2017-10-24,all_gene,0.004601053402241084
confirmation,2017-10-25,all_gene,-0.0054080178539102595
confirmation,2017-10-26,all_gene,0.0028597409937047933
confirmation,2017-10-27,all_gene,0.002464178301389999
confirmation,2017-10-30,all_gene,-0.0032846887508723023
confirmation,2017-10-31,all_gene,0.003054950919146372
confirmation,2017-10-02,random,0.005524171368811856
confirmation,2017-10-03,random,0.0038065178426919394
confirmation,2017-10-04,random,-0.001377682358662227
confirmation,2017-10-05,random,0.006814983238594155
confirmation,2017-10-06,random,0.000397069979095671
confirmation,2017-10-09,random,-0.0027292078381971215
confirmation,2017-10-10,random,0.0018520499199791548
confirmation,2017-10-11,random,0.0008628245367447764
confirmation,2017-10-12,random,-0.0036246176718424217
confirmation,2017-10-13,random,7.3320800499263e-05
confirmation,2017-10-16,random,0.0031998524008646704
confirmation,2017-10-17,random,-0.0012503733585396788
confirmation,2017-10-18,random,0.0031528701521021355
confirmation,2017-10-19,random,0.0006593767159192983
confirmation,2017-10-20,random,0.007998495376932785
confirmation,2017-10-23,random,-0.004754323438055274
confirmation,2017-10-24,random,0.0032347808171978363
confirmation,2017-10-25,random,-0.004979042034022397
confirmation,2017-10-26,random,0.00414724498905412
confirmation,2017-10-27,random,0.007707368387489074
confirmation,2017-10-30,random,-0.004678029388812017
confirmation,2017-10-31,random,0.0012964469371145784
confirmation,2017-10-02,min_variance,0.004303266580454268
confirmation,2017-10-03,min_variance,0.0011046306351893526
confirmation,2017-10-04,min_variance,0.0026510397739941374
confirmation,2017-10-05,min_variance,0.004107218269441324
confirmation,2017-10-06,min_variance,-0.0029499648497898195
confirmation,2017-10-09,min_variance,-0.0030076047917911687
confirmation,2017-10-10,min_variance,0.004523101912453274
confirmation,2017-10-11,min_variance,0.002103467900440654
confirmation,2017-10-12,min_variance,0.0009107536766209134
confirmation,2017-10-13,min_variance,5.351180571284384e-05
confirmation,2017-10-16,min_variance,-0.000498577894178153
confirmation,2017-10-17,min_variance,0.001497643570814558
confirmation,2017-10-18,min_variance,-0.0005270210483012867
confirmation,2017-10-19,min_variance,-0.0005930729541807028
confirmation,2017-10-20,min_variance,0.0035130338440054094
confirmation,2017-10-23,min_variance,-0.0036802984812484424
confirmation,2017-10-24,min_variance,0.0004647592261725939
confirmation,2017-10-25,min_variance,-0.004635539859650607
confirmation,2017-10-26,min_variance,-0.00024733153940721003
confirmation,2017-10-27,min_variance,0.005610889582959622
confirmation,2017-10-30,min_variance,-0.00608053844137698
confirmation,2017-10-31,min_variance,0.0031351648860441957
confirmation,2017-10-02,equal_weight,0.0055000000000000005
confirmation,2017-10-03,equal_weight,0.00198
confirmation,2017-10-04,equal_weight,0.00118
confirmation,2017-10-05,equal_weight,0.004880000000000001
confirmation,2017-10-06,equal_weight,-0.00108
confirmation,2017-10-09,equal_weight,-0.00262
confirmation,2017-10-10,equal_weight,0.00282
confirmation,2017-10-11,equal_weight,0.00168
confirmation,2017-10-12,equal_weight,-0.0012
confirmation,2017-10-13,equal_weight,-1.9999999999999944e-05
confirmation,2017-10-16,equal_weight,0.00108
confirmation,2017-10-17,equal_weight,0.0013400000000000003
confirmation,2017-10-18,equal_weight,0.0010400000000000001
confirmation,2017-10-19,equal_weight,0.0005599999999999998
confirmation,2017-10-20,equal_weight,0.00468
confirmation,2017-10-23,equal_weight,-0.004320000000000001
confirmation,2017-10-24,equal_weight,0.0007599999999999998
confirmation,2017-10-25,equal_weight,-0.004880000000000001
confirmation,2017-10-26,equal_weight,-0.0002999999999999995
confirmation,2017-10-27,equal_weight,0.00702
confirmation,2017-10-30,equal_weight,-0.00536
confirmation,2017-10-31,equal_weight,0.00198
confirmation,2017-11-01,localized,-0.00015074162386092023
confirmation,2017-11-02,localized,-0.001528999869677979
confirmation,2017-11-03,localized,0.005957468627951347
confirmation,2017-11-06,localized,0.002348076203080961
confirmation,2017-11-07,localized,-0.0008962705802494402
confirmation,2017-11-08,localized,0.0033534646305580285
confirmation,2017-11-09,localized,-0.005964970732474289
confirmation,2017-11-10,localized,0.0006514589791119319
confirmation,2017-11-13,localized,-8.0058868505518e-05
confirmation,2017-11-14,localized,-0.0035271383904254463
confirmation,2017-11-15,localized,-0.00528563768430118
confirmation,2017-11-16,localized,0.012092852719726968
confirmation,2017-11-17,localized,-0.0023835083854032795
confirmation,2017-11-20,localized,0.0029445291980191215
confirmation,2017-11-21,localized,0.009872553500229595
confirmation,2017-11-22,localized,-0.0007533207215535841
confirmation,2017-11-24,localized,0.00310312278068834
confirmation,2017-11-27,localized,-0.0006063477526969088
confirmation,2017-11-28,localized,0.005103670978724356
confirmation,2017-11-29,localized,-0.01444435627023778
confirmation,2017-11-30,localized,0.006760210686176562
confirmation,2017-11-01,all_gene,0.0024922079681763726
confirmation,2017-11-02,all_gene,0.0010686365674250806
confirmation,2017-11-03,all_gene,0.0019945960674443656
confirmation,2017-11-06,all_gene,0.004495715747622924
confirmation,2017-11-07,all_gene,0.0016271752897317924
confirmation,2017-11-08,all_gene,-0.0003236278214695556
confirmation,2017-11-09,all_gene,-0.003188588273509516
confirmation,2017-11-10,all_gene,-0.0014572224331612104
confirmation,2017-11-13,all_gene,0.0016944080122389198
confirmation,2017-11-14,all_gene,-0.0030716958021370687
confirmation,2017-11-15,all_gene,-0.008538245151169615
confirmation,2017-11-16,all_gene,0.005770931594602913
confirmation,2017-11-17,all_gene,-0.00017516716151256873
confirmation,2017-11-20,all_gene,0.0013658588000525379
confirmation,2017-11-21,all_gene,0.005309498392955464
confirmation,2017-11-22,all_gene,0.0008144401391513943
confirmation,2017-11-24,all_gene,0.0021359651670764387
confirmation,2017-11-27,all_gene,-0.002037201803652336
confirmation,2017-11-28,all_gene,0.009210328085145365
confirmation,2017-11-29,all_gene,0.0010639935793668954
confirmation,2017-11-30,all_gene,0.011144885165842527
confirmation,2017-11-01,random,0.0007155166931119326
confirmation,2017-11-02,random,0.0031631398143441175
confirmation,2017-11-03,random,0.0019109515940460618
confirmation,2017-11-06,random,0.0012832511397895584
confirmation,2017-11-07,random,-0.005564130527930514
confirmation,2017-11-08,random,-0.0008206634862949265
confirmation,2017-11-09,random,-0.004996178200443308
confirmation,2017-11-10,random,-0.000494651876009171
confirmation,2017-11-13,random,0.000331291344634413
confirmation,2017-11-14,random,-0.0023549659573825457
confirmation,2017-11-15,random,-0.0034199548937553954
confirmation,2017-11-16,random,0.00836404367293104
confirmation,2017-11-17,random,-0.0020264067771602716
confirmation,2017-11-20,random,0.003282698065675188
confirmation,2017-11-21,random,0.007435243851128438
confirmation,2017-11-22,random,-0.0015437675291687407
confirmation,2017-11-24,random,0.0014384968481505056
confirmation,2017-11-27,random,-0.0007200303578459027
confirmation,2017-11-28,random,0.013615454188971055
confirmation,2017-11-29,random,0.002825908648797221
confirmation,2017-11-30,random,0.00798187495045233
confirmation,2017-11-01,min_variance,0.00018248488097225035
confirmation,2017-11-02,min_variance,-0.0016893637487694574
confirmation,2017-11-03,min_variance,0.0036480097260986897
confirmation,2017-11-06,min_variance,-0.0014516679115967647
confirmation,2017-11-07,min_variance,0.0015477543084930485
confirmation,2017-11-08,min_variance,0.0037087858694481025
confirmation,2017-11-09,min_variance,-0.0019054429350872796
confirmation,2017-11-10,min_variance,0.0016053380318829696
confirmation,2017-11-13,min_variance,0.0020090998525481647
confirmation,2017-11-14,min_variance,-0.0002488274777112218
confirmation,2017-11-15,min_variance,-0.007164853215151859
confirmation,2017-11-16,min_variance,0.012597553856329696
confirmation,2017-11-17,min_variance,-0.00026019455932765965
confirmation,2017-11-20,min_variance,0.000807627818021833
confirmation,2017-11-21,min_variance,0.0046717585375238
confirmation,2017-11-22,min_variance,0.0009463897132454045
confirmation,2017-11-24,min_variance,0.0023431052999105203
confirmation,2017-11-27,min_variance,0.00012878703807412436
confirmation,2017-11-28,min_variance,0.009693507720802325
confirmation,2017-11-29,min_variance,0.003216652391135091
confirmation,2017-11-30,min_variance,0.008870311596142435
confirmation,2017-11-01,equal_weight,0.0002999999999999999
confirmation,2017-11-02,equal_weight,0.0005399999999999999
confirmation,2017-11-03,equal_weight,0.00378
confirmation,2017-11-06,equal_weight,1.99999999999997e-05
confirmation,2017-11-07,equal_weight,-0.00118
confirmation,2017-11-08,equal_weight,0.00188
confirmation,2017-11-09,equal_weight,-0.00328
confirmation,2017-11-10,equal_weight,-0.00026000000000000014
confirmation,2017-11-13,equal_weight,0.0009400000000000001
confirmation,2017-11-14,equal_weight,-0.00208
confirmation,2017-11-15,equal_weight,-0.0052200000000000015
confirmation,2017-11-16,equal_weight,0.01038
confirmation,2017-11-17,equal_weight,-0.0013800000000000002
confirmation,2017-11-20,equal_weight,0.00132
confirmation,2017-11-21,equal_weight,0.0065
confirmation,2017-11-22,equal_weight,-0.00026000000000000003
confirmation,2017-11-24,equal_weight,0.0021200000000000004
confirmation,2017-11-27,equal_weight,-0.00035999999999999997
confirmation,2017-11-28,equal_weight,0.01004
confirmation,2017-11-29,equal_weight,0.0011200000000000001
confirmation,2017-11-30,equal_weight,0.008360000000000001
confirmation,2017-12-01,localized,-0.0029689970585653324
confirmation,2017-12-04,localized,-0.011153117834779794
confirmation,2017-12-05,localized,-0.0022403398410966585
confirmation,2017-12-06,localized,0.002238424072082742
confirmation,2017-12-07,localized,0.005206326267482171
confirmation,2017-12-08,localized,0.004718313014160948
confirmation,2017-12-11,localized,0.008238362950885184
confirmation,2017-12-12,localized,0.00020758843233761388
confirmation,2017-12-13,localized,-1.978358817736564e-06
confirmation,2017-12-14,localized,-0.0006167557871842696
confirmation,2017-12-15,localized,0.010380249510121106
confirmation,2017-12-18,localized,0.008480608103140693
confirmation,2017-12-19,localized,-0.004778817733139615
confirmation,2017-12-20,localized,-0.0011602006291952236
confirmation,2017-12-21,localized,0.0006694597492012859
confirmation,2017-12-22,localized,-0.001209903761364166
confirmation,2017-12-26,localized,-0.005267786094788535
confirmation,2017-12-27,localized,0.00023729607582273293
confirmation,2017-12-28,localized,0.0015697652266220238
confirmation,2017-12-29,localized,-0.006197222108436208
confirmation,2017-12-01,all_gene,-0.002184480037391186
confirmation,2017-12-04,all_gene,-0.0005739853787750038
confirmation,2017-12-05,all_gene,-0.005405463149964577
confirmation,2017-12-06,all_gene,-0.003837814390774298
confirmation,2017-12-07,all_gene,0.004837233546427286
confirmation,2017-12-08,all_gene,0.0049999909885796836
confirmation,2017-12-11,all_gene,0.0024167829165306957
confirmation,2017-12-12,all_gene,-0.0038235020766565955
confirmation,2017-12-13,all_gene,0.004044465998961379
confirmation,2017-12-14,all_gene,-0.005432799141631923
confirmation,2017-12-15,all_gene,0.007018053201726607
confirmation,2017-12-18,all_gene,0.004438988792685948
confirmation,2017-12-19,all_gene,-0.002515691177374735
confirmation,2017-12-20,all_gene,0.003471264831044404
confirmation,2017-12-21,all_gene,0.00361455843246085
confirmation,2017-12-22,all_gene,0.0009982074454083787
confirmation,2017-12-26,all_gene,0.002738790668622013
confirmation,2017-12-27,all_gene,0.00029287998889463064
confirmation,2017-12-28,all_gene,0.0026839072629624454
confirmation,2017-12-29,all_gene,-0.004109654950075545
confirmation,2017-12-01,random,-0.003109558574927629
confirmation,2017-12-04,random,-0.009996313650435178
confirmation,2017-12-05,random,-0.002509969368170593
confirmation,2017-12-06,random,0.0014334073048682355
confirmation,2017-12-07,random,0.004868840547132529
confirmation,2017-12-08,random,0.005251898892455802
confirmation,2017-12-11,random,0.007202726135259964
confirmation,2017-12-12,random,0.00026884943768239156
confirmation,2017-12-13,random,0.0007645071494183997
confirmation,2017-12-14,random,-0.0020784058929977913
confirmation,2017-12-15,random,0.010274114551041645
confirmation,2017-12-18,random,0.007348063573126995
confirmation,2017-12-19,random,-0.004095671337737757
confirmation,2017-12-20,random,-0.001029935196766147
confirmation,2017-12-21,random,0.0005901734973256537
confirmation,2017-12-22,random,-0.0010601520271713398
confirmation,2017-12-26,random,-0.003865416209745186
confirmation,2017-12-27,random,0.00042147326840019054
confirmation,2017-12-28,random,0.0015084246513155139
confirmation,2017-12-29,random,-0.006252164656120495
confirmation,2017-12-01,min_variance,-0.0016497950915964972
confirmation,2017-12-04,min_variance,0.0006157747359858833
confirmation,2017-12-05,min_variance,-0.004160177806038094
confirmation,2017-12-06,min_variance,-0.0017176704574813312
confirmation,2017-12-07,min_variance,0.00270145666412848
confirmation,2017-12-08,min_variance,0.005566039087641618
confirmation,2017-12-11,min_variance,0.001945835105412782
confirmation,2017-12-12,min_variance,-0.0016364548952977277
confirmation,2017-12-13,min_variance,0.003923251650375914
confirmation,2017-12-14,min_variance,-0.006140534847827665
confirmation,2017-12-15,min_variance,0.008559122350669471
confirmation,2017-12-18,min_variance,0.004509977624958428
confirmation,2017-12-19,min_variance,-0.0010734708146138614
confirmation,2017-12-20,min_variance,0.0007890287858663482
confirmation,2017-12-21,min_variance,0.0015082144324426003
confirmation,2017-12-22,min_variance,5.829434007187563e-05
confirmation,2017-12-26,min_variance,0.003013363060180365
confirmation,2017-12-27,min_variance,0.0003784983223007114
confirmation,2017-12-28,min_variance,0.001654590849824434
confirmation,2017-12-29,min_variance,-0.005183773833408469
confirmation,2017-12-01,equal_weight,-0.0018000000000000002
confirmation,2017-12-04,equal_weight,-0.0015400000000000001
confirmation,2017-12-05,equal_weight,-0.00412
confirmation,2017-12-06,equal_weight,-0.0011600000000000002
confirmation,2017-12-07,equal_weight,0.00392
confirmation,2017-12-08,equal_weight,0.00568
confirmation,2017-12-11,equal_weight,0.0026
confirmation,2017-12-12,equal_weight,0.00058
confirmation,2017-12-13,equal_weight,0.0012799999999999999
confirmation,2017-12-14,equal_weight,-0.005540000000000001
confirmation,2017-12-15,equal_weight,0.00936
confirmation,2017-12-18,equal_weight,0.0056
confirmation,2017-12-19,equal_weight,-0.00248
confirmation,2017-12-20,equal_weight,7.999999999999999e-05
confirmation,2017-12-21,equal_weight,0.00194
confirmation,2017-12-22,equal_weight,-0.00056
confirmation,2017-12-26,equal_weight,0.0002999999999999999
confirmation,2017-12-27,equal_weight,0.00068
confirmation,2017-12-28,equal_weight,0.00196
confirmation,2017-12-29,equal_weight,-0.00578
confirmation,2018-01-02,localized,0.013676537999848791
confirmation,2018-01-03,localized,0.007340416943453925
confirmation,2018-01-04,localized,0.004598082159872146
confirmation,2018-01-05,localized,0.008515818703259265
confirmation,2018-01-08,localized,0.002787635252032236
confirmation,2018-01-09,localized,-0.0008097783810122282
confirmation,2018-01-10,localized,-0.0020391351703625805
confirmation,2018-01-11,localized,0.0075590466490765675
confirmation,2018-01-12,localized,0.006250023806229173
confirmation,2018-01-16,localized,-0.00613142930387586
confirmation,2018-01-17,localized,0.01234558811292698
confirmation,2018-01-18,localized,0.00024927774170488783
confirmation,2018-01-19,localized,0.003504133460735734
confirmation,2018-01-22,localized,0.008237789592313235
confirmation,2018-01-23,localized,0.004137640702303052
confirmation,2018-01-24,localized,-0.005457861569973587
confirmation,2018-01-25,localized,-0.0007497952017587912
confirmation,2018-01-26,localized,0.015432230555712613
confirmation,2018-01-29,localized,-0.007704625117928812
confirmation,2018-01-30,localized,-0.008445922420770122
confirmation,2018-01-31,localized,0.004355920209764319
confirmation,2018-01-02,all_gene,0.009068001568798686
confirmation,2018-01-03,all_gene,0.006255859299788362
confirmation,2018-01-04,all_gene,0.0014844645191691948
confirmation,2018-01-05,all_gene,0.004886037978505643
confirmation,2018-01-08,all_gene,0.0017801402448026594
confirmation,2018-01-09,all_gene,0.002613193747923103
confirmation,2018-01-10,all_gene,-0.002820693295556077
confirmation,2018-01-11,all_gene,0.008542790051832349
confirmation,2018-01-12,all_gene,0.00555096603168963
confirmation,2018-01-16,all_gene,-0.005057604991188081
confirmation,2018-01-17,all_gene,0.009708089534250461
confirmation,2018-01-18,all_gene,-0.004414564653173599
confirmation,2018-01-19,all_gene,0.005346740167208559
confirmation,2018-01-22,all_gene,0.008218719537315174
confirmation,2018-01-23,all_gene,-0.0013415322004917238
confirmation,2018-01-24,all_gene,-0.0002567943221182253
confirmation,2018-01-25,all_gene,0.005540205197604915
confirmation,2018-01-26,all_gene,0.011587892713650008
confirmation,2018-01-29,all_gene,-0.007201587023558099
confirmation,2018-01-30,all_gene,-0.0124789131524666
confirmation,2018-01-31,all_gene,-0.0060899142531757
confirmation,2018-01-02,random,0.013082199697187222
confirmation,2018-01-03,random,0.007238696385570027
confirmation,2018-01-04,random,0.0038214246273654733
confirmation,2018-01-05,random,0.008033394886230883
confirmation,2018-01-08,random,0.0021349014981168796
confirmation,2018-01-09,random,0.0003829224983628479
confirmation,2018-01-10,random,-0.0019148057996774483
confirmation,2018-01-11,random,0.0074222752720565855
confirmation,2018-01-12,random,0.00628415321501397
confirmation,2018-01-16,random,-0.0054120680103141505
confirmation,2018-01-17,random,0.01169156784323959
confirmation,2018-01-18,random,-0.0002780775288548394
confirmation,2018-01-19,random,0.004067989187835604
confirmation,2018-01-22,random,0.008568204131767041
confirmation,2018-01-23,random,0.0031917229211563224
confirmation,2018-01-24,random,-0.004341905650146985
confirmation,2018-01-25,random,0.0006168213149182367
confirmation,2018-01-26,random,0.015615683631612759
confirmation,2018-01-29,random,-0.006931854741903013
confirmation,2018-01-30,random,-0.009362254634703972
confirmation,2018-01-31,random,0.001439007220195657
confirmation,2018-01-02,min_variance,0.0075088352902025575
confirmation,2018-01-03,min_variance,0.004982709556168136
confirmation,2018-01-04,min_variance,0.002146800023266082
confirmation,2018-01-05,min_variance,0.005941473619617796
confirmation,2018-01-08,min_variance,0.002767496014371258
confirmation,2018-01-09,min_variance,0.0014430554468142208
confirmation,2018-01-10,min_variance,-0.0030539071455059335
confirmation,2018-01-11,min_variance,0.008934134441934026
confirmation,2018-01-12,min_variance,0.00662838539017146
confirmation,2018-01-16,min_variance,-0.004025609302224334
confirmation,2018-01-17,min_variance,0.008482157645337619
confirmation,2018-01-18,min_variance,-0.0031136308980758793
confirmation,2018-01-19,min_variance,0.007229729000231663
confirmation,2018-01-22,min_variance,0.00841243308640276
confirmation,2018-01-23,min_variance,0.001181538495913494
confirmation,2018-01-24,min_variance,0.00017751244718285252
confirmation,2018-01-25,min_variance,0.0031157545130547836
confirmation,2018-01-26,min_variance,0.010710030357291095
confirmation,2018-01-29,min_variance,-0.005377955431373558
confirmation,2018-01-30,min_variance,-0.010527443084174965
confirmation,2018-01-31,min_variance,-0.004669556100760311
confirmation,2018-01-02,equal_weight,0.008839999999999999
confirmation,2018-01-03,equal_weight,0.006000000000000001
confirmation,2018-01-04,equal_weight,0.00332
confirmation,2018-01-05,equal_weight,0.0064199999999999995
confirmation,2018-01-08,equal_weight,0.0014800000000000002
confirmation,2018-01-09,equal_weight,0.0024000000000000002
confirmation,2018-01-10,equal_weight,-0.0009
confirmation,2018-01-11,equal_weight,0.008320000000000001
confirmation,2018-01-12,equal_weight,0.00664
confirmation,2018-01-16,equal_weight,-0.00426
confirmation,2018-01-17,equal_weight,0.00932
confirmation,2018-01-18,equal_weight,-0.00206
confirmation,2018-01-19,equal_weight,0.00606
confirmation,2018-01-22,equal_weight,0.00826
confirmation,2018-01-23,equal_weight,0.00146
confirmation,2018-01-24,equal_weight,-0.0006999999999999998
confirmation,2018-01-25,equal_weight,0.0020800000000000003
confirmation,2018-01-26,equal_weight,0.01216
confirmation,2018-01-29,equal_weight,-0.0056
confirmation,2018-01-30,equal_weight,-0.01114
confirmation,2018-01-31,equal_weight,-0.00312
confirmation,2018-02-01,localized,0.001507744275098179
confirmation,2018-02-02,localized,-0.024796325613491356
confirmation,2018-02-05,localized,-0.03965173964837897
confirmation,2018-02-06,localized,0.020973596736994032
confirmation,2018-02-07,localized,-0.008397145488698712
confirmation,2018-02-08,localized,-0.03925586204141757
confirmation,2018-02-09,localized,0.019824876343834265
confirmation,2018-02-12,localized,0.01532479084378799
confirmation,2018-02-13,localized,0.004012517235122869
confirmation,2018-02-14,localized,0.017398621577449876
confirmation,2018-02-15,localized,0.01771587043760588
confirmation,2018-02-16,localized,-0.0018909857211666602
confirmation,2018-02-20,localized,-0.0002765812914518784
confirmation,2018-02-21,localized,-0.0047661821746170585
confirmation,2018-02-22,localized,-0.0008370619161863209
confirmation,2018-02-23,localized,0.01892569421595307
confirmation,2018-02-26,localized,0.014069241187794351
confirmation,2018-02-27,localized,-0.012446057034329466
confirmation,2018-02-28,localized,-0.006879518319543786
confirmation,2018-02-01,all_gene,0.0017869485285833733
confirmation,2018-02-02,all_gene,-0.017522900081686277
confirmation,2018-02-05,all_gene,-0.042019871219520506
confirmation,2018-02-06,all_gene,0.011142977139769864
confirmation,2018-02-07,all_gene,-0.0020228815804703344
confirmation,2018-02-08,all_gene,-0.03434512590428532
confirmation,2018-02-09,all_gene,0.012503935976565418
confirmation,2018-02-12,all_gene,0.011616264066395708
confirmation,2018-02-13,all_gene,0.0011650552668704432
confirmation,2018-02-14,all_gene,0.012021899834992685
confirmation,2018-02-15,all_gene,0.013784898063345487
confirmation,2018-02-16,all_gene,0.0035652180321407126
confirmation,2018-02-20,all_gene,-0.009610162758754499
confirmation,2018-02-21,all_gene,-0.005293435299423066
confirmation,2018-02-22,all_gene,0.001589311153911059
confirmation,2018-02-23,all_gene,0.01547932438919019
confirmation,2018-02-26,all_gene,0.009934516610390442
confirmation,2018-02-27,all_gene,-0.012013759636117529
confirmation,2018-02-28,all_gene,-0.01538856300813515
confirmation,2018-02-01,random,0.0018588720800796887
confirmation,2018-02-02,random,-0.023059187244991716
confirmation,2018-02-05,random,-0.04048339138959204
confirmation,2018-02-06,random,0.019285280572922482
confirmation,2018-02-07,random,-0.006705261250736029
confirmation,2018-02-08,random,-0.03875024876671298
confirmation,2018-02-09,random,0.01850336220468304
confirmation,2018-02-12,random,0.014419614014417504
confirmation,2018-02-13,random,0.003627012491917533
confirmation,2018-02-14,random,0.016756959215689628
confirmation,2018-02-15,random,0.016651411000015538
confirmation,2018-02-16,random,-0.0007191492807576056
confirmation,2018-02-20,random,-0.002136240008840927
confirmation,2018-02-21,random,-0.004467742981908554
confirmation,2018-02-22,random,-0.0009694064724165395
confirmation,2018-02-23,random,0.01813333681592514
confirmation,2018-02-26,random,0.013502939523757519
confirmation,2018-02-27,random,-0.012178594098334126
confirmation,2018-02-28,random,-0.008484333812060617
confirmation,2018-02-01,min_variance,-0.0033277331391605544
confirmation,2018-02-02,min_variance,-0.01820265805177769
confirmation,2018-02-05,min_variance,-0.03813716837090757
confirmation,2018-02-06,min_variance,0.01358937766800505
confirmation,2018-02-07,min_variance,-0.003047857824318701
confirmation,2018-02-08,min_variance,-0.03243499974884537
confirmation,2018-02-09,min_variance,0.008789272215658048
confirmation,2018-02-12,min_variance,0.01258630718240367
confirmation,2018-02-13,min_variance,0.002447780995441986
confirmation,2018-02-14,min_variance,0.010913980717328553
confirmation,2018-02-15,min_variance,0.011622132132499796
confirmation,2018-02-16,min_variance,0.0008852372660817673
confirmation,2018-02-20,min_variance,-0.010818850409454617
confirmation,2018-02-21,min_variance,-0.005956023634519236
confirmation,2018-02-22,min_variance,0.0038070143782867405
confirmation,2018-02-23,min_variance,0.013709350886116571
confirmation,2018-02-26,min_variance,0.008029813367141895
confirmation,2018-02-27,min_variance,-0.013466837788610138
confirmation,2018-02-28,min_variance,-0.012428877859813869
confirmation,2018-02-01,equal_weight,0.0003600000000000001
confirmation,2018-02-02,equal_weight,-0.019840000000000003
confirmation,2018-02-05,equal_weight,-0.04048
confirmation,2018-02-06,equal_weight,0.015440000000000002
confirmation,2018-02-07,equal_weight,-0.0031599999999999996
confirmation,2018-02-08,equal_weight,-0.03598
confirmation,2018-02-09,equal_weight,0.01302
confirmation,2018-02-12,equal_weight,0.01294
confirmation,2018-02-13,equal_weight,0.0029400000000000003
confirmation,2018-02-14,equal_weight,0.014320000000000003
confirmation,2018-02-15,equal_weight,0.012440000000000001
confirmation,2018-02-16,equal_weight,0.00098
confirmation,2018-02-20,equal_weight,-0.00742
confirmation,2018-02-21,equal_weight,-0.00448
confirmation,2018-02-22,equal_weight,0.0005400000000000003
confirmation,2018-02-23,equal_weight,0.01518
confirmation,2018-02-26,equal_weight,0.01074
confirmation,2018-02-27,equal_weight,-0.0124
confirmation,2018-02-28,equal_weight,-0.01174
confirmation,2018-03-01,localized,-0.013673574441805067
confirmation,2018-03-02,localized,0.009941758572695893
confirmation,2018-03-05,localized,0.010419419851822891
confirmation,2018-03-06,localized,0.004068274100640606
confirmation,2018-03-07,localized,0.0054265782933540655
confirmation,2018-03-08,localized,0.004755069444273651
confirmation,2018-03-09,localized,0.016892755164558015
confirmation,2018-03-12,localized,0.002858381602976602
confirmation,2018-03-13,localized,-0.011266639464568382
confirmation,2018-03-14,localized,-0.0016379367662117655
confirmation,2018-03-15,localized,-0.0009275633854342894
confirmation,2018-03-16,localized,4.0397282958631176e-06
confirmation,2018-03-19,localized,-0.018073053354640004
confirmation,2018-03-20,localized,-0.0012722379347101121
confirmation,2018-03-21,localized,-0.0044688991353225
confirmation,2018-03-22,localized,-0.024474860349063293
confirmation,2018-03-23,localized,-0.023656113014379636
confirmation,2018-03-26,localized,0.033622252512952075
confirmation,2018-03-27,localized,-0.028442586570774676
confirmation,2018-03-28,localized,-0.006783163262095142
confirmation,2018-03-29,localized,0.01859644710989765
confirmation,2018-03-01,all_gene,-0.013218856866903174
confirmation,2018-03-02,all_gene,0.012740217010066213
confirmation,2018-03-05,all_gene,0.009241816098929701
confirmation,2018-03-06,all_gene,-0.0006288490908598288
confirmation,2018-03-07,all_gene,0.0030198936371785678
confirmation,2018-03-08,all_gene,0.008832085162622422
confirmation,2018-03-09,all_gene,0.01469049449877549
confirmation,2018-03-12,all_gene,-0.0019367688241438631
confirmation,2018-03-13,all_gene,-0.0014705869016457406
confirmation,2018-03-14,all_gene,-0.00546566459843845
confirmation,2018-03-15,all_gene,-0.003654513685106225
confirmation,2018-03-16,all_gene,0.0028271851068246835
confirmation,2018-03-19,all_gene,-0.01632234737676013
confirmation,2018-03-20,all_gene,0.002272304689816082
confirmation,2018-03-21,all_gene,8.954115374847752e-05
confirmation,2018-03-22,all_gene,-0.026903914333997598
confirmation,2018-03-23,all_gene,-0.01992845699610622
confirmation,2018-03-26,all_gene,0.020190341421431265
confirmation,2018-03-27,all_gene,-0.01459003187825274
confirmation,2018-03-28,all_gene,0.0019211155619318384
confirmation,2018-03-29,all_gene,0.00905508702051088
confirmation,2018-03-01,random,-0.013562189733437398
confirmation,2018-03-02,random,0.010209955206644795
confirmation,2018-03-05,random,0.010246471782998428
confirmation,2018-03-06,random,0.00340582119548187
confirmation,2018-03-07,random,0.004827932600792306
confirmation,2018-03-08,random,0.005217162691606093
confirmation,2018-03-09,random,0.016841758289314904
confirmation,2018-03-12,random,0.0017210980906431628
confirmation,2018-03-13,random,-0.00948473720251566
confirmation,2018-03-14,random,-0.002612382957096384
confirmation,2018-03-15,random,-0.0012550503323903556
confirmation,2018-03-16,random,0.0005984504444281169
confirmation,2018-03-19,random,-0.017318470289816586
confirmation,2018-03-20,random,-0.0005156560350451071
confirmation,2018-03-21,random,-0.0035676966088171143
confirmation,2018-03-22,random,-0.025331562958532224
confirmation,2018-03-23,random,-0.0231907820062247
confirmation,2018-03-26,random,0.03120028260685826
confirmation,2018-03-27,random,-0.025714554675375548
confirmation,2018-03-28,random,-0.005014621377607274
confirmation,2018-03-29,random,0.016729734578008366
confirmation,2018-03-01,min_variance,-0.009708075789992809
confirmation,2018-03-02,min_variance,0.004529796867961194
confirmation,2018-03-05,min_variance,0.010523094456816172
confirmation,2018-03-06,min_variance,0.0029151896806353483
confirmation,2018-03-07,min_variance,-0.004518489713044056
confirmation,2018-03-08,min_variance,0.004155987510235387
confirmation,2018-03-09,min_variance,0.013487257273218804
confirmation,2018-03-12,min_variance,-0.0006847291125576357
confirmation,2018-03-13,min_variance,-0.0027531138056778245
confirmation,2018-03-14,min_variance,-0.006028891574883557
confirmation,2018-03-15,min_variance,-0.0036031773922650355
confirmation,2018-03-16,min_variance,0.003449185258333579
confirmation,2018-03-19,min_variance,-0.01307905916766467
confirmation,2018-03-20,min_variance,0.003030770503940862
confirmation,2018-03-21,min_variance,0.00013805920623887217
confirmation,2018-03-22,min_variance,-0.019793718146661338
confirmation,2018-03-23,min_variance,-0.016281006862476268
confirmation,2018-03-26,min_variance,0.022255334113194403
confirmation,2018-03-27,min_variance,-0.012626034844409469
confirmation,2018-03-28,min_variance,-0.0023880395033005087
confirmation,2018-03-29,min_variance,0.011512798683889132
confirmation,2018-03-01,equal_weight,-0.0117
confirmation,2018-03-02,equal_weight,0.00754
confirmation,2018-03-05,equal_weight,0.010440000000000001
confirmation,2018-03-06,equal_weight,0.0028000000000000004
confirmation,2018-03-07,equal_weight,0.00030000000000000003
confirmation,2018-03-08,equal_weight,0.004600000000000001
confirmation,2018-03-09,equal_weight,0.016380000000000002
confirmation,2018-03-12,equal_weight,-0.00112
confirmation,2018-03-13,equal_weight,-0.00528
confirmation,2018-03-14,equal_weight,-0.00544
confirmation,2018-03-15,equal_weight,-0.00202
confirmation,2018-03-16,equal_weight,0.0027800000000000004
confirmation,2018-03-19,equal_weight,-0.01386
confirmation,2018-03-20,equal_weight,0.00184
confirmation,2018-03-21,equal_weight,-0.0003399999999999999
confirmation,2018-03-22,equal_weight,-0.02502
confirmation,2018-03-23,equal_weight,-0.020040000000000002
confirmation,2018-03-26,equal_weight,0.02518
confirmation,2018-03-27,equal_weight,-0.01704
confirmation,2018-03-28,equal_weight,-0.0023199999999999996
confirmation,2018-03-29,equal_weight,0.013
confirmation,2018-04-02,localized,-0.022771388096711934
confirmation,2018-04-03,localized,0.009141255173673186
confirmation,2018-04-04,localized,0.014060604699639233
confirmation,2018-04-05,localized,0.004824352067703034
confirmation,2018-04-06,localized,-0.02226404453650712
confirmation,2018-04-09,localized,0.005272154483702912
confirmation,2018-04-10,localized,0.022062057001288847
confirmation,2018-04-11,localized,-0.0048468670859279335
confirmation,2018-04-12,localized,0.010249085885013593
confirmation,2018-04-13,localized,-0.004166107963356114
confirmation,2018-04-16,localized,0.008088452560053057
confirmation,2018-04-17,localized,0.017413337757402846
confirmation,2018-04-18,localized,-0.0007530011274242896
confirmation,2018-04-19,localized,-0.008779399469742525
confirmation,2018-04-20,localized,-0.01260775679673695
confirmation,2018-04-23,localized,-0.0019652935449217413
confirmation,2018-04-24,localized,-0.016524109235902463
confirmation,2018-04-25,localized,-0.000602120033558635
confirmation,2018-04-26,localized,0.012476868731615964
confirmation,2018-04-27,localized,-0.004210694846359789
confirmation,2018-04-30,localized,-0.006862663150077372
confirmation,2018-04-02,all_gene,-0.026495404422000286
confirmation,2018-04-03,all_gene,0.013665365018177795
confirmation,2018-04-04,all_gene,0.014121321787756401
confirmation,2018-04-05,all_gene,0.003161544673670003
confirmation,2018-04-06,all_gene,-0.022080875914548027
confirmation,2018-04-09,all_gene,0.007052121160085398
confirmation,2018-04-10,all_gene,0.016974392495629376
confirmation,2018-04-11,all_gene,-0.0038926859372220013
confirmation,2018-04-12,all_gene,0.005374866163602605
confirmation,2018-04-13,all_gene,-0.0013682943804361291
confirmation,2018-04-16,all_gene,0.006035358532919775
confirmation,2018-04-17,all_gene,0.008345092167944143
confirmation,2018-04-18,all_gene,0.0016507227946998054
confirmation,2018-04-19,all_gene,-0.008013026830390613
confirmation,2018-04-20,all_gene,-0.007696429114152311
confirmation,2018-04-23,all_gene,0.001800470769537681
confirmation,2018-04-24,all_gene,-0.01076973377045303
confirmation,2018-04-25,all_gene,0.0032520444728176227
confirmation,2018-04-26,all_gene,0.012737796710962089
confirmation,2018-04-27,all_gene,0.0034960198900516578
confirmation,2018-04-30,all_gene,-0.011534934909899385
confirmation,2018-04-02,random,-0.023031038841589777
confirmation,2018-04-03,random,0.01042255151977237
confirmation,2018-04-04,random,0.013713366307201744
confirmation,2018-04-05,random,0.005869226541210161
confirmation,2018-04-06,random,-0.022092991168033767
confirmation,2018-04-09,random,0.004133387769409957
confirmation,2018-04-10,random,0.0199124107573197
confirmation,2018-04-11,random,-0.005299268638080736
confirmation,2018-04-12,random,0.009955457416410539
confirmation,2018-04-13,random,-0.004633838740842236
confirmation,2018-04-16,random,0.008116800271006882
confirmation,2018-04-17,random,0.014736725895194886
confirmation,2018-04-18,random,-0.0002144831141373234
confirmation,2018-04-19,random,-0.006722136920805567
confirmation,2018-04-20,random,-0.010703833301130823
confirmation,2018-04-23,random,-0.0013659538152995137
confirmation,2018-04-24,random,-0.014694077287698688
confirmation,2018-04-25,random,-0.00015783627582551346
confirmation,2018-04-26,random,0.01133266460886269
confirmation,2018-04-27,random,-0.001813209063204576
confirmation,2018-04-30,random,-0.007248013583777241
confirmation,2018-04-02,min_variance,-0.025315675994231075
confirmation,2018-04-03,min_variance,0.014601411795042832
confirmation,2018-04-04,min_variance,0.011903269924531876
confirmation,2018-04-05,min_variance,0.010889080125126955
confirmation,2018-04-06,min_variance,-0.018860454669841428
confirmation,2018-04-09,min_variance,-2.7560158957246258e-05
confirmation,2018-04-10,min_variance,0.014912466757807722
confirmation,2018-04-11,min_variance,-0.0021956578161749277
confirmation,2018-04-12,min_variance,0.003012357671727312
confirmation,2018-04-13,min_variance,-0.000562953289069699
confirmation,2018-04-16,min_variance,0.009784766432123955
confirmation,2018-04-17,min_variance,0.009706389994652863
confirmation,2018-04-18,min_variance,0.003348177593372452
confirmation,2018-04-19,min_variance,-0.008770702873515727
confirmation,2018-04-20,min_variance,-0.010118159180263807
confirmation,2018-04-23,min_variance,0.0010847404303125216
confirmation,2018-04-24,min_variance,-0.013268842456642848
confirmation,2018-04-25,min_variance,0.003176592141902276
confirmation,2018-04-26,min_variance,0.011939277340945326
confirmation,2018-04-27,min_variance,0.0035338412691564977
confirmation,2018-04-30,min_variance,-0.006607324979483778
confirmation,2018-04-02,equal_weight,-0.02364
confirmation,2018-04-03,equal_weight,0.01294
confirmation,2018-04-04,equal_weight,0.012260000000000002
confirmation,2018-04-05,equal_weight,0.00672
confirmation,2018-04-06,equal_weight,-0.021700000000000004
confirmation,2018-04-09,equal_weight,0.0037600000000000003
confirmation,2018-04-10,equal_weight,0.017320000000000002
confirmation,2018-04-11,equal_weight,-0.0045000000000000005
confirmation,2018-04-12,equal_weight,0.007520000000000001
confirmation,2018-04-13,equal_weight,-0.0029800000000000004
confirmation,2018-04-16,equal_weight,0.00786
confirmation,2018-04-17,equal_weight,0.01012
confirmation,2018-04-18,equal_weight,0.0015800000000000002
confirmation,2018-04-19,equal_weight,-0.00544
confirmation,2018-04-20,equal_weight,-0.00796
confirmation,2018-04-23,equal_weight,0.00028
confirmation,2018-04-24,equal_weight,-0.01234
confirmation,2018-04-25,equal_weight,0.0017400000000000002
confirmation,2018-04-26,equal_weight,0.010340000000000002
confirmation,2018-04-27,equal_weight,0.0009799999999999995
confirmation,2018-04-30,equal_weight,-0.008660000000000001
confirmation,2018-05-01,localized,0.009740927899834306
confirmation,2018-05-02,localized,-0.0032662060983244907
confirmation,2018-05-03,localized,0.001121173829198636
confirmation,2018-05-04,localized,0.01817375036045817
confirmation,2018-05-07,localized,0.007801030276913463
confirmation,2018-05-08,localized,0.00017825421754396096
confirmation,2018-05-09,localized,0.01114624348290634
confirmation,2018-05-10,localized,0.011675514525971627
confirmation,2018-05-11,localized,-0.0005250579963347831
confirmation,2018-05-14,localized,-0.0009015227975522146
confirmation,2018-05-15,localized,-0.008576778353220653
confirmation,2018-05-16,localized,0.005250304749767184
confirmation,2018-05-17,localized,-0.003945697759025073
confirmation,2018-05-18,localized,-0.001288678546027198
confirmation,2018-05-21,localized,0.007346983378181793
confirmation,2018-05-22,localized,-0.0032830044384167586
confirmation,2018-05-23,localized,0.005793122267637311
confirmation,2018-05-24,localized,-0.0007639978874969512
confirmation,2018-05-25,localized,-0.00034359135258719785
confirmation,2018-05-29,localized,-0.007400336453684481
confirmation,2018-05-30,localized,0.00806563166289839
confirmation,2018-05-31,localized,-0.0023379951686570816
confirmation,2018-05-01,all_gene,-0.0010773928226482342
confirmation,2018-05-02,all_gene,-0.008371809110331254
confirmation,2018-05-03,all_gene,-0.004062354080467666
confirmation,2018-05-04,all_gene,0.010040289111864152
confirmation,2018-05-07,all_gene,0.0009374665301824486
confirmation,2018-05-08,all_gene,-0.0024997848985715684
confirmation,2018-05-09,all_gene,0.008123163914059442
confirmation,2018-05-10,all_gene,0.007087165153727697
confirmation,2018-05-11,all_gene,0.007021487762633924
confirmation,2018-05-14,all_gene,0.0030099263174743567
confirmation,2018-05-15,all_gene,-0.006273992320148873
confirmation,2018-05-16,all_gene,0.005605266974325325
confirmation,2018-05-17,all_gene,0.0018170992658734348
confirmation,2018-05-18,all_gene,-0.00039182408222249285
confirmation,2018-05-21,all_gene,0.004105903354882259
confirmation,2018-05-22,all_gene,-0.005664393026003565
confirmation,2018-05-23,all_gene,0.0047857263580501075
confirmation,2018-05-24,all_gene,-0.0020002945558667586
confirmation,2018-05-25,all_gene,-0.0032921695631296724
confirmation,2018-05-29,all_gene,-0.0062727097544456175
confirmation,2018-05-30,all_gene,0.015243248781260958
confirmation,2018-05-31,all_gene,-0.008344332561095137
confirmation,2018-05-01,random,0.0014126150748366036
confirmation,2018-05-02,random,-0.007633485427984038
confirmation,2018-05-03,random,-0.0036751951444364923
confirmation,2018-05-04,random,0.011919328744251643
confirmation,2018-05-07,random,0.004486122790462441
confirmation,2018-05-08,random,0.0039459809620540475
confirmation,2018-05-09,random,0.00927245108922653
confirmation,2018-05-10,random,0.008068264317592293
confirmation,2018-05-11,random,0.0018438203713586948
confirmation,2018-05-14,random,-0.0004525010602225715
confirmation,2018-05-15,random,-0.0030549678324116557
confirmation,2018-05-16,random,0.004203964169304885
confirmation,2018-05-17,random,0.0005087909298410796
confirmation,2018-05-18,random,-0.0033887423503756267
confirmation,2018-05-21,random,0.008229209249201536
confirmation,2018-05-22,random,-0.0011935687176418365
confirmation,2018-05-23,random,-0.001245221524769454
confirmation,2018-05-24,random,-0.0022775751578689753
confirmation,2018-05-25,random,-0.0017988714589770296
confirmation,2018-05-29,random,-0.018340093328918075
confirmation,2018-05-30,random,0.015085842543447164
confirmation,2018-05-31,random,-0.008710796438221697
confirmation,2018-05-01,min_variance,-0.0033957214096310014
confirmation,2018-05-02,min_variance,-0.00614545026751834
confirmation,2018-05-03,min_variance,-0.003411243031894609
confirmation,2018-05-04,min_variance,0.010701443363433741
confirmation,2018-05-07,min_variance,0.0008845528433912358
confirmation,2018-05-08,min_variance,-0.00042766667800754046
confirmation,2018-05-09,min_variance,0.006487333966041333
confirmation,2018-05-10,min_variance,0.006144503538233847
confirmation,2018-05-11,min_variance,0.0015885308036881255
confirmation,2018-05-14,min_variance,0.0017288710473439902
confirmation,2018-05-15,min_variance,-0.004346869579610233
confirmation,2018-05-16,min_variance,0.005391254532201348
confirmation,2018-05-17,min_variance,0.0034935169439175005
confirmation,2018-05-18,min_variance,-0.0029093050088687725
confirmation,2018-05-21,min_variance,0.00820458773035318
confirmation,2018-05-22,min_variance,-0.007788643939595167
confirmation,2018-05-23,min_variance,0.004502575426999325
confirmation,2018-05-24,min_variance,-0.001169798617732497
confirmation,2018-05-25,min_variance,-0.004308384198086466
confirmation,2018-05-29,min_variance,-0.005100668879608181
confirmation,2018-05-30,min_variance,0.015146039568808136
confirmation,2018-05-31,min_variance,-0.00970408184909926
confirmation,2018-05-01,equal_weight,0.0015600000000000002
confirmation,2018-05-02,equal_weight,-0.00708
confirmation,2018-05-03,equal_weight,-0.00302
confirmation,2018-05-04,equal_weight,0.01218
confirmation,2018-05-07,equal_weight,0.00302
confirmation,2018-05-08,equal_weight,-0.00015999999999999999
confirmation,2018-05-09,equal_weight,0.00862
confirmation,2018-05-10,equal_weight,0.008020000000000001
confirmation,2018-05-11,equal_weight,0.0036600000000000005
confirmation,2018-05-14,equal_weight,0.00124
confirmation,2018-05-15,equal_weight,-0.005720000000000001
confirmation,2018-05-16,equal_weight,0.005260000000000001
confirmation,2018-05-17,equal_weight,0.00048000000000000023
confirmation,2018-05-18,equal_weight,-0.00168
confirmation,2018-05-21,equal_weight,0.0061400000000000005
confirmation,2018-05-22,equal_weight,-0.00432
confirmation,2018-05-23,equal_weight,0.0035400000000000006
confirmation,2018-05-24,equal_weight,-0.00162
confirmation,2018-05-25,equal_weight,-0.0023
confirmation,2018-05-29,equal_weight,-0.00928
confirmation,2018-05-30,equal_weight,0.013720000000000003
confirmation,2018-05-31,equal_weight,-0.007420000000000001
confirmation,2018-06-01,localized,0.01640851955735483
confirmation,2018-06-04,localized,0.006965585998040547
confirmation,2018-06-05,localized,0.004018439409607364
confirmation,2018-06-06,localized,0.007160762404718317
confirmation,2018-06-07,localized,-0.007562280695158512
confirmation,2018-06-08,localized,0.0016716687816982411
confirmation,2018-06-11,localized,0.0015322022110501091
confirmation,2018-06-12,localized,0.005495193219935034
confirmation,2018-06-13,localized,-0.0029995321071090678
confirmation,2018-06-14,localized,0.008025782837908849
confirmation,2018-06-15,localized,-0.0021285784621837213
confirmation,2018-06-18,localized,0.00038077022144156403
confirmation,2018-06-19,localized,-0.006329822399101643
confirmation,2018-06-20,localized,0.002820733599331718
confirmation,2018-06-21,localized,-0.008739312395668197
confirmation,2018-06-22,localized,-0.002098810850993931
confirmation,2018-06-25,localized,-0.01976055368282291
confirmation,2018-06-26,localized,0.0032155285444374557
confirmation,2018-06-27,localized,-0.013283480203954619
confirmation,2018-06-28,localized,0.010625409999807017
confirmation,2018-06-29,localized,0.00027447959929286224
confirmation,2018-06-01,all_gene,0.0074803047652040044
confirmation,2018-06-04,all_gene,0.0016454100412435695
confirmation,2018-06-05,all_gene,3.558112186919393e-05
confirmation,2018-06-06,all_gene,0.00647580215183078
confirmation,2018-06-07,all_gene,0.0016096135181909443
confirmation,2018-06-08,all_gene,0.0040816086049831534
confirmation,2018-06-11,all_gene,7.961650130391445e-05
confirmation,2018-06-12,all_gene,0.0006922459143828205
confirmation,2018-06-13,all_gene,-0.0037703069873027207
confirmation,2018-06-14,all_gene,0.0025271660277143304
confirmation,2018-06-15,all_gene,-0.0014737181828811396
confirmation,2018-06-18,all_gene,-0.002758395547849426
confirmation,2018-06-19,all_gene,-0.001221413152107393
confirmation,2018-06-20,all_gene,0.003639898091798966
confirmation,2018-06-21,all_gene,-0.008692401369481299
confirmation,2018-06-22,all_gene,0.006002304541712165
confirmation,2018-06-25,all_gene,-0.010590680677950281
confirmation,2018-06-26,all_gene,0.003157568143865171
confirmation,2018-06-27,all_gene,-0.0061667728833761145
confirmation,2018-06-28,all_gene,0.003739385949421459
confirmation,2018-06-29,all_gene,0.0038951366299400172
confirmation,2018-06-01,random,0.010566312304345633
confirmation,2018-06-04,random,0.0036262348966378437
confirmation,2018-06-05,random,-0.0004240819286471699
confirmation,2018-06-06,random,0.012806902691772955
confirmation,2018-06-07,random,-0.0006026702423712579
confirmation,2018-06-08,random,0.003659422374514883
confirmation,2018-06-11,random,0.0001018945596221662
confirmation,2018-06-12,random,0.0003146526308271735
confirmation,2018-06-13,random,-0.0030853313547349916
confirmation,2018-06-14,random,-0.0012482010909255028
confirmation,2018-06-15,random,-0.00019993894796315172
confirmation,2018-06-18,random,-0.00044859678949558414
confirmation,2018-06-19,random,-0.004000616913375126
confirmation,2018-06-20,random,0.0010771160387810419
confirmation,2018-06-21,random,-0.004940282410085673
confirmation,2018-06-22,random,-0.0010133058998301947
confirmation,2018-06-25,random,-0.01515202822546263
confirmation,2018-06-26,random,0.0013372954171941825
confirmation,2018-06-27,random,-0.011796003289646077
confirmation,2018-06-28,random,0.005498172940545883
confirmation,2018-06-29,random,-0.00011029402906373664
confirmation,2018-06-01,min_variance,0.005095571216062638
confirmation,2018-06-04,min_variance,0.004574218984412288
confirmation,2018-06-05,min_variance,0.001948237435151476
confirmation,2018-06-06,min_variance,0.00501879561253886
confirmation,2018-06-07,min_variance,0.004741262149260212
confirmation,2018-06-08,min_variance,0.003409396389867368
confirmation,2018-06-11,min_variance,0.0028295098900339927
confirmation,2018-06-12,min_variance,0.0016738069641215982
confirmation,2018-06-13,min_variance,-0.00421050645946857
confirmation,2018-06-14,min_variance,0.0014895620126391096
confirmation,2018-06-15,min_variance,-0.0008876335416504819
confirmation,2018-06-18,min_variance,-0.0008610880544903908
confirmation,2018-06-19,min_variance,-0.0029960656828163876
confirmation,2018-06-20,min_variance,0.002587075674045756
confirmation,2018-06-21,min_variance,-0.007908157065090574
confirmation,2018-06-22,min_variance,0.005854047129295574
confirmation,2018-06-25,min_variance,-0.009949757932712449
confirmation,2018-06-26,min_variance,0.004256395309614658
confirmation,2018-06-27,min_variance,-0.003986586683235013
confirmation,2018-06-28,min_variance,0.001854248094069271
confirmation,2018-06-29,min_variance,0.001304631557121518
confirmation,2018-06-01,equal_weight,0.00986
confirmation,2018-06-04,equal_weight,0.004700000000000001
confirmation,2018-06-05,equal_weight,0.0013
confirmation,2018-06-06,equal_weight,0.00812
confirmation,2018-06-07,equal_weight,-0.0006200000000000002
confirmation,2018-06-08,equal_weight,0.0037800000000000004
confirmation,2018-06-11,equal_weight,0.00106
confirmation,2018-06-12,equal_weight,0.0019799999999999996
confirmation,2018-06-13,equal_weight,-0.0031999999999999997
confirmation,2018-06-14,equal_weight,0.00284
confirmation,2018-06-15,equal_weight,-0.0003400000000000001
confirmation,2018-06-18,equal_weight,-0.0017800000000000003
confirmation,2018-06-19,equal_weight,-0.0024600000000000004
confirmation,2018-06-20,equal_weight,0.00274
confirmation,2018-06-21,equal_weight,-0.0071
confirmation,2018-06-22,equal_weight,0.0018400000000000003
confirmation,2018-06-25,equal_weight,-0.013319999999999999
confirmation,2018-06-26,equal_weight,0.0025
confirmation,2018-06-27,equal_weight,-0.0095
confirmation,2018-06-28,equal_weight,0.00534
confirmation,2018-06-29,equal_weight,0.0012
confirmation,2018-07-02,localized,0.009443052183765179
confirmation,2018-07-03,localized,-0.009217545084647664
confirmation,2018-07-05,localized,0.01238854001084655
confirmation,2018-07-06,localized,0.011907919470956778
confirmation,2018-07-09,localized,0.008033215375500407
confirmation,2018-07-10,localized,0.00147444905712902
confirmation,2018-07-11,localized,-0.0058792707430209675
confirmation,2018-07-12,localized,0.016256217034728702
confirmation,2018-07-13,localized,-0.0004945667021577918
confirmation,2018-07-16,localized,-0.0027765135104664434
confirmation,2018-07-17,localized,0.006093933501198699
confirmation,2018-07-18,localized,-0.0008332790006332004
confirmation,2018-07-19,localized,-0.0014536514261284464
confirmation,2018-07-20,localized,-0.001039718948448592
confirmation,2018-07-23,localized,0.0034515434029740366
confirmation,2018-07-24,localized,0.0016060346681615342
confirmation,2018-07-25,localized,0.011028626861993872
confirmation,2018-07-26,localized,-0.008019240378051122
confirmation,2018-07-27,localized,-0.016245564301723733
confirmation,2018-07-30,localized,-0.014123257047323645
confirmation,2018-07-31,localized,0.004762592783332227
confirmation,2018-07-02,all_gene,-0.0015144001362008758
confirmation,2018-07-03,all_gene,0.0009306464034539135
confirmation,2018-07-05,all_gene,0.007170238514223716
confirmation,2018-07-06,all_gene,0.008348041643946128
confirmation,2018-07-09,all_gene,0.005465465658388456
confirmation,2018-07-10,all_gene,0.005431880590901112
confirmation,2018-07-11,all_gene,-0.010626853729654778
confirmation,2018-07-12,all_gene,0.00617204230138318
confirmation,2018-07-13,all_gene,0.0037559933932712823
confirmation,2018-07-16,all_gene,-0.006072174672330118
confirmation,2018-07-17,all_gene,0.005755298415651855
confirmation,2018-07-18,all_gene,0.00018460880337882771
confirmation,2018-07-19,all_gene,-0.0010893443268416123
confirmation,2018-07-20,all_gene,-0.0022878791842198083
confirmation,2018-07-23,all_gene,-0.0038446351951313225
confirmation,2018-07-24,all_gene,0.006522474472874512
confirmation,2018-07-25,all_gene,0.007925962813124732
confirmation,2018-07-26,all_gene,0.004242594773657546
confirmation,2018-07-27,all_gene,-0.005733621710695557
confirmation,2018-07-30,all_gene,-0.0020557838684745135
confirmation,2018-07-31,all_gene,0.009717175068429377
confirmation,2018-07-02,random,0.007274129448169981
confirmation,2018-07-03,random,-0.007867336072951083
confirmation,2018-07-05,random,0.011895064304127217
confirmation,2018-07-06,random,0.011506204981971527
confirmation,2018-07-09,random,0.007469353790552219
confirmation,2018-07-10,random,0.002099174451784745
confirmation,2018-07-11,random,-0.006038534837820195
confirmation,2018-07-12,random,0.01510324802030423
confirmation,2018-07-13,random,0.0003434627225863389
confirmation,2018-07-16,random,-0.0033199708784153554
confirmation,2018-07-17,random,0.00648114680625256
confirmation,2018-07-18,random,-0.001187883988027912
confirmation,2018-07-19,random,-0.001358414346020356
confirmation,2018-07-20,random,-0.001120578321902084
confirmation,2018-07-23,random,0.002433168118996141
confirmation,2018-07-24,random,0.0019236511353831341
confirmation,2018-07-25,random,0.010700841210148342
confirmation,2018-07-26,random,-0.007267584134865609
confirmation,2018-07-27,random,-0.014901330473781966
confirmation,2018-07-30,random,-0.012613985307562695
confirmation,2018-07-31,random,0.005165603101001004
confirmation,2018-07-02,min_variance,-0.0024307982997062946
confirmation,2018-07-03,min_variance,-0.00040493492758099267
confirmation,2018-07-05,min_variance,0.006768583925127396
confirmation,2018-07-06,min_variance,0.005357351161224528
confirmation,2018-07-09,min_variance,0.006368984326905795
confirmation,2018-07-10,min_variance,0.006027072606032847
confirmation,2018-07-11,min_variance,-0.008750121845902036
confirmation,2018-07-12,min_variance,0.00436599268621111
confirmation,2018-07-13,min_variance,0.005491993686934265
confirmation,2018-07-16,min_variance,-0.004646033119679393
confirmation,2018-07-17,min_variance,0.0058072985487203676
confirmation,2018-07-18,min_variance,-0.00014383507528458784
confirmation,2018-07-19,min_variance,-0.0005245195725525748
confirmation,2018-07-20,min_variance,-0.0016195010268426355
confirmation,2018-07-23,min_variance,-0.004568729584288682
confirmation,2018-07-24,min_variance,0.004169813929707508
confirmation,2018-07-25,min_variance,0.006694695683711085
confirmation,2018-07-26,min_variance,0.0020034590620453957
confirmation,2018-07-27,min_variance,-0.0034779531469340125
confirmation,2018-07-30,min_variance,-0.002680218750321986
confirmation,2018-07-31,min_variance,0.006550638538393184
confirmation,2018-07-02,equal_weight,0.00284
confirmation,2018-07-03,equal_weight,-0.0027800000000000004
confirmation,2018-07-05,equal_weight,0.008620000000000001
confirmation,2018-07-06,equal_weight,0.00938
confirmation,2018-07-09,equal_weight,0.00842
confirmation,2018-07-10,equal_weight,0.0027600000000000003
confirmation,2018-07-11,equal_weight,-0.00716
confirmation,2018-07-12,equal_weight,0.00828
confirmation,2018-07-13,equal_weight,0.0015000000000000005
confirmation,2018-07-16,equal_weight,-0.0026
confirmation,2018-07-17,equal_weight,0.00564
confirmation,2018-07-18,equal_weight,0.00198
confirmation,2018-07-19,equal_weight,-0.0033000000000000004
confirmation,2018-07-20,equal_weight,-0.0011
confirmation,2018-07-23,equal_weight,0.0007800000000000003
confirmation,2018-07-24,equal_weight,0.0029400000000000003
confirmation,2018-07-25,equal_weight,0.00854
confirmation,2018-07-26,equal_weight,-0.0015000000000000002
confirmation,2018-07-27,equal_weight,-0.00762
confirmation,2018-07-30,equal_weight,-0.00556
confirmation,2018-07-31,equal_weight,0.006220000000000002
confirmation,2018-08-01,localized,0.006162400626386805
confirmation,2018-08-02,localized,0.011812914671007731
confirmation,2018-08-03,localized,0.003084348389768783
confirmation,2018-08-06,localized,0.007478755381775937
confirmation,2018-08-07,localized,0.003406624359128405
confirmation,2018-08-08,localized,0.00100672098281975
confirmation,2018-08-09,localized,0.0016601198848035827
confirmation,2018-08-10,localized,-0.00702582372915117
confirmation,2018-08-13,localized,-0.002863234605000947
confirmation,2018-08-14,localized,0.006558241950209953
confirmation,2018-08-15,localized,-0.009266236311811924
confirmation,2018-08-16,localized,0.004395461600114182
confirmation,2018-08-17,localized,0.0020072060959158405
confirmation,2018-08-20,localized,-0.00023884790561888082
confirmation,2018-08-21,localized,0.0038359499756989743
confirmation,2018-08-22,localized,0.0028388898843305656
confirmation,2018-08-23,localized,0.0005595019389190568
confirmation,2018-08-24,localized,0.010803295443636491
confirmation,2018-08-27,localized,0.008551752679335261
confirmation,2018-08-28,localized,0.001439488959508713
confirmation,2018-08-29,localized,0.00769647617843884
confirmation,2018-08-30,localized,-0.0029006579621231993
confirmation,2018-08-31,localized,0.001370797972407326
confirmation,2018-08-01,all_gene,-0.006694532165754384
confirmation,2018-08-02,all_gene,0.003852484173017803
confirmation,2018-08-03,all_gene,0.0029735854082230963
confirmation,2018-08-06,all_gene,0.0030525264151998657
confirmation,2018-08-07,all_gene,0.002297045235358825
confirmation,2018-08-08,all_gene,-0.0027860503311965172
confirmation,2018-08-09,all_gene,-0.0015707757980361716
confirmation,2018-08-10,all_gene,-0.004197135135017041
confirmation,2018-08-13,all_gene,-0.004512246972199615
confirmation,2018-08-14,all_gene,0.005677688592117725
confirmation,2018-08-15,all_gene,-0.0098240314562231
confirmation,2018-08-16,all_gene,0.010997908778701571
confirmation,2018-08-17,all_gene,0.004377570451790733
confirmation,2018-08-20,all_gene,0.0036946759902111498
confirmation,2018-08-21,all_gene,0.0023727693012864015
confirmation,2018-08-22,all_gene,0.00033252101238530926
confirmation,2018-08-23,all_gene,-0.0031555954650109323
confirmation,2018-08-24,all_gene,0.004597465431817393
confirmation,2018-08-27,all_gene,0.005801032343810307
confirmation,2018-08-28,all_gene,-0.001100610182178922
confirmation,2018-08-29,all_gene,0.00604024658399575
confirmation,2018-08-30,all_gene,-0.0037598204078477257
confirmation,2018-08-31,all_gene,-0.00011616285082648631
confirmation,2018-08-01,random,0.0045430806865073906
confirmation,2018-08-02,random,0.011292936185081622
confirmation,2018-08-03,random,0.0032846173929244934
confirmation,2018-08-06,random,0.006937677474386412
confirmation,2018-08-07,random,0.0032475263866643114
confirmation,2018-08-08,random,0.0007012825224064182
confirmation,2018-08-09,random,0.00153683626918066
confirmation,2018-08-10,random,-0.006565542596980572
confirmation,2018-08-13,random,-0.0027848120564277663
confirmation,2018-08-14,random,0.006700143229317317
confirmation,2018-08-15,random,-0.009128771616614788
confirmation,2018-08-16,random,0.005224362863805391
confirmation,2018-08-17,random,0.002342192418907019
confirmation,2018-08-20,random,0.00017547486285896782
confirmation,2018-08-21,random,0.003491054210909295
confirmation,2018-08-22,random,0.002591403727578684
confirmation,2018-08-23,random,0.0002801555998963784
confirmation,2018-08-24,random,0.009717948274571933
confirmation,2018-08-27,random,0.007921151596313417
confirmation,2018-08-28,random,0.0011850022097669726
confirmation,2018-08-29,random,0.007732555343730167
confirmation,2018-08-30,random,-0.0029518291255576515
confirmation,2018-08-31,random,0.0014531271499241922
confirmation,2018-08-01,min_variance,-0.009241736024577394
confirmation,2018-08-02,min_variance,0.006135493555690556
confirmation,2018-08-03,min_variance,0.004328080588534867
confirmation,2018-08-06,min_variance,0.003294624462974214
confirmation,2018-08-07,min_variance,0.003254958273663802
confirmation,2018-08-08,min_variance,-0.0017727539381891069
confirmation,2018-08-09,min_variance,-0.00040250358017191487
confirmation,2018-08-10,min_variance,-0.004390083452672399
confirmation,2018-08-13,min_variance,-0.0045070445904737315
confirmation,2018-08-14,min_variance,0.008402037430129903
confirmation,2018-08-15,min_variance,-0.01092771221185291
confirmation,2018-08-16,min_variance,0.011215292084353394
confirmation,2018-08-17,min_variance,0.0038801669053447952
confirmation,2018-08-20,min_variance,0.0038756258950429796
confirmation,2018-08-21,min_variance,0.002535959705732568
confirmation,2018-08-22,min_variance,-0.0007252086316809931
confirmation,2018-08-23,min_variance,-0.002691752506120341
confirmation,2018-08-24,min_variance,0.0033628373908615042
confirmation,2018-08-27,min_variance,0.005156627327111746
confirmation,2018-08-28,min_variance,-0.0010458762530601705
confirmation,2018-08-29,min_variance,0.006003706483577846
confirmation,2018-08-30,min_variance,-0.005080166905344796
confirmation,2018-08-31,min_variance,0.0009822043354746957
confirmation,2018-08-01,equal_weight,-0.0019199999999999998
confirmation,2018-08-02,equal_weight,0.00626
confirmation,2018-08-03,equal_weight,0.00322
confirmation,2018-08-06,equal_weight,0.004200000000000001
confirmation,2018-08-07,equal_weight,0.0026200000000000004
confirmation,2018-08-08,equal_weight,-0.00068
confirmation,2018-08-09,equal_weight,-0.0005800000000000001
confirmation,2018-08-10,equal_weight,-0.0054
confirmation,2018-08-13,equal_weight,-0.004200000000000001
confirmation,2018-08-14,equal_weight,0.006680000000000001
confirmation,2018-08-15,equal_weight,-0.0085
confirmation,2018-08-16,equal_weight,0.009340000000000001
confirmation,2018-08-17,equal_weight,0.0035200000000000006
confirmation,2018-08-20,equal_weight,0.00282
confirmation,2018-08-21,equal_weight,0.00286
confirmation,2018-08-22,equal_weight,0.00068
confirmation,2018-08-23,equal_weight,-0.00206
confirmation,2018-08-24,equal_weight,0.00542
confirmation,2018-08-27,equal_weight,0.006840000000000001
confirmation,2018-08-28,equal_weight,-0.00020000000000000004
confirmation,2018-08-29,equal_weight,0.00594
confirmation,2018-08-30,equal_weight,-0.0037
confirmation,2018-08-31,equal_weight,0.0008800000000000001
confirmation,2018-09-04,localized,-0.0033144779634779573
confirmation,2018-09-05,localized,-0.01182659732116126
confirmation,2018-09-06,localized,-0.005785621372724613
confirmation,2018-09-07,localized,-0.0015999617220648179
confirmation,2018-09-10,localized,0.003580155255764407
confirmation,2018-09-11,localized,0.006442572125230906
confirmation,2018-09-12,localized,-0.002211336345185104
confirmation,2018-09-13,localized,0.010155883447112287
confirmation,2018-09-14,localized,0.0007522366886741798
confirmation,2018-09-17,localized,-0.01267153782862937
confirmation,2018-09-18,localized,0.005986080578489223
confirmation,2018-09-19,localized,-0.0030157943228452805
confirmation,2018-09-20,localized,0.009892665522374723
confirmation,2018-09-21,localized,-0.0029697049405764528
confirmation,2018-09-24,localized,0.0018268154912805211
confirmation,2018-09-25,localized,0.0014466944583730163
confirmation,2018-09-26,localized,-0.003062083396476883
confirmation,2018-09-27,localized,0.006348707224759614
confirmation,2018-09-28,localized,0.002042052576843821
confirmation,2018-09-04,all_gene,-0.0005375363261030926
confirmation,2018-09-05,all_gene,0.00037325428722165087
confirmation,2018-09-06,all_gene,-0.0037014732879778823
confirmation,2018-09-07,all_gene,-0.0014160394888910264
confirmation,2018-09-10,all_gene,0.003034783168387693
confirmation,2018-09-11,all_gene,0.0030961682873033563
confirmation,2018-09-12,all_gene,0.0037586648869029414
confirmation,2018-09-13,all_gene,0.0018384032336506485
confirmation,2018-09-14,all_gene,-0.0015529519668376947
confirmation,2018-09-17,all_gene,-0.00529082929944086
confirmation,2018-09-18,all_gene,0.005226831150838537
confirmation,2018-09-19,all_gene,-0.0013666496912761907
confirmation,2018-09-20,all_gene,0.007801973701051689
confirmation,2018-09-21,all_gene,-0.000329377137033149
confirmation,2018-09-24,all_gene,-0.003913634451755746
confirmation,2018-09-25,all_gene,0.0003867324492555673
confirmation,2018-09-26,all_gene,-0.000890426609517751
confirmation,2018-09-27,all_gene,0.002569096328859141
confirmation,2018-09-28,all_gene,0.0002185552906325487
confirmation,2018-09-04,random,-0.003020973455567542
confirmation,2018-09-05,random,-0.010153937109623293
confirmation,2018-09-06,random,-0.005570077346109681
confirmation,2018-09-07,random,-0.0015763406767496098
confirmation,2018-09-10,random,0.003581733329056132
confirmation,2018-09-11,random,0.006048367782784795
confirmation,2018-09-12,random,-0.0012920237259807076
confirmation,2018-09-13,random,0.009194791557984345
confirmation,2018-09-14,random,0.00029809207956496125
confirmation,2018-09-17,random,-0.011694127214988343
confirmation,2018-09-18,random,0.005890275650861064
confirmation,2018-09-19,random,-0.0030736276338418304
confirmation,2018-09-20,random,0.009650129379221977
confirmation,2018-09-21,random,-0.0025674123860885056
confirmation,2018-09-24,random,0.0012776773628250964
confirmation,2018-09-25,random,0.0013908684172876829
confirmation,2018-09-26,random,-0.0026298395191140067
confirmation,2018-09-27,random,0.005968525858259163
confirmation,2018-09-28,random,0.001987688954841951
confirmation,2018-09-04,min_variance,0.0007620027991526912
confirmation,2018-09-05,min_variance,0.0014032259172042964
confirmation,2018-09-06,min_variance,-0.0037648821812222306
confirmation,2018-09-07,min_variance,-0.0023060882895688606
confirmation,2018-09-10,min_variance,0.0032924792641039536
confirmation,2018-09-11,min_variance,0.0037386511218684537
confirmation,2018-09-12,min_variance,0.003824245552210904
confirmation,2018-09-13,min_variance,0.00028103877834668826
confirmation,2018-09-14,min_variance,-0.0004514087043322773
confirmation,2018-09-17,min_variance,-0.0035606140448959933
confirmation,2018-09-18,min_variance,0.004861149427047159
confirmation,2018-09-19,min_variance,-0.0006160374670691205
confirmation,2018-09-20,min_variance,0.006522488370070274
confirmation,2018-09-21,min_variance,0.00037886249508295867
confirmation,2018-09-24,min_variance,-0.005719079091563746
confirmation,2018-09-25,min_variance,-2.0495119371313276e-05
confirmation,2018-09-26,min_variance,-0.002459328013659634
confirmation,2018-09-27,min_variance,0.002033396925373619
confirmation,2018-09-28,min_variance,-0.00014627979256650207
confirmation,2018-09-04,equal_weight,-0.00152
confirmation,2018-09-05,equal_weight,-0.00238
confirmation,2018-09-06,equal_weight,-0.004240000000000001
confirmation,2018-09-07,equal_weight,-0.0015
confirmation,2018-09-10,equal_weight,0.00222
confirmation,2018-09-11,equal_weight,0.00322
confirmation,2018-09-12,equal_weight,0.0012000000000000001
confirmation,2018-09-13,equal_weight,0.004540000000000001
confirmation,2018-09-14,equal_weight,0.0006799999999999998
confirmation,2018-09-17,equal_weight,-0.00628
confirmation,2018-09-18,equal_weight,0.00578
confirmation,2018-09-19,equal_weight,-5.9999999999999724e-05
confirmation,2018-09-20,equal_weight,0.00796
confirmation,2018-09-21,equal_weight,-0.0006399999999999999
confirmation,2018-09-24,equal_weight,-0.0025400000000000006
confirmation,2018-09-25,equal_weight,-0.00047999999999999996
confirmation,2018-09-26,equal_weight,-0.00334
confirmation,2018-09-27,equal_weight,0.0026599999999999996
confirmation,2018-09-28,equal_weight,0.00010000000000000005
confirmation,2018-10-01,localized,0.0004563968655599429
confirmation,2018-10-02,localized,-0.000952060678065005
confirmation,2018-10-03,localized,0.003500862451061632
confirmation,2018-10-04,localized,-0.015241105049668528
confirmation,2018-10-05,localized,-0.011384923257644803
confirmation,2018-10-08,localized,-0.008352470013820753
confirmation,2018-10-09,localized,0.0006627195703907524
confirmation,2018-10-10,localized,-0.04233159510822242
confirmation,2018-10-11,localized,-0.011892714528464183
confirmation,2018-10-12,localized,0.024463488149893426
confirmation,2018-10-15,localized,-0.00912057095676098
confirmation,2018-10-16,localized,0.027940258059121308
confirmation,2018-10-17,localized,-0.0024032696380859174
confirmation,2018-10-18,localized,-0.01881486887891131
confirmation,2018-10-19,localized,-0.0029158749863117876
confirmation,2018-10-22,localized,0.004878356513570704
confirmation,2018-10-23,localized,-0.002948708460543957
confirmation,2018-10-24,localized,-0.04485258853901275
confirmation,2018-10-25,localized,0.0275248566041524
confirmation,2018-10-26,localized,-0.018938581710442506
confirmation,2018-10-29,localized,-0.015102935107415096
confirmation,2018-10-30,localized,0.019308766850993704
confirmation,2018-10-31,localized,0.02147123141958683
confirmation,2018-10-01,all_gene,-7.330156773266369e-05
confirmation,2018-10-02,all_gene,-0.005903718409030698
confirmation,2018-10-03,all_gene,-0.0033754457289071897
confirmation,2018-10-04,all_gene,-0.00934428093870646
confirmation,2018-10-05,all_gene,-0.004998319412185894
confirmation,2018-10-08,all_gene,0.0027800360396635746
confirmation,2018-10-09,all_gene,-0.0011226513482137713
confirmation,2018-10-10,all_gene,-0.026920921957376057
confirmation,2018-10-11,all_gene,-0.02114250624249685
confirmation,2018-10-12,all_gene,0.014576057959002079
confirmation,2018-10-15,all_gene,-0.001879327447420834
confirmation,2018-10-16,all_gene,0.020370829296923822
confirmation,2018-10-17,all_gene,-0.001155455425884585
confirmation,2018-10-18,all_gene,-0.013079622884920705
confirmation,2018-10-19,all_gene,-0.002480013053288043
confirmation,2018-10-22,all_gene,-0.0016097742847530202
confirmation,2018-10-23,all_gene,-0.001402515859756928
confirmation,2018-10-24,all_gene,-0.02480456477822714
confirmation,2018-10-25,all_gene,0.018879320894235267
confirmation,2018-10-26,all_gene,-0.021049453713329804
confirmation,2018-10-29,all_gene,-0.0037175617448174272
confirmation,2018-10-30,all_gene,0.015426207555808206
confirmation,2018-10-31,all_gene,0.003831936410978836
confirmation,2018-10-01,random,0.0005236850012412725
confirmation,2018-10-02,random,-0.0013774659090322343
confirmation,2018-10-03,random,0.0025309362535878453
confirmation,2018-10-04,random,-0.014668829507686937
confirmation,2018-10-05,random,-0.010447941436655202
confirmation,2018-10-08,random,-0.007068781960249179
confirmation,2018-10-09,random,0.00040315028636671014
confirmation,2018-10-10,random,-0.04033461004872305
confirmation,2018-10-11,random,-0.013127386754864544
confirmation,2018-10-12,random,0.02319700294878272
confirmation,2018-10-15,random,-0.008217594049041328
confirmation,2018-10-16,random,0.027002081416021666
confirmation,2018-10-17,random,-0.002378521681109255
confirmation,2018-10-18,random,-0.01795268552560125
confirmation,2018-10-19,random,-0.0029729083803841367
confirmation,2018-10-22,random,0.0041422661321795715
confirmation,2018-10-23,random,-0.0030801545721893847
confirmation,2018-10-24,random,-0.04227133225744097
confirmation,2018-10-25,random,0.025982769079456857
confirmation,2018-10-26,random,-0.018925873232100352
confirmation,2018-10-29,random,-0.013889248095179899
confirmation,2018-10-30,random,0.018946647697588182
confirmation,2018-10-31,random,0.018955718040561675
confirmation,2018-10-01,min_variance,0.002423051050658921
confirmation,2018-10-02,min_variance,-0.0027901794401726243
confirmation,2018-10-03,min_variance,-0.002232107610106794
confirmation,2018-10-04,min_variance,-0.007694689713514544
confirmation,2018-10-05,min_variance,-0.004372490861576277
confirmation,2018-10-08,min_variance,0.0030444450519579876
confirmation,2018-10-09,min_variance,-0.0030141225990427106
confirmation,2018-10-10,min_variance,-0.027829419919304557
confirmation,2018-10-11,min_variance,-0.02172874552985034
confirmation,2018-10-12,min_variance,0.010534909915946543
confirmation,2018-10-15,min_variance,-0.000751921821814317
confirmation,2018-10-16,min_variance,0.01725672966926115
confirmation,2018-10-17,min_variance,-0.0038018148785174096
confirmation,2018-10-18,min_variance,-0.012197376262679603
confirmation,2018-10-19,min_variance,-9.255854821813724e-05
confirmation,2018-10-22,min_variance,-0.002493395986709841
confirmation,2018-10-23,min_variance,-0.006246746970314155
confirmation,2018-10-24,min_variance,-0.022048176308104808
confirmation,2018-10-25,min_variance,0.01582535817453471
confirmation,2018-10-26,min_variance,-0.0192843302549369
confirmation,2018-10-29,min_variance,-0.006819439503631919
confirmation,2018-10-30,min_variance,0.017479908068498827
confirmation,2018-10-31,min_variance,0.00489318661094608
confirmation,2018-10-01,equal_weight,0.0016400000000000002
confirmation,2018-10-02,equal_weight,-0.0022
confirmation,2018-10-03,equal_weight,0.0011200000000000001
confirmation,2018-10-04,equal_weight,-0.00908
confirmation,2018-10-05,equal_weight,-0.00532
confirmation,2018-10-08,equal_weight,-0.0009599999999999999
confirmation,2018-10-09,equal_weight,-0.00172
confirmation,2018-10-10,equal_weight,-0.031439999999999996
confirmation,2018-10-11,equal_weight,-0.020680000000000004
confirmation,2018-10-12,equal_weight,0.013340000000000001
confirmation,2018-10-15,equal_weight,-0.00444
confirmation,2018-10-16,equal_weight,0.02248
confirmation,2018-10-17,equal_weight,-0.0002800000000000001
confirmation,2018-10-18,equal_weight,-0.014560000000000002
confirmation,2018-10-19,equal_weight,-0.0029999999999999996
confirmation,2018-10-22,equal_weight,-0.004360000000000001
confirmation,2018-10-23,equal_weight,-0.00628
confirmation,2018-10-24,equal_weight,-0.031760000000000004
confirmation,2018-10-25,equal_weight,0.0175
confirmation,2018-10-26,equal_weight,-0.01564
confirmation,2018-10-29,equal_weight,-0.006180000000000001
confirmation,2018-10-30,equal_weight,0.016300000000000002
confirmation,2018-10-31,equal_weight,0.009420000000000001
confirmation,2018-11-01,localized,0.009198595384921238
confirmation,2018-11-02,localized,-0.012715823742684033
confirmation,2018-11-05,localized,-0.0029012157541155608
confirmation,2018-11-06,localized,0.00638676962915152
confirmation,2018-11-07,localized,0.024498948126889575
confirmation,2018-11-08,localized,-0.0046243635698779
confirmation,2018-11-09,localized,-0.015177813242335456
confirmation,2018-11-12,localized,-0.028179584107556183
confirmation,2018-11-13,localized,4.253041932907643e-05
confirmation,2018-11-14,localized,-0.0068172860456877
confirmation,2018-11-15,localized,0.018407405081727102
confirmation,2018-11-16,localized,-0.0007640900920053925
confirmation,2018-11-19,localized,-0.03368066024771955
confirmation,2018-11-20,localized,-0.017298052191380402
confirmation,2018-11-21,localized,0.009448005949522258
confirmation,2018-11-23,localized,-0.006505032823227409
confirmation,2018-11-26,localized,0.019955352032569432
confirmation,2018-11-27,localized,0.0010141549125232403
confirmation,2018-11-28,localized,0.029005288136263425
confirmation,2018-11-29,localized,-0.0029096948302156844
confirmation,2018-11-30,localized,0.007653100831591
confirmation,2018-11-01,all_gene,0.015771211551003476
confirmation,2018-11-02,all_gene,-0.0005798645180462968
confirmation,2018-11-05,all_gene,0.0037162975580940605
confirmation,2018-11-06,all_gene,0.006224793120616583
confirmation,2018-11-07,all_gene,0.021737650337763575
confirmation,2018-11-08,all_gene,0.0018683426407846667
confirmation,2018-11-09,all_gene,-0.008127347148865562
confirmation,2018-11-12,all_gene,-0.016680808452841495
confirmation,2018-11-13,all_gene,-0.0031795406274020034
confirmation,2018-11-14,all_gene,-0.008595880640832158
confirmation,2018-11-15,all_gene,0.0013293979663506284
confirmation,2018-11-16,all_gene,-0.0017163734934392335
confirmation,2018-11-19,all_gene,-0.015399956586058437
confirmation,2018-11-20,all_gene,-0.020492818620964602
confirmation,2018-11-21,all_gene,0.002659986052554941
confirmation,2018-11-23,all_gene,-0.0012860298891718281
confirmation,2018-11-26,all_gene,0.015119563885885081
confirmation,2018-11-27,all_gene,0.0036028489718069327
confirmation,2018-11-28,all_gene,0.02473249836075706
confirmation,2018-11-29,all_gene,-0.001373789181646989
confirmation,2018-11-30,all_gene,0.007681624066727675
confirmation,2018-11-01,random,0.01330299439604007
confirmation,2018-11-02,random,-0.0026933037130531987
confirmation,2018-11-05,random,0.003326396123917441
confirmation,2018-11-06,random,0.00610726618365426
confirmation,2018-11-07,random,0.021950407207387133
confirmation,2018-11-08,random,0.0008307912503434552
confirmation,2018-11-09,random,-0.00974917545848882
confirmation,2018-11-12,random,-0.018778785475237487
confirmation,2018-11-13,random,-0.0017061756525529898
confirmation,2018-11-14,random,-0.008667452225937067
confirmation,2018-11-15,random,0.005636862770075625
confirmation,2018-11-16,random,-0.0011954673946691643
confirmation,2018-11-19,random,-0.01752265206092321
confirmation,2018-11-20,random,-0.01976539875907176
confirmation,2018-11-21,random,0.003848926852519372
confirmation,2018-11-23,random,-0.0026163646326747853
confirmation,2018-11-26,random,0.01629669590357188
confirmation,2018-11-27,random,0.0030643000778645788
confirmation,2018-11-28,random,0.02539016049220889
confirmation,2018-11-29,random,-0.0022658761075871527
confirmation,2018-11-30,random,0.007613921571863843
confirmation,2018-11-01,min_variance,0.01613331578677292
confirmation,2018-11-02,min_variance,-0.00040695718526580904
confirmation,2018-11-05,min_variance,0.006195656094752505
confirmation,2018-11-06,min_variance,0.006800000000000002
confirmation,2018-11-07,min_variance,0.01854260495577454
confirmation,2018-11-08,min_variance,-0.003076529037923893
confirmation,2018-11-09,min_variance,-0.006233910208409729
confirmation,2018-11-12,min_variance,-0.016146955797891847
confirmation,2018-11-13,min_variance,-0.003944349454743349
confirmation,2018-11-14,min_variance,-0.006111301090513305
confirmation,2018-11-15,min_variance,0.004346962734761662
confirmation,2018-11-16,min_variance,0.0011626146673922764
confirmation,2018-11-19,min_variance,-0.013080866006301577
confirmation,2018-11-20,min_variance,-0.02073217264631073
confirmation,2018-11-21,min_variance,0.004183479286319887
confirmation,2018-11-23,min_variance,-0.005447831515811161
confirmation,2018-11-26,min_variance,0.013918258275779114
confirmation,2018-11-27,min_variance,0.0004199958378781107
confirmation,2018-11-28,min_variance,0.020475646383134767
confirmation,2018-11-29,min_variance,4.348067369384901e-05
confirmation,2018-11-30,min_variance,0.007406957185265809
confirmation,2018-11-01,equal_weight,0.014460000000000002
confirmation,2018-11-02,equal_weight,-0.00446
confirmation,2018-11-05,equal_weight,0.00498
confirmation,2018-11-06,equal_weight,0.00536
confirmation,2018-11-07,equal_weight,0.021340000000000005
confirmation,2018-11-08,equal_weight,-0.0024399999999999995
confirmation,2018-11-09,equal_weight,-0.00916
confirmation,2018-11-12,equal_weight,-0.019280000000000002
confirmation,2018-11-13,equal_weight,-0.0022400000000000002
confirmation,2018-11-14,equal_weight,-0.00774
confirmation,2018-11-15,equal_weight,0.0111
confirmation,2018-11-16,equal_weight,0.0028
confirmation,2018-11-19,equal_weight,-0.016720000000000002
confirmation,2018-11-20,equal_weight,-0.01766
confirmation,2018-11-21,equal_weight,0.00366
confirmation,2018-11-23,equal_weight,-0.004660000000000001
confirmation,2018-11-26,equal_weight,0.015000000000000001
confirmation,2018-11-27,equal_weight,0.0016600000000000002
confirmation,2018-11-28,equal_weight,0.02372
confirmation,2018-11-29,equal_weight,-0.00136
confirmation,2018-11-30,equal_weight,0.008740000000000001
confirmation,2018-12-03,localized,0.011593189313596302
confirmation,2018-12-04,localized,-0.03227928951690678
confirmation,2018-12-06,localized,0.0012205843587733817
confirmation,2018-12-07,localized,-0.025146380691675532
confirmation,2018-12-10,localized,0.0008438290494189698
confirmation,2018-12-11,localized,0.001238533844228014
confirmation,2018-12-12,localized,0.005993974719956803
confirmation,2018-12-13,localized,-0.0025656807748096638
confirmation,2018-12-14,localized,-0.021384122568471817
confirmation,2018-12-17,localized,-0.0235294140549774
confirmation,2018-12-18,localized,0.0002798312758425501
confirmation,2018-12-19,localized,-0.016330513487081946
confirmation,2018-12-20,localized,-0.020674071324618012
confirmation,2018-12-21,localized,-0.022934625865895047
confirmation,2018-12-24,localized,-0.021290160614040755
confirmation,2018-12-26,localized,0.05013222238150126
confirmation,2018-12-27,localized,0.003959289065776528
confirmation,2018-12-28,localized,0.0026888282756573683
confirmation,2018-12-31,localized,0.007840005335680675
confirmation,2018-12-03,all_gene,0.010590927855099007
confirmation,2018-12-04,all_gene,-0.030377467357550734
confirmation,2018-12-06,all_gene,0.0009249166005389559
confirmation,2018-12-07,all_gene,-0.024615258532682198
confirmation,2018-12-10,all_gene,0.0016789049052214145
confirmation,2018-12-11,all_gene,0.001777074863256318
confirmation,2018-12-12,all_gene,0.006196217908412908
confirmation,2018-12-13,all_gene,-0.0024201683306914407
confirmation,2018-12-14,all_gene,-0.024203153766497516
confirmation,2018-12-17,all_gene,-0.02347671966891305
confirmation,2018-12-18,all_gene,-0.0016946612096616367
confirmation,2018-12-19,all_gene,-0.015868066569925395
confirmation,2018-12-20,all_gene,-0.018369328626230707
confirmation,2018-12-21,all_gene,-0.02060725782479631
confirmation,2018-12-24,all_gene,-0.02221031671018077
confirmation,2018-12-26,all_gene,0.0492779361214608
confirmation,2018-12-27,all_gene,0.005130433381104806
confirmation,2018-12-28,all_gene,0.0026620015266891174
confirmation,2018-12-31,all_gene,0.009608470958419364
confirmation,2018-12-03,random,0.004307962919687566
confirmation,2018-12-04,random,-0.027570327763200994
confirmation,2018-12-06,random,0.0006121956586839633
confirmation,2018-12-07,random,-0.024659533752474296
confirmation,2018-12-10,random,0.0051159862674019126
confirmation,2018-12-11,random,0.002408360828220588
confirmation,2018-12-12,random,0.00759650779942844
confirmation,2018-12-13,random,-0.00266180037689589
confirmation,2018-12-14,random,-0.0312872793426973
confirmation,2018-12-17,random,-0.02183606923619677
confirmation,2018-12-18,random,-0.005892156199693514
confirmation,2018-12-19,random,-0.014932528313560898
confirmation,2018-12-20,random,-0.010682623966678767
confirmation,2018-12-21,random,-0.016237720755285647
confirmation,2018-12-24,random,-0.024098271636670998
confirmation,2018-12-26,random,0.04839080108954782
confirmation,2018-12-27,random,0.009096026585420424
confirmation,2018-12-28,random,0.002049755358882159
confirmation,2018-12-31,random,0.014758990308238837
confirmation,2018-12-03,min_variance,0.01388597561732433
confirmation,2018-12-04,min_variance,-0.02995271787291582
confirmation,2018-12-06,min_variance,-0.0038933107666113288
confirmation,2018-12-07,min_variance,-0.019030119399129037
confirmation,2018-12-10,min_variance,-0.001535567044214004
confirmation,2018-12-11,min_variance,0.0005292877071754526
confirmation,2018-12-12,min_variance,0.00507196578038159
confirmation,2018-12-13,min_variance,-0.0004615041850684509
confirmation,2018-12-14,min_variance,-0.017528865911571996
confirmation,2018-12-17,min_variance,-0.024045606843923685
confirmation,2018-12-18,min_variance,-0.0022811738881376876
confirmation,2018-12-19,min_variance,-0.014795395946121954
confirmation,2018-12-20,min_variance,-0.018576148038656176
confirmation,2018-12-21,min_variance,-0.016824261857693944
confirmation,2018-12-24,min_variance,-0.029011305186520064
confirmation,2018-12-26,min_variance,0.047858575414350915
confirmation,2018-12-27,min_variance,0.007434313556656965
confirmation,2018-12-28,min_variance,-0.0004945642541683704
confirmation,2018-12-31,min_variance,0.007800000000000003
confirmation,2018-12-03,equal_weight,0.010780000000000001
confirmation,2018-12-04,equal_weight,-0.032880000000000006
confirmation,2018-12-06,equal_weight,-0.0016599999999999996
confirmation,2018-12-07,equal_weight,-0.02298
confirmation,2018-12-10,equal_weight,0.00112
confirmation,2018-12-11,equal_weight,-0.00013999999999999993
confirmation,2018-12-12,equal_weight,0.006720000000000001
confirmation,2018-12-13,equal_weight,-0.00222
confirmation,2018-12-14,equal_weight,-0.02038
confirmation,2018-12-17,equal_weight,-0.021480000000000003
confirmation,2018-12-18,equal_weight,-0.0014399999999999994
confirmation,2018-12-19,equal_weight,-0.015460000000000002
confirmation,2018-12-20,equal_weight,-0.01548
confirmation,2018-12-21,equal_weight,-0.01992
confirmation,2018-12-24,equal_weight,-0.025700000000000004
confirmation,2018-12-26,equal_weight,0.0499
confirmation,2018-12-27,equal_weight,0.008040000000000002
confirmation,2018-12-28,equal_weight,5.9999999999999934e-05
confirmation,2018-12-31,equal_weight,0.009760000000000001
confirmation,2019-01-02,localized,0.0019397582596187859
confirmation,2019-01-03,localized,-0.03578840502316146
confirmation,2019-01-04,localized,0.040746541135883795
confirmation,2019-01-07,localized,0.009264696108811572
confirmation,2019-01-08,localized,0.011529962434004221
confirmation,2019-01-09,localized,0.007223610744928504
confirmation,2019-01-10,localized,0.003976977331177922
confirmation,2019-01-11,localized,-0.000995293936169142
confirmation,2019-01-14,localized,-0.0075339570877370554
confirmation,2019-01-15,localized,0.014222283254341639
confirmation,2019-01-16,localized,-0.0003219251207605582
confirmation,2019-01-17,localized,0.007038673258093486
confirmation,2019-01-18,localized,0.013745643744006506
confirmation,2019-01-22,localized,-0.017960582349486765
confirmation,2019-01-23,localized,0.0047392620369858625
confirmation,2019-01-24,localized,0.005329899957042738
confirmation,2019-01-25,localized,0.012410251206390008
confirmation,2019-01-28,localized,-0.011063591344188302
confirmation,2019-01-29,localized,-0.008305880999757731
confirmation,2019-01-30,localized,0.021856847206617753
confirmation,2019-01-31,localized,0.01350324907106692
confirmation,2019-01-02,all_gene,-0.0025911769487711516
confirmation,2019-01-03,all_gene,-0.017942749483816384
confirmation,2019-01-04,all_gene,0.03205709430886632
confirmation,2019-01-07,all_gene,0.01304132260434307
confirmation,2019-01-08,all_gene,0.010692524512415674
confirmation,2019-01-09,all_gene,0.0020462279490281944
confirmation,2019-01-10,all_gene,0.002388625860508611
confirmation,2019-01-11,all_gene,0.0006333003009423212
confirmation,2019-01-14,all_gene,-0.009786087259630394
confirmation,2019-01-15,all_gene,0.013649632449291838
confirmation,2019-01-16,all_gene,-0.002535838215230025
confirmation,2019-01-17,all_gene,0.00949977515642832
confirmation,2019-01-18,all_gene,0.01051087250777851
confirmation,2019-01-22,all_gene,-0.012537119482419012
confirmation,2019-01-23,all_gene,-2.1893910509885843e-05
confirmation,2019-01-24,all_gene,-0.0041106978428408535
confirmation,2019-01-25,all_gene,0.0044476866636983334
confirmation,2019-01-28,all_gene,-0.009125439819728945
confirmation,2019-01-29,all_gene,0.0014976163853034183
confirmation,2019-01-30,all_gene,0.013634139182787644
confirmation,2019-01-31,all_gene,0.01291637783402358
confirmation,2019-01-02,random,-0.007548439366749396
confirmation,2019-01-03,random,-0.021653519708150205
confirmation,2019-01-04,random,0.034685083762128505
confirmation,2019-01-07,random,0.011214636219342022
confirmation,2019-01-08,random,0.009650850622577587
confirmation,2019-01-09,random,0.0034042182966457185
confirmation,2019-01-10,random,0.0029220757568895026
confirmation,2019-01-11,random,0.0004930106640464397
confirmation,2019-01-14,random,-0.012577737266156103
confirmation,2019-01-15,random,0.017173644367990182
confirmation,2019-01-16,random,-0.003010142820222176
confirmation,2019-01-17,random,0.011375096356710437
confirmation,2019-01-18,random,0.009691433320256397
confirmation,2019-01-22,random,-0.010706056004639676
confirmation,2019-01-23,random,-0.0022899346945729664
confirmation,2019-01-24,random,-0.005780359676768369
confirmation,2019-01-25,random,0.002827204760683435
confirmation,2019-01-28,random,-0.01371459987586677
confirmation,2019-01-29,random,0.005479573206705662
confirmation,2019-01-30,random,0.013834789256497082
confirmation,2019-01-31,random,0.013843758014763992
confirmation,2019-01-02,min_variance,0.003952763766727994
confirmation,2019-01-03,min_variance,-0.016105925233973917
confirmation,2019-01-04,min_variance,0.03134666570857927
confirmation,2019-01-07,min_variance,0.010254817396328105
confirmation,2019-01-08,min_variance,0.011537777857618394
confirmation,2019-01-09,min_variance,0.003033332135724078
confirmation,2019-01-10,min_variance,0.005363701654461196
confirmation,2019-01-11,min_variance,-0.001125184040803005
confirmation,2019-01-14,min_variance,-0.006424444284763211
confirmation,2019-01-15,min_variance,0.006352594535380947
confirmation,2019-01-16,min_variance,5.925233973913877e-06
confirmation,2019-01-17,min_variance,0.009403702373026752
confirmation,2019-01-18,min_variance,0.012851851186513377
confirmation,2019-01-22,min_variance,-0.015959999281434448
confirmation,2019-01-23,min_variance,0.0018807411931709042
confirmation,2019-01-24,min_variance,0.002079997844303336
confirmation,2019-01-25,min_variance,0.007070370237302678
confirmation,2019-01-28,min_variance,-0.005484443566197657
confirmation,2019-01-29,min_variance,0.0016644414105009917
confirmation,2019-01-30,min_variance,0.013321481667776258
confirmation,2019-01-31,min_variance,0.00864740905744683
confirmation,2019-01-02,equal_weight,0.00116
confirmation,2019-01-03,equal_weight,-0.022560000000000004
confirmation,2019-01-04,equal_weight,0.03468
confirmation,2019-01-07,equal_weight,0.00982
confirmation,2019-01-08,equal_weight,0.010199999999999999
confirmation,2019-01-09,equal_weight,0.0046
confirmation,2019-01-10,equal_weight,0.00408
confirmation,2019-01-11,equal_weight,-3.9999999999999996e-05
confirmation,2019-01-14,equal_weight,-0.00676
confirmation,2019-01-15,equal_weight,0.01094
confirmation,2019-01-16,equal_weight,0.0017399999999999998
confirmation,2019-01-17,equal_weight,0.00866
confirmation,2019-01-18,equal_weight,0.01258
confirmation,2019-01-22,equal_weight,-0.01442
confirmation,2019-01-23,equal_weight,0.0010800000000000002
confirmation,2019-01-24,equal_weight,0.001
confirmation,2019-01-25,equal_weight,0.00776
confirmation,2019-01-28,equal_weight,-0.008320000000000001
confirmation,2019-01-29,equal_weight,-0.0001799999999999997
confirmation,2019-01-30,equal_weight,0.014620000000000001
confirmation,2019-01-31,equal_weight,0.00964
confirmation,2019-02-01,localized,0.0017026244180289355
confirmation,2019-02-04,localized,0.012630154080564351
confirmation,2019-02-05,localized,0.007891129793055583
confirmation,2019-02-06,localized,-0.00207154941881482
confirmation,2019-02-07,localized,-0.01163715059228488
confirmation,2019-02-08,localized,0.005407763647432805
confirmation,2019-02-11,localized,-0.0009858914612226046
confirmation,2019-02-12,localized,0.013452346474881274
confirmation,2019-02-13,localized,0.0008731451905430979
confirmation,2019-02-14,localized,0.0014709551220135207
confirmation,2019-02-15,localized,0.008528451209021704
confirmation,2019-02-19,localized,0.001377344174002289
confirmation,2019-02-20,localized,0.00070372133402461
confirmation,2019-02-21,localized,-0.0016382601504610112
confirmation,2019-02-22,localized,0.011025873549562824
confirmation,2019-02-25,localized,0.003613621447251432
confirmation,2019-02-26,localized,0.00038991921227906674
confirmation,2019-02-27,localized,0.000768823642488369
confirmation,2019-02-28,localized,-0.003454794183335544
confirmation,2019-02-01,all_gene,-0.0009584586295082955
confirmation,2019-02-04,all_gene,0.0011095738348667159
confirmation,2019-02-05,all_gene,0.002240302375982518
confirmation,2019-02-06,all_gene,-0.0007624822365578265
confirmation,2019-02-07,all_gene,-0.010167207425955822
confirmation,2019-02-08,all_gene,0.003010346847839516
confirmation,2019-02-11,all_gene,0.0015060837921463965
confirmation,2019-02-12,all_gene,0.012742954666298966
confirmation,2019-02-13,all_gene,0.0026116208614901937
confirmation,2019-02-14,all_gene,-0.000765370232110479
confirmation,2019-02-15,all_gene,0.01205482903408664
confirmation,2019-02-19,all_gene,-0.0009628382373905001
confirmation,2019-02-20,all_gene,-0.00014235360886169612
confirmation,2019-02-21,all_gene,-0.005900220560490889
confirmation,2019-02-22,all_gene,0.007679035939264296
confirmation,2019-02-25,all_gene,0.0023082187864133536
confirmation,2019-02-26,all_gene,-0.0021646863571603667
confirmation,2019-02-27,all_gene,0.0027370122639882154
confirmation,2019-02-28,all_gene,0.00023443764578908995
confirmation,2019-02-01,random,0.004433189087982154
confirmation,2019-02-04,random,-0.0006358483332496419
confirmation,2019-02-05,random,0.0008868265980710437
confirmation,2019-02-06,random,0.0003031019809600642
confirmation,2019-02-07,random,-0.0123502442916641
confirmation,2019-02-08,random,0.005152744475279241
confirmation,2019-02-11,random,0.0008281252218459953
confirmation,2019-02-12,random,0.011993599388632696
confirmation,2019-02-13,random,0.0020503709948800205
confirmation,2019-02-14,random,0.001275172594170764
confirmation,2019-02-15,random,0.01377663899163715
confirmation,2019-02-19,random,-0.002889454575676526
confirmation,2019-02-20,random,0.0006223723291636889
confirmation,2019-02-21,random,-0.007157510960175241
confirmation,2019-02-22,random,0.010245247059113232
confirmation,2019-02-25,random,0.004508367996749494
confirmation,2019-02-26,random,-0.002526646068865288
confirmation,2019-02-27,random,0.003213247084622353
confirmation,2019-02-28,random,-0.0006175576306145938
confirmation,2019-02-01,min_variance,-0.0035272511753584386
confirmation,2019-02-04,min_variance,0.006310702349547432
confirmation,2019-02-05,min_variance,0.005052842819456918
confirmation,2019-02-06,min_variance,-0.002968561879637945
confirmation,2019-02-07,min_variance,-0.007078372324811731
confirmation,2019-02-08,min_variance,-0.0009004459521868231
confirmation,2019-02-11,min_variance,0.00321047937345402
confirmation,2019-02-12,min_variance,0.014058082506183931
confirmation,2019-02-13,min_variance,0.004589297650452571
confirmation,2019-02-14,min_variance,-0.003989966578732806
confirmation,2019-02-15,min_variance,0.01049409138499276
confirmation,2019-02-19,min_variance,0.0036633221929109365
confirmation,2019-02-20,min_variance,0.0025200668425343926
confirmation,2019-02-21,min_variance,-0.0036259754575416366
confirmation,2019-02-22,min_variance,0.003683612011538739
confirmation,2019-02-25,min_variance,-0.0013635451690043468
confirmation,2019-02-26,min_variance,-0.0025890746743591595
confirmation,2019-02-27,min_variance,0.0017945373371795797
confirmation,2019-02-28,min_variance,-0.0018833890354453269
confirmation,2019-02-01,equal_weight,0.0010599999999999995
confirmation,2019-02-04,equal_weight,0.00592
confirmation,2019-02-05,equal_weight,0.0039000000000000007
confirmation,2019-02-06,equal_weight,-0.00176
confirmation,2019-02-07,equal_weight,-0.00928
confirmation,2019-02-08,equal_weight,0.0012000000000000001
confirmation,2019-02-11,equal_weight,0.0017200000000000002
confirmation,2019-02-12,equal_weight,0.01354
confirmation,2019-02-13,equal_weight,0.00304
confirmation,2019-02-14,equal_weight,-0.00194
confirmation,2019-02-15,equal_weight,0.01166
confirmation,2019-02-19,equal_weight,0.00152
confirmation,2019-02-20,equal_weight,0.0019200000000000003
confirmation,2019-02-21,equal_weight,-0.0041400000000000005
confirmation,2019-02-22,equal_weight,0.006480000000000001
confirmation,2019-02-25,equal_weight,0.0015400000000000001
confirmation,2019-02-26,equal_weight,-0.0018
confirmation,2019-02-27,equal_weight,0.0014400000000000003
confirmation,2019-02-28,equal_weight,-0.00228
confirmation,2019-03-01,localized,0.00724880586245194
confirmation,2019-03-04,localized,-0.004475664019682552
confirmation,2019-03-05,localized,-0.00046184578924399764
confirmation,2019-03-06,localized,-0.005531111880319918
confirmation,2019-03-07,localized,-0.007706271610587689
confirmation,2019-03-08,localized,-0.000704810334332725
confirmation,2019-03-11,localized,0.019446802023704208
confirmation,2019-03-12,localized,0.004996211149229642
confirmation,2019-03-13,localized,0.005555801262643669
confirmation,2019-03-14,localized,-0.0005103367462319374
confirmation,2019-03-15,localized,0.0066254307027831345
confirmation,2019-03-18,localized,0.0018368370860421316
confirmation,2019-03-19,localized,0.0019455187005718033
confirmation,2019-03-20,localized,0.0006461034244206743
confirmation,2019-03-21,localized,0.018676883268717193
confirmation,2019-03-22,localized,-0.021437039848538217
confirmation,2019-03-25,localized,-0.002489803604108429
confirmation,2019-03-26,localized,0.005766137717955016
confirmation,2019-03-27,localized,-0.006581382769860056
confirmation,2019-03-28,localized,0.0011700745477024174
confirmation,2019-03-29,localized,0.007976270530953289
confirmation,2019-03-01,all_gene,0.012632832303875808
confirmation,2019-03-04,all_gene,-0.0069743293177088475
confirmation,2019-03-05,all_gene,-0.0017025786652643824
confirmation,2019-03-06,all_gene,-0.016225158294422965
confirmation,2019-03-07,all_gene,-0.007428548734950694
confirmation,2019-03-08,all_gene,-0.004053644055843573
confirmation,2019-03-11,all_gene,0.012243001688042104
confirmation,2019-03-12,all_gene,0.005313858207737104
confirmation,2019-03-13,all_gene,0.008221046691145758
confirmation,2019-03-14,all_gene,-0.003810623944876057
confirmation,2019-03-15,all_gene,0.007002747284318442
confirmation,2019-03-18,all_gene,-0.000767708673033868
confirmation,2019-03-19,all_gene,0.004895522406077052
confirmation,2019-03-20,all_gene,-0.0030977916746217716
confirmation,2019-03-21,all_gene,0.004325315421405501
confirmation,2019-03-22,all_gene,-0.019630433914316514
confirmation,2019-03-25,all_gene,0.0012697765274997485
confirmation,2019-03-26,all_gene,0.010154267424020376
confirmation,2019-03-27,all_gene,-0.00812059956380674
confirmation,2019-03-28,all_gene,0.00477792131121207
confirmation,2019-03-29,all_gene,0.01008324484708206
confirmation,2019-03-01,random,0.013316770732187764
confirmation,2019-03-04,random,-0.007281538113048785
confirmation,2019-03-05,random,-0.0018037885583356626
confirmation,2019-03-06,random,-0.01658238756614043
confirmation,2019-03-07,random,-0.00701857479814153
confirmation,2019-03-08,random,-0.0038495785218846537
confirmation,2019-03-11,random,0.012150641168394975
confirmation,2019-03-12,random,0.005619368900388789
confirmation,2019-03-13,random,0.008376477252051493
confirmation,2019-03-14,random,-0.003352974648688878
confirmation,2019-03-15,random,0.007134715976145526
confirmation,2019-03-18,random,-0.0013538405741281806
confirmation,2019-03-19,random,0.0044189921289184714
confirmation,2019-03-20,random,-0.003866637981542631
confirmation,2019-03-21,random,0.003938527299660355
confirmation,2019-03-22,random,-0.020647610203071414
confirmation,2019-03-25,random,0.0007035990775662014
confirmation,2019-03-26,random,0.010373004373544756
confirmation,2019-03-27,random,-0.008407009155620898
confirmation,2019-03-28,random,0.004594377281988247
confirmation,2019-03-29,random,0.010235082647620998
confirmation,2019-03-01,min_variance,0.00561580741510251
confirmation,2019-03-04,min_variance,-0.0015989630666868588
confirmation,2019-03-05,min_variance,-0.0025231151370196515
confirmation,2019-03-06,min_variance,-0.007178440262950067
confirmation,2019-03-07,min_variance,-0.007520263570408511
confirmation,2019-03-08,min_variance,-0.004489608981467462
confirmation,2019-03-11,min_variance,0.01260961331854769
confirmation,2019-03-12,min_variance,0.00012207820370650925
confirmation,2019-03-13,min_variance,0.006233506155552194
confirmation,2019-03-14,min_variance,-0.0030329876888956202
confirmation,2019-03-15,min_variance,0.003277403329636923
confirmation,2019-03-18,min_variance,0.006932209988910764
confirmation,2019-03-19,min_variance,-0.0013129833518153962
confirmation,2019-03-20,min_variance,0.0001223374370347938
confirmation,2019-03-21,min_variance,0.011132469222239056
confirmation,2019-03-22,min_variance,-0.018446230274039313
confirmation,2019-03-25,min_variance,0.0024106502518608255
confirmation,2019-03-26,min_variance,0.007856362059243558
confirmation,2019-03-27,min_variance,-0.002755584359258701
confirmation,2019-03-28,min_variance,0.00427688486298035
confirmation,2019-03-29,min_variance,0.00527766256296521
confirmation,2019-03-01,equal_weight,0.0078
confirmation,2019-03-04,equal_weight,-0.0049
confirmation,2019-03-05,equal_weight,-0.00176
confirmation,2019-03-06,equal_weight,-0.00932
confirmation,2019-03-07,equal_weight,-0.00794
confirmation,2019-03-08,equal_weight,-0.0027
confirmation,2019-03-11,equal_weight,0.01406
confirmation,2019-03-12,equal_weight,0.00256
confirmation,2019-03-13,equal_weight,0.00696
confirmation,2019-03-14,equal_weight,-0.0016200000000000003
confirmation,2019-03-15,equal_weight,0.00496
confirmation,2019-03-18,equal_weight,0.004280000000000001
confirmation,2019-03-19,equal_weight,-3.999999999999989e-05
confirmation,2019-03-20,equal_weight,-0.0035
confirmation,2019-03-21,equal_weight,0.00974
confirmation,2019-03-22,equal_weight,-0.020900000000000002
confirmation,2019-03-25,equal_weight,0.00026000000000000003
confirmation,2019-03-26,equal_weight,0.00816
confirmation,2019-03-27,equal_weight,-0.00492
confirmation,2019-03-28,equal_weight,0.00442
confirmation,2019-03-29,equal_weight,0.006920000000000001
confirmation,2019-04-01,localized,0.012991391324526883
confirmation,2019-04-02,localized,0.002588881002840754
confirmation,2019-04-03,localized,0.005992912530198705
confirmation,2019-04-04,localized,-0.0013937705876602333
confirmation,2019-04-05,localized,0.003960008667922248
confirmation,2019-04-08,localized,0.002898127910107385
confirmation,2019-04-09,localized,-0.003115807910500398
confirmation,2019-04-10,localized,0.006853062236224672
confirmation,2019-04-11,localized,0.0005159450092810954
confirmation,2019-04-12,localized,0.007873156699732731
confirmation,2019-04-15,localized,0.00011821485497738475
confirmation,2019-04-16,localized,0.001925664296814982
confirmation,2019-04-17,localized,0.0007909649790304874
confirmation,2019-04-18,localized,0.0024088295942746533
confirmation,2019-04-22,localized,0.003333500572283106
confirmation,2019-04-23,localized,0.011344180865010926
confirmation,2019-04-24,localized,-0.0027712946130274254
confirmation,2019-04-25,localized,0.001987489735708451
confirmation,2019-04-26,localized,0.0011011426979237213
confirmation,2019-04-29,localized,0.002642524055426043
confirmation,2019-04-30,localized,-0.006347676822383985
confirmation,2019-04-01,all_gene,0.0008654076347946247
confirmation,2019-04-02,all_gene,0.0017346950600055384
confirmation,2019-04-03,all_gene,-0.00042414533881591636
confirmation,2019-04-04,all_gene,-0.004757333831811404
confirmation,2019-04-05,all_gene,0.007592388141902051
confirmation,2019-04-08,all_gene,-0.0016906235948950432
confirmation,2019-04-09,all_gene,-0.006929083038657444
confirmation,2019-04-10,all_gene,0.005162360101775204
confirmation,2019-04-11,all_gene,-0.009736413789508545
confirmation,2019-04-12,all_gene,-0.0046598921691934315
confirmation,2019-04-15,all_gene,0.00010787163892588969
confirmation,2019-04-16,all_gene,-0.013538864083402338
confirmation,2019-04-17,all_gene,-0.030302882892226355
confirmation,2019-04-18,all_gene,-0.002566268636132805
confirmation,2019-04-22,all_gene,-0.0007317599395090991
confirmation,2019-04-23,all_gene,0.017939710350449823
confirmation,2019-04-24,all_gene,-0.0022995687826462864
confirmation,2019-04-25,all_gene,0.008871348552066716
confirmation,2019-04-26,all_gene,0.007710855356777659
confirmation,2019-04-29,all_gene,-0.0029042355273786397
confirmation,2019-04-30,all_gene,0.004377859000912309
confirmation,2019-04-01,random,0.0026158993416109987
confirmation,2019-04-02,random,0.0017398540204267773
confirmation,2019-04-03,random,-6.228047714091579e-05
confirmation,2019-04-04,random,-0.004091148114503167
confirmation,2019-04-05,random,0.007284610304775846
confirmation,2019-04-08,random,-0.0015165536976364557
confirmation,2019-04-09,random,-0.0068987037982756304
confirmation,2019-04-10,random,0.005079463833387898
confirmation,2019-04-11,random,-0.008588800686021577
confirmation,2019-04-12,random,-0.003209934852803052
confirmation,2019-04-15,random,-0.0002771959155738608
confirmation,2019-04-16,random,-0.011747813181098
confirmation,2019-04-17,random,-0.027405175449084402
confirmation,2019-04-18,random,-0.002077833831538508
confirmation,2019-04-22,random,-0.0003439016812139199
confirmation,2019-04-23,random,0.016893824717079734
confirmation,2019-04-24,random,-0.00243572729368076
confirmation,2019-04-25,random,0.00788745867820027
confirmation,2019-04-26,random,0.007452254593006689
confirmation,2019-04-29,random,-0.002199272533545648
confirmation,2019-04-30,random,0.003791309725021268
confirmation,2019-04-01,min_variance,0.009918480927387723
confirmation,2019-04-02,min_variance,-0.003979912916512863
confirmation,2019-04-03,min_variance,0.0002462402581439833
confirmation,2019-04-04,min_variance,0.005849638924239421
confirmation,2019-04-05,min_variance,0.007333931011563476
confirmation,2019-04-08,min_variance,0.0003371959876850494
confirmation,2019-04-09,min_variance,-0.008428993119795768
confirmation,2019-04-10,min_variance,0.003554065195318363
confirmation,2019-04-11,min_variance,0.0023023822030431547
confirmation,2019-04-12,min_variance,0.0064694157931528854
confirmation,2019-04-15,min_variance,-0.0005412934847889085
confirmation,2019-04-16,min_variance,0.0024943923514647143
confirmation,2019-04-17,min_variance,-0.0010574075160546467
confirmation,2019-04-18,min_variance,0.0010511023508231018
confirmation,2019-04-22,min_variance,0.0005218531051852225
confirmation,2019-04-23,min_variance,0.006727679116220843
confirmation,2019-04-24,min_variance,-0.0023868332912059522
confirmation,2019-04-25,min_variance,-0.006819896212806481
confirmation,2019-04-26,min_variance,0.005109868605478893
confirmation,2019-04-29,min_variance,-0.000595670185023982
confirmation,2019-04-30,min_variance,0.0034423171306741454
confirmation,2019-04-01,equal_weight,0.010440000000000001
confirmation,2019-04-02,equal_weight,-0.0008000000000000001
confirmation,2019-04-03,equal_weight,0.00194
confirmation,2019-04-04,equal_weight,0.00188
confirmation,2019-04-05,equal_weight,0.00588
confirmation,2019-04-08,equal_weight,0.00052
confirmation,2019-04-09,equal_weight,-0.006840000000000001
confirmation,2019-04-10,equal_weight,0.00468
confirmation,2019-04-11,equal_weight,-0.00076
confirmation,2019-04-12,equal_weight,0.00498
confirmation,2019-04-15,equal_weight,-0.0005600000000000001
confirmation,2019-04-16,equal_weight,-0.00016000000000000042
confirmation,2019-04-17,equal_weight,-0.0063
confirmation,2019-04-18,equal_weight,0.00066
confirmation,2019-04-22,equal_weight,0.0005400000000000002
confirmation,2019-04-23,equal_weight,0.010360000000000001
confirmation,2019-04-24,equal_weight,-0.0021
confirmation,2019-04-25,equal_weight,-0.001
confirmation,2019-04-26,equal_weight,0.005800000000000001
confirmation,2019-04-29,equal_weight,0.00084
confirmation,2019-04-30,equal_weight,0.0011200000000000003
confirmation,2019-05-01,localized,-0.004613681901282281
confirmation,2019-05-02,localized,-0.003454560386662688
confirmation,2019-05-03,localized,0.012144438697789806
confirmation,2019-05-06,localized,-0.005139266485069511
confirmation,2019-05-07,localized,-0.01877143061906929
confirmation,2019-05-08,localized,-0.002093587796447122
confirmation,2019-05-09,localized,-0.004537791886206176
confirmation,2019-05-10,localized,0.0027707792061098017
confirmation,2019-05-13,localized,-0.03347106505397237
confirmation,2019-05-14,localized,0.011632627208368957
confirmation,2019-05-15,localized,0.011211836277219993
confirmation,2019-05-16,localized,0.009862654965249873
confirmation,2019-05-17,localized,-0.008323339411043199
confirmation,2019-05-20,localized,-0.01391509830975992
confirmation,2019-05-21,localized,0.011165950838892172
confirmation,2019-05-22,localized,-0.00438535934388864
confirmation,2019-05-23,localized,-0.014973427747846539
confirmation,2019-05-24,localized,0.0005957261602666383
confirmation,2019-05-28,localized,-0.004014850634114471
confirmation,2019-05-29,localized,-0.008080519913934155
confirmation,2019-05-30,localized,0.004319856811501169
confirmation,2019-05-31,localized,-0.01649265791110674
confirmation,2019-05-01,all_gene,-0.005749944106703302
confirmation,2019-05-02,all_gene,0.004349089023700005
confirmation,2019-05-03,all_gene,0.011084230079269312
confirmation,2019-05-06,all_gene,0.0026049205573480017
confirmation,2019-05-07,all_gene,-0.019742429964667553
confirmation,2019-05-08,all_gene,-0.00035913312263665054
confirmation,2019-05-09,all_gene,-0.0015196265944516555
confirmation,2019-05-10,all_gene,-0.0013877969280087013
confirmation,2019-05-13,all_gene,-0.019900242866879823
confirmation,2019-05-14,all_gene,0.006769285037204806
confirmation,2019-05-15,all_gene,0.006009851709310164
confirmation,2019-05-16,all_gene,0.00909983365878159
confirmation,2019-05-17,all_gene,-0.005320892364726965
confirmation,2019-05-20,all_gene,-0.0036489462470429166
confirmation,2019-05-21,all_gene,0.008375152620079743
confirmation,2019-05-22,all_gene,0.0033770278529030077
confirmation,2019-05-23,all_gene,-0.0065307125433239355
confirmation,2019-05-24,all_gene,0.00185647187983486
confirmation,2019-05-28,all_gene,-0.011194905146566656
confirmation,2019-05-29,all_gene,-0.011598822999425313
confirmation,2019-05-30,all_gene,0.004603201360978362
confirmation,2019-05-31,all_gene,-0.010715684610205058
confirmation,2019-05-01,random,-0.008423252402970321
confirmation,2019-05-02,random,-0.002090294587791205
confirmation,2019-05-03,random,0.012193695263603086
confirmation,2019-05-06,random,-0.0044409876967111414
confirmation,2019-05-07,random,-0.016605399017963037
confirmation,2019-05-08,random,-0.0017174525822947523
confirmation,2019-05-09,random,-0.0036156206956017493
confirmation,2019-05-10,random,0.002935944723263411
confirmation,2019-05-13,random,-0.028848694889888626
confirmation,2019-05-14,random,0.009577442776956303
confirmation,2019-05-15,random,0.008719938547242376
confirmation,2019-05-16,random,0.00909801007010449
confirmation,2019-05-17,random,-0.0074613730078397274
confirmation,2019-05-20,random,-0.009154538223875713
confirmation,2019-05-21,random,0.008380615528358837
confirmation,2019-05-22,random,-0.0043356449841307826
confirmation,2019-05-23,random,-0.013079613165992847
confirmation,2019-05-24,random,0.0007368063232906549
confirmation,2019-05-28,random,-0.006459661065904335
confirmation,2019-05-29,random,-0.008281341857231814
confirmation,2019-05-30,random,0.0034385683724733615
confirmation,2019-05-31,random,-0.014734202173731495
confirmation,2019-05-01,min_variance,-0.012667228948690334
confirmation,2019-05-02,min_variance,-0.0032547022020998568
confirmation,2019-05-03,min_variance,0.01172184829513305
confirmation,2019-05-06,min_variance,-0.004903295094267894
confirmation,2019-05-07,min_variance,-0.013930845165216326
confirmation,2019-05-08,min_variance,-0.0021147308155566773
confirmation,2019-05-09,min_variance,-0.0025327856275050285
confirmation,2019-05-10,min_variance,0.004848499859011509
confirmation,2019-05-13,min_variance,-0.02026968321500234
confirmation,2019-05-14,min_variance,0.0066047913501963915
confirmation,2019-05-15,min_variance,0.004498589007108044
confirmation,2019-05-16,min_variance,0.007842795904839965
confirmation,2019-05-17,min_variance,-0.006971281890123504
confirmation,2019-05-20,min_variance,-0.003786518864716972
confirmation,2019-05-21,min_variance,0.007210850980157352
confirmation,2019-05-22,min_variance,-0.00501832216545028
confirmation,2019-05-23,min_variance,-0.012590080223308715
confirmation,2019-05-24,min_variance,0.0010485629008661769
confirmation,2019-05-28,min_variance,-0.010169623232398619
confirmation,2019-05-29,min_variance,-0.007759248419976196
confirmation,2019-05-30,min_variance,0.0005841808167879781
confirmation,2019-05-31,min_variance,-0.012360183245133221
confirmation,2019-05-01,equal_weight,-0.00852
confirmation,2019-05-02,equal_weight,-0.0008000000000000001
confirmation,2019-05-03,equal_weight,0.01132
confirmation,2019-05-06,equal_weight,-0.0031200000000000004
confirmation,2019-05-07,equal_weight,-0.01678
confirmation,2019-05-08,equal_weight,-0.00182
confirmation,2019-05-09,equal_weight,-0.00246
confirmation,2019-05-10,equal_weight,0.0029800000000000004
confirmation,2019-05-13,equal_weight,-0.024460000000000003
confirmation,2019-05-14,equal_weight,0.00838
confirmation,2019-05-15,equal_weight,0.00538
confirmation,2019-05-16,equal_weight,0.00898
confirmation,2019-05-17,equal_weight,-0.00674
confirmation,2019-05-20,equal_weight,-0.00538
confirmation,2019-05-21,equal_weight,0.008740000000000001
confirmation,2019-05-22,equal_weight,-0.0031000000000000003
confirmation,2019-05-23,equal_weight,-0.01242
confirmation,2019-05-24,equal_weight,0.0022
confirmation,2019-05-28,equal_weight,-0.00876
confirmation,2019-05-29,equal_weight,-0.00758
confirmation,2019-05-30,equal_weight,0.0017800000000000003
confirmation,2019-05-31,equal_weight,-0.013
confirmation,2019-06-03,localized,-0.017407120595122054
confirmation,2019-06-04,localized,0.026866848753327385
confirmation,2019-06-05,localized,0.008869597427258687
confirmation,2019-06-06,localized,0.007828904956644058
confirmation,2019-06-07,localized,0.01638818917954454
confirmation,2019-06-10,localized,0.007752103612625228
confirmation,2019-06-11,localized,-0.00024930348195594627
confirmation,2019-06-12,localized,-0.00353290764368301
confirmation,2019-06-13,localized,0.006327867264063514
confirmation,2019-06-14,localized,-0.0050698918113785746
confirmation,2019-06-17,localized,0.004313073212210861
confirmation,2019-06-18,localized,0.013528949336417307
confirmation,2019-06-19,localized,0.004291528736062
confirmation,2019-06-20,localized,0.010646709857908146
confirmation,2019-06-21,localized,-0.0029149518422001623
confirmation,2019-06-24,localized,-0.0008466163216824373
confirmation,2019-06-25,localized,-0.015825577014733767
confirmation,2019-06-26,localized,0.004153586431194149
confirmation,2019-06-27,localized,0.0050033323158745965
confirmation,2019-06-28,localized,0.003620871765994285
confirmation,2019-06-03,all_gene,0.0022438449114120388
confirmation,2019-06-04,all_gene,0.018501065652056812
confirmation,2019-06-05,all_gene,0.00567695922689025
confirmation,2019-06-06,all_gene,0.003858094929853436
confirmation,2019-06-07,all_gene,0.012089889729818608
confirmation,2019-06-10,all_gene,0.0041898017358453455
confirmation,2019-06-11,all_gene,-0.0001998767035095474
confirmation,2019-06-12,all_gene,0.0042669563986290696
confirmation,2019-06-13,all_gene,0.002371833904649578
confirmation,2019-06-14,all_gene,-0.0022418221740400078
confirmation,2019-06-17,all_gene,0.005469102041612954
confirmation,2019-06-18,all_gene,0.006720749553898988
confirmation,2019-06-19,all_gene,0.005200202533614856
confirmation,2019-06-20,all_gene,0.005799210058779443
confirmation,2019-06-21,all_gene,-0.00029415878445302195
confirmation,2019-06-24,all_gene,-0.004921740511710161
confirmation,2019-06-25,all_gene,-0.006325659668090655
confirmation,2019-06-26,all_gene,-0.0073118687756013896
confirmation,2019-06-27,all_gene,0.006349818924528897
confirmation,2019-06-28,all_gene,0.005174883270341593
confirmation,2019-06-03,random,-0.0032493719615679633
confirmation,2019-06-04,random,0.020470172904959012
confirmation,2019-06-05,random,0.006383302342241783
confirmation,2019-06-06,random,0.005441086631525646
confirmation,2019-06-07,random,0.012685985803140221
confirmation,2019-06-10,random,0.0072235362431702765
confirmation,2019-06-11,random,0.0014702080828320893
confirmation,2019-06-12,random,0.00016279641073893092
confirmation,2019-06-13,random,0.005404499553009308
confirmation,2019-06-14,random,-0.0011349125817293325
confirmation,2019-06-17,random,0.002176985467089207
confirmation,2019-06-18,random,0.005663785727758123
confirmation,2019-06-19,random,0.0036033204411740198
confirmation,2019-06-20,random,0.006820504478911915
confirmation,2019-06-21,random,-0.002403809912050817
confirmation,2019-06-24,random,-0.003730020995030978
confirmation,2019-06-25,random,-0.007072878035953842
confirmation,2019-06-26,random,-0.0019533762062179496
confirmation,2019-06-27,random,0.005613993683238884
confirmation,2019-06-28,random,0.003778257744815019
confirmation,2019-06-03,min_variance,0.003583552326593004
confirmation,2019-06-04,min_variance,0.018099784218389006
confirmation,2019-06-05,min_variance,0.005929949613210579
confirmation,2019-06-06,min_variance,0.006692338557990949
confirmation,2019-06-07,min_variance,0.0084579414407105
confirmation,2019-06-10,min_variance,0.0034889857131877623
confirmation,2019-06-11,min_variance,-0.0006233289859969112
confirmation,2019-06-12,min_variance,-0.0011413916016238905
confirmation,2019-06-13,min_variance,0.006753502832740198
confirmation,2019-06-14,min_variance,-0.0019779203111194624
confirmation,2019-06-17,min_variance,0.001201251582153756
confirmation,2019-06-18,min_variance,0.008038466882373602
confirmation,2019-06-19,min_variance,0.0024624158569030033
confirmation,2019-06-20,min_variance,0.010872427422179443
confirmation,2019-06-21,min_variance,-0.0011054009714351674
confirmation,2019-06-24,min_variance,-0.0032999019156108186
confirmation,2019-06-25,min_variance,-0.005821567369064616
confirmation,2019-06-26,min_variance,-0.0017907461774883501
confirmation,2019-06-27,min_variance,0.002508881097787553
confirmation,2019-06-28,min_variance,0.006525130981226175
confirmation,2019-06-03,equal_weight,-0.0012800000000000003
confirmation,2019-06-04,equal_weight,0.02188
confirmation,2019-06-05,equal_weight,0.00656
confirmation,2019-06-06,equal_weight,0.005320000000000001
confirmation,2019-06-07,equal_weight,0.0102
confirmation,2019-06-10,equal_weight,0.00472
confirmation,2019-06-11,equal_weight,-0.00094
confirmation,2019-06-12,equal_weight,-0.0007199999999999997
confirmation,2019-06-13,equal_weight,0.00446
confirmation,2019-06-14,equal_weight,-0.00248
confirmation,2019-06-17,equal_weight,0.00206
confirmation,2019-06-18,equal_weight,0.00986
confirmation,2019-06-19,equal_weight,0.0033600000000000006
confirmation,2019-06-20,equal_weight,0.00886
confirmation,2019-06-21,equal_weight,-0.0014199999999999998
confirmation,2019-06-24,equal_weight,-0.00354
confirmation,2019-06-25,equal_weight,-0.00858
confirmation,2019-06-26,equal_weight,-0.00218
confirmation,2019-06-27,equal_weight,0.00562
confirmation,2019-06-28,equal_weight,0.00686
confirmation,2019-07-01,localized,0.011278088455364026
confirmation,2019-07-02,localized,0.005044454664888065
confirmation,2019-07-03,localized,0.007468198313866314
confirmation,2019-07-05,localized,-1.5324418271612296e-05
confirmation,2019-07-08,localized,-0.0076355208894914395
confirmation,2019-07-09,localized,0.0037170645371936185
confirmation,2019-07-10,localized,0.008320200907896423
confirmation,2019-07-11,localized,0.001048324053773479
confirmation,2019-07-12,localized,0.0065442330940351625
confirmation,2019-07-15,localized,0.002081699212758834
confirmation,2019-07-16,localized,-0.005654065417118128
confirmation,2019-07-17,localized,-0.004255397358361715
confirmation,2019-07-18,localized,0.0035557596123026785
confirmation,2019-07-19,localized,-0.007608427246210324
confirmation,2019-07-22,localized,0.0073940916498979
confirmation,2019-07-23,localized,0.004923203669635966
confirmation,2019-07-24,localized,0.009595253964596123
confirmation,2019-07-25,localized,-0.005023065522627469
confirmation,2019-07-26,localized,0.012903670634100285
confirmation,2019-07-29,localized,-0.0028698794547692944
confirmation,2019-07-30,localized,-0.005413344847608124
confirmation,2019-07-31,localized,-0.013104849183275707
confirmation,2019-07-01,all_gene,0.005526383558493941
confirmation,2019-07-02,all_gene,0.0019259556149725063
confirmation,2019-07-03,all_gene,0.009128161388765335
confirmation,2019-07-05,all_gene,-0.007380754798284614
confirmation,2019-07-08,all_gene,-0.008197508333571269
confirmation,2019-07-09,all_gene,0.0038205310847479875
confirmation,2019-07-10,all_gene,0.0035302168012555897
confirmation,2019-07-11,all_gene,-0.007979474144670193
confirmation,2019-07-12,all_gene,-0.00825286947869208
confirmation,2019-07-15,all_gene,0.0038378346996895724
confirmation,2019-07-16,all_gene,-0.005010519188409432
confirmation,2019-07-17,all_gene,-0.00010811488772083017
confirmation,2019-07-18,all_gene,0.007349188224423901
confirmation,2019-07-19,all_gene,-0.009379318628989884
confirmation,2019-07-22,all_gene,-0.0007431394546504808
confirmation,2019-07-23,all_gene,0.005190422634413572
confirmation,2019-07-24,all_gene,0.005303758194299009
confirmation,2019-07-25,all_gene,-0.007781619175890623
confirmation,2019-07-26,all_gene,0.005628365032745517
confirmation,2019-07-29,all_gene,4.8963204588563015e-06
confirmation,2019-07-30,all_gene,-0.0028020431988515855
confirmation,2019-07-31,all_gene,-0.008601509732811773
confirmation,2019-07-01,random,0.009021334372348932
confirmation,2019-07-02,random,0.0037168202794289
confirmation,2019-07-03,random,0.007840556887193144
confirmation,2019-07-05,random,-0.0013798594679582036
confirmation,2019-07-08,random,-0.00739310735927643
confirmation,2019-07-09,random,0.003413383782689522
confirmation,2019-07-10,random,0.0064216171020716065
confirmation,2019-07-11,random,-6.407770832291134e-05
confirmation,2019-07-12,random,0.003836508636451847
confirmation,2019-07-15,random,0.0017187978318471463
confirmation,2019-07-16,random,-0.004945832407432971
confirmation,2019-07-17,random,-0.004123796183885836
confirmation,2019-07-18,random,0.004258833056938528
confirmation,2019-07-19,random,-0.007520316518711148
confirmation,2019-07-22,random,0.004968644594367237
confirmation,2019-07-23,random,0.005377340152201757
confirmation,2019-07-24,random,0.008342935404854954
confirmation,2019-07-25,random,-0.0057547588548837875
confirmation,2019-07-26,random,0.010831942001836993
confirmation,2019-07-29,random,-0.002534493151503331
confirmation,2019-07-30,random,-0.004141769509514921
confirmation,2019-07-31,random,-0.011758469397341723
confirmation,2019-07-01,min_variance,0.0039016091153571525
confirmation,2019-07-02,min_variance,-0.0007071689461553925
confirmation,2019-07-03,min_variance,0.00823723134667668
confirmation,2019-07-05,min_variance,-0.0017561764588200537
confirmation,2019-07-08,min_variance,-0.0023715203775866722
confirmation,2019-07-09,min_variance,-0.000869492864399665
confirmation,2019-07-10,min_variance,0.004288998062664527
confirmation,2019-07-11,min_variance,0.0010715667619727509
confirmation,2019-07-12,min_variance,0.006034919844097474
confirmation,2019-07-15,min_variance,-0.000654951903399333
confirmation,2019-07-16,min_variance,-0.0022699088703649374
confirmation,2019-07-17,min_variance,-0.0063496549913827785
confirmation,2019-07-18,min_variance,0.0018600337926800489
confirmation,2019-07-19,min_variance,-0.002402117316294233
confirmation,2019-07-22,min_variance,-0.0002472484190576657
confirmation,2019-07-23,min_variance,0.006637089351980581
confirmation,2019-07-24,min_variance,0.0027655868451798423
confirmation,2019-07-25,min_variance,-0.0068871304149595546
confirmation,2019-07-26,min_variance,0.0026238571578190324
confirmation,2019-07-29,min_variance,-0.0019399418646400383
confirmation,2019-07-30,min_variance,0.0016330445192432232
confirmation,2019-07-31,min_variance,-0.011349968915144053
confirmation,2019-07-01,equal_weight,0.00668
confirmation,2019-07-02,equal_weight,0.0011
confirmation,2019-07-03,equal_weight,0.00816
confirmation,2019-07-05,equal_weight,-0.0019600000000000004
confirmation,2019-07-08,equal_weight,-0.00554
confirmation,2019-07-09,equal_weight,0.00176
confirmation,2019-07-10,equal_weight,0.0038600000000000006
confirmation,2019-07-11,equal_weight,0.0005799999999999998
confirmation,2019-07-12,equal_weight,0.0035000000000000005
confirmation,2019-07-15,equal_weight,6.0000000000000374e-05
confirmation,2019-07-16,equal_weight,-0.00322
confirmation,2019-07-17,equal_weight,-0.0055
confirmation,2019-07-18,equal_weight,0.00388
confirmation,2019-07-19,equal_weight,-0.005600000000000001
confirmation,2019-07-22,equal_weight,0.0015400000000000004
confirmation,2019-07-23,equal_weight,0.0064
confirmation,2019-07-24,equal_weight,0.00584
confirmation,2019-07-25,equal_weight,-0.006600000000000001
confirmation,2019-07-26,equal_weight,0.007
confirmation,2019-07-29,equal_weight,-0.0025200000000000005
confirmation,2019-07-30,equal_weight,-0.0011400000000000004
confirmation,2019-07-31,equal_weight,-0.010499999999999999
confirmation,2019-08-01,localized,-0.006281021955621473
confirmation,2019-08-02,localized,-0.014271049353182838
confirmation,2019-08-05,localized,-0.034834371094941384
confirmation,2019-08-06,localized,0.014132804374755531
confirmation,2019-08-07,localized,0.002439506872383778
confirmation,2019-08-08,localized,0.023756002117660664
confirmation,2019-08-09,localized,-0.01054511311794986
confirmation,2019-08-12,localized,-0.012356855743469725
confirmation,2019-08-13,localized,0.019514592307645844
confirmation,2019-08-14,localized,-0.030018680172600076
confirmation,2019-08-15,localized,-0.00016536382527785825
confirmation,2019-08-16,localized,0.016319460166372472
confirmation,2019-08-19,localized,0.01305363549540143
confirmation,2019-08-20,localized,-0.005864571879736109
confirmation,2019-08-21,localized,0.010004420281187839
confirmation,2019-08-22,localized,-0.001978532531858177
confirmation,2019-08-23,localized,-0.02963970347735486
confirmation,2019-08-26,localized,0.012884595814965356
confirmation,2019-08-27,localized,-0.0022543078356422317
confirmation,2019-08-28,localized,0.002875704907179792
confirmation,2019-08-29,localized,0.015910305515398373
confirmation,2019-08-30,localized,-0.0005201286602917155
confirmation,2019-08-01,all_gene,-0.003996567900926852
confirmation,2019-08-02,all_gene,-0.0043521138203256315
confirmation,2019-08-05,all_gene,-0.02550793972483831
confirmation,2019-08-06,all_gene,0.0135578799756185
confirmation,2019-08-07,all_gene,0.002005624859638663
confirmation,2019-08-08,all_gene,0.01570676231477866
confirmation,2019-08-09,all_gene,-0.0026498334694206086
confirmation,2019-08-12,all_gene,-0.010720212004942586
confirmation,2019-08-13,all_gene,0.012989897030029337
confirmation,2019-08-14,all_gene,-0.027195450151493654
confirmation,2019-08-15,all_gene,0.003369821318328059
confirmation,2019-08-16,all_gene,0.013059878990549384
confirmation,2019-08-19,all_gene,0.010736259231195604
confirmation,2019-08-20,all_gene,-0.007624453353104731
confirmation,2019-08-21,all_gene,0.009491984388295096
confirmation,2019-08-22,all_gene,-0.0016388543098297317
confirmation,2019-08-23,all_gene,-0.024680611812764743
confirmation,2019-08-26,all_gene,0.011430856526785129
confirmation,2019-08-27,all_gene,-0.004661362114567529
confirmation,2019-08-28,all_gene,0.008169563571132559
confirmation,2019-08-29,all_gene,0.0083474470969984
confirmation,2019-08-30,all_gene,-0.0013305260483706292
confirmation,2019-08-01,random,-0.006585949162828734
confirmation,2019-08-02,random,-0.011312240213591587
confirmation,2019-08-05,random,-0.0323689086293801
confirmation,2019-08-06,random,0.014014925941500254
confirmation,2019-08-07,random,0.001529352532108142
confirmation,2019-08-08,random,0.021500524866434903
confirmation,2019-08-09,random,-0.008218350516476382
confirmation,2019-08-12,random,-0.012323818340254328
confirmation,2019-08-13,random,0.017260525013233167
confirmation,2019-08-14,random,-0.02954920223782703
confirmation,2019-08-15,random,0.0005958889599797787
confirmation,2019-08-16,random,0.01579173307687538
confirmation,2019-08-19,random,0.012272810882176124
confirmation,2019-08-20,random,-0.006766701908656955
confirmation,2019-08-21,random,0.009409633874336723
confirmation,2019-08-22,random,-0.0018813441753340425
confirmation,2019-08-23,random,-0.028157992433771394
confirmation,2019-08-26,random,0.01227210236579308
confirmation,2019-08-27,random,-0.0031858827298702464
confirmation,2019-08-28,random,0.004567525904081277
confirmation,2019-08-29,random,0.01403989241851531
confirmation,2019-08-30,random,-0.0003277726505201917
confirmation,2019-08-01,min_variance,-0.010885478143869313
confirmation,2019-08-02,min_variance,-0.005966627895353819
confirmation,2019-08-05,min_variance,-0.02650217269160055
confirmation,2019-08-06,min_variance,0.010615487168385175
confirmation,2019-08-07,min_variance,0.0028496104221183236
confirmation,2019-08-08,min_variance,0.017756993636031802
confirmation,2019-08-09,min_variance,-0.007520975766918442
confirmation,2019-08-12,min_variance,-0.01112734468570586
confirmation,2019-08-13,min_variance,0.011797695735379915
confirmation,2019-08-14,min_variance,-0.027224696487691772
confirmation,2019-08-15,min_variance,0.004255253404353933
confirmation,2019-08-16,min_variance,0.013140148239126565
confirmation,2019-08-19,min_variance,0.011878171809870542
confirmation,2019-08-20,min_variance,-0.006588018539200273
confirmation,2019-08-21,min_variance,0.009205033359622347
confirmation,2019-08-22,min_variance,0.00025686206301225455
confirmation,2019-08-23,min_variance,-0.02477712718415444
confirmation,2019-08-26,min_variance,0.009474473899780012
confirmation,2019-08-27,min_variance,-0.004341448271708004
confirmation,2019-08-28,min_variance,0.009341539341416839
confirmation,2019-08-29,min_variance,0.011597187355196157
confirmation,2019-08-30,min_variance,-0.00011696679720411642
confirmation,2019-08-01,equal_weight,-0.00938
confirmation,2019-08-02,equal_weight,-0.0074
confirmation,2019-08-05,equal_weight,-0.02912
confirmation,2019-08-06,equal_weight,0.012820000000000002
confirmation,2019-08-07,equal_weight,0.0008600000000000001
confirmation,2019-08-08,equal_weight,0.018760000000000002
confirmation,2019-08-09,equal_weight,-0.00664
confirmation,2019-08-12,equal_weight,-0.01246
confirmation,2019-08-13,equal_weight,0.01382
confirmation,2019-08-14,equal_weight,-0.028800000000000003
confirmation,2019-08-15,equal_weight,0.00222
confirmation,2019-08-16,equal_weight,0.0149
confirmation,2019-08-19,equal_weight,0.01138
confirmation,2019-08-20,equal_weight,-0.007600000000000001
confirmation,2019-08-21,equal_weight,0.00864
confirmation,2019-08-22,equal_weight,-0.00092
confirmation,2019-08-23,equal_weight,-0.025960000000000004
confirmation,2019-08-26,equal_weight,0.01076
confirmation,2019-08-27,equal_weight,-0.004620000000000001
confirmation,2019-08-28,equal_weight,0.007500000000000001
confirmation,2019-08-29,equal_weight,0.012400000000000001
confirmation,2019-08-30,equal_weight,0.00019999999999999998
confirmation,2019-09-03,localized,-0.011721303283016403
confirmation,2019-09-04,localized,0.0147244498932398
confirmation,2019-09-05,localized,0.018149791560996834
confirmation,2019-09-06,localized,-0.0015411307199556944
confirmation,2019-09-09,localized,-0.004105722507417035
confirmation,2019-09-10,localized,-3.6281655898983937e-05
confirmation,2019-09-11,localized,0.011632168559704377
confirmation,2019-09-12,localized,0.002700694558470395
confirmation,2019-09-13,localized,-0.004548951959046
confirmation,2019-09-16,localized,-0.002610955242245113
confirmation,2019-09-17,localized,0.0031595437943833177
confirmation,2019-09-18,localized,0.00040868550095233647
confirmation,2019-09-19,localized,0.0015459114543593562
confirmation,2019-09-20,localized,-0.006699242226807332
confirmation,2019-09-23,localized,-0.0004167321721617753
confirmation,2019-09-24,localized,-0.012455512226576355
confirmation,2019-09-25,localized,0.010822994887443534
confirmation,2019-09-26,localized,-0.00315563511578296
confirmation,2019-09-27,localized,-0.011300484943783148
confirmation,2019-09-30,localized,0.008935510901395695
confirmation,2019-09-03,all_gene,-0.004425162328573946
confirmation,2019-09-04,all_gene,0.006306149120861336
confirmation,2019-09-05,all_gene,0.01078871937247754
confirmation,2019-09-06,all_gene,0.002337118742750093
confirmation,2019-09-09,all_gene,-0.002091325341439077
confirmation,2019-09-10,all_gene,0.001133594154062268
confirmation,2019-09-11,all_gene,0.0073539230477700146
confirmation,2019-09-12,all_gene,0.0014650106754284886
confirmation,2019-09-13,all_gene,-0.002474795903944452
confirmation,2019-09-16,all_gene,-0.006633095298907564
confirmation,2019-09-17,all_gene,0.0037010871826643633
confirmation,2019-09-18,all_gene,-0.0014800457550069054
confirmation,2019-09-19,all_gene,-0.0003013560787715454
confirmation,2019-09-20,all_gene,-0.002096322208402658
confirmation,2019-09-23,all_gene,-0.0005893690720202095
confirmation,2019-09-24,all_gene,-0.008896353488405924
confirmation,2019-09-25,all_gene,0.0035420725293537595
confirmation,2019-09-26,all_gene,-0.004582033194159932
confirmation,2019-09-27,all_gene,-0.004284901718400812
confirmation,2019-09-30,all_gene,0.006830024318076402
confirmation,2019-09-03,random,-0.006511874465625896
confirmation,2019-09-04,random,0.010192976946717367
confirmation,2019-09-05,random,0.013556396703895246
confirmation,2019-09-06,random,0.0011616650866284103
confirmation,2019-09-09,random,0.0005923140660644026
confirmation,2019-09-10,random,-0.00023610283423653502
confirmation,2019-09-11,random,0.007546258039810257
confirmation,2019-09-12,random,0.002447368320609224
confirmation,2019-09-13,random,-0.0026408369734307524
confirmation,2019-09-16,random,-0.006431467915445317
confirmation,2019-09-17,random,0.003355319276454287
confirmation,2019-09-18,random,-0.0010116904688340016
confirmation,2019-09-19,random,-0.00038724840049208554
confirmation,2019-09-20,random,-0.006068263305194651
confirmation,2019-09-23,random,0.00047949028583842726
confirmation,2019-09-24,random,-0.009748594257372501
confirmation,2019-09-25,random,0.007507050021892626
confirmation,2019-09-26,random,-0.0033827820081033183
confirmation,2019-09-27,random,-0.0056617638654374745
confirmation,2019-09-30,random,0.007114668172903461
confirmation,2019-09-03,min_variance,-0.003671002460821779
confirmation,2019-09-04,min_variance,0.009242046790672693
confirmation,2019-09-05,min_variance,0.009390563805390583
confirmation,2019-09-06,min_variance,0.001989352909689883
confirmation,2019-09-09,min_variance,0.0022655968766082907
confirmation,2019-09-10,min_variance,0.0033513146217151665
confirmation,2019-09-11,min_variance,0.007959665336650695
confirmation,2019-09-12,min_variance,0.0008440086463376016
confirmation,2019-09-13,min_variance,0.0002722756563945236
confirmation,2019-09-16,min_variance,-0.0007059713309608523
confirmation,2019-09-17,min_variance,0.0009037159735873221
confirmation,2019-09-18,min_variance,-0.0006822965158828425
confirmation,2019-09-19,min_variance,-0.0013600421248445337
confirmation,2019-09-20,min_variance,-0.003048561065970123
confirmation,2019-09-23,min_variance,0.0009154077956269693
confirmation,2019-09-24,min_variance,-0.0068895613343167815
confirmation,2019-09-25,min_variance,0.0051648445428752795
confirmation,2019-09-26,min_variance,-0.002831022364226901
confirmation,2019-09-27,min_variance,-0.003151398325028086
confirmation,2019-09-30,min_variance,0.0035037576863012143
confirmation,2019-09-03,equal_weight,-0.00744
confirmation,2019-09-04,equal_weight,0.009460000000000001
confirmation,2019-09-05,equal_weight,0.01294
confirmation,2019-09-06,equal_weight,0.0005600000000000002
confirmation,2019-09-09,equal_weight,-4.000000000000032e-05
confirmation,2019-09-10,equal_weight,0.0024400000000000003
confirmation,2019-09-11,equal_weight,0.0088
confirmation,2019-09-12,equal_weight,0.0017400000000000002
confirmation,2019-09-13,equal_weight,-0.00011999999999999988
confirmation,2019-09-16,equal_weight,-0.0022400000000000002
confirmation,2019-09-17,equal_weight,0.0018800000000000002
confirmation,2019-09-18,equal_weight,-0.0005000000000000001
confirmation,2019-09-19,equal_weight,-0.00046
confirmation,2019-09-20,equal_weight,-0.0031400000000000004
confirmation,2019-09-23,equal_weight,-0.0004399999999999999
confirmation,2019-09-24,equal_weight,-0.0094
confirmation,2019-09-25,equal_weight,0.005520000000000001
confirmation,2019-09-26,equal_weight,-0.004280000000000001
confirmation,2019-09-27,equal_weight,-0.005300000000000001
confirmation,2019-09-30,equal_weight,0.00496
confirmation,2019-10-01,localized,-0.010867761168048589
confirmation,2019-10-02,localized,-0.01716130126453803
confirmation,2019-10-03,localized,0.011676405536834968
confirmation,2019-10-04,localized,0.015588029522591022
confirmation,2019-10-07,localized,-0.0025762231945952174
confirmation,2019-10-08,localized,-0.017451505533492038
confirmation,2019-10-09,localized,0.01164682851714001
confirmation,2019-10-10,localized,0.005633124665913223
confirmation,2019-10-11,localized,0.013633575691836559
confirmation,2019-10-14,localized,-0.0016526186170847219
confirmation,2019-10-15,localized,0.011765643243908145
confirmation,2019-10-16,localized,-0.005410753742753878
confirmation,2019-10-17,localized,0.0013296151487064126
confirmation,2019-10-18,localized,-0.007891936384856402
confirmation,2019-10-21,localized,0.00791998537977094
confirmation,2019-10-22,localized,-0.008669716041727669
confirmation,2019-10-23,localized,0.0030723860446734
confirmation,2019-10-24,localized,0.004861862259646573
confirmation,2019-10-25,localized,0.008343267620104877
confirmation,2019-10-28,localized,0.010671444933868209
confirmation,2019-10-29,localized,-0.008051123131857872
confirmation,2019-10-30,localized,0.00450690814852155
confirmation,2019-10-31,localized,-0.0008022174120531818
confirmation,2019-10-01,all_gene,-0.007956750085072345
confirmation,2019-10-02,all_gene,-0.017238178364624383
confirmation,2019-10-03,all_gene,0.006437560364251272
confirmation,2019-10-04,all_gene,0.011024494185612823
confirmation,2019-10-07,all_gene,-0.004614622777076784
confirmation,2019-10-08,all_gene,-0.01074546662755164
confirmation,2019-10-09,all_gene,0.007944087664763526
confirmation,2019-10-10,all_gene,0.004749327212129538
confirmation,2019-10-11,all_gene,0.00948219770315419
confirmation,2019-10-14,all_gene,-0.0020162986181479227
confirmation,2019-10-15,all_gene,0.008538570149688913
confirmation,2019-10-16,all_gene,0.002368474882387889
confirmation,2019-10-17,all_gene,0.0064156455700123275
confirmation,2019-10-18,all_gene,-0.003449928729313057
confirmation,2019-10-21,all_gene,0.00329475354055966
confirmation,2019-10-22,all_gene,-0.003036460481956713
confirmation,2019-10-23,all_gene,-0.0011000833582539996
confirmation,2019-10-24,all_gene,0.0011445315107057078
confirmation,2019-10-25,all_gene,-3.9640216686183916e-05
confirmation,2019-10-28,all_gene,0.004206902092048286
confirmation,2019-10-29,all_gene,-0.001857070911435433
confirmation,2019-10-30,all_gene,0.0038041811298484287
confirmation,2019-10-31,all_gene,-0.002871758863193969
confirmation,2019-10-01,random,-0.010603515620097084
confirmation,2019-10-02,random,-0.017438934957941958
confirmation,2019-10-03,random,0.009073786736281309
confirmation,2019-10-04,random,0.014080097830755018
confirmation,2019-10-07,random,-0.0033651145741964107
confirmation,2019-10-08,random,-0.015151786548054233
confirmation,2019-10-09,random,0.010493138890293349
confirmation,2019-10-10,random,0.005651173916195024
confirmation,2019-10-11,random,0.012285956109002297
confirmation,2019-10-14,random,-0.001761974145237875
confirmation,2019-10-15,random,0.01063290582579813
confirmation,2019-10-16,random,-0.0025812235401421477
confirmation,2019-10-17,random,0.0031996451892635914
confirmation,2019-10-18,random,-0.005864209881520627
confirmation,2019-10-21,random,0.00677109071697783
confirmation,2019-10-22,random,-0.006464997192841563
confirmation,2019-10-23,random,0.001536875889637377
confirmation,2019-10-24,random,0.003746439290074962
confirmation,2019-10-25,random,0.00539449860736405
confirmation,2019-10-28,random,0.00784613784601719
confirmation,2019-10-29,random,-0.005823478681352304
confirmation,2019-10-30,random,0.003854146625132864
confirmation,2019-10-31,random,-0.0021506036883247683
confirmation,2019-10-01,min_variance,-0.012505085734124835
confirmation,2019-10-02,min_variance,-0.017921170777381795
confirmation,2019-10-03,min_variance,0.006977915345063289
confirmation,2019-10-04,min_variance,0.011317035994443204
confirmation,2019-10-07,min_variance,-0.005612562163405322
confirmation,2019-10-08,min_variance,-0.013598338162062887
confirmation,2019-10-09,min_variance,0.007739120649379917
confirmation,2019-10-10,min_variance,0.00498836569738168
confirmation,2019-10-11,min_variance,0.010674546557030562
confirmation,2019-10-14,min_variance,-0.0030908246591510725
confirmation,2019-10-15,min_variance,0.005209836291353176
confirmation,2019-10-16,min_variance,-0.0006680538054326058
confirmation,2019-10-17,min_variance,0.004357922637332518
confirmation,2019-10-18,min_variance,-0.003884541551802619
confirmation,2019-10-21,min_variance,0.0048564307678597134
confirmation,2019-10-22,min_variance,0.002571606545161725
confirmation,2019-10-23,min_variance,0.0018388704405158949
confirmation,2019-10-24,min_variance,0.0015311080618449953
confirmation,2019-10-25,min_variance,0.0015590881088331787
confirmation,2019-10-28,min_variance,0.001292312477332292
confirmation,2019-10-29,min_variance,0.0017621854910159647
confirmation,2019-10-30,min_variance,0.0007715970574968331
confirmation,2019-10-31,min_variance,-0.004429825836621691
confirmation,2019-10-01,equal_weight,-0.0128
confirmation,2019-10-02,equal_weight,-0.016940000000000004
confirmation,2019-10-03,equal_weight,0.00812
confirmation,2019-10-04,equal_weight,0.01344
confirmation,2019-10-07,equal_weight,-0.0043
confirmation,2019-10-08,equal_weight,-0.01564
confirmation,2019-10-09,equal_weight,0.00834
confirmation,2019-10-10,equal_weight,0.00578
confirmation,2019-10-11,equal_weight,0.011840000000000002
confirmation,2019-10-14,equal_weight,-0.0017200000000000002
confirmation,2019-10-15,equal_weight,0.00992
confirmation,2019-10-16,equal_weight,-0.00158
confirmation,2019-10-17,equal_weight,0.00428
confirmation,2019-10-18,equal_weight,-0.0046
confirmation,2019-10-21,equal_weight,0.0063
confirmation,2019-10-22,equal_weight,-0.0018999999999999998
confirmation,2019-10-23,equal_weight,0.0025
confirmation,2019-10-24,equal_weight,0.0015000000000000002
confirmation,2019-10-25,equal_weight,0.00426
confirmation,2019-10-28,equal_weight,0.005860000000000001
confirmation,2019-10-29,equal_weight,0.0006399999999999999
confirmation,2019-10-30,equal_weight,0.0028400000000000005
confirmation,2019-10-31,equal_weight,-0.0036000000000000003
confirmation,2019-11-01,localized,0.010666144475299512
confirmation,2019-11-04,localized,0.004295487688366331
confirmation,2019-11-05,localized,-0.0001320160230783317
confirmation,2019-11-06,localized,-0.0013930468862304144
confirmation,2019-11-07,localized,0.005027505561754105
confirmation,2019-11-08,localized,0.005347777424569088
confirmation,2019-11-11,localized,-0.0010072927948742275
confirmation,2019-11-12,localized,0.003276117111721097
confirmation,2019-11-13,localized,0.0032360915610020018
confirmation,2019-11-14,localized,-0.0004230549696901337
confirmation,2019-11-15,localized,0.008265148074657312
confirmation,2019-11-18,localized,0.001422046893062678
confirmation,2019-11-19,localized,0.000844150800435799
confirmation,2019-11-20,localized,-0.00526314016505214
confirmation,2019-11-21,localized,-0.0022213259854867522
confirmation,2019-11-22,localized,0.0010936469524364444
confirmation,2019-11-25,localized,0.009916925337112085
confirmation,2019-11-26,localized,0.0017504450194676287
confirmation,2019-11-27,localized,0.005406849027978179
confirmation,2019-11-29,localized,-0.004275669843174503
confirmation,2019-11-01,all_gene,0.0065417681325742865
confirmation,2019-11-04,all_gene,0.0015595616448675757
confirmation,2019-11-05,all_gene,0.001408142474953902
confirmation,2019-11-06,all_gene,0.0021954988633252686
confirmation,2019-11-07,all_gene,-0.000515895192358341
confirmation,2019-11-08,all_gene,0.0005162885089305258
confirmation,2019-11-11,all_gene,-0.002391582094948345
confirmation,2019-11-12,all_gene,0.0018897001705306601
confirmation,2019-11-13,all_gene,6.75761654061341e-05
confirmation,2019-11-14,all_gene,0.0015170846809794299
confirmation,2019-11-15,all_gene,0.0026665526117534916
confirmation,2019-11-18,all_gene,0.0024821961176845976
confirmation,2019-11-19,all_gene,-0.004969237726042465
confirmation,2019-11-20,all_gene,-0.0022392343957647275
confirmation,2019-11-21,all_gene,-0.003309358717652484
confirmation,2019-11-22,all_gene,0.002353149593583544
confirmation,2019-11-25,all_gene,0.008043324668438455
confirmation,2019-11-26,all_gene,0.005662379529495962
confirmation,2019-11-27,all_gene,0.00552169465062064
confirmation,2019-11-29,all_gene,-0.0050429749804355
confirmation,2019-11-01,random,0.010471666576828676
confirmation,2019-11-04,random,0.004214694703275061
confirmation,2019-11-05,random,-8.911291678015371e-05
confirmation,2019-11-06,random,-0.001209588604624292
confirmation,2019-11-07,random,0.004543251157973703
confirmation,2019-11-08,random,0.004458308679436214
confirmation,2019-11-11,random,-0.001323386214333078
confirmation,2019-11-12,random,0.002676010732553232
confirmation,2019-11-13,random,0.0022821130379695118
confirmation,2019-11-14,random,-5.11857993194128e-05
confirmation,2019-11-15,random,0.007926674218926299
confirmation,2019-11-18,random,0.0009254093984938295
confirmation,2019-11-19,random,0.00034924698145078793
confirmation,2019-11-20,random,-0.004430377495110398
confirmation,2019-11-21,random,-0.0019265577236020383
confirmation,2019-11-22,random,0.0014851893469190974
confirmation,2019-11-25,random,0.009503806219677524
confirmation,2019-11-26,random,0.0018196751386289607
confirmation,2019-11-27,random,0.005019844786996669
confirmation,2019-11-29,random,-0.004305783231583208
confirmation,2019-11-01,min_variance,0.00945682483464954
confirmation,2019-11-04,min_variance,0.0028818843834123105
confirmation,2019-11-05,min_variance,0.00044893269104023277
confirmation,2019-11-06,min_variance,-0.0012187271798777114
confirmation,2019-11-07,min_variance,0.0014806565774477794
confirmation,2019-11-08,min_variance,0.0009335093584205208
confirmation,2019-11-11,min_variance,-0.0025133255383828217
confirmation,2019-11-12,min_variance,0.0008908527475375706
confirmation,2019-11-13,min_variance,0.000561067852088864
confirmation,2019-11-14,min_variance,0.0009811228766064706
confirmation,2019-11-15,min_variance,0.005934678587758985
confirmation,2019-11-18,min_variance,-0.0010431059834414946
confirmation,2019-11-19,min_variance,-0.003656998047634992
confirmation,2019-11-20,min_variance,-0.0006817097164707197
confirmation,2019-11-21,min_variance,-0.0013550461634949627
confirmation,2019-11-22,min_variance,0.0019360231300045723
confirmation,2019-11-25,min_variance,0.0072015938784712385
confirmation,2019-11-26,min_variance,0.0029309752727828963
confirmation,2019-11-27,min_variance,0.003700536935023795
confirmation,2019-11-29,min_variance,-0.005002909017906563
confirmation,2019-11-01,equal_weight,0.01004
confirmation,2019-11-04,equal_weight,0.0031200000000000004
confirmation,2019-11-05,equal_weight,-0.0006600000000000002
confirmation,2019-11-06,equal_weight,-0.00026
confirmation,2019-11-07,equal_weight,0.0031000000000000003
confirmation,2019-11-08,equal_weight,0.00336
confirmation,2019-11-11,equal_weight,-0.0022400000000000002
confirmation,2019-11-12,equal_weight,0.00168
confirmation,2019-11-13,equal_weight,2.0000000000000052e-05
confirmation,2019-11-14,equal_weight,0.00058
confirmation,2019-11-15,equal_weight,0.00792
confirmation,2019-11-18,equal_weight,-0.00028000000000000014
confirmation,2019-11-19,equal_weight,0.0003600000000000002
confirmation,2019-11-20,equal_weight,-0.00238
confirmation,2019-11-21,equal_weight,-0.00098
confirmation,2019-11-22,equal_weight,0.0026999999999999997
confirmation,2019-11-25,equal_weight,0.009260000000000001
confirmation,2019-11-26,equal_weight,0.0020800000000000003
confirmation,2019-11-27,equal_weight,0.004560000000000001
confirmation,2019-11-29,equal_weight,-0.0041600000000000005
confirmation,2019-12-02,localized,-0.011795272856535775
confirmation,2019-12-03,localized,-0.005355616114171549
confirmation,2019-12-04,localized,0.004886413739028963
confirmation,2019-12-05,localized,0.0025267810534572647
confirmation,2019-12-06,localized,0.009809188301426932
confirmation,2019-12-09,localized,-0.004233298275162618
confirmation,2019-12-10,localized,-0.0008448773027731773
confirmation,2019-12-11,localized,0.0045000044743129936
confirmation,2019-12-12,localized,0.006835624998493009
confirmation,2019-12-13,localized,0.0018083000618871238
confirmation,2019-12-16,localized,0.009270271515626642
confirmation,2019-12-17,localized,-0.0013544600226904659
confirmation,2019-12-18,localized,0.00037550523565610676
confirmation,2019-12-19,localized,0.006722165314391446
confirmation,2019-12-20,localized,0.005368823980859901
confirmation,2019-12-23,localized,0.001969995217485608
confirmation,2019-12-24,localized,-0.0002772297083215613
confirmation,2019-12-26,localized,0.0074205468091484116
confirmation,2019-12-27,localized,-0.0005937629496990632
confirmation,2019-12-30,localized,-0.006622552362328311
confirmation,2019-12-31,localized,0.003062084725788836
confirmation,2019-12-02,all_gene,-0.004603552311668152
confirmation,2019-12-03,all_gene,-0.00705422969020598
confirmation,2019-12-04,all_gene,0.0036727057756009785
confirmation,2019-12-05,all_gene,-0.0019811378183335207
confirmation,2019-12-06,all_gene,0.007503704746222046
confirmation,2019-12-09,all_gene,5.706075952384163e-05
confirmation,2019-12-10,all_gene,-0.0024737336200125345
confirmation,2019-12-11,all_gene,0.0020610535899789864
confirmation,2019-12-12,all_gene,0.006100803480452822
confirmation,2019-12-13,all_gene,-0.001659703038084529
confirmation,2019-12-16,all_gene,0.005383192535707324
confirmation,2019-12-17,all_gene,0.002780422828627888
confirmation,2019-12-18,all_gene,8.684054433281065e-05
confirmation,2019-12-19,all_gene,0.0045635784528341205
confirmation,2019-12-20,all_gene,0.003877244355905911
confirmation,2019-12-23,all_gene,-0.001835593159219796
confirmation,2019-12-24,all_gene,0.001180772869912582
confirmation,2019-12-26,all_gene,0.008620848046552384
confirmation,2019-12-27,all_gene,0.0006185940710901187
confirmation,2019-12-30,all_gene,-0.00572405627309106
confirmation,2019-12-31,all_gene,0.0014570601036991637
confirmation,2019-12-02,random,-0.01060707860778046
confirmation,2019-12-03,random,-0.005727430638123047
confirmation,2019-12-04,random,0.005377977491893638
confirmation,2019-12-05,random,0.0020469069554654522
confirmation,2019-12-06,random,0.009652784041591643
confirmation,2019-12-09,random,-0.0038586513418842356
confirmation,2019-12-10,random,-0.0008392298816661839
confirmation,2019-12-11,random,0.0039738489731100946
confirmation,2019-12-12,random,0.007470378693216612
confirmation,2019-12-13,random,0.0009772378891079482
confirmation,2019-12-16,random,0.00860167906956644
confirmation,2019-12-17,random,-0.0005123407475608999
confirmation,2019-12-18,random,0.0001858024728934309
confirmation,2019-12-19,random,0.005874927918178183
confirmation,2019-12-20,random,0.005251105338415235
confirmation,2019-12-23,random,0.0017290426034875443
confirmation,2019-12-24,random,-0.00017472747607596035
confirmation,2019-12-26,random,0.006476137961632401
confirmation,2019-12-27,random,-0.0006643419088597743
confirmation,2019-12-30,random,-0.006254805179881613
confirmation,2019-12-31,random,0.0030148732254940236
confirmation,2019-12-02,min_variance,-0.005767724328749713
confirmation,2019-12-03,min_variance,-0.0058131067344623965
confirmation,2019-12-04,min_variance,0.006608048440170798
confirmation,2019-12-05,min_variance,-0.001022515359685618
confirmation,2019-12-06,min_variance,0.008675351339206118
confirmation,2019-12-09,min_variance,-0.001853501785403681
confirmation,2019-12-10,min_variance,-0.0011825269499391073
confirmation,2019-12-11,min_variance,0.002393659643723466
confirmation,2019-12-12,min_variance,0.007391548123805898
confirmation,2019-12-13,min_variance,-0.0019523446140390871
confirmation,2019-12-16,min_variance,0.006176123650566631
confirmation,2019-12-17,min_variance,0.0023140417023008197
confirmation,2019-12-18,min_variance,0.00030657514842189203
confirmation,2019-12-19,min_variance,0.003461709676880921
confirmation,2019-12-20,min_variance,0.005353467415593796
confirmation,2019-12-23,min_variance,0.001181970050009398
confirmation,2019-12-24,min_variance,8.560780750498486e-05
confirmation,2019-12-26,min_variance,0.003835155905904981
confirmation,2019-12-27,min_variance,-0.00038381240797172756
confirmation,2019-12-30,min_variance,-0.0052748004266764455
confirmation,2019-12-31,min_variance,0.0028741781831746523
confirmation,2019-12-02,equal_weight,-0.007660000000000001
confirmation,2019-12-03,equal_weight,-0.005860000000000001
confirmation,2019-12-04,equal_weight,0.00674
confirmation,2019-12-05,equal_weight,0.0005
confirmation,2019-12-06,equal_weight,0.00892
confirmation,2019-12-09,equal_weight,-0.00318
confirmation,2019-12-10,equal_weight,-0.00047999999999999985
confirmation,2019-12-11,equal_weight,0.00244
confirmation,2019-12-12,equal_weight,0.00884
confirmation,2019-12-13,equal_weight,-0.0007199999999999999
confirmation,2019-12-16,equal_weight,0.00726
confirmation,2019-12-17,equal_weight,0.0015
confirmation,2019-12-18,equal_weight,-0.00026000000000000003
confirmation,2019-12-19,equal_weight,0.004
confirmation,2019-12-20,equal_weight,0.00514
confirmation,2019-12-23,equal_weight,0.0014
confirmation,2019-12-24,equal_weight,0.00022000000000000003
confirmation,2019-12-26,equal_weight,0.0039000000000000007
confirmation,2019-12-27,equal_weight,-0.00096
confirmation,2019-12-30,equal_weight,-0.00568
confirmation,2019-12-31,equal_weight,0.0028800000000000006
confirmation,2020-01-02,localized,0.01541882773942402
confirmation,2020-01-03,localized,-0.007325164605538402
confirmation,2020-01-06,localized,0.005759861179206909
confirmation,2020-01-07,localized,0.0004074122908729007
confirmation,2020-01-08,localized,0.007442313927367682
confirmation,2020-01-09,localized,0.009100897057106669
confirmation,2020-01-10,localized,-0.0020000517721663166
confirmation,2020-01-13,localized,0.010646665157086814
confirmation,2020-01-14,localized,-0.004039425415057283
confirmation,2020-01-15,localized,0.0009930416057613168
confirmation,2020-01-16,localized,0.011155681449988727
confirmation,2020-01-17,localized,0.005617987807155331
confirmation,2020-01-21,localized,-0.0013444281376762976
confirmation,2020-01-22,localized,0.0028612489653705602
confirmation,2020-01-23,localized,0.000947492943278429
confirmation,2020-01-24,localized,-0.00693100448282662
confirmation,2020-01-27,localized,-0.019828958140699692
confirmation,2020-01-28,localized,0.015372389292301246
confirmation,2020-01-29,localized,-0.00041447722837395176
confirmation,2020-01-30,localized,0.0020463726055251863
confirmation,2020-01-31,localized,-0.020236196358153442
confirmation,2020-01-02,all_gene,0.004796740097340603
confirmation,2020-01-03,all_gene,-0.005252086122030315
confirmation,2020-01-06,all_gene,0.004073475415777104
confirmation,2020-01-07,all_gene,-0.0031096701916977472
confirmation,2020-01-08,all_gene,0.001975703822919927
confirmation,2020-01-09,all_gene,0.0043198834815450365
confirmation,2020-01-10,all_gene,-0.004368766710969279
confirmation,2020-01-13,all_gene,0.006348713689200683
confirmation,2020-01-14,all_gene,0.0003534302786755121
confirmation,2020-01-15,all_gene,-0.00024036966639305588
confirmation,2020-01-16,all_gene,0.007005447548256169
confirmation,2020-01-17,all_gene,-0.00016767973159017587
confirmation,2020-01-21,all_gene,0.002856647934693784
confirmation,2020-01-22,all_gene,0.0011873514372163904
confirmation,2020-01-23,all_gene,0.0002778549314554904
confirmation,2020-01-24,all_gene,-0.010948302863115494
confirmation,2020-01-27,all_gene,-0.009342507952891108
confirmation,2020-01-28,all_gene,0.00662149988431129
confirmation,2020-01-29,all_gene,-0.0017741818614426437
confirmation,2020-01-30,all_gene,0.006127303824703331
confirmation,2020-01-31,all_gene,-0.0016318582684908412
confirmation,2020-01-02,random,0.01277852696372552
confirmation,2020-01-03,random,-0.007069669559974041
confirmation,2020-01-06,random,0.004822630034415315
confirmation,2020-01-07,random,-0.0006518265316972933
confirmation,2020-01-08,random,0.006434593280868078
confirmation,2020-01-09,random,0.007912252638352626
confirmation,2020-01-10,random,-0.0027311487693479504
confirmation,2020-01-13,random,0.009491466234646724
confirmation,2020-01-14,random,-0.0029058397561746415
confirmation,2020-01-15,random,0.0008917532228474017
confirmation,2020-01-16,random,0.01028860024265485
confirmation,2020-01-17,random,0.004461156915919051
confirmation,2020-01-21,random,-0.0016773240139644867
confirmation,2020-01-22,random,0.0021435789588609647
confirmation,2020-01-23,random,0.0010967104600535537
confirmation,2020-01-24,random,-0.008009454688758763
confirmation,2020-01-27,random,-0.018128551351077646
confirmation,2020-01-28,random,0.013385842255240178
confirmation,2020-01-29,random,-0.0006916502222544688
confirmation,2020-01-30,random,0.003223945245878954
confirmation,2020-01-31,random,-0.017996761411445183
confirmation,2020-01-02,min_variance,0.003256563320213397
confirmation,2020-01-03,min_variance,-0.004996979345087315
confirmation,2020-01-06,min_variance,0.0034783765376566965
confirmation,2020-01-07,min_variance,-0.0027525787143250144
confirmation,2020-01-08,min_variance,0.0007386151761331366
confirmation,2020-01-09,min_variance,0.0048895817251509675
confirmation,2020-01-10,min_variance,-0.0037928859698184245
confirmation,2020-01-13,min_variance,0.0053656401705747345
confirmation,2020-01-14,min_variance,0.0019034760293712982
confirmation,2020-01-15,min_variance,0.0016474714520630356
confirmation,2020-01-16,min_variance,0.006428599891398471
confirmation,2020-01-17,min_variance,-0.00014088733304069164
confirmation,2020-01-21,min_variance,-0.0007555130807891365
confirmation,2020-01-22,min_variance,-0.0002262946972032793
confirmation,2020-01-23,min_variance,-6.952140801659287e-05
confirmation,2020-01-24,min_variance,-0.010393914972805448
confirmation,2020-01-27,min_variance,-0.009904986790235985
confirmation,2020-01-28,min_variance,0.0057812223230926645
confirmation,2020-01-29,min_variance,-0.0020525946971356322
confirmation,2020-01-30,min_variance,0.0038175353898034885
confirmation,2020-01-31,min_variance,-0.008616894819883121
confirmation,2020-01-02,equal_weight,0.006659999999999999
confirmation,2020-01-03,equal_weight,-0.00644
confirmation,2020-01-06,equal_weight,0.00344
confirmation,2020-01-07,equal_weight,-0.00232
confirmation,2020-01-08,equal_weight,0.0037400000000000007
confirmation,2020-01-09,equal_weight,0.00604
confirmation,2020-01-10,equal_weight,-0.0031400000000000004
confirmation,2020-01-13,equal_weight,0.006020000000000001
confirmation,2020-01-14,equal_weight,0.0010000000000000005
confirmation,2020-01-15,equal_weight,0.0021
confirmation,2020-01-16,equal_weight,0.0078
confirmation,2020-01-17,equal_weight,0.0018
confirmation,2020-01-21,equal_weight,-0.00304
confirmation,2020-01-22,equal_weight,0.0003799999999999999
confirmation,2020-01-23,equal_weight,0.00011999999999999999
confirmation,2020-01-24,equal_weight,-0.01038
confirmation,2020-01-27,equal_weight,-0.01324
confirmation,2020-01-28,equal_weight,0.00856
confirmation,2020-01-29,equal_weight,-0.00124
confirmation,2020-01-30,equal_weight,0.00292
confirmation,2020-01-31,equal_weight,-0.01604
confirmation,2020-02-03,localized,0.010992876123067081
confirmation,2020-02-04,localized,0.019783858350652613
confirmation,2020-02-05,localized,0.003931336374562319
confirmation,2020-02-06,localized,0.008692385291190336
confirmation,2020-02-07,localized,-0.00603396855242072
confirmation,2020-02-10,localized,0.011089149799823226
confirmation,2020-02-11,localized,-0.00036220099220255153
confirmation,2020-02-12,localized,0.009724559052116881
confirmation,2020-02-13,localized,-0.0021858053302070985
confirmation,2020-02-14,localized,0.0032397038039943837
confirmation,2020-02-18,localized,-0.001319932230078804
confirmation,2020-02-19,localized,0.008117763148310229
confirmation,2020-02-20,localized,-0.007432692423273644
confirmation,2020-02-21,localized,-0.01788686944716393
confirmation,2020-02-24,localized,-0.0375192115217957
confirmation,2020-02-25,localized,-0.02785555517389745
confirmation,2020-02-26,localized,0.0002675514202699722
confirmation,2020-02-27,localized,-0.04716710576111745
confirmation,2020-02-28,localized,0.0029866077537448934
confirmation,2020-02-03,all_gene,0.007308290471155795
confirmation,2020-02-04,all_gene,0.015984917168500833
confirmation,2020-02-05,all_gene,0.0019566593342675792
confirmation,2020-02-06,all_gene,0.0001936924607260852
confirmation,2020-02-07,all_gene,-0.0004630706260510663
confirmation,2020-02-10,all_gene,0.009741351415877965
confirmation,2020-02-11,all_gene,0.00489442935469033
confirmation,2020-02-12,all_gene,0.005187778700990147
confirmation,2020-02-13,all_gene,0.0015666214885253298
confirmation,2020-02-14,all_gene,-0.0010739914351214541
confirmation,2020-02-18,all_gene,0.0032209440206954596
confirmation,2020-02-19,all_gene,0.003529075118102213
confirmation,2020-02-20,all_gene,0.0005678639124367679
confirmation,2020-02-21,all_gene,-0.008090337161339538
confirmation,2020-02-24,all_gene,-0.030524071305819096
confirmation,2020-02-25,all_gene,-0.023731168614931426
confirmation,2020-02-26,all_gene,-0.00611109197714868
confirmation,2020-02-27,all_gene,-0.04312417029519471
confirmation,2020-02-28,all_gene,-0.015190442989999851
confirmation,2020-02-03,random,0.009872183772968867
confirmation,2020-02-04,random,0.018237432793950913
confirmation,2020-02-05,random,0.005634187698820526
confirmation,2020-02-06,random,0.006140439934292333
confirmation,2020-02-07,random,-0.005319124939413272
confirmation,2020-02-10,random,0.00977344447353109
confirmation,2020-02-11,random,0.0010432703069269203
confirmation,2020-02-12,random,0.008738939796152392
confirmation,2020-02-13,random,-0.0013507233837007774
confirmation,2020-02-14,random,0.002258759639785986
confirmation,2020-02-18,random,-0.0011785170441088726
confirmation,2020-02-19,random,0.007225059998910802
confirmation,2020-02-20,random,-0.005480017970195228
confirmation,2020-02-21,random,-0.015358114071732067
confirmation,2020-02-24,random,-0.03623579823169325
confirmation,2020-02-25,random,-0.02892026974280905
confirmation,2020-02-26,random,-0.0021778810300267007
confirmation,2020-02-27,random,-0.045544316038379086
confirmation,2020-02-28,random,-0.00186832632747746
confirmation,2020-02-03,min_variance,0.006951159346515253
confirmation,2020-02-04,min_variance,0.014211010662732386
confirmation,2020-02-05,min_variance,0.008417991938206209
confirmation,2020-02-06,min_variance,4.4792908124396036e-05
confirmation,2020-02-07,min_variance,-0.0037777129203692625
confirmation,2020-02-10,min_variance,0.00721079097330854
confirmation,2020-02-11,min_variance,0.0046214778092046015
confirmation,2020-02-12,min_variance,0.004010910194471298
confirmation,2020-02-13,min_variance,0.00013343988581596903
confirmation,2020-02-14,min_variance,5.827857442100979e-06
confirmation,2020-02-18,min_variance,0.00020080927042613803
confirmation,2020-02-19,min_variance,0.003472914022777143
confirmation,2020-02-20,min_variance,-0.00045290728086068053
confirmation,2020-02-21,min_variance,-0.005855400410019922
confirmation,2020-02-24,min_variance,-0.029376598448938834
confirmation,2020-02-25,min_variance,-0.026407900860892352
confirmation,2020-02-26,min_variance,-0.006375366544375189
confirmation,2020-02-27,min_variance,-0.04087924773767063
confirmation,2020-02-28,min_variance,-0.014111646088314854
confirmation,2020-02-03,equal_weight,0.0081
confirmation,2020-02-04,equal_weight,0.01502
confirmation,2020-02-05,equal_weight,0.01098
confirmation,2020-02-06,equal_weight,0.0016999999999999997
confirmation,2020-02-07,equal_weight,-0.005580000000000001
confirmation,2020-02-10,equal_weight,0.006680000000000001
confirmation,2020-02-11,equal_weight,0.0034400000000000003
confirmation,2020-02-12,equal_weight,0.00528
confirmation,2020-02-13,equal_weight,-0.0009599999999999999
confirmation,2020-02-14,equal_weight,0.0012000000000000001
confirmation,2020-02-18,equal_weight,-0.0019200000000000003
confirmation,2020-02-19,equal_weight,0.005220000000000001
confirmation,2020-02-20,equal_weight,-0.0026000000000000003
confirmation,2020-02-21,equal_weight,-0.00858
confirmation,2020-02-24,equal_weight,-0.032040000000000006
confirmation,2020-02-25,equal_weight,-0.030100000000000002
confirmation,2020-02-26,equal_weight,-0.0055000000000000005
confirmation,2020-02-27,equal_weight,-0.04078
confirmation,2020-02-28,equal_weight,-0.01024
confirmation,2020-03-02,localized,0.04584488245285399
confirmation,2020-03-03,localized,-0.03211664814703114
confirmation,2020-03-04,localized,0.03970161544437455
confirmation,2020-03-05,localized,-0.03338579050308151
confirmation,2020-03-06,localized,-0.018398660536496216
confirmation,2020-03-09,localized,-0.07085365612962419
confirmation,2020-03-10,localized,0.053793982037654356
confirmation,2020-03-11,localized,-0.04750550764690033
confirmation,2020-03-12,localized,-0.09509659668019098
confirmation,2020-03-13,localized,0.10191670223980645
confirmation,2020-03-16,localized,-0.12400366374322354
confirmation,2020-03-17,localized,0.060762547451361046
confirmation,2020-03-18,localized,-0.04269460325068153
confirmation,2020-03-19,localized,0.014759442781997869
confirmation,2020-03-20,localized,-0.04002828963079214
confirmation,2020-03-23,localized,-0.008453414387535628
confirmation,2020-03-24,localized,0.08532362804457236
confirmation,2020-03-25,localized,-0.005435234445920239
confirmation,2020-03-26,localized,0.0612712812581972
confirmation,2020-03-27,localized,-0.04041035847682606
confirmation,2020-03-30,localized,0.037026245908900794
confirmation,2020-03-31,localized,-0.012541639000516875
confirmation,2020-03-02,all_gene,0.04398488437210256
confirmation,2020-03-03,all_gene,-0.019055329660391754
confirmation,2020-03-04,all_gene,0.03733539895797248
confirmation,2020-03-05,all_gene,-0.02832489992785997
confirmation,2020-03-06,all_gene,-0.01231844254472972
confirmation,2020-03-09,all_gene,-0.05692046572170681
confirmation,2020-03-10,all_gene,0.04161924095468926
confirmation,2020-03-11,all_gene,-0.045132413839417275
confirmation,2020-03-12,all_gene,-0.09497975426431453
confirmation,2020-03-13,all_gene,0.06830550981433671
confirmation,2020-03-16,all_gene,-0.10467179341002647
confirmation,2020-03-17,all_gene,0.06036617133359582
confirmation,2020-03-18,all_gene,-0.0423971712299208
confirmation,2020-03-19,all_gene,0.01656416371605091
confirmation,2020-03-20,all_gene,-0.04279021120732146
confirmation,2020-03-23,all_gene,-0.006595199641211329
confirmation,2020-03-24,all_gene,0.06976437354281251
confirmation,2020-03-25,all_gene,0.0012151121109732826
confirmation,2020-03-26,all_gene,0.045292456803669
confirmation,2020-03-27,all_gene,-0.024839442733568484
confirmation,2020-03-30,all_gene,0.03021265603260624
confirmation,2020-03-31,all_gene,-0.014193357677737087
confirmation,2020-03-02,random,0.04503315674360229
confirmation,2020-03-03,random,-0.029829991786885574
confirmation,2020-03-04,random,0.03972272642770676
confirmation,2020-03-05,random,-0.03284965421981911
confirmation,2020-03-06,random,-0.017469072733785285
confirmation,2020-03-09,random,-0.07085414232363091
confirmation,2020-03-10,random,0.0510255887676315
confirmation,2020-03-11,random,-0.04793970212021169
confirmation,2020-03-12,random,-0.09517256342851882
confirmation,2020-03-13,random,0.09566773907312351
confirmation,2020-03-16,random,-0.12087675044966702
confirmation,2020-03-17,random,0.06022745375856538
confirmation,2020-03-18,random,-0.04554404880045726
confirmation,2020-03-19,random,0.01430801597004113
confirmation,2020-03-20,random,-0.040798424660116274
confirmation,2020-03-23,random,-0.012672857041501218
confirmation,2020-03-24,random,0.0858455590142451
confirmation,2020-03-25,random,-0.000588552084445262
confirmation,2020-03-26,random,0.05957143132124939
confirmation,2020-03-27,random,-0.03740078653650867
confirmation,2020-03-30,random,0.03523436654302279
confirmation,2020-03-31,random,-0.013067634419336734
confirmation,2020-03-02,min_variance,0.043178722051911776
confirmation,2020-03-03,min_variance,-0.021104576612135953
confirmation,2020-03-04,min_variance,0.04105075555135448
confirmation,2020-03-05,min_variance,-0.027060073557674667
confirmation,2020-03-06,min_variance,-0.011963013830748876
confirmation,2020-03-09,min_variance,-0.06411542150845032
confirmation,2020-03-10,min_variance,0.038157029319323084
confirmation,2020-03-11,min_variance,-0.04784635630979893
confirmation,2020-03-12,min_variance,-0.09136767364620726
confirmation,2020-03-13,min_variance,0.06901623287641712
confirmation,2020-03-16,min_variance,-0.10423589833921629
confirmation,2020-03-17,min_variance,0.06142643758378148
confirmation,2020-03-18,min_variance,-0.042876817834318015
confirmation,2020-03-19,min_variance,0.006329934286567613
confirmation,2020-03-20,min_variance,-0.04422047708350377
confirmation,2020-03-23,min_variance,-0.022428403331437172
confirmation,2020-03-24,min_variance,0.0776302044525472
confirmation,2020-03-25,min_variance,0.008123284708660599
confirmation,2020-03-26,min_variance,0.055087342711817394
confirmation,2020-03-27,min_variance,-0.024826068069931546
confirmation,2020-03-30,min_variance,0.03424900788589079
confirmation,2020-03-31,min_variance,-0.011967301695462472
confirmation,2020-03-02,equal_weight,0.04306000000000001
confirmation,2020-03-03,equal_weight,-0.02626
confirmation,2020-03-04,equal_weight,0.041260000000000005
confirmation,2020-03-05,equal_weight,-0.03196
confirmation,2020-03-06,equal_weight,-0.015960000000000002
confirmation,2020-03-09,equal_weight,-0.0761
confirmation,2020-03-10,equal_weight,0.04428
confirmation,2020-03-11,equal_weight,-0.05062
confirmation,2020-03-12,equal_weight,-0.09462000000000001
confirmation,2020-03-13,equal_weight,0.08432
confirmation,2020-03-16,equal_weight,-0.11552000000000001
confirmation,2020-03-17,equal_weight,0.05936000000000001
confirmation,2020-03-18,equal_weight,-0.05414
confirmation,2020-03-19,equal_weight,0.009420000000000001
confirmation,2020-03-20,equal_weight,-0.04310000000000001
confirmation,2020-03-23,equal_weight,-0.02994
confirmation,2020-03-24,equal_weight,0.093
confirmation,2020-03-25,equal_weight,0.014280000000000001
confirmation,2020-03-26,equal_weight,0.06092
confirmation,2020-03-27,equal_weight,-0.03178
confirmation,2020-03-30,equal_weight,0.0325
confirmation,2020-03-31,equal_weight,-0.013700000000000002
confirmation,2020-04-01,localized,-0.04355266204142983
confirmation,2020-04-02,localized,0.019436034594735092
confirmation,2020-04-03,localized,-0.01725110577542356
confirmation,2020-04-06,localized,0.07711152550356412
confirmation,2020-04-07,localized,-0.0036936674823457643
confirmation,2020-04-08,localized,0.025628656527412766
confirmation,2020-04-09,localized,0.006031145348165964
confirmation,2020-04-13,localized,0.0015118904550352754
confirmation,2020-04-14,localized,0.03909251181936323
confirmation,2020-04-15,localized,-0.015740737620684286
confirmation,2020-04-16,localized,0.01161661018539112
confirmation,2020-04-17,localized,0.013860330745270898
confirmation,2020-04-20,localized,-0.013642980394254926
confirmation,2020-04-21,localized,-0.03789377617453815
confirmation,2020-04-22,localized,0.03241450391056308
confirmation,2020-04-23,localized,-0.0024957766551661122
confirmation,2020-04-24,localized,0.017383187231593593
confirmation,2020-04-27,localized,0.010941173685553432
confirmation,2020-04-28,localized,-0.013166059520407314
confirmation,2020-04-29,localized,0.038731078695611085
confirmation,2020-04-30,localized,-0.0033794314681344813
confirmation,2020-04-01,all_gene,-0.032039640216538025
confirmation,2020-04-02,all_gene,0.010245669375516984
confirmation,2020-04-03,all_gene,-0.005723896388530402
confirmation,2020-04-06,all_gene,0.06150232802312818
confirmation,2020-04-07,all_gene,0.005970619449164845
confirmation,2020-04-08,all_gene,0.022248454328368812
confirmation,2020-04-09,all_gene,0.01590741038838116
confirmation,2020-04-13,all_gene,0.005442495117245656
confirmation,2020-04-14,all_gene,0.04036377898225792
confirmation,2020-04-15,all_gene,-0.016110705900320266
confirmation,2020-04-16,all_gene,0.016775444641895846
confirmation,2020-04-17,all_gene,0.0156509583336858
confirmation,2020-04-20,all_gene,-0.012891173325507281
confirmation,2020-04-21,all_gene,-0.027005909730151493
confirmation,2020-04-22,all_gene,0.018193234576648825
confirmation,2020-04-23,all_gene,-0.002479067265749534
confirmation,2020-04-24,all_gene,0.01599500974882923
confirmation,2020-04-27,all_gene,0.0137165097566599
confirmation,2020-04-28,all_gene,-0.0008232033868604691
confirmation,2020-04-29,all_gene,0.012521301712204107
confirmation,2020-04-30,all_gene,-0.005425741636650783
confirmation,2020-04-01,random,-0.04338027233234126
confirmation,2020-04-02,random,0.019425115453192195
confirmation,2020-04-03,random,-0.01635720172979771
confirmation,2020-04-06,random,0.07426108200782358
confirmation,2020-04-07,random,-0.0026524747960774663
confirmation,2020-04-08,random,0.0277372857109802
confirmation,2020-04-09,random,0.009333131724135161
confirmation,2020-04-13,random,-0.0012583638312494696
confirmation,2020-04-14,random,0.036817626339622996
confirmation,2020-04-15,random,-0.016969359275612293
confirmation,2020-04-16,random,0.010868513224381794
confirmation,2020-04-17,random,0.017360142674464833
confirmation,2020-04-20,random,-0.013370254381518634
confirmation,2020-04-21,random,-0.03563045996790755
confirmation,2020-04-22,random,0.02859659837084517
confirmation,2020-04-23,random,-0.0013225775563527422
confirmation,2020-04-24,random,0.01676658352211861
confirmation,2020-04-27,random,0.013074302945833054
confirmation,2020-04-28,random,-0.010945508168345892
confirmation,2020-04-29,random,0.034386877200341545
confirmation,2020-04-30,random,-0.0056592669152946175
confirmation,2020-04-01,min_variance,-0.03579847597338073
confirmation,2020-04-02,min_variance,0.02127433119462639
confirmation,2020-04-03,min_variance,-0.00619721486996282
confirmation,2020-04-06,min_variance,0.05616624048585345
confirmation,2020-04-07,min_variance,-0.002769062252071499
confirmation,2020-04-08,min_variance,0.029251410883109057
confirmation,2020-04-09,min_variance,0.013097516187482313
confirmation,2020-04-13,min_variance,-0.0012350014204054282
confirmation,2020-04-14,min_variance,0.03818513376107474
confirmation,2020-04-15,min_variance,-0.013207113483852709
confirmation,2020-04-16,min_variance,0.01774922838811084
confirmation,2020-04-17,min_variance,0.02228980006859064
confirmation,2020-04-20,min_variance,-0.006888220208631399
confirmation,2020-04-21,min_variance,-0.028808054072592078
confirmation,2020-04-22,min_variance,0.01702476485281517
confirmation,2020-04-23,min_variance,0.0015229203115173378
confirmation,2020-04-24,min_variance,0.0156835905372964
confirmation,2020-04-27,min_variance,0.012795972963703977
confirmation,2020-04-28,min_variance,-0.011060706861959955
confirmation,2020-04-29,min_variance,0.011053556741926358
confirmation,2020-04-30,min_variance,-0.007072450017147661
confirmation,2020-04-01,equal_weight,-0.04396
confirmation,2020-04-02,equal_weight,0.023280000000000002
confirmation,2020-04-03,equal_weight,-0.01508
confirmation,2020-04-06,equal_weight,0.06758
confirmation,2020-04-07,equal_weight,-0.0014400000000000005
confirmation,2020-04-08,equal_weight,0.0359
confirmation,2020-04-09,equal_weight,0.01648
confirmation,2020-04-13,equal_weight,-0.01044
confirmation,2020-04-14,equal_weight,0.02972
confirmation,2020-04-15,equal_weight,-0.02164
confirmation,2020-04-16,equal_weight,0.006100000000000001
confirmation,2020-04-17,equal_weight,0.030600000000000002
confirmation,2020-04-20,equal_weight,-0.0155
confirmation,2020-04-21,equal_weight,-0.02902
confirmation,2020-04-22,equal_weight,0.02088
confirmation,2020-04-23,equal_weight,0.00206
confirmation,2020-04-24,equal_weight,0.013560000000000003
confirmation,2020-04-27,equal_weight,0.01728
confirmation,2020-04-28,equal_weight,-0.0038200000000000005
confirmation,2020-04-29,equal_weight,0.02518
confirmation,2020-04-30,equal_weight,-0.01278
confirmation,2020-05-01,localized,-0.026519815031310227
confirmation,2020-05-04,localized,0.009609094090936968
confirmation,2020-05-05,localized,0.012438487764039892
confirmation,2020-05-06,localized,0.004291111936747315
confirmation,2020-05-07,localized,0.01443223076902445
confirmation,2020-05-08,localized,0.015300773819447704
confirmation,2020-05-11,localized,0.006382989043901172
confirmation,2020-05-12,localized,-0.02019008071337318
confirmation,2020-05-13,localized,-0.017607954506549995
confirmation,2020-05-14,localized,0.010100652325711596
confirmation,2020-05-15,localized,0.007271554357355972
confirmation,2020-05-18,localized,0.023407210461038393
confirmation,2020-05-19,localized,-0.004013348869355498
confirmation,2020-05-20,localized,0.02093663771281312
confirmation,2020-05-21,localized,-0.0089633122787113
confirmation,2020-05-22,localized,0.0060470029573617985
confirmation,2020-05-26,localized,0.0013766811312558795
confirmation,2020-05-27,localized,0.007802084514430892
confirmation,2020-05-28,localized,-0.003628548850743957
confirmation,2020-05-29,localized,0.011670733673338212
confirmation,2020-05-01,all_gene,-0.035155524203967385
confirmation,2020-05-04,all_gene,0.007389371199538492
confirmation,2020-05-05,all_gene,0.004547540630317698
confirmation,2020-05-06,all_gene,0.0006688674493137125
confirmation,2020-05-07,all_gene,0.006296410445627436
confirmation,2020-05-08,all_gene,0.02006922536020143
confirmation,2020-05-11,all_gene,0.0015518533729882193
confirmation,2020-05-12,all_gene,-0.01760540253897498
confirmation,2020-05-13,all_gene,-0.012801751230464396
confirmation,2020-05-14,all_gene,0.007601017202118151
confirmation,2020-05-15,all_gene,0.00939453462652432
confirmation,2020-05-18,all_gene,0.024483135569992726
confirmation,2020-05-19,all_gene,-0.006529165666866636
confirmation,2020-05-20,all_gene,0.012887842044232083
confirmation,2020-05-21,all_gene,-0.003713157956305212
confirmation,2020-05-22,all_gene,-0.0005897130197464635
confirmation,2020-05-26,all_gene,0.009267703564899601
confirmation,2020-05-27,all_gene,0.013689656854012135
confirmation,2020-05-28,all_gene,-0.003868310480790183
confirmation,2020-05-29,all_gene,0.006613746370646294
confirmation,2020-05-01,random,-0.027235774830051043
confirmation,2020-05-04,random,0.006799588612161483
confirmation,2020-05-05,random,0.013361709987931736
confirmation,2020-05-06,random,-0.003653831431624748
confirmation,2020-05-07,random,0.007182962063985082
confirmation,2020-05-08,random,0.015278597936085717
confirmation,2020-05-11,random,0.010206957047564693
confirmation,2020-05-12,random,-0.01866080592863787
confirmation,2020-05-13,random,-0.014293157276571922
confirmation,2020-05-14,random,0.0076900898937360684
confirmation,2020-05-15,random,0.007924873650644369
confirmation,2020-05-18,random,0.022628070752897824
confirmation,2020-05-19,random,-0.010437081784181927
confirmation,2020-05-20,random,0.012891140316229146
confirmation,2020-05-21,random,-0.006822045452347482
confirmation,2020-05-22,random,0.0025486657742933515
confirmation,2020-05-26,random,0.002457399548150713
confirmation,2020-05-27,random,0.01041696310831936
confirmation,2020-05-28,random,0.0014272130083096007
confirmation,2020-05-29,random,0.009824499514961636
confirmation,2020-05-01,min_variance,-0.02817426876371023
confirmation,2020-05-04,min_variance,0.006784185726105124
confirmation,2020-05-05,min_variance,0.012373625359084497
confirmation,2020-05-06,min_variance,-0.002423058103324021
confirmation,2020-05-07,min_variance,0.00418863677521757
confirmation,2020-05-08,min_variance,0.014601658268795744
confirmation,2020-05-11,min_variance,0.01188086918851363
confirmation,2020-05-12,min_variance,-0.017556013266150368
confirmation,2020-05-13,min_variance,-0.011568371452210251
confirmation,2020-05-14,min_variance,0.006368371452210249
confirmation,2020-05-15,min_variance,0.009575946935398531
confirmation,2020-05-18,min_variance,0.018561790930299412
confirmation,2020-05-19,min_variance,-0.010062925441820358
confirmation,2020-05-20,min_variance,0.009908902098224889
confirmation,2020-05-21,min_variance,-0.005591429555534266
confirmation,2020-05-22,min_variance,0.0009835224185868277
confirmation,2020-05-26,min_variance,0.0010304940362688031
confirmation,2020-05-27,min_variance,0.010137074558179646
confirmation,2020-05-28,min_variance,0.0021701692712494977
confirmation,2020-05-29,min_variance,0.010118938707970723
confirmation,2020-05-01,equal_weight,-0.02898
confirmation,2020-05-04,equal_weight,0.004780000000000001
confirmation,2020-05-05,equal_weight,0.009700000000000002
confirmation,2020-05-06,equal_weight,-0.00756
confirmation,2020-05-07,equal_weight,0.011040000000000001
confirmation,2020-05-08,equal_weight,0.01948
confirmation,2020-05-11,equal_weight,0.0012799999999999995
confirmation,2020-05-12,equal_weight,-0.020500000000000004
confirmation,2020-05-13,equal_weight,-0.01836
confirmation,2020-05-14,equal_weight,0.010860000000000002
confirmation,2020-05-15,equal_weight,0.00524
confirmation,2020-05-18,equal_weight,0.03332
confirmation,2020-05-19,equal_weight,-0.01202
confirmation,2020-05-20,equal_weight,0.01624
confirmation,2020-05-21,equal_weight,-0.006500000000000001
confirmation,2020-05-22,equal_weight,0.00206
confirmation,2020-05-26,equal_weight,0.01284
confirmation,2020-05-27,equal_weight,0.01606
confirmation,2020-05-28,equal_weight,-0.0026600000000000005
confirmation,2020-05-29,equal_weight,0.0053
confirmation,2020-06-01,localized,0.002729404034037514
confirmation,2020-06-02,localized,0.007079424148136266
confirmation,2020-06-03,localized,0.006806261992153172
confirmation,2020-06-04,localized,-0.008744268208871097
confirmation,2020-06-05,localized,0.020788415739327226
confirmation,2020-06-08,localized,0.008132130943841027
confirmation,2020-06-09,localized,0.00020940891208163454
confirmation,2020-06-10,localized,0.009443064120574985
confirmation,2020-06-11,localized,-0.05468218963273775
confirmation,2020-06-12,localized,0.011781278239496564
confirmation,2020-06-15,localized,0.011252188143010903
confirmation,2020-06-16,localized,0.01899173905048691
confirmation,2020-06-17,localized,-0.0009343360217711207
confirmation,2020-06-18,localized,0.0032085015718738394
confirmation,2020-06-19,localized,-0.0028736891791060534
confirmation,2020-06-22,localized,0.012393938634717582
confirmation,2020-06-23,localized,0.005627640960971883
confirmation,2020-06-24,localized,-0.02290090107593836
confirmation,2020-06-25,localized,0.010269021376009144
confirmation,2020-06-26,localized,-0.023693780004384664
confirmation,2020-06-29,localized,0.012915330597277183
confirmation,2020-06-30,localized,0.017158467430064026
confirmation,2020-06-01,all_gene,0.008256255968523635
confirmation,2020-06-02,all_gene,0.005505463616109042
confirmation,2020-06-03,all_gene,0.009722183753351387
confirmation,2020-06-04,all_gene,-0.00334586665008996
confirmation,2020-06-05,all_gene,0.018368822678427137
confirmation,2020-06-08,all_gene,0.01475562356092304
confirmation,2020-06-09,all_gene,-0.00305965809185245
confirmation,2020-06-10,all_gene,-0.0026863021757242258
confirmation,2020-06-11,all_gene,-0.04508450335322802
confirmation,2020-06-12,all_gene,0.002357823814067776
confirmation,2020-06-15,all_gene,0.011267711362273253
confirmation,2020-06-16,all_gene,0.01893447183166659
confirmation,2020-06-17,all_gene,-0.0003156272936868219
confirmation,2020-06-18,all_gene,0.00019652827770939846
confirmation,2020-06-19,all_gene,-0.002787960301694972
confirmation,2020-06-22,all_gene,0.006442303291666512
confirmation,2020-06-23,all_gene,0.004880231913585193
confirmation,2020-06-24,all_gene,-0.0196544928203396
confirmation,2020-06-25,all_gene,0.004955879079938278
confirmation,2020-06-26,all_gene,-0.019270526477300636
confirmation,2020-06-29,all_gene,0.01572928121946575
confirmation,2020-06-30,all_gene,0.015615972319966634
confirmation,2020-06-01,random,-0.00788141303097752
confirmation,2020-06-02,random,0.006128009889205955
confirmation,2020-06-03,random,0.0003945766554208129
confirmation,2020-06-04,random,-0.009243624044636274
confirmation,2020-06-05,random,0.014790019596716124
confirmation,2020-06-08,random,0.00897931372922083
confirmation,2020-06-09,random,-0.008556741507082986
confirmation,2020-06-10,random,0.0010469915376093415
confirmation,2020-06-11,random,-0.05463862746355313
confirmation,2020-06-12,random,0.009284735203499667
confirmation,2020-06-15,random,0.00782611842651644
confirmation,2020-06-16,random,0.022693675330854726
confirmation,2020-06-17,random,-0.001786593343523305
confirmation,2020-06-18,random,0.00021033162365690313
confirmation,2020-06-19,random,0.009529695655806891
confirmation,2020-06-22,random,0.001113948175509005
confirmation,2020-06-23,random,0.0029081012910063173
confirmation,2020-06-24,random,-0.025533961870116088
confirmation,2020-06-25,random,0.011360934660548364
confirmation,2020-06-26,random,-0.01635922048197034
confirmation,2020-06-29,random,0.007602714525523817
confirmation,2020-06-30,random,0.017588087057925375
confirmation,2020-06-01,min_variance,-0.0005766046998700448
confirmation,2020-06-02,min_variance,0.005546848119593865
confirmation,2020-06-03,min_variance,0.003756592572391727
confirmation,2020-06-04,min_variance,-0.006766760849945833
confirmation,2020-06-05,min_variance,0.015401720345992796
confirmation,2020-06-08,min_variance,0.01180172034599279
confirmation,2020-06-09,min_variance,-0.005951431534413346
confirmation,2020-06-10,min_variance,-0.0005918346182761838
confirmation,2020-06-11,min_variance,-0.048841545806696744
confirmation,2020-06-12,min_variance,0.004923494697256312
confirmation,2020-06-15,min_variance,0.009285530857463907
confirmation,2020-06-16,min_variance,0.021195557860099266
confirmation,2020-06-17,min_variance,-0.000768481195938628
confirmation,2020-06-18,min_variance,-3.424059796931206e-05
confirmation,2020-06-19,min_variance,0.004736243493799602
confirmation,2020-06-22,min_variance,0.0029863910304603067
confirmation,2020-06-23,min_variance,0.0036819488905595723
confirmation,2020-06-24,min_variance,-0.02227034281685017
confirmation,2020-06-25,min_variance,0.0078045834148194855
confirmation,2020-06-26,min_variance,-0.016723353422337557
confirmation,2020-06-29,min_variance,0.011068339921019878
confirmation,2020-06-30,min_variance,0.01667750675065884
confirmation,2020-06-01,equal_weight,0.00374
confirmation,2020-06-02,equal_weight,0.0083
confirmation,2020-06-03,equal_weight,0.013920000000000002
confirmation,2020-06-04,equal_weight,-0.0032400000000000007
confirmation,2020-06-05,equal_weight,0.02484
confirmation,2020-06-08,equal_weight,0.014160000000000002
confirmation,2020-06-09,equal_weight,-0.010400000000000001
confirmation,2020-06-10,equal_weight,-0.00766
confirmation,2020-06-11,equal_weight,-0.0591
confirmation,2020-06-12,equal_weight,0.012240000000000001
confirmation,2020-06-15,equal_weight,0.00984
confirmation,2020-06-16,equal_weight,0.019459999999999998
confirmation,2020-06-17,equal_weight,-0.004600000000000001
confirmation,2020-06-18,equal_weight,0.00096
confirmation,2020-06-19,equal_weight,-0.00338
confirmation,2020-06-22,equal_weight,0.005040000000000001
confirmation,2020-06-23,equal_weight,0.00338
confirmation,2020-06-24,equal_weight,-0.026660000000000003
confirmation,2020-06-25,equal_weight,0.01084
confirmation,2020-06-26,equal_weight,-0.02282
confirmation,2020-06-29,equal_weight,0.015400000000000004
confirmation,2020-06-30,equal_weight,0.01552
confirmation,2020-07-01,localized,0.006844039865743466
confirmation,2020-07-02,localized,0.004219708087984261
confirmation,2020-07-06,localized,0.017676170267824
confirmation,2020-07-07,localized,-0.007588825359376026
confirmation,2020-07-08,localized,0.014344991274264309
confirmation,2020-07-09,localized,0.003130597453177123
confirmation,2020-07-10,localized,0.002410633753186431
confirmation,2020-07-13,localized,-0.02109562480508326
confirmation,2020-07-14,localized,0.011788699864809847
confirmation,2020-07-15,localized,0.007234520517813024
confirmation,2020-07-16,localized,-0.0074425391071741955
confirmation,2020-07-17,localized,0.005570775852090833
confirmation,2020-07-20,localized,0.02105916570144861
confirmation,2020-07-21,localized,-0.007145683858438206
confirmation,2020-07-22,localized,0.005082092979477099
confirmation,2020-07-23,localized,-0.021464356260752458
confirmation,2020-07-24,localized,-0.009469648440193391
confirmation,2020-07-27,localized,0.013986772393588033
confirmation,2020-07-28,localized,-0.010784599350876379
confirmation,2020-07-29,localized,0.014652835369971022
confirmation,2020-07-30,localized,0.004134650117813709
confirmation,2020-07-31,localized,0.017386127543393796
confirmation,2020-07-01,all_gene,0.011727163653031707
confirmation,2020-07-02,all_gene,0.006307382351255951
confirmation,2020-07-06,all_gene,0.026733517777174448
confirmation,2020-07-07,all_gene,-0.00526954432219491
confirmation,2020-07-08,all_gene,0.005070592748233882
confirmation,2020-07-09,all_gene,0.0036719871230452223
confirmation,2020-07-10,all_gene,0.017317128000015378
confirmation,2020-07-13,all_gene,-0.013748876417666034
confirmation,2020-07-14,all_gene,0.011009933124007878
confirmation,2020-07-15,all_gene,0.0042005900628277765
confirmation,2020-07-16,all_gene,-0.0011437995778357643
confirmation,2020-07-17,all_gene,-0.001641218399402355
confirmation,2020-07-20,all_gene,0.020755471297263923
confirmation,2020-07-21,all_gene,0.0005106096580570465
confirmation,2020-07-22,all_gene,0.005211577320270276
confirmation,2020-07-23,all_gene,-0.012827140025450203
confirmation,2020-07-24,all_gene,-0.0022612723089016637
confirmation,2020-07-27,all_gene,0.012283220974700599
confirmation,2020-07-28,all_gene,-0.01020471965095336
confirmation,2020-07-29,all_gene,0.009829709135272199
confirmation,2020-07-30,all_gene,-0.00260407622828385
confirmation,2020-07-31,all_gene,0.004625160577928506
confirmation,2020-07-01,random,0.005341684608759792
confirmation,2020-07-02,random,0.004412032393548856
confirmation,2020-07-06,random,0.017504817115444
confirmation,2020-07-07,random,-0.00846256606027377
confirmation,2020-07-08,random,0.011703216997990026
confirmation,2020-07-09,random,-0.0006398836666206015
confirmation,2020-07-10,random,0.0062093949526785975
confirmation,2020-07-13,random,-0.016350489155253993
confirmation,2020-07-14,random,0.012408002346144083
confirmation,2020-07-15,random,0.009821069799017186
confirmation,2020-07-16,random,-0.005844870683002294
confirmation,2020-07-17,random,0.004643835361602767
confirmation,2020-07-20,random,0.01631799269887968
confirmation,2020-07-21,random,-0.003821099568643959
confirmation,2020-07-22,random,0.0049243658382527485
confirmation,2020-07-23,random,-0.016890957686122095
confirmation,2020-07-24,random,-0.00867618215044082
confirmation,2020-07-27,random,0.011679320886449863
confirmation,2020-07-28,random,-0.009341027104183015
confirmation,2020-07-29,random,0.013996176073692091
confirmation,2020-07-30,random,0.0008707996868868833
confirmation,2020-07-31,random,0.011341454086497133
confirmation,2020-07-01,min_variance,0.009805834456552306
confirmation,2020-07-02,min_variance,0.006569238414266307
confirmation,2020-07-06,min_variance,0.018249751536345057
confirmation,2020-07-07,min_variance,-0.00404355406675724
confirmation,2020-07-08,min_variance,0.004067919411979161
confirmation,2020-07-09,min_variance,-0.00010395700686143977
confirmation,2020-07-10,min_variance,0.00795229015545737
confirmation,2020-07-13,min_variance,-0.008963962405117723
confirmation,2020-07-14,min_variance,0.014534718592595131
confirmation,2020-07-15,min_variance,0.010551468080480115
confirmation,2020-07-16,min_variance,-0.0025808112784646833
confirmation,2020-07-17,min_variance,0.006850248463654947
confirmation,2020-07-20,min_variance,0.013192085986277125
confirmation,2020-07-21,min_variance,-0.002675734040240055
confirmation,2020-07-22,min_variance,0.005603857621399459
confirmation,2020-07-23,min_variance,-0.0106114734787364
confirmation,2020-07-24,min_variance,-0.007484768285326121
confirmation,2020-07-27,min_variance,0.011941015447644926
confirmation,2020-07-28,min_variance,-0.007158885166893097
confirmation,2020-07-29,min_variance,0.007387108133514478
confirmation,2020-07-30,min_variance,-0.002600000000000001
confirmation,2020-07-31,min_variance,-0.001033498975769964
confirmation,2020-07-01,equal_weight,0.0037
confirmation,2020-07-02,equal_weight,0.005840000000000001
confirmation,2020-07-06,equal_weight,0.015000000000000003
confirmation,2020-07-07,equal_weight,-0.009859999999999999
confirmation,2020-07-08,equal_weight,0.006740000000000001
confirmation,2020-07-09,equal_weight,-0.007599999999999999
confirmation,2020-07-10,equal_weight,0.01178
confirmation,2020-07-13,equal_weight,-0.008700000000000001
confirmation,2020-07-14,equal_weight,0.01494
confirmation,2020-07-15,equal_weight,0.01278
confirmation,2020-07-16,equal_weight,-0.00284
confirmation,2020-07-17,equal_weight,0.00404
confirmation,2020-07-20,equal_weight,0.006740000000000001
confirmation,2020-07-21,equal_weight,0.0033
confirmation,2020-07-22,equal_weight,0.005200000000000001
confirmation,2020-07-23,equal_weight,-0.009260000000000001
confirmation,2020-07-24,equal_weight,-0.00762
confirmation,2020-07-27,equal_weight,0.0079
confirmation,2020-07-28,equal_weight,-0.00698
confirmation,2020-07-29,equal_weight,0.012140000000000001
confirmation,2020-07-30,equal_weight,-0.0045000000000000005
confirmation,2020-07-31,equal_weight,0.0021000000000000003
confirmation,2020-08-03,localized,0.018080091080193948
confirmation,2020-08-04,localized,0.0012331236921967069
confirmation,2020-08-05,localized,0.0034445084218595614
confirmation,2020-08-06,localized,0.012331220297540836
confirmation,2020-08-07,localized,-0.009696782614555246
confirmation,2020-08-10,localized,-0.004276098178532931
confirmation,2020-08-11,localized,-0.016144516125437207
confirmation,2020-08-12,localized,0.019221915940765267
confirmation,2020-08-13,localized,0.0031227947205958255
confirmation,2020-08-14,localized,-0.00226027303367119
confirmation,2020-08-17,localized,0.0060920569042495635
confirmation,2020-08-18,localized,0.005610335741315393
confirmation,2020-08-19,localized,-0.003058474777837633
confirmation,2020-08-20,localized,0.011033615940425512
confirmation,2020-08-21,localized,0.006293997531174667
confirmation,2020-08-24,localized,0.006058170185319656
confirmation,2020-08-25,localized,0.006253337654807942
confirmation,2020-08-26,localized,0.020719169620500247
confirmation,2020-08-27,localized,-0.003133490764561064
confirmation,2020-08-28,localized,0.007094942497113873
confirmation,2020-08-31,localized,0.0036162657297320513
confirmation,2020-08-03,all_gene,9.287726990706633e-05
confirmation,2020-08-04,all_gene,0.009115648437437162
confirmation,2020-08-05,all_gene,0.007170566029428237
confirmation,2020-08-06,all_gene,0.0019459040425865823
confirmation,2020-08-07,all_gene,-0.0010771682778614267
confirmation,2020-08-10,all_gene,0.0026478772888456755
confirmation,2020-08-11,all_gene,-0.007919475940368783
confirmation,2020-08-12,all_gene,0.01996226337876867
confirmation,2020-08-13,all_gene,0.0011979243105799998
confirmation,2020-08-14,all_gene,0.0011634631698826017
confirmation,2020-08-17,all_gene,0.0152802055789664
confirmation,2020-08-18,all_gene,0.01042447443352149
confirmation,2020-08-19,all_gene,-0.007779096376367694
confirmation,2020-08-20,all_gene,0.00277806122077461
confirmation,2020-08-21,all_gene,0.0023701249392301693
confirmation,2020-08-24,all_gene,0.007913288073758141
confirmation,2020-08-25,all_gene,0.002834985506463572
confirmation,2020-08-26,all_gene,0.01409194307412978
confirmation,2020-08-27,all_gene,0.0019267026833565235
confirmation,2020-08-28,all_gene,0.005173530381011875
confirmation,2020-08-31,all_gene,0.007387908274845272
confirmation,2020-08-03,random,0.013199864337894844
confirmation,2020-08-04,random,0.0004988609140854808
confirmation,2020-08-05,random,0.004255371439366263
confirmation,2020-08-06,random,0.002614956924781498
confirmation,2020-08-07,random,-0.0023837497836647916
confirmation,2020-08-10,random,-0.003034350724186547
confirmation,2020-08-11,random,-0.011866014794446876
confirmation,2020-08-12,random,0.01657799336289882
confirmation,2020-08-13,random,0.0015589039026479182
confirmation,2020-08-14,random,-0.002432605827838388
confirmation,2020-08-17,random,0.009577671305752643
confirmation,2020-08-18,random,0.0031179214726875597
confirmation,2020-08-19,random,-0.004357054417467902
confirmation,2020-08-20,random,0.004328107649933579
confirmation,2020-08-21,random,0.0018823554465220852
confirmation,2020-08-24,random,0.0021189084324796286
confirmation,2020-08-25,random,0.0063112278551320745
confirmation,2020-08-26,random,0.009223630545280232
confirmation,2020-08-27,random,0.0019460534025815695
confirmation,2020-08-28,random,0.004418823435881224
confirmation,2020-08-31,random,0.004357581482556588
confirmation,2020-08-03,min_variance,0.007268351100655485
confirmation,2020-08-04,min_variance,0.003009138918389435
confirmation,2020-08-05,min_variance,0.004926793196596122
confirmation,2020-08-06,min_variance,-0.002014386482606853
confirmation,2020-08-07,min_variance,0.00039934916820256116
confirmation,2020-08-10,min_variance,-0.0013143864826068495
confirmation,2020-08-11,min_variance,-0.009447715270402644
confirmation,2020-08-12,min_variance,0.01743659658339563
confirmation,2020-08-13,min_variance,0.0011516338977999164
confirmation,2020-08-14,min_variance,-0.0015085017232046231
confirmation,2020-08-17,min_variance,0.014187579649398104
confirmation,2020-08-18,min_variance,0.005179728757990919
confirmation,2020-08-19,min_variance,-0.006349016933997525
confirmation,2020-08-20,min_variance,0.0013006508317974393
confirmation,2020-08-21,min_variance,0.00022352540099628503
confirmation,2020-08-24,min_variance,0.001422210100788775
confirmation,2020-08-25,min_variance,0.00546013562100454
confirmation,2020-08-26,min_variance,0.00646142364798679
confirmation,2020-08-27,min_variance,0.0038346440880033025
confirmation,2020-08-28,min_variance,0.0031686237075965345
confirmation,2020-08-31,min_variance,0.006819606773599008
confirmation,2020-08-03,equal_weight,0.008060000000000001
confirmation,2020-08-04,equal_weight,0.004
confirmation,2020-08-05,equal_weight,0.00804
confirmation,2020-08-06,equal_weight,0.00222
confirmation,2020-08-07,equal_weight,0.00282
confirmation,2020-08-10,equal_weight,0.0035600000000000002
confirmation,2020-08-11,equal_weight,-0.007140000000000002
confirmation,2020-08-12,equal_weight,0.013199999999999998
confirmation,2020-08-13,equal_weight,-0.0010200000000000003
confirmation,2020-08-14,equal_weight,-0.00036000000000000013
confirmation,2020-08-17,equal_weight,0.004960000000000001
confirmation,2020-08-18,equal_weight,0.0010600000000000004
confirmation,2020-08-19,equal_weight,-0.0041199999999999995
confirmation,2020-08-20,equal_weight,0.0005400000000000008
confirmation,2020-08-21,equal_weight,0.00124
confirmation,2020-08-24,equal_weight,0.00874
confirmation,2020-08-25,equal_weight,0.00288
confirmation,2020-08-26,equal_weight,0.0058200000000000005
confirmation,2020-08-27,equal_weight,0.0030800000000000003
confirmation,2020-08-28,equal_weight,0.00636
confirmation,2020-08-31,equal_weight,-0.0009599999999999995
confirmation,2020-09-01,localized,0.0169357692898297
confirmation,2020-09-02,localized,0.011723186852144504
confirmation,2020-09-03,localized,-0.051195137976307634
confirmation,2020-09-04,localized,-0.01489007647268071
confirmation,2020-09-08,localized,-0.0360747696844256
confirmation,2020-09-09,localized,0.026072346681274162
confirmation,2020-09-10,localized,-0.018472953762844094
confirmation,2020-09-11,localized,-0.004805298423110001
confirmation,2020-09-14,localized,0.015836943334226836
confirmation,2020-09-15,localized,0.01141453594573545
confirmation,2020-09-16,localized,-0.012174037439830787
confirmation,2020-09-17,localized,-0.010418948750268713
confirmation,2020-09-18,localized,-0.012115828248553992
confirmation,2020-09-21,localized,0.00048102632095714504
confirmation,2020-09-22,localized,0.015799364484023342
confirmation,2020-09-23,localized,-0.027472459313441173
confirmation,2020-09-24,localized,0.003462331934517989
confirmation,2020-09-25,localized,0.021632261307009286
confirmation,2020-09-28,localized,0.015520660469936363
confirmation,2020-09-29,localized,-0.0010402099224158766
confirmation,2020-09-30,localized,0.006618972156373282
confirmation,2020-09-01,all_gene,0.006358968858597576
confirmation,2020-09-02,all_gene,0.009417822612371687
confirmation,2020-09-03,all_gene,-0.034889820100595104
confirmation,2020-09-04,all_gene,-0.00859556896335303
confirmation,2020-09-08,all_gene,-0.03486272466451762
confirmation,2020-09-09,all_gene,0.024589430105656992
confirmation,2020-09-10,all_gene,-0.014702598370238157
confirmation,2020-09-11,all_gene,-0.002088333254807679
confirmation,2020-09-14,all_gene,0.013719398963929923
confirmation,2020-09-15,all_gene,0.011185237968947787
confirmation,2020-09-16,all_gene,-0.009177824942265888
confirmation,2020-09-17,all_gene,-0.013177112795793203
confirmation,2020-09-18,all_gene,-0.008282590869178149
confirmation,2020-09-21,all_gene,-0.006226154703713216
confirmation,2020-09-22,all_gene,0.015473547648239345
confirmation,2020-09-23,all_gene,-0.028470522816188042
confirmation,2020-09-24,all_gene,0.003976790610366173
confirmation,2020-09-25,all_gene,0.014705299506515928
confirmation,2020-09-28,all_gene,0.019874553825535365
confirmation,2020-09-29,all_gene,-0.006986311600601544
confirmation,2020-09-30,all_gene,0.009605611193318384
confirmation,2020-09-01,random,0.012630146319766437
confirmation,2020-09-02,random,0.012117454619110579
confirmation,2020-09-03,random,-0.0452393074979927
confirmation,2020-09-04,random,-0.012430206760482641
confirmation,2020-09-08,random,-0.03372549869753876
confirmation,2020-09-09,random,0.02448501605533878
confirmation,2020-09-10,random,-0.017632667142162693
confirmation,2020-09-11,random,-0.0029384802113283886
confirmation,2020-09-14,random,0.01558676683190506
confirmation,2020-09-15,random,0.009944475724754417
confirmation,2020-09-16,random,-0.009319370277877497
confirmation,2020-09-17,random,-0.009641821375783292
confirmation,2020-09-18,random,-0.010951235989084315
confirmation,2020-09-21,random,-0.003480844834465224
confirmation,2020-09-22,random,0.014310373803491568
confirmation,2020-09-23,random,-0.026383478538851292
confirmation,2020-09-24,random,0.0030928349471634835
confirmation,2020-09-25,random,0.019393828235741626
confirmation,2020-09-28,random,0.015737338586652338
confirmation,2020-09-29,random,-0.0024401871502641014
confirmation,2020-09-30,random,0.007120985735415837
confirmation,2020-09-01,min_variance,-0.0027724066792101463
confirmation,2020-09-02,min_variance,0.013647831210191228
confirmation,2020-09-03,min_variance,-0.032583001158077524
confirmation,2020-09-04,min_variance,-0.007634583815865634
confirmation,2020-09-08,min_variance,-0.025969900296757095
confirmation,2020-09-09,min_variance,0.02228300115807752
confirmation,2020-09-10,min_variance,-0.015279249710480627
confirmation,2020-09-11,min_variance,0.0006031653155762328
confirmation,2020-09-14,min_variance,0.018527080920671853
confirmation,2020-09-15,min_variance,0.00791758497394315
confirmation,2020-09-16,min_variance,-0.004131565033294565
confirmation,2020-09-17,min_variance,-0.007793669368847537
confirmation,2020-09-18,min_variance,-0.003859085552981905
confirmation,2020-09-21,min_variance,-0.012282121960046525
confirmation,2020-09-22,min_variance,0.009224794803126607
confirmation,2020-09-23,min_variance,-0.02135592023740568
confirmation,2020-09-24,min_variance,-0.0017924971048062137
confirmation,2020-09-25,min_variance,0.01605158265778812
confirmation,2020-09-28,min_variance,0.013673065612333326
confirmation,2020-09-29,min_variance,-0.00362104335552971
confirmation,2020-09-30,min_variance,0.011144665894614995
confirmation,2020-09-01,equal_weight,0.0048000000000000004
confirmation,2020-09-02,equal_weight,0.01386
confirmation,2020-09-03,equal_weight,-0.0323
confirmation,2020-09-04,equal_weight,-0.006840000000000001
confirmation,2020-09-08,equal_weight,-0.02624
confirmation,2020-09-09,equal_weight,0.0194
confirmation,2020-09-10,equal_weight,-0.016040000000000002
confirmation,2020-09-11,equal_weight,0.0013200000000000004
confirmation,2020-09-14,equal_weight,0.01634
confirmation,2020-09-15,equal_weight,0.0043
confirmation,2020-09-16,equal_weight,-0.0012200000000000004
confirmation,2020-09-17,equal_weight,-0.007000000000000001
confirmation,2020-09-18,equal_weight,-0.007640000000000001
confirmation,2020-09-21,equal_weight,-0.0142
confirmation,2020-09-22,equal_weight,0.00816
confirmation,2020-09-23,equal_weight,-0.02268
confirmation,2020-09-24,equal_weight,0.0014000000000000002
confirmation,2020-09-25,equal_weight,0.015719999999999998
confirmation,2020-09-28,equal_weight,0.01554
confirmation,2020-09-29,equal_weight,-0.004580000000000001
confirmation,2020-09-30,equal_weight,0.0084
confirmation,2020-10-01,localized,0.010163933361764693
confirmation,2020-10-02,localized,-0.020040717293482987
confirmation,2020-10-05,localized,0.021421252845026724
confirmation,2020-10-06,localized,-0.013582316273975235
confirmation,2020-10-07,localized,0.016766198284333393
confirmation,2020-10-08,localized,0.006285863467756597
confirmation,2020-10-09,localized,0.013061312463423558
confirmation,2020-10-12,localized,0.023512862373606384
confirmation,2020-10-13,localized,-0.002630354646568388
confirmation,2020-10-14,localized,-0.006882680042971001
confirmation,2020-10-15,localized,-0.004289628929320723
confirmation,2020-10-16,localized,-0.0006835357530150834
confirmation,2020-10-19,localized,-0.01655647081786444
confirmation,2020-10-20,localized,0.0033252888444345514
confirmation,2020-10-21,localized,-0.0005118261852528884
confirmation,2020-10-22,localized,0.0034133990150857336
confirmation,2020-10-23,localized,0.0035055322224569812
confirmation,2020-10-26,localized,-0.019753984308795196
confirmation,2020-10-27,localized,0.004683575159617089
confirmation,2020-10-28,localized,-0.03859680771927445
confirmation,2020-10-29,localized,0.016612216124809353
confirmation,2020-10-30,localized,-0.018802587013311736
confirmation,2020-10-01,all_gene,0.015684890361383617
confirmation,2020-10-02,all_gene,-0.01249912938602459
confirmation,2020-10-05,all_gene,0.015806289092299097
confirmation,2020-10-06,all_gene,-0.017696215032015093
confirmation,2020-10-07,all_gene,0.02109879162925395
confirmation,2020-10-08,all_gene,0.00550001618569619
confirmation,2020-10-09,all_gene,0.012296328589938779
confirmation,2020-10-12,all_gene,0.018490453316845994
confirmation,2020-10-13,all_gene,0.0028940145711867657
confirmation,2020-10-14,all_gene,-0.008198600775784522
confirmation,2020-10-15,all_gene,-0.0001062521192239319
confirmation,2020-10-16,all_gene,-0.006889565181068027
confirmation,2020-10-19,all_gene,-0.015100657702866864
confirmation,2020-10-20,all_gene,0.0009979934834660462
confirmation,2020-10-21,all_gene,-0.00480369510096505
confirmation,2020-10-22,all_gene,0.0012100522540763768
confirmation,2020-10-23,all_gene,0.004998834227503082
confirmation,2020-10-26,all_gene,-0.012898430700204478
confirmation,2020-10-27,all_gene,0.0038927168542340178
confirmation,2020-10-28,all_gene,-0.03099980149847637
confirmation,2020-10-29,all_gene,0.005296222258545814
confirmation,2020-10-30,all_gene,-0.024686762336572955
confirmation,2020-10-01,random,0.008356996424953656
confirmation,2020-10-02,random,-0.01568226770659184
confirmation,2020-10-05,random,0.020636783555327266
confirmation,2020-10-06,random,-0.014122554663942351
confirmation,2020-10-07,random,0.018323440783101802
confirmation,2020-10-08,random,0.006163053146652999
confirmation,2020-10-09,random,0.011407012655977185
confirmation,2020-10-12,random,0.018259872011076254
confirmation,2020-10-13,random,-0.002420965461963824
confirmation,2020-10-14,random,-0.007115340417582923
confirmation,2020-10-15,random,-0.0038042372808982086
confirmation,2020-10-16,random,-0.0003276296776740703
confirmation,2020-10-19,random,-0.016077929815002515
confirmation,2020-10-20,random,0.0020946585827774852
confirmation,2020-10-21,random,-0.003385833624193317
confirmation,2020-10-22,random,0.0055503339472436795
confirmation,2020-10-23,random,0.0038389429845752812
confirmation,2020-10-26,random,-0.01681468013570737
confirmation,2020-10-27,random,0.0015164300782940262
confirmation,2020-10-28,random,-0.035196290994404564
confirmation,2020-10-29,random,0.01082363768093712
confirmation,2020-10-30,random,-0.01696251075499977
confirmation,2020-10-01,min_variance,0.005708201886815765
confirmation,2020-10-02,min_variance,-0.012499999999999999
confirmation,2020-10-05,min_variance,0.02044333780232795
confirmation,2020-10-06,min_variance,-0.015270346498781884
confirmation,2020-10-07,min_variance,0.020398100099648098
confirmation,2020-10-08,min_variance,0.005176046199837586
confirmation,2020-10-09,min_variance,0.009870346498781886
confirmation,2020-10-12,min_variance,0.011588985596535145
confirmation,2020-10-13,min_variance,-0.0010414379019760512
confirmation,2020-10-14,min_variance,-0.007336123199566891
confirmation,2020-10-15,min_variance,-0.005067291602490363
confirmation,2020-10-16,min_variance,0.000658922003789684
confirmation,2020-10-19,min_variance,-0.01563992300027069
confirmation,2020-10-20,min_variance,-0.0008357382009203506
confirmation,2020-10-21,min_variance,-0.007715584201461734
confirmation,2020-10-22,min_variance,0.008434968203627269
confirmation,2020-10-23,min_variance,0.004190115499593962
confirmation,2020-10-26,min_variance,-0.011172246399133789
confirmation,2020-10-27,min_variance,-0.0009593070024362265
confirmation,2020-10-28,min_variance,-0.030676046199837582
confirmation,2020-10-29,min_variance,0.0018984850982946447
confirmation,2020-10-30,min_variance,-0.01552130899539824
confirmation,2020-10-01,equal_weight,0.005700000000000001
confirmation,2020-10-02,equal_weight,-0.006920000000000001
confirmation,2020-10-05,equal_weight,0.019500000000000003
confirmation,2020-10-06,equal_weight,-0.01234
confirmation,2020-10-07,equal_weight,0.018619999999999998
confirmation,2020-10-08,equal_weight,0.008400000000000001
confirmation,2020-10-09,equal_weight,0.007940000000000001
confirmation,2020-10-12,equal_weight,0.012340000000000002
confirmation,2020-10-13,equal_weight,-0.004660000000000001
confirmation,2020-10-14,equal_weight,-0.00592
confirmation,2020-10-15,equal_weight,-0.0007400000000000004
confirmation,2020-10-16,equal_weight,0.00031999999999999976
confirmation,2020-10-19,equal_weight,-0.01506
confirmation,2020-10-20,equal_weight,0.003
confirmation,2020-10-21,equal_weight,-0.00504
confirmation,2020-10-22,equal_weight,0.00838
confirmation,2020-10-23,equal_weight,0.00386
confirmation,2020-10-26,equal_weight,-0.01716
confirmation,2020-10-27,equal_weight,-0.00442
confirmation,2020-10-28,equal_weight,-0.032740000000000005
confirmation,2020-10-29,equal_weight,0.00894
confirmation,2020-10-30,equal_weight,-0.01216
confirmation,2020-11-02,localized,0.003037104177329309
confirmation,2020-11-03,localized,0.018067108648831882
confirmation,2020-11-04,localized,0.03953250913583336
confirmation,2020-11-05,localized,0.023913353974487135
confirmation,2020-11-06,localized,0.004540985904023359
confirmation,2020-11-09,localized,-0.011654265007616184
confirmation,2020-11-10,localized,-0.015154701469669171
confirmation,2020-11-11,localized,0.019028174646671444
confirmation,2020-11-12,localized,-0.005700751062852548
confirmation,2020-11-13,localized,0.009434568988082582
confirmation,2020-11-16,localized,0.0070868948840284935
confirmation,2020-11-17,localized,-0.002901347543472652
confirmation,2020-11-18,localized,-0.011213929157881589
confirmation,2020-11-19,localized,0.009128705114660386
confirmation,2020-11-20,localized,-0.005121035284711177
confirmation,2020-11-23,localized,-0.001086624528275194
confirmation,2020-11-24,localized,0.011226269123366892
confirmation,2020-11-25,localized,0.002409158067258198
confirmation,2020-11-27,localized,0.008392249559965979
confirmation,2020-11-30,localized,0.003447557664050399
confirmation,2020-11-02,all_gene,0.010400366137921831
confirmation,2020-11-03,all_gene,0.02199757686639899
confirmation,2020-11-04,all_gene,0.017706282759871305
confirmation,2020-11-05,all_gene,0.019495093800644344
confirmation,2020-11-06,all_gene,9.934408166380605e-05
confirmation,2020-11-09,all_gene,-0.01439225502114516
confirmation,2020-11-10,all_gene,0.00010161007442860687
confirmation,2020-11-11,all_gene,0.012996460247779984
confirmation,2020-11-12,all_gene,-0.009198996557315441
confirmation,2020-11-13,all_gene,0.010900828907221377
confirmation,2020-11-16,all_gene,0.011896471599157271
confirmation,2020-11-17,all_gene,-0.0006003865534643113
confirmation,2020-11-18,all_gene,-0.0012043361681397522
confirmation,2020-11-19,all_gene,0.007798669062695233
confirmation,2020-11-20,all_gene,-0.005797749972557553
confirmation,2020-11-23,all_gene,0.011296312707528395
confirmation,2020-11-24,all_gene,0.01479592109561336
confirmation,2020-11-25,all_gene,0.0046981297968385115
confirmation,2020-11-27,all_gene,0.0033032376867220075
confirmation,2020-11-30,all_gene,-0.006496885256870464
confirmation,2020-11-02,random,0.0034793086189054403
confirmation,2020-11-03,random,0.01812521191208646
confirmation,2020-11-04,random,0.03830947562407495
confirmation,2020-11-05,random,0.023455392543344698
confirmation,2020-11-06,random,0.0040648726440000345
confirmation,2020-11-09,random,-0.009553628921909342
confirmation,2020-11-10,random,-0.013880090673329838
confirmation,2020-11-11,random,0.01798402863494121
confirmation,2020-11-12,random,-0.0059731903631866775
confirmation,2020-11-13,random,0.009753947037391917
confirmation,2020-11-16,random,0.007377860866016102
confirmation,2020-11-17,random,-0.002846945749954326
confirmation,2020-11-18,random,-0.01114922073846771
confirmation,2020-11-19,random,0.008771496810388784
confirmation,2020-11-20,random,-0.0050702429798869875
confirmation,2020-11-23,random,-0.00042444251741534465
confirmation,2020-11-24,random,0.011454504176070367
confirmation,2020-11-25,random,0.0021795818683688667
confirmation,2020-11-27,random,0.008149157483093519
confirmation,2020-11-30,random,0.002815612307000912
confirmation,2020-11-02,min_variance,0.01174315824679348
confirmation,2020-11-03,min_variance,0.017295336413223717
confirmation,2020-11-04,min_variance,0.030437016052004124
confirmation,2020-11-05,min_variance,0.00963168125700583
confirmation,2020-11-06,min_variance,-0.001104852869784174
confirmation,2020-11-09,min_variance,-0.000802374755292901
confirmation,2020-11-10,min_variance,0.0030834452013703347
confirmation,2020-11-11,min_variance,0.006401996189277151
confirmation,2020-11-12,min_variance,-0.007077163991332652
confirmation,2020-11-13,min_variance,0.012334348654504975
confirmation,2020-11-16,min_variance,0.004670882781294967
confirmation,2020-11-17,min_variance,-0.001288487354162385
confirmation,2020-11-18,min_variance,-0.00940447430376842
confirmation,2020-11-19,min_variance,0.005332920314251458
confirmation,2020-11-20,min_variance,-0.0013248321979445025
confirmation,2020-11-23,min_variance,0.00389876094275437
confirmation,2020-11-24,min_variance,0.006480777803871194
confirmation,2020-11-25,min_variance,0.0013149371753682763
confirmation,2020-11-27,min_variance,0.009840629864542655
confirmation,2020-11-30,min_variance,-0.00013149197399794612
confirmation,2020-11-02,equal_weight,0.01438
confirmation,2020-11-03,equal_weight,0.0187
confirmation,2020-11-04,equal_weight,0.01924
confirmation,2020-11-05,equal_weight,0.0183
confirmation,2020-11-06,equal_weight,-0.00118
confirmation,2020-11-09,equal_weight,0.013660000000000002
confirmation,2020-11-10,equal_weight,0.0031200000000000004
confirmation,2020-11-11,equal_weight,0.00554
confirmation,2020-11-12,equal_weight,-0.010140000000000001
confirmation,2020-11-13,equal_weight,0.0142
confirmation,2020-11-16,equal_weight,0.0124
confirmation,2020-11-17,equal_weight,-0.00202
confirmation,2020-11-18,equal_weight,-0.010000000000000002
confirmation,2020-11-19,equal_weight,0.0048000000000000004
confirmation,2020-11-20,equal_weight,-0.00434
confirmation,2020-11-23,equal_weight,0.00932
confirmation,2020-11-24,equal_weight,0.014820000000000002
confirmation,2020-11-25,equal_weight,-0.0010600000000000002
confirmation,2020-11-27,equal_weight,0.0041600000000000005
confirmation,2020-11-30,equal_weight,-0.006400000000000001
confirmation,2020-12-01,localized,0.01126819319494796
confirmation,2020-12-02,localized,0.0014988902105018197
confirmation,2020-12-03,localized,0.0001162073938053614
confirmation,2020-12-04,localized,0.007609770285737295
confirmation,2020-12-07,localized,0.0030709053910588082
confirmation,2020-12-08,localized,0.004433926675701824
confirmation,2020-12-09,localized,-0.016395660845371147
confirmation,2020-12-10,localized,0.0038099010128162707
confirmation,2020-12-11,localized,0.0023130555725212835
confirmation,2020-12-14,localized,-0.0006051757127338543
confirmation,2020-12-15,localized,0.014205207004011382
confirmation,2020-12-16,localized,0.003435552659468242
confirmation,2020-12-17,localized,0.006409491524442593
confirmation,2020-12-18,localized,-0.0007979059659473936
confirmation,2020-12-21,localized,-0.0007728802539302833
confirmation,2020-12-22,localized,0.006621960139666392
confirmation,2020-12-23,localized,-0.004304504765206179
confirmation,2020-12-24,localized,0.0035458046924075684
confirmation,2020-12-28,localized,0.007442324091973313
confirmation,2020-12-29,localized,-0.005005565796647417
confirmation,2020-12-30,localized,-0.0014347263486909792
confirmation,2020-12-31,localized,0.0033174470759426834
confirmation,2020-12-01,all_gene,0.011099337255247609
confirmation,2020-12-02,all_gene,-0.008398922622894127
confirmation,2020-12-03,all_gene,0.0046995769881373285
confirmation,2020-12-04,all_gene,0.004500756995655072
confirmation,2020-12-07,all_gene,0.0021995028314331392
confirmation,2020-12-08,all_gene,0.004900724564365325
confirmation,2020-12-09,all_gene,-0.010099509992168607
confirmation,2020-12-10,all_gene,0.0012003566909228852
confirmation,2020-12-11,all_gene,-0.003699951332680649
confirmation,2020-12-14,all_gene,0.00519929709956755
confirmation,2020-12-15,all_gene,0.007000288641437984
confirmation,2020-12-16,all_gene,0.004899244545345766
confirmation,2020-12-17,all_gene,0.00950034011998314
confirmation,2020-12-18,all_gene,0.0013999871867401291
confirmation,2020-12-21,all_gene,-0.00849965031882517
confirmation,2020-12-22,all_gene,-0.0034996675089880216
confirmation,2020-12-23,all_gene,0.0013000152725433285
confirmation,2020-12-24,all_gene,0.0019997732436379504
confirmation,2020-12-28,all_gene,0.010898532860976407
confirmation,2020-12-29,all_gene,-0.0005000191590837313
confirmation,2020-12-30,all_gene,0.002400043008289431
confirmation,2020-12-31,all_gene,0.001300328355515714
confirmation,2020-12-01,random,0.011158349598312607
confirmation,2020-12-02,random,0.0015689072273739376
confirmation,2020-12-03,random,0.0002089500534187333
confirmation,2020-12-04,random,0.007865108090226655
confirmation,2020-12-07,random,0.0027470105784380213
confirmation,2020-12-08,random,0.004521646065487205
confirmation,2020-12-09,random,-0.01576289230927771
confirmation,2020-12-10,random,0.0036870190674141413
confirmation,2020-12-11,random,0.001914969054839289
confirmation,2020-12-14,random,-0.000773755420781294
confirmation,2020-12-15,random,0.014073686021230492
confirmation,2020-12-16,random,0.0032186916491890117
confirmation,2020-12-17,random,0.006600494483457783
confirmation,2020-12-18,random,-0.0008399025102173551
confirmation,2020-12-21,random,-0.0009140624153949952
confirmation,2020-12-22,random,0.006049699045196651
confirmation,2020-12-23,random,-0.0037838122751393108
confirmation,2020-12-24,random,0.003417134904742761
confirmation,2020-12-28,random,0.007135471198318563
confirmation,2020-12-29,random,-0.004840262488062256
confirmation,2020-12-30,random,-0.0010848477619650827
confirmation,2020-12-31,random,0.0034506376926265237
confirmation,2020-12-01,min_variance,0.008186657569418934
confirmation,2020-12-02,min_variance,-0.001837698990009896
confirmation,2020-12-03,min_variance,0.0020750795960039585
confirmation,2020-12-04,min_variance,0.009179205937558162
confirmation,2020-12-07,min_variance,-0.0009384917873865703
confirmation,2020-12-08,min_variance,0.009750396398688339
confirmation,2020-12-09,min_variance,-0.006904444725570041
confirmation,2020-12-10,min_variance,0.003539602968779081
confirmation,2020-12-11,min_variance,-0.0034717460518264307
confirmation,2020-12-14,min_variance,0.001034365445832369
confirmation,2020-12-15,min_variance,0.008540714150171594
confirmation,2020-12-16,min_variance,0.0001066670883550563
confirmation,2020-12-17,min_variance,0.011896666455822474
confirmation,2020-12-18,min_variance,0.0015141269740867845
confirmation,2020-12-21,min_variance,-0.0065027779534812735
confirmation,2020-12-22,min_variance,-0.001445714466437879
confirmation,2020-12-23,min_variance,0.0013570634870433912
confirmation,2020-12-24,min_variance,0.0004592858498284114
confirmation,2020-12-28,min_variance,0.001484524637840288
confirmation,2020-12-29,min_variance,-0.00044293651295660905
confirmation,2020-12-30,min_variance,0.0026282539481735684
confirmation,2020-12-31,min_variance,0.0032972220465187275
confirmation,2020-12-01,equal_weight,0.00932
confirmation,2020-12-02,equal_weight,0.0015600000000000002
confirmation,2020-12-03,equal_weight,0.00152
confirmation,2020-12-04,equal_weight,0.01088
confirmation,2020-12-07,equal_weight,-0.0012599999999999998
confirmation,2020-12-08,equal_weight,0.0058200000000000005
confirmation,2020-12-09,equal_weight,-0.0077599999999999995
confirmation,2020-12-10,equal_weight,0.00212
confirmation,2020-12-11,equal_weight,-0.00254
confirmation,2020-12-14,equal_weight,-0.0033000000000000004
confirmation,2020-12-15,equal_weight,0.01266
confirmation,2020-12-16,equal_weight,0.00012000000000000023
confirmation,2020-12-17,equal_weight,0.00816
confirmation,2020-12-18,equal_weight,-0.0014399999999999999
confirmation,2020-12-21,equal_weight,-0.0038400000000000005
confirmation,2020-12-22,equal_weight,-0.0014199999999999998
confirmation,2020-12-23,equal_weight,0.0023400000000000005
confirmation,2020-12-24,equal_weight,0.002
confirmation,2020-12-28,equal_weight,0.00346
confirmation,2020-12-29,equal_weight,-0.00298
confirmation,2020-12-30,equal_weight,0.0037400000000000003
confirmation,2020-12-31,equal_weight,0.00434
confirmation,2021-01-04,localized,-0.015648886935098087
confirmation,2021-01-05,localized,0.0075820898398296765
confirmation,2021-01-06,localized,-0.0097379094758203
confirmation,2021-01-07,localized,0.024225222528567684
confirmation,2021-01-08,localized,0.00691504806161875
confirmation,2021-01-11,localized,-0.008176331076771239
confirmation,2021-01-12,localized,-0.004102361010486231
confirmation,2021-01-13,localized,0.0025985721523197262
confirmation,2021-01-14,localized,-0.0046570673099914596
confirmation,2021-01-15,localized,-0.005972833257979007
confirmation,2021-01-19,localized,0.01415206129097094
confirmation,2021-01-20,localized,0.01967087759449031
confirmation,2021-01-21,localized,0.006950200511670116
confirmation,2021-01-22,localized,0.0007373915446873151
confirmation,2021-01-25,localized,0.0062902073513995075
confirmation,2021-01-26,localized,-0.0008480120820146503
confirmation,2021-01-27,localized,-0.02462479884189012
confirmation,2021-01-28,localized,0.00909359444394378
confirmation,2021-01-29,localized,-0.01934741329555878
confirmation,2021-01-04,all_gene,-0.00910005279708703
confirmation,2021-01-05,all_gene,0.007200016771041146
confirmation,2021-01-06,all_gene,0.00700007078306315
confirmation,2021-01-07,all_gene,0.01380005674527246
confirmation,2021-01-08,all_gene,0.013599624104530531
confirmation,2021-01-11,all_gene,-0.014899268471899063
confirmation,2021-01-12,all_gene,0.011499458403034771
confirmation,2021-01-13,all_gene,0.0012000734995796206
confirmation,2021-01-14,all_gene,-0.004099647435830545
confirmation,2021-01-15,all_gene,-0.007399731442110793
confirmation,2021-01-19,all_gene,0.0025003159998305863
confirmation,2021-01-20,all_gene,0.016499617150484758
confirmation,2021-01-21,all_gene,0.0029996713012116
confirmation,2021-01-22,all_gene,6.424189643569926e-08
confirmation,2021-01-25,all_gene,0.005100163606082765
confirmation,2021-01-26,all_gene,0.005199621055770351
confirmation,2021-01-27,all_gene,-0.020900268069426114
confirmation,2021-01-28,all_gene,-0.0032994871886537934
confirmation,2021-01-29,all_gene,-0.019199612341432835
confirmation,2021-01-04,random,-0.012294603926077969
confirmation,2021-01-05,random,0.007258883421656303
confirmation,2021-01-06,random,0.0019220444917675923
confirmation,2021-01-07,random,0.01773253714712043
confirmation,2021-01-08,random,0.010070045816273578
confirmation,2021-01-11,random,-0.010963133551137818
confirmation,2021-01-12,random,0.004937916963499316
confirmation,2021-01-13,random,0.0016397820371456195
confirmation,2021-01-14,random,-0.003765299135999573
confirmation,2021-01-15,random,-0.006837680164240337
confirmation,2021-01-19,random,0.007300567189969348
confirmation,2021-01-20,random,0.016824060688578064
confirmation,2021-01-21,random,0.003597873957594902
confirmation,2021-01-22,random,5.748540265457751e-05
confirmation,2021-01-25,random,0.005207644700294452
confirmation,2021-01-26,random,0.0019012265101164276
confirmation,2021-01-27,random,-0.023060571059223163
confirmation,2021-01-28,random,0.0028877949583682866
confirmation,2021-01-29,random,-0.018860655208414876
confirmation,2021-01-04,min_variance,-0.00847226698902618
confirmation,2021-01-05,min_variance,0.007314196281079807
confirmation,2021-01-06,min_variance,0.0077422758270187285
confirmation,2021-01-07,min_variance,0.014656472108098525
confirmation,2021-01-08,min_variance,0.007661793383850214
confirmation,2021-01-11,min_variance,-0.00239550722176151
confirmation,2021-01-12,min_variance,0.00213590495145611
confirmation,2021-01-13,min_variance,0.002741649794577347
confirmation,2021-01-14,min_variance,0.002123697318849295
confirmation,2021-01-15,min_variance,-0.0021469710703290405
confirmation,2021-01-19,min_variance,0.007753028929670964
confirmation,2021-01-20,min_variance,0.009876615697371393
confirmation,2021-01-21,min_variance,-0.0025956177729103765
confirmation,2021-01-22,min_variance,0.001427453513497543
confirmation,2021-01-25,min_variance,0.008582986572934008
confirmation,2021-01-26,min_variance,-0.0007953047566896902
confirmation,2021-01-27,min_variance,-0.025353654962112337
confirmation,2021-01-28,min_variance,0.004693739675586253
confirmation,2021-01-29,min_variance,-0.011948536151432479
confirmation,2021-01-04,equal_weight,-0.012620000000000001
confirmation,2021-01-05,equal_weight,0.00916
confirmation,2021-01-06,equal_weight,0.01216
confirmation,2021-01-07,equal_weight,0.014720000000000002
confirmation,2021-01-08,equal_weight,0.00424
confirmation,2021-01-11,equal_weight,-0.0030399999999999997
confirmation,2021-01-12,equal_weight,0.00422
confirmation,2021-01-13,equal_weight,0.0002800000000000001
confirmation,2021-01-14,equal_weight,0.0006200000000000002
confirmation,2021-01-15,equal_weight,-0.007700000000000002
confirmation,2021-01-19,equal_weight,0.008239999999999999
confirmation,2021-01-20,equal_weight,0.01044
confirmation,2021-01-21,equal_weight,-0.00286
confirmation,2021-01-22,equal_weight,-0.00116
confirmation,2021-01-25,equal_weight,0.0031200000000000004
confirmation,2021-01-26,equal_weight,-0.004240000000000001
confirmation,2021-01-27,equal_weight,-0.025740000000000002
confirmation,2021-01-28,equal_weight,0.00974
confirmation,2021-01-29,equal_weight,-0.0172
confirmation,2021-02-01,localized,0.021957794108506713
confirmation,2021-02-02,localized,0.01392253884688736
confirmation,2021-02-03,localized,0.0016579350057222347
confirmation,2021-02-04,localized,0.010549209261581507
confirmation,2021-02-05,localized,0.0055034514789172725
confirmation,2021-02-08,localized,0.008485275708466728
confirmation,2021-02-09,localized,0.000375050613027659
confirmation,2021-02-10,localized,0.0003274755996481447
confirmation,2021-02-11,localized,0.006824352948319381
confirmation,2021-02-12,localized,0.004588815200130824
confirmation,2021-02-16,localized,-0.003944265621766409
confirmation,2021-02-17,localized,-0.005538536210060682
confirmation,2021-02-18,localized,-0.006116074370292618
confirmation,2021-02-19,localized,-0.0013869112209953414
confirmation,2021-02-22,localized,-0.020476997772887643
confirmation,2021-02-23,localized,-0.0021490617419248027
confirmation,2021-02-24,localized,0.008096546763101066
confirmation,2021-02-25,localized,-0.03181468692008209
confirmation,2021-02-26,localized,0.004662880515453508
confirmation,2021-02-01,all_gene,0.018099830077468647
confirmation,2021-02-02,all_gene,0.013199907877166038
confirmation,2021-02-03,all_gene,-0.0033999711888805647
confirmation,2021-02-04,all_gene,0.010100021811511333
confirmation,2021-02-05,all_gene,0.006600039954957354
confirmation,2021-02-08,all_gene,0.005900041747096789
confirmation,2021-02-09,all_gene,-0.0017999985359454444
confirmation,2021-02-10,all_gene,-0.008299895353311153
confirmation,2021-02-11,all_gene,-0.0034999403939948636
confirmation,2021-02-12,all_gene,0.002900026890284885
confirmation,2021-02-16,all_gene,-0.005600038024708216
confirmation,2021-02-17,all_gene,0.0035999676110496405
confirmation,2021-02-18,all_gene,-0.003500083791573621
confirmation,2021-02-19,all_gene,-0.00689992922185105
confirmation,2021-02-22,all_gene,-0.016099894396998243
confirmation,2021-02-23,all_gene,-0.006399989674405269
confirmation,2021-02-24,all_gene,0.005700064696933126
confirmation,2021-02-25,all_gene,-0.028799830956987838
confirmation,2021-02-26,all_gene,-0.00140006900803358
confirmation,2021-02-01,random,0.01892760778584097
confirmation,2021-02-02,random,0.013602494497203412
confirmation,2021-02-03,random,-0.0012045123405611004
confirmation,2021-02-04,random,0.01075425113468792
confirmation,2021-02-05,random,0.006148409586447871
confirmation,2021-02-08,random,0.007198258892316631
confirmation,2021-02-09,random,-0.0007552521669295186
confirmation,2021-02-10,random,-0.00443637639174777
confirmation,2021-02-11,random,0.0006445813790992949
confirmation,2021-02-12,random,0.003828572097122473
confirmation,2021-02-16,random,-0.004534774537030683
confirmation,2021-02-17,random,-6.127849908563856e-05
confirmation,2021-02-18,random,-0.004759439596444213
confirmation,2021-02-19,random,-0.003992666206316427
confirmation,2021-02-22,random,-0.01644665659157425
confirmation,2021-02-23,random,-0.004291274418357358
confirmation,2021-02-24,random,0.0073438494322832625
confirmation,2021-02-25,random,-0.029183769863011244
confirmation,2021-02-26,random,0.0002582761106769672
confirmation,2021-02-01,min_variance,0.011012939181905938
confirmation,2021-02-02,min_variance,0.008133024694230145
confirmation,2021-02-03,min_variance,-0.0027666280867787666
confirmation,2021-02-04,min_variance,0.010675792648382938
confirmation,2021-02-05,min_variance,0.008788012063855166
confirmation,2021-02-08,min_variance,0.0073394816209573464
confirmation,2021-02-09,min_variance,-0.0020878963241914685
confirmation,2021-02-10,min_variance,-0.004327030726157723
confirmation,2021-02-11,min_variance,-0.0013119879361448313
confirmation,2021-02-12,min_variance,0.0038212682374127024
confirmation,2021-02-16,min_variance,-0.008478963241914692
confirmation,2021-02-17,min_variance,0.0027363110274255895
confirmation,2021-02-18,min_variance,-0.007300231479327394
confirmation,2021-02-19,min_variance,-0.004942304995498008
confirmation,2021-02-22,min_variance,-0.012357347785510902
confirmation,2021-02-23,min_variance,-0.007033371913221231
confirmation,2021-02-24,min_variance,0.0077728535341785795
confirmation,2021-02-25,min_variance,-0.020911640717153745
confirmation,2021-02-26,min_variance,-0.004278963241914691
confirmation,2021-02-01,equal_weight,0.014640000000000002
confirmation,2021-02-02,equal_weight,0.01366
confirmation,2021-02-03,equal_weight,0.0010400000000000001
confirmation,2021-02-04,equal_weight,0.01174
confirmation,2021-02-05,equal_weight,0.00652
confirmation,2021-02-08,equal_weight,0.00966
confirmation,2021-02-09,equal_weight,-0.00066
confirmation,2021-02-10,equal_weight,-0.0009999999999999998
confirmation,2021-02-11,equal_weight,0.0007800000000000002
confirmation,2021-02-12,equal_weight,0.00486
confirmation,2021-02-16,equal_weight,-0.0017200000000000002
confirmation,2021-02-17,equal_weight,-0.00015999999999999999
confirmation,2021-02-18,equal_weight,-0.00654
confirmation,2021-02-19,equal_weight,0.00142
confirmation,2021-02-22,equal_weight,-0.0082
confirmation,2021-02-23,equal_weight,-0.0008399999999999998
confirmation,2021-02-24,equal_weight,0.011659999999999998
confirmation,2021-02-25,equal_weight,-0.024040000000000006
confirmation,2021-02-26,equal_weight,-0.0050799999999999994
confirmation,2021-03-01,localized,0.027257888634086815
confirmation,2021-03-02,localized,-0.014163637030273825
confirmation,2021-03-03,localized,-0.023885609891632263
confirmation,2021-03-04,localized,-0.01766924114970555
confirmation,2021-03-05,localized,0.017347501710324863
confirmation,2021-03-08,localized,-0.01799902105874376
confirmation,2021-03-09,localized,0.028138652208913362
confirmation,2021-03-10,localized,0.00024249878065450502
confirmation,2021-03-11,localized,0.01953740484220437
confirmation,2021-03-12,localized,-0.00456636733718806
confirmation,2021-03-15,localized,0.010307802479446272
confirmation,2021-03-16,localized,0.0019714824040060544
confirmation,2021-03-17,localized,0.001916161240882579
confirmation,2021-03-18,localized,-0.025173984326287122
confirmation,2021-03-19,localized,0.005784346664454924
confirmation,2021-03-22,localized,0.013303524844790334
confirmation,2021-03-23,localized,-0.008294466239271402
confirmation,2021-03-24,localized,-0.01641504535254396
confirmation,2021-03-25,localized,0.0021122165782501913
confirmation,2021-03-26,localized,0.01438242499968915
confirmation,2021-03-29,localized,-0.0030007865410890035
confirmation,2021-03-30,localized,-0.004095123821656339
confirmation,2021-03-31,localized,0.011843588666528182
confirmation,2021-03-01,all_gene,0.022699964265133075
confirmation,2021-03-02,all_gene,-0.0119999829829268
confirmation,2021-03-03,all_gene,-0.018500002585085443
confirmation,2021-03-04,all_gene,-0.015500025839184901
confirmation,2021-03-05,all_gene,0.012100040764346587
confirmation,2021-03-08,all_gene,-0.0004000451712421664
confirmation,2021-03-09,all_gene,0.029099908755874003
confirmation,2021-03-10,all_gene,0.00829997764948516
confirmation,2021-03-11,all_gene,0.010900011054885984
confirmation,2021-03-12,all_gene,0.0041999804278384555
confirmation,2021-03-15,all_gene,0.00799999599428008
confirmation,2021-03-16,all_gene,-0.007199969572519374
confirmation,2021-03-17,all_gene,0.008199949031614471
confirmation,2021-03-18,all_gene,-0.01979997804483126
confirmation,2021-03-19,all_gene,0.009599974116717954
confirmation,2021-03-22,all_gene,0.007200006096580501
confirmation,2021-03-23,all_gene,-0.006900056164741247
confirmation,2021-03-24,all_gene,-0.013499981189655511
confirmation,2021-03-25,all_gene,0.00969997981062778
confirmation,2021-03-26,all_gene,0.011400017679543082
confirmation,2021-03-29,all_gene,-0.0016000134351915013
confirmation,2021-03-30,all_gene,0.0030999671254112776
confirmation,2021-03-31,all_gene,0.004600025375422878
confirmation,2021-03-01,random,0.027408354014790685
confirmation,2021-03-02,random,-0.013982006814691899
confirmation,2021-03-03,random,-0.022991597213350222
confirmation,2021-03-04,random,-0.017113079914221237
confirmation,2021-03-05,random,0.017637290290210276
confirmation,2021-03-08,random,-0.0171979692110881
confirmation,2021-03-09,random,0.027502082955921808
confirmation,2021-03-10,random,0.0008818170507335832
confirmation,2021-03-11,random,0.019124203532324392
confirmation,2021-03-12,random,-0.00416128807529782
confirmation,2021-03-15,random,0.010119293517267479
confirmation,2021-03-16,random,0.001492344727469898
confirmation,2021-03-17,random,0.0022092425377715605
confirmation,2021-03-18,random,-0.025009750078969994
confirmation,2021-03-19,random,0.005339205659777497
confirmation,2021-03-22,random,0.012738846157259105
confirmation,2021-03-23,random,-0.008089758899855297
confirmation,2021-03-24,random,-0.015626107796202927
confirmation,2021-03-25,random,0.002374949187202594
confirmation,2021-03-26,random,0.01460997573665966
confirmation,2021-03-29,random,-0.002980632392061126
confirmation,2021-03-30,random,-0.003913993136756914
confirmation,2021-03-31,random,0.011308506965977903
confirmation,2021-03-01,min_variance,0.017746388534293268
confirmation,2021-03-02,min_variance,-0.010312076638856839
confirmation,2021-03-03,min_variance,-0.02042074037647326
confirmation,2021-03-04,min_variance,-0.018992255229951377
confirmation,2021-03-05,min_variance,0.015708663737616424
confirmation,2021-03-08,min_variance,-0.005580178591094539
confirmation,2021-03-09,min_variance,0.020078340655958954
confirmation,2021-03-10,min_variance,0.005389787308373856
confirmation,2021-03-11,min_variance,0.011947676568985415
confirmation,2021-03-12,min_variance,0.002162851115861699
confirmation,2021-03-15,min_variance,0.008000000000000002
confirmation,2021-03-16,min_variance,-0.00376594902388115
confirmation,2021-03-17,min_variance,0.002321370362915188
confirmation,2021-03-18,min_variance,-0.017588238354364134
confirmation,2021-03-19,min_variance,0.008435914923349544
confirmation,2021-03-22,min_variance,0.008887923361143165
confirmation,2021-03-23,min_variance,-0.013593489190740134
confirmation,2021-03-24,min_variance,-0.01245232343101459
confirmation,2021-03-25,min_variance,0.007546442608196655
confirmation,2021-03-26,min_variance,0.012505880822817938
confirmation,2021-03-29,min_variance,-0.0025894723151528897
confirmation,2021-03-30,min_variance,-0.0006250722452814651
confirmation,2021-03-31,min_variance,0.008150459483783899
confirmation,2021-03-01,equal_weight,0.024040000000000002
confirmation,2021-03-02,equal_weight,-0.00916
confirmation,2021-03-03,equal_weight,-0.013460000000000003
confirmation,2021-03-04,equal_weight,-0.0158
confirmation,2021-03-05,equal_weight,0.01946
confirmation,2021-03-08,equal_weight,-0.0034000000000000007
confirmation,2021-03-09,equal_weight,0.01452
confirmation,2021-03-10,equal_weight,0.00818
confirmation,2021-03-11,equal_weight,0.01142
confirmation,2021-03-12,equal_weight,0.00272
confirmation,2021-03-15,equal_weight,0.00628
confirmation,2021-03-16,equal_weight,-0.00498
confirmation,2021-03-17,equal_weight,0.00332
confirmation,2021-03-18,equal_weight,-0.0165
confirmation,2021-03-19,equal_weight,0.00226
confirmation,2021-03-22,equal_weight,0.00466
confirmation,2021-03-23,equal_weight,-0.012140000000000001
confirmation,2021-03-24,equal_weight,-0.0071600000000000006
confirmation,2021-03-25,equal_weight,0.007800000000000001
confirmation,2021-03-26,equal_weight,0.01568
confirmation,2021-03-29,equal_weight,-0.00396
confirmation,2021-03-30,equal_weight,-0.0002800000000000001
confirmation,2021-03-31,equal_weight,0.004900000000000002
confirmation,2021-04-01,localized,0.005338586273875705
confirmation,2021-04-05,localized,0.01687970416735618
confirmation,2021-04-06,localized,0.0026472191212071794
confirmation,2021-04-07,localized,-0.0019394610553073752
confirmation,2021-04-08,localized,0.004461277705584284
confirmation,2021-04-09,localized,0.007687135256629838
confirmation,2021-04-12,localized,0.005512356728768058
confirmation,2021-04-13,localized,0.006432864945909622
confirmation,2021-04-14,localized,-0.007057153266717452
confirmation,2021-04-15,localized,0.009031727310419303
confirmation,2021-04-16,localized,0.006744707431556799
confirmation,2021-04-19,localized,-0.008685848879358504
confirmation,2021-04-20,localized,-0.00517755848494998
confirmation,2021-04-21,localized,0.011970429909287856
confirmation,2021-04-22,localized,-0.009736442776380725
confirmation,2021-04-23,localized,0.008105190610851782
confirmation,2021-04-26,localized,0.0009428545874571146
confirmation,2021-04-27,localized,-0.0014365642063193637
confirmation,2021-04-28,localized,-0.00038476878333758264
confirmation,2021-04-29,localized,0.0030837906674156105
confirmation,2021-04-30,localized,-2.2313709284809046e-05
confirmation,2021-04-01,all_gene,0.00639999662334057
confirmation,2021-04-05,all_gene,0.017899981314610396
confirmation,2021-04-06,all_gene,0.0032999883919813395
confirmation,2021-04-07,all_gene,-0.0016000038178726511
confirmation,2021-04-08,all_gene,0.004499999878131179
confirmation,2021-04-09,all_gene,0.007899996493001294
confirmation,2021-04-12,all_gene,0.006299984950933727
confirmation,2021-04-13,all_gene,0.006399996140942308
confirmation,2021-04-14,all_gene,-0.0078999829038093
confirmation,2021-04-15,all_gene,0.00870000483437538
confirmation,2021-04-16,all_gene,0.006699998035819857
confirmation,2021-04-19,all_gene,-0.008999993511847144
confirmation,2021-04-20,all_gene,-0.0056999969317816715
confirmation,2021-04-21,all_gene,0.011500005794227079
confirmation,2021-04-22,all_gene,-0.010099993565246329
confirmation,2021-04-23,all_gene,0.008300001109661035
confirmation,2021-04-26,all_gene,0.0007000051119046945
confirmation,2021-04-27,all_gene,-0.0012000010496651698
confirmation,2021-04-28,all_gene,-0.00020000188740912117
confirmation,2021-04-29,all_gene,0.003999989417663575
confirmation,2021-04-30,all_gene,0.0002999886743359006
confirmation,2021-04-01,random,0.012101858165147337
confirmation,2021-04-05,random,0.01565915564344232
confirmation,2021-04-06,random,0.0010568959090453208
confirmation,2021-04-07,random,0.0001646158271713374
confirmation,2021-04-08,random,0.006681481620509139
confirmation,2021-04-09,random,0.007729353644430708
confirmation,2021-04-12,random,0.0016157942492901626
confirmation,2021-04-13,random,0.00447939184621779
confirmation,2021-04-14,random,-0.005578593359145923
confirmation,2021-04-15,random,0.010764819749928243
confirmation,2021-04-16,random,0.0035644395808493655
confirmation,2021-04-19,random,-0.007549570302538597
confirmation,2021-04-20,random,-0.008901737095627017
confirmation,2021-04-21,random,0.010159575515054059
confirmation,2021-04-22,random,-0.00859829407176258
confirmation,2021-04-23,random,0.012313720338945011
confirmation,2021-04-26,random,0.0029548812004266184
confirmation,2021-04-27,random,-0.00023710180679965896
confirmation,2021-04-28,random,-0.0008928752917080763
confirmation,2021-04-29,random,0.0053657249866324325
confirmation,2021-04-30,random,-0.006615844027882211
confirmation,2021-04-01,min_variance,0.003981891793605447
confirmation,2021-04-05,min_variance,0.010290404872030118
confirmation,2021-04-06,min_variance,-0.0012946173799247564
confirmation,2021-04-07,min_variance,-0.004159795471573887
confirmation,2021-04-08,min_variance,0.0038161972368274833
confirmation,2021-04-09,min_variance,0.006169211129834668
confirmation,2021-04-12,min_variance,0.000791779634648801
confirmation,2021-04-13,min_variance,0.006257433045899996
confirmation,2021-04-14,min_variance,-0.0013867792649193541
confirmation,2021-04-15,min_variance,0.01066412829907719
confirmation,2021-04-16,min_variance,0.007042780342964936
confirmation,2021-04-19,min_variance,-0.006692189035435975
confirmation,2021-04-20,min_variance,-0.002177814805451185
confirmation,2021-04-21,min_variance,0.014842074032365276
confirmation,2021-04-22,min_variance,-0.007627160383549289
confirmation,2021-04-23,min_variance,0.006806714674895613
confirmation,2021-04-26,min_variance,0.002303605200536147
confirmation,2021-04-27,min_variance,-0.002715168835686361
confirmation,2021-04-28,min_variance,-0.001205277782760194
confirmation,2021-04-29,min_variance,-0.002254111092468475
confirmation,2021-04-30,min_variance,-0.0019971699834470075
confirmation,2021-04-01,equal_weight,0.010140000000000001
confirmation,2021-04-05,equal_weight,0.011
confirmation,2021-04-06,equal_weight,-0.0006
confirmation,2021-04-07,equal_weight,-0.00186
confirmation,2021-04-08,equal_weight,0.0044399999999999995
confirmation,2021-04-09,equal_weight,0.006180000000000001
confirmation,2021-04-12,equal_weight,0.00015999999999999999
confirmation,2021-04-13,equal_weight,0.0030800000000000003
confirmation,2021-04-14,equal_weight,-0.0007600000000000004
confirmation,2021-04-15,equal_weight,0.00978
confirmation,2021-04-16,equal_weight,0.004320000000000001
confirmation,2021-04-19,equal_weight,-0.00636
confirmation,2021-04-20,equal_weight,-0.00764
confirmation,2021-04-21,equal_weight,0.01194
confirmation,2021-04-22,equal_weight,-0.00808
confirmation,2021-04-23,equal_weight,0.01068
confirmation,2021-04-26,equal_weight,0.00288
confirmation,2021-04-27,equal_weight,-0.00031999999999999997
confirmation,2021-04-28,equal_weight,-2.000000000000027e-05
confirmation,2021-04-29,equal_weight,0.00332
confirmation,2021-04-30,equal_weight,-0.0067
confirmation,2021-05-03,localized,0.0015470261127076164
confirmation,2021-05-04,localized,-0.01063684214052011
confirmation,2021-05-05,localized,-0.003141309492827428
confirmation,2021-05-06,localized,0.0069866530249156145
confirmation,2021-05-07,localized,0.0051499736062596444
confirmation,2021-05-10,localized,-0.012008858497285196
confirmation,2021-05-11,localized,-0.008450212290087312
confirmation,2021-05-12,localized,-0.025796703080893726
confirmation,2021-05-13,localized,0.00982282647825725
confirmation,2021-05-14,localized,0.013982206170006853
confirmation,2021-05-17,localized,0.0002611127275353697
confirmation,2021-05-18,localized,-0.0048490065909858795
confirmation,2021-05-19,localized,-0.00691321447837196
confirmation,2021-05-20,localized,0.009103697246709033
confirmation,2021-05-21,localized,-0.0029764452848073776
confirmation,2021-05-24,localized,0.0071363281673922805
confirmation,2021-05-25,localized,-1.4335704998884203e-05
confirmation,2021-05-26,localized,0.006093485832633975
confirmation,2021-05-27,localized,0.0010617863014130574
confirmation,2021-05-28,localized,-0.00125980161710764
confirmation,2021-05-03,all_gene,0.001000002839992081
confirmation,2021-05-04,all_gene,-0.010599996925038265
confirmation,2021-05-05,all_gene,-0.003299997324048493
confirmation,2021-05-06,all_gene,0.007799996463174497
confirmation,2021-05-07,all_gene,0.00500000218429777
confirmation,2021-05-10,all_gene,-0.01219999784884861
confirmation,2021-05-11,all_gene,-0.008799998716827866
confirmation,2021-05-12,all_gene,-0.027099992850107238
confirmation,2021-05-13,all_gene,0.010100000490616087
confirmation,2021-05-14,all_gene,0.01429999963444752
confirmation,2021-05-17,all_gene,0.00039999882946532855
confirmation,2021-05-18,all_gene,-0.005299999906652751
confirmation,2021-05-19,all_gene,-0.007199997910254738
confirmation,2021-05-20,all_gene,0.008600001556815865
confirmation,2021-05-21,all_gene,-0.002999997802725918
confirmation,2021-05-24,all_gene,0.0075999983934978725
confirmation,2021-05-25,all_gene,0.00029999638001746484
confirmation,2021-05-26,all_gene,0.006699996655034254
confirmation,2021-05-27,all_gene,0.001300000482120567
confirmation,2021-05-28,all_gene,-0.0016999974007668184
confirmation,2021-05-03,random,0.001078303837334788
confirmation,2021-05-04,random,-0.009570390470782175
confirmation,2021-05-05,random,-0.0011575469900052902
confirmation,2021-05-06,random,0.007059497779294668
confirmation,2021-05-07,random,0.007353201297178462
confirmation,2021-05-10,random,-0.013910568594619704
confirmation,2021-05-11,random,-0.007262079752347965
confirmation,2021-05-12,random,-0.025119120871131245
confirmation,2021-05-13,random,0.011633952280194615
confirmation,2021-05-14,random,0.0169947932417155
confirmation,2021-05-17,random,-0.002620342028272259
confirmation,2021-05-18,random,-0.007287320919464085
confirmation,2021-05-19,random,-0.003522907741108915
confirmation,2021-05-20,random,0.010891959949413112
confirmation,2021-05-21,random,-0.001297905958178455
confirmation,2021-05-24,random,0.010257925717842922
confirmation,2021-05-25,random,-0.001904737852866206
confirmation,2021-05-26,random,0.00509342580241769
confirmation,2021-05-27,random,0.002137247262149106
confirmation,2021-05-28,random,-0.0001755619902373881
confirmation,2021-05-03,min_variance,0.0061221367838333466
confirmation,2021-05-04,min_variance,-0.009035109926018272
confirmation,2021-05-05,min_variance,-0.0011650511251645019
confirmation,2021-05-06,min_variance,0.0017954126267028634
confirmation,2021-05-07,min_variance,0.0068213823962577445
confirmation,2021-05-10,min_variance,-0.009323399776856924
confirmation,2021-05-11,min_variance,-0.0065805605143427655
confirmation,2021-05-12,min_variance,-0.016861466380628173
confirmation,2021-05-13,min_variance,0.00847092363990103
confirmation,2021-05-14,min_variance,0.011984631620989554
confirmation,2021-05-17,min_variance,-7.878705331324273e-05
confirmation,2021-05-18,min_variance,-0.0028967504418084206
confirmation,2021-05-19,min_variance,-0.005561200184275192
confirmation,2021-05-20,min_variance,0.01153318704454059
confirmation,2021-05-21,min_variance,-0.001981961168712381
confirmation,2021-05-24,min_variance,0.0038528885214106313
confirmation,2021-05-25,min_variance,-0.003011017980139344
confirmation,2021-05-26,min_variance,0.0019614869020939483
confirmation,2021-05-27,min_variance,-2.396675969376459e-05
confirmation,2021-05-28,min_variance,0.0017800382872346972
confirmation,2021-05-03,equal_weight,0.0044199999999999995
confirmation,2021-05-04,equal_weight,-0.0069
confirmation,2021-05-05,equal_weight,9.999999999999994e-05
confirmation,2021-05-06,equal_weight,0.005180000000000001
confirmation,2021-05-07,equal_weight,0.00804
confirmation,2021-05-10,equal_weight,-0.01052
confirmation,2021-05-11,equal_weight,-0.0075
confirmation,2021-05-12,equal_weight,-0.021220000000000003
confirmation,2021-05-13,equal_weight,0.011300000000000001
confirmation,2021-05-14,equal_weight,0.01532
confirmation,2021-05-17,equal_weight,-0.0012600000000000003
confirmation,2021-05-18,equal_weight,-0.00686
confirmation,2021-05-19,equal_weight,-0.004600000000000001
confirmation,2021-05-20,equal_weight,0.01012
confirmation,2021-05-21,equal_weight,-0.0002800000000000003
confirmation,2021-05-24,equal_weight,0.00758
confirmation,2021-05-25,equal_weight,-0.0037000000000000006
confirmation,2021-05-26,equal_weight,0.0036200000000000004
confirmation,2021-05-27,equal_weight,0.00218
confirmation,2021-05-28,equal_weight,0.0008400000000000001
confirmation,2021-06-01,localized,-0.00060133267408752
confirmation,2021-06-02,localized,-0.00030441448655858105
confirmation,2021-06-03,localized,-0.007905804739706779
confirmation,2021-06-04,localized,0.007336349309565592
confirmation,2021-06-07,localized,0.0003105025640823015
confirmation,2021-06-08,localized,0.005144376697105068
confirmation,2021-06-09,localized,-0.005061577974440304
confirmation,2021-06-10,localized,0.006182046662583523
confirmation,2021-06-11,localized,0.004999239756285716
confirmation,2021-06-14,localized,0.0007251499082944486
confirmation,2021-06-15,localized,-0.005121678717719217
confirmation,2021-06-16,localized,-0.0034020535929897918
confirmation,2021-06-17,localized,0.0042081592405423685
confirmation,2021-06-18,localized,-0.00928902835774707
confirmation,2021-06-21,localized,0.008317018348544406
confirmation,2021-06-22,localized,0.008895876630006221
confirmation,2021-06-23,localized,0.002899864621978057
confirmation,2021-06-24,localized,0.0032629071827162625
confirmation,2021-06-25,localized,6.55243596576456e-05
confirmation,2021-06-28,localized,0.003804498665523515
confirmation,2021-06-29,localized,-0.00032613558450518847
confirmation,2021-06-30,localized,0.0027369352609758367
confirmation,2021-06-01,all_gene,-0.0002999998233636598
confirmation,2021-06-02,all_gene,-0.0004999998486952437
confirmation,2021-06-03,all_gene,-0.007799995840761455
confirmation,2021-06-04,all_gene,0.006499999532602317
confirmation,2021-06-07,all_gene,0.00010000096269601908
confirmation,2021-06-08,all_gene,0.005499996750356974
confirmation,2021-06-09,all_gene,-0.005499997759224249
confirmation,2021-06-10,all_gene,0.005999997875107495
confirmation,2021-06-11,all_gene,0.004999997948683317
confirmation,2021-06-14,all_gene,-1.3528161084785284e-09
confirmation,2021-06-15,all_gene,-0.004999997163878644
confirmation,2021-06-16,all_gene,-0.0033000010648232634
confirmation,2021-06-17,all_gene,0.0035999936867555926
confirmation,2021-06-18,all_gene,-0.00930000355726704
confirmation,2021-06-21,all_gene,0.008200005702175255
confirmation,2021-06-22,all_gene,0.008899996358812333
confirmation,2021-06-23,all_gene,0.0031999971645475887
confirmation,2021-06-24,all_gene,0.0030000033011369494
confirmation,2021-06-25,all_gene,0.00010000371002040079
confirmation,2021-06-28,all_gene,0.0031999959996093456
confirmation,2021-06-29,all_gene,-0.0006000003232241704
confirmation,2021-06-30,all_gene,0.0031999993166480054
confirmation,2021-06-01,random,0.0015023760700698756
confirmation,2021-06-02,random,-0.0007011565942856842
confirmation,2021-06-03,random,-0.003127494469409977
confirmation,2021-06-04,random,0.004198262735547718
confirmation,2021-06-07,random,-0.002174060469054079
confirmation,2021-06-08,random,0.0015272249525956723
confirmation,2021-06-09,random,-0.006851962249222309
confirmation,2021-06-10,random,-0.0030748562362541603
confirmation,2021-06-11,random,0.004641158626915505
confirmation,2021-06-14,random,-0.004588891223456327
confirmation,2021-06-15,random,0.00016944725527041405
confirmation,2021-06-16,random,-0.003651147219650618
confirmation,2021-06-17,random,-0.011481282181545887
confirmation,2021-06-18,random,-0.01586187548101843
confirmation,2021-06-21,random,0.01836763423425612
confirmation,2021-06-22,random,0.003589222801797843
confirmation,2021-06-23,random,0.00011577136691880692
confirmation,2021-06-24,random,0.00890535986265042
confirmation,2021-06-25,random,0.006449291542108519
confirmation,2021-06-28,random,-0.0056544310101683485
confirmation,2021-06-29,random,-0.0010312636815675998
confirmation,2021-06-30,random,0.001994852539999799
confirmation,2021-06-01,min_variance,-0.0052254169562634
confirmation,2021-06-02,min_variance,-0.0008635455622550975
confirmation,2021-06-03,min_variance,0.000436258095634804
confirmation,2021-06-04,min_variance,0.006010090863910466
confirmation,2021-06-07,min_variance,0.007564619578665893
confirmation,2021-06-08,min_variance,-0.00011788953417990202
confirmation,2021-06-09,min_variance,0.004372213125782743
confirmation,2021-06-10,min_variance,0.011006273773150608
confirmation,2021-06-11,min_variance,-0.0018581943358923839
confirmation,2021-06-14,min_variance,-0.00011134538506754378
confirmation,2021-06-15,min_variance,-0.0033614431118443823
confirmation,2021-06-16,min_variance,-0.004583811450968128
confirmation,2021-06-17,min_variance,0.001853720531348232
confirmation,2021-06-18,min_variance,-0.011845352505146789
confirmation,2021-06-21,min_variance,0.013116177838308816
confirmation,2021-06-22,min_variance,0.0031655877602563397
confirmation,2021-06-23,min_variance,-0.0019911621850075855
confirmation,2021-06-24,min_variance,0.0070352688237987175
confirmation,2021-06-25,min_variance,0.004103164157618359
confirmation,2021-06-28,min_variance,7.204056591420479e-05
confirmation,2021-06-29,min_variance,-0.000673022655187898
confirmation,2021-06-30,min_variance,0.0021021111052121357
confirmation,2021-06-01,equal_weight,-0.00047999999999999996
confirmation,2021-06-02,equal_weight,4.0000000000000024e-05
confirmation,2021-06-03,equal_weight,-0.0027800000000000004
confirmation,2021-06-04,equal_weight,0.0074
confirmation,2021-06-07,equal_weight,0.0022000000000000006
confirmation,2021-06-08,equal_weight,0.0010600000000000002
confirmation,2021-06-09,equal_weight,-0.0014000000000000002
confirmation,2021-06-10,equal_weight,0.0049
confirmation,2021-06-11,equal_weight,0.0020800000000000003
confirmation,2021-06-14,equal_weight,-9.999999999999983e-05
confirmation,2021-06-15,equal_weight,-0.0019999999999999996
confirmation,2021-06-16,equal_weight,-0.00496
confirmation,2021-06-17,equal_weight,-0.0018799999999999997
confirmation,2021-06-18,equal_weight,-0.01322
confirmation,2021-06-21,equal_weight,0.01472
confirmation,2021-06-22,equal_weight,0.00462
confirmation,2021-06-23,equal_weight,-0.00074
confirmation,2021-06-24,equal_weight,0.007
confirmation,2021-06-25,equal_weight,0.004240000000000001
confirmation,2021-06-28,equal_weight,-9.99999999999994e-05
confirmation,2021-06-29,equal_weight,-0.0006400000000000002
confirmation,2021-06-30,equal_weight,0.00184
confirmation,2021-07-01,localized,-0.0001987389916087503
confirmation,2021-07-02,localized,0.006572825006266864
confirmation,2021-07-06,localized,0.0028622043467740397
confirmation,2021-07-07,localized,0.0009701130053471233
confirmation,2021-07-08,localized,-0.002488154140752178
confirmation,2021-07-09,localized,0.009338317721653989
confirmation,2021-07-12,localized,0.003818085640403655
confirmation,2021-07-13,localized,-0.008149197651311321
confirmation,2021-07-14,localized,-0.000839248282756589
confirmation,2021-07-15,localized,-0.005023187841243858
confirmation,2021-07-16,localized,-0.009133967440455656
confirmation,2021-07-19,localized,-0.00792247824578617
confirmation,2021-07-20,localized,0.014506206939708529
confirmation,2021-07-21,localized,0.0051189509086143736
confirmation,2021-07-22,localized,0.002110755091419639
confirmation,2021-07-23,localized,0.009497614907217003
confirmation,2021-07-26,localized,0.00500572235032806
confirmation,2021-07-27,localized,-0.009052916519984536
confirmation,2021-07-28,localized,-0.001986647123537648
confirmation,2021-07-29,localized,0.006330748258561478
confirmation,2021-07-30,localized,-0.017637633512400143
confirmation,2021-07-01,all_gene,-0.000399988934323946
confirmation,2021-07-02,all_gene,0.006199993771039045
confirmation,2021-07-06,all_gene,0.002799982816402772
confirmation,2021-07-07,all_gene,0.0008999993485220023
confirmation,2021-07-08,all_gene,-0.0019000149633308708
confirmation,2021-07-09,all_gene,0.009300011246639118
confirmation,2021-07-12,all_gene,0.004099998660469304
confirmation,2021-07-13,all_gene,-0.008799997950012238
confirmation,2021-07-14,all_gene,-0.0009000050073729572
confirmation,2021-07-15,all_gene,-0.004799993290221469
confirmation,2021-07-16,all_gene,-0.00939999811258362
confirmation,2021-07-19,all_gene,-0.007600016751232655
confirmation,2021-07-20,all_gene,0.014400007577770813
confirmation,2021-07-21,all_gene,0.004800010828106835
confirmation,2021-07-22,all_gene,0.0016999922305170915
confirmation,2021-07-23,all_gene,0.009099997050406811
confirmation,2021-07-26,all_gene,0.005399993294527358
confirmation,2021-07-27,all_gene,-0.008899991077249302
confirmation,2021-07-28,all_gene,-0.0025999921444768924
confirmation,2021-07-29,all_gene,0.006699996686317251
confirmation,2021-07-30,all_gene,-0.018899978551644818
confirmation,2021-07-01,random,0.006664042775296971
confirmation,2021-07-02,random,0.0019661554514127013
confirmation,2021-07-06,random,-0.008427094474040154
confirmation,2021-07-07,random,0.0004380926721172467
confirmation,2021-07-08,random,-0.014049509058663878
confirmation,2021-07-09,random,0.019442424766214498
confirmation,2021-07-12,random,0.004437020940957751
confirmation,2021-07-13,random,-0.007848637654664191
confirmation,2021-07-14,random,-0.0032410677454932754
confirmation,2021-07-15,random,0.0007536013787740831
confirmation,2021-07-16,random,-0.010636947728414368
confirmation,2021-07-19,random,-0.02083211465125214
confirmation,2021-07-20,random,0.020561747776975958
confirmation,2021-07-21,random,0.012727728153108235
confirmation,2021-07-22,random,-0.004393107148003123
confirmation,2021-07-23,random,0.006503622838984895
confirmation,2021-07-26,random,0.0025495257733869647
confirmation,2021-07-27,random,-0.004302782203301317
confirmation,2021-07-28,random,-5.0048287160832025e-05
confirmation,2021-07-29,random,0.005571043838567722
confirmation,2021-07-30,random,-0.006866842934526684
confirmation,2021-07-01,min_variance,0.006845181848944328
confirmation,2021-07-02,min_variance,0.0031717456573843892
confirmation,2021-07-06,min_variance,-0.005307129690630255
confirmation,2021-07-07,min_variance,0.0004842711901264329
confirmation,2021-07-08,min_variance,-0.003178201731666248
confirmation,2021-07-09,min_variance,0.008446161935813797
confirmation,2021-07-12,min_variance,0.0011729705322958315
confirmation,2021-07-13,min_variance,-0.007811233426667844
confirmation,2021-07-14,min_variance,-0.005366453360055841
confirmation,2021-07-15,min_variance,-0.0038139597495927802
confirmation,2021-07-16,min_variance,-0.002863461466710854
confirmation,2021-07-19,min_variance,-0.00966209615813836
confirmation,2021-07-20,min_variance,0.015349496321039859
confirmation,2021-07-21,min_variance,0.0075698344863270655
confirmation,2021-07-22,min_variance,-0.0002636355968878259
confirmation,2021-07-23,min_variance,0.008664541087140354
confirmation,2021-07-26,min_variance,-0.0014258597194153203
confirmation,2021-07-27,min_variance,-0.0015683198319152464
confirmation,2021-07-28,min_variance,0.006299051122933285
confirmation,2021-07-29,min_variance,0.0029696499287254177
confirmation,2021-07-30,min_variance,-0.005969802466926629
confirmation,2021-07-01,equal_weight,0.0053
confirmation,2021-07-02,equal_weight,0.004300000000000001
confirmation,2021-07-06,equal_weight,-0.00422
confirmation,2021-07-07,equal_weight,0.0007999999999999999
confirmation,2021-07-08,equal_weight,-0.007200000000000001
confirmation,2021-07-09,equal_weight,0.012
confirmation,2021-07-12,equal_weight,0.00226
confirmation,2021-07-13,equal_weight,-0.006700000000000001
confirmation,2021-07-14,equal_weight,-0.0035400000000000006
confirmation,2021-07-15,equal_weight,-0.0032400000000000003
confirmation,2021-07-16,equal_weight,-0.00668
confirmation,2021-07-19,equal_weight,-0.01352
confirmation,2021-07-20,equal_weight,0.01676
confirmation,2021-07-21,equal_weight,0.009160000000000001
confirmation,2021-07-22,equal_weight,-0.00015999999999999999
confirmation,2021-07-23,equal_weight,0.00896
confirmation,2021-07-26,equal_weight,0.00126
confirmation,2021-07-27,equal_weight,-0.00466
confirmation,2021-07-28,equal_weight,0.0032800000000000004
confirmation,2021-07-29,equal_weight,0.0041800000000000006
confirmation,2021-07-30,equal_weight,-0.00678
confirmation,2021-08-02,localized,-0.004933690263226479
confirmation,2021-08-03,localized,0.0059502651973044746
confirmation,2021-08-04,localized,-0.006036650243897648
confirmation,2021-08-05,localized,0.009878808304875397
confirmation,2021-08-06,localized,0.009851919189974705
confirmation,2021-08-09,localized,-0.0015510159559640744
confirmation,2021-08-10,localized,0.0049848037518152016
confirmation,2021-08-11,localized,0.007092595677927386
confirmation,2021-08-12,localized,-0.0009773284983233756
confirmation,2021-08-13,localized,-0.0029596163900187347
confirmation,2021-08-16,localized,-0.0007409105135401796
confirmation,2021-08-17,localized,-0.009380991626746847
confirmation,2021-08-18,localized,-0.009813676321969654
confirmation,2021-08-19,localized,-0.004412875036864969
confirmation,2021-08-20,localized,0.007370509511297055
confirmation,2021-08-23,localized,0.009330821882421302
confirmation,2021-08-24,localized,0.007424986414816537
confirmation,2021-08-25,localized,0.005817309849263578
confirmation,2021-08-26,localized,-0.007538903893599512
confirmation,2021-08-27,localized,0.013725702840418033
confirmation,2021-08-30,localized,-0.005525000278876719
confirmation,2021-08-31,localized,-0.0007566470892145732
confirmation,2021-08-02,all_gene,0.0010999752447431782
confirmation,2021-08-03,all_gene,0.007300002717913373
confirmation,2021-08-04,all_gene,-0.009799981418155461
confirmation,2021-08-05,all_gene,0.006600013105369746
confirmation,2021-08-06,all_gene,-0.00399994418693117
confirmation,2021-08-09,all_gene,0.0014999903614111
confirmation,2021-08-10,all_gene,0.0037999973179621105
confirmation,2021-08-11,all_gene,0.002800004354808142
confirmation,2021-08-12,all_gene,0.00010000081567626337
confirmation,2021-08-13,all_gene,-0.0011000049044197543
confirmation,2021-08-16,all_gene,-0.0010999945326505823
confirmation,2021-08-17,all_gene,-0.015399949688260129
confirmation,2021-08-18,all_gene,-0.004300031943166188
confirmation,2021-08-19,all_gene,-0.002500010666602975
confirmation,2021-08-20,all_gene,0.007100001422665876
confirmation,2021-08-23,all_gene,0.008000007792329117
confirmation,2021-08-24,all_gene,0.003600009382682723
confirmation,2021-08-25,all_gene,0.0016000150343824695
confirmation,2021-08-26,all_gene,-0.007399997732296597
confirmation,2021-08-27,all_gene,0.007200022738953672
confirmation,2021-08-30,all_gene,0.008299938359138712
confirmation,2021-08-31,all_gene,0.003999975918307489
confirmation,2021-08-02,random,-0.003455315648319204
confirmation,2021-08-03,random,0.006472116795336389
confirmation,2021-08-04,random,-0.005846896046232572
confirmation,2021-08-05,random,0.009517525809338623
confirmation,2021-08-06,random,0.00819222626165243
confirmation,2021-08-09,random,-0.0009385271144057496
confirmation,2021-08-10,random,0.00401568180766386
confirmation,2021-08-11,random,0.005550393831256379
confirmation,2021-08-12,random,-0.00028981260276284156
confirmation,2021-08-13,random,-0.0024558413926189576
confirmation,2021-08-16,random,-0.00044013999398685103
confirmation,2021-08-17,random,-0.00822556722967757
confirmation,2021-08-18,random,-0.009825458786170289
confirmation,2021-08-19,random,-0.004092863405619439
confirmation,2021-08-20,random,0.0075117688894375985
confirmation,2021-08-23,random,0.009363373284992548
confirmation,2021-08-24,random,0.006541823200571393
confirmation,2021-08-25,random,0.005158663382594374
confirmation,2021-08-26,random,-0.007309179730602207
confirmation,2021-08-27,random,0.012715203747765073
confirmation,2021-08-30,random,-0.004180480560285006
confirmation,2021-08-31,random,-0.0005126731429109765
confirmation,2021-08-02,min_variance,3.8641855479062465e-05
confirmation,2021-08-03,min_variance,0.011607147945523862
confirmation,2021-08-04,min_variance,-0.007086801819172197
confirmation,2021-08-05,min_variance,0.006857042409495086
confirmation,2021-08-06,min_variance,-0.002357607762455689
confirmation,2021-08-09,min_variance,0.002297954185441305
confirmation,2021-08-10,min_variance,-0.00034429724861557325
confirmation,2021-08-11,min_variance,-0.0036657235086867924
confirmation,2021-08-12,min_variance,0.0030217981174746372
confirmation,2021-08-13,min_variance,0.0003310990677877704
confirmation,2021-08-16,min_variance,0.0010912086876640806
confirmation,2021-08-17,min_variance,-0.000260520518808286
confirmation,2021-08-18,min_variance,-0.010708536959013613
confirmation,2021-08-19,min_variance,-0.004109059610833678
confirmation,2021-08-20,min_variance,0.007603207110823121
confirmation,2021-08-23,min_variance,0.009851691676400627
confirmation,2021-08-24,min_variance,0.0007454267377142163
confirmation,2021-08-25,min_variance,0.0010295680339880262
confirmation,2021-08-26,min_variance,-0.005779083377905996
confirmation,2021-08-27,min_variance,0.006428033368863365
confirmation,2021-08-30,min_variance,0.003572399346305178
confirmation,2021-08-31,min_variance,6.584159289212165e-05
confirmation,2021-08-02,equal_weight,-0.00114
confirmation,2021-08-03,equal_weight,0.008660000000000001
confirmation,2021-08-04,equal_weight,-0.00594
confirmation,2021-08-05,equal_weight,0.007540000000000001
confirmation,2021-08-06,equal_weight,0.0006999999999999999
confirmation,2021-08-09,equal_weight,0.0004399999999999999
confirmation,2021-08-10,equal_weight,0.00124
confirmation,2021-08-11,equal_weight,0.001
confirmation,2021-08-12,equal_weight,0.0020000000000000005
confirmation,2021-08-13,equal_weight,-0.0002600000000000001
confirmation,2021-08-16,equal_weight,1.999999999999981e-05
confirmation,2021-08-17,equal_weight,-0.00604
confirmation,2021-08-18,equal_weight,-0.00988
confirmation,2021-08-19,equal_weight,-0.00282
confirmation,2021-08-20,equal_weight,0.008300000000000002
confirmation,2021-08-23,equal_weight,0.01012
confirmation,2021-08-24,equal_weight,0.0033
confirmation,2021-08-25,equal_weight,0.0025000000000000005
confirmation,2021-08-26,equal_weight,-0.0064399999999999995
confirmation,2021-08-27,equal_weight,0.00962
confirmation,2021-08-30,equal_weight,0.0026600000000000005
confirmation,2021-08-31,equal_weight,-0.0007400000000000001
confirmation,2021-09-01,localized,-0.0011965926032553042
confirmation,2021-09-02,localized,0.003620142554801087
confirmation,2021-09-03,localized,-0.0040341528160300014
confirmation,2021-09-07,localized,-0.0031384656474681897
confirmation,2021-09-08,localized,-0.004705255825784367
confirmation,2021-09-09,localized,4.168572828864859e-06
confirmation,2021-09-10,localized,-0.007833719710478816
confirmation,2021-09-13,localized,0.007250995118358714
confirmation,2021-09-14,localized,-0.012271345695302544
confirmation,2021-09-15,localized,0.009027177968837032
confirmation,2021-09-16,localized,-0.0010942436023763666
confirmation,2021-09-17,localized,-0.004493829289770611
confirmation,2021-09-20,localized,-0.019245692356622237
confirmation,2021-09-21,localized,-0.0009271350686624797
confirmation,2021-09-22,localized,0.01195274831662787
confirmation,2021-09-23,localized,0.019949629330492772
confirmation,2021-09-24,localized,0.004239816077634949
confirmation,2021-09-27,localized,0.008145331554206164
confirmation,2021-09-28,localized,-0.0169556502192477
confirmation,2021-09-29,localized,0.0001931364083386183
confirmation,2021-09-30,localized,-0.013533592011685242
confirmation,2021-09-01,all_gene,0.0016999600392436948
confirmation,2021-09-02,all_gene,0.0003000575689794266
confirmation,2021-09-03,all_gene,-0.0003000437710333089
confirmation,2021-09-07,all_gene,-0.0023000201133977125
confirmation,2021-09-08,all_gene,0.0026999075001116757
confirmation,2021-09-09,all_gene,-0.0034999705085976274
confirmation,2021-09-10,all_gene,-0.005800023886118077
confirmation,2021-09-13,all_gene,0.0015000477934306333
confirmation,2021-09-14,all_gene,-0.004900080722404342
confirmation,2021-09-15,all_gene,0.007400019304892765
confirmation,2021-09-16,all_gene,0.003199940332382025
confirmation,2021-09-17,all_gene,-0.004699996612714855
confirmation,2021-09-20,all_gene,-0.02029997577829643
confirmation,2021-09-21,all_gene,0.00019999292735910551
confirmation,2021-09-22,all_gene,0.009100022340253358
confirmation,2021-09-23,all_gene,0.007600144141783749
confirmation,2021-09-24,all_gene,0.0037999811711282006
confirmation,2021-09-27,all_gene,0.0031000356026034018
confirmation,2021-09-28,all_gene,-0.018599979001144868
confirmation,2021-09-29,all_gene,0.0031999677595379848
confirmation,2021-09-30,all_gene,-0.017199939756580313
confirmation,2021-09-01,random,-0.0005940995159155128
confirmation,2021-09-02,random,0.003715775226395923
confirmation,2021-09-03,random,-0.003139154058377182
confirmation,2021-09-07,random,-0.003160241267773956
confirmation,2021-09-08,random,-0.0043642890551475345
confirmation,2021-09-09,random,-0.001041979293623526
confirmation,2021-09-10,random,-0.007791518324121141
confirmation,2021-09-13,random,0.00537473706029468
confirmation,2021-09-14,random,-0.010805926173992213
confirmation,2021-09-15,random,0.008765761973719586
confirmation,2021-09-16,random,-0.0007624980950598555
confirmation,2021-09-17,random,-0.0046953846661078585
confirmation,2021-09-20,random,-0.018937607061444733
confirmation,2021-09-21,random,-0.0003949371175526086
confirmation,2021-09-22,random,0.011009900230635366
confirmation,2021-09-23,random,0.018182578596958814
confirmation,2021-09-24,random,0.003155989547987702
confirmation,2021-09-27,random,0.005537870901599007
confirmation,2021-09-28,random,-0.01803647791959031
confirmation,2021-09-29,random,0.00041872488983891987
confirmation,2021-09-30,random,-0.012619935593037417
confirmation,2021-09-01,min_variance,0.0010382993943092687
confirmation,2021-09-02,min_variance,0.007937036783033743
confirmation,2021-09-03,min_variance,-0.0018832763580699423
confirmation,2021-09-07,min_variance,-0.006588548814933173
confirmation,2021-09-08,min_variance,-0.0009669491735682415
confirmation,2021-09-09,min_variance,-0.006033745846797658
confirmation,2021-09-10,min_variance,-0.006113946370833465
confirmation,2021-09-13,min_variance,-0.002724361450468687
confirmation,2021-09-14,min_variance,-0.005525954758782701
confirmation,2021-09-15,min_variance,0.008247724936369053
confirmation,2021-09-16,min_variance,-0.0017078111803727838
confirmation,2021-09-17,min_variance,-0.0045377426350274915
confirmation,2021-09-20,min_variance,-0.015941370013341435
confirmation,2021-09-21,min_variance,0.0015941695611168573
confirmation,2021-09-22,min_variance,0.006700283113567569
confirmation,2021-09-23,min_variance,0.011227593399591885
confirmation,2021-09-24,min_variance,-0.004087195082443814
confirmation,2021-09-27,min_variance,-0.0020157972782318665
confirmation,2021-09-28,min_variance,-0.016430364232948372
confirmation,2021-09-29,min_variance,0.0035600743967611308
confirmation,2021-09-30,min_variance,-0.011067288451258829
confirmation,2021-09-01,equal_weight,0.00082
confirmation,2021-09-02,equal_weight,0.00504
confirmation,2021-09-03,equal_weight,-0.0013
confirmation,2021-09-07,equal_weight,-0.0047799999999999995
confirmation,2021-09-08,equal_weight,-0.00232
confirmation,2021-09-09,equal_weight,-0.00358
confirmation,2021-09-10,equal_weight,-0.00694
confirmation,2021-09-13,equal_weight,0.00098
confirmation,2021-09-14,equal_weight,-0.00686
confirmation,2021-09-15,equal_weight,0.00876
confirmation,2021-09-16,equal_weight,-0.0011200000000000001
confirmation,2021-09-17,equal_weight,-0.006280000000000001
confirmation,2021-09-20,equal_weight,-0.01776
confirmation,2021-09-21,equal_weight,0.00043999999999999996
confirmation,2021-09-22,equal_weight,0.009320000000000002
confirmation,2021-09-23,equal_weight,0.01288
confirmation,2021-09-24,equal_weight,-0.00034
confirmation,2021-09-27,equal_weight,4.0000000000000105e-05
confirmation,2021-09-28,equal_weight,-0.01908
confirmation,2021-09-29,equal_weight,0.0016
confirmation,2021-09-30,equal_weight,-0.011240000000000002
confirmation,2021-10-01,localized,0.01714676706929115
confirmation,2021-10-04,localized,-0.011105775901664087
confirmation,2021-10-05,localized,0.013176926589371085
confirmation,2021-10-06,localized,0.0038595620375426187
confirmation,2021-10-07,localized,0.009162404697128175
confirmation,2021-10-08,localized,0.0020620314450833796
confirmation,2021-10-11,localized,-0.009745228439711774
confirmation,2021-10-12,localized,-0.0005662613776606301
confirmation,2021-10-13,localized,-0.0018904802336416338
confirmation,2021-10-14,localized,0.018237778954039507
confirmation,2021-10-15,localized,0.011838937850457778
confirmation,2021-10-18,localized,0.0016048055688763284
confirmation,2021-10-19,localized,0.005753798847038376
confirmation,2021-10-20,localized,0.005008082373076042
confirmation,2021-10-21,localized,-1.71654965134492e-05
confirmation,2021-10-22,localized,0.007015433576430613
confirmation,2021-10-25,localized,0.004172728431059098
confirmation,2021-10-26,localized,0.00030022517987413636
confirmation,2021-10-27,localized,-0.019282861105951548
confirmation,2021-10-28,localized,0.010700786329074043
confirmation,2021-10-29,localized,-0.0011274038972723833
confirmation,2021-10-01,all_gene,0.0029005233656518225
confirmation,2021-10-04,all_gene,-0.00970006120576244
confirmation,2021-10-05,all_gene,0.005200306621062848
confirmation,2021-10-06,all_gene,0.004499947208645885
confirmation,2021-10-07,all_gene,0.012699855315347798
confirmation,2021-10-08,all_gene,-0.0035997898543426894
confirmation,2021-10-11,all_gene,-0.004400212805485034
confirmation,2021-10-12,all_gene,0.003599826846628152
confirmation,2021-10-13,all_gene,0.004399751393959012
confirmation,2021-10-14,all_gene,0.011500262312025918
confirmation,2021-10-15,all_gene,0.010700011084410446
confirmation,2021-10-18,all_gene,0.009099659232855358
confirmation,2021-10-19,all_gene,0.0011002164380176358
confirmation,2021-10-20,all_gene,0.0018001429849370135
confirmation,2021-10-21,all_gene,0.009699601133088815
confirmation,2021-10-22,all_gene,-0.0032995854428865515
confirmation,2021-10-25,all_gene,0.015899507279995163
confirmation,2021-10-26,all_gene,0.00010001466936401747
confirmation,2021-10-27,all_gene,-0.0017007126998718734
confirmation,2021-10-28,all_gene,0.013499890811815726
confirmation,2021-10-29,all_gene,0.0007999330990401598
confirmation,2021-10-01,random,0.015164062868893964
confirmation,2021-10-04,random,-0.012226416384329745
confirmation,2021-10-05,random,0.01233116276074179
confirmation,2021-10-06,random,0.003456640691244593
confirmation,2021-10-07,random,0.009483919321332744
confirmation,2021-10-08,random,0.000613422227790778
confirmation,2021-10-11,random,-0.009173310484183623
confirmation,2021-10-12,random,-0.0006221306028182254
confirmation,2021-10-13,random,-0.0005986895007789265
confirmation,2021-10-14,random,0.017640000909139607
confirmation,2021-10-15,random,0.010394541320581322
confirmation,2021-10-18,random,0.001722031486668937
confirmation,2021-10-19,random,0.006409959677700969
confirmation,2021-10-20,random,0.004769372095251763
confirmation,2021-10-21,random,0.0010243967605475701
confirmation,2021-10-22,random,0.004887343167032337
confirmation,2021-10-25,random,0.004465255580102744
confirmation,2021-10-26,random,0.0005511543202322065
confirmation,2021-10-27,random,-0.01661033844416809
confirmation,2021-10-28,random,0.010924177056688725
confirmation,2021-10-29,random,-0.00017869617506833613
confirmation,2021-10-01,min_variance,0.003969972806710296
confirmation,2021-10-04,min_variance,-0.010290483114741296
confirmation,2021-10-05,min_variance,0.005140522177255005
confirmation,2021-10-06,min_variance,-0.0012807932880035365
confirmation,2021-10-07,min_variance,0.010728299511722139
confirmation,2021-10-08,min_variance,-0.004915096109446366
confirmation,2021-10-11,min_variance,-0.005666854002199033
confirmation,2021-10-12,min_variance,0.0009219222675924894
confirmation,2021-10-13,min_variance,0.0035308984127079696
confirmation,2021-10-14,min_variance,0.012243086474435524
confirmation,2021-10-15,min_variance,0.0034796856800331706
confirmation,2021-10-18,min_variance,-0.0015783066216932566
confirmation,2021-10-19,min_variance,0.008647353196631173
confirmation,2021-10-20,min_variance,0.005855297154679202
confirmation,2021-10-21,min_variance,0.004072226097712
confirmation,2021-10-22,min_variance,2.4858289214646594e-05
confirmation,2021-10-25,min_variance,0.007135446801890429
confirmation,2021-10-26,min_variance,0.001226779386898256
confirmation,2021-10-27,min_variance,-0.008819713289629778
confirmation,2021-10-28,min_variance,0.013015943786355247
confirmation,2021-10-29,min_variance,0.0021051534228444867
confirmation,2021-10-01,equal_weight,0.009500000000000001
confirmation,2021-10-04,equal_weight,-0.011680000000000001
confirmation,2021-10-05,equal_weight,0.008740000000000001
confirmation,2021-10-06,equal_weight,0.0017600000000000005
confirmation,2021-10-07,equal_weight,0.010160000000000002
confirmation,2021-10-08,equal_weight,-0.0027400000000000007
confirmation,2021-10-11,equal_weight,-0.00676
confirmation,2021-10-12,equal_weight,-3.9999999999999915e-05
confirmation,2021-10-13,equal_weight,0.00348
confirmation,2021-10-14,equal_weight,0.01512
confirmation,2021-10-15,equal_weight,0.00578
confirmation,2021-10-18,equal_weight,0.0017600000000000005
confirmation,2021-10-19,equal_weight,0.00728
confirmation,2021-10-20,equal_weight,0.00454
confirmation,2021-10-21,equal_weight,0.0031400000000000004
confirmation,2021-10-22,equal_weight,-0.0005199999999999996
confirmation,2021-10-25,equal_weight,0.00606
confirmation,2021-10-26,equal_weight,0.0005400000000000001
confirmation,2021-10-27,equal_weight,-0.00914
confirmation,2021-10-28,equal_weight,0.011680000000000001
confirmation,2021-10-29,equal_weight,0.00152
confirmation,2021-11-01,localized,0.00506386082183652
confirmation,2021-11-02,localized,-0.0003271762741904903
confirmation,2021-11-03,localized,0.007130158266270687
confirmation,2021-11-04,localized,-0.006655137380584494
confirmation,2021-11-05,localized,0.007892467016368443
confirmation,2021-11-08,localized,0.004711639556416045
confirmation,2021-11-09,localized,-0.0065146869036032526
confirmation,2021-11-10,localized,-0.006058000110195426
confirmation,2021-11-11,localized,0.0012811713427047574
confirmation,2021-11-12,localized,0.006038220473491681
confirmation,2021-11-15,localized,-0.0014017913819645933
confirmation,2021-11-16,localized,0.0013688218851000788
confirmation,2021-11-17,localized,-0.01015936976677362
confirmation,2021-11-18,localized,-0.005478812203086432
confirmation,2021-11-19,localized,-0.009738256618883287
confirmation,2021-11-22,localized,0.0013016239028583055
confirmation,2021-11-23,localized,0.009520368359899032
confirmation,2021-11-24,localized,0.0009467975476903978
confirmation,2021-11-26,localized,-0.030268997523781416
confirmation,2021-11-29,localized,0.003999744148516041
confirmation,2021-11-30,localized,-0.024218378992492687
confirmation,2021-11-01,all_gene,0.013299243273303092
confirmation,2021-11-02,all_gene,-0.0030997288337165454
confirmation,2021-11-03,all_gene,0.017899047433701323
confirmation,2021-11-04,all_gene,0.010098541130039917
confirmation,2021-11-05,all_gene,0.0027004200434959805
confirmation,2021-11-08,all_gene,-0.012098538742743406
confirmation,2021-11-09,all_gene,-0.009099758832170271
confirmation,2021-11-10,all_gene,-0.003500217614141615
confirmation,2021-11-11,all_gene,1.0043632141748398e-07
confirmation,2021-11-12,all_gene,0.002500300202108387
confirmation,2021-11-15,all_gene,0.0008997975007995493
confirmation,2021-11-16,all_gene,0.008499372539463685
confirmation,2021-11-17,all_gene,0.00029911721283461777
confirmation,2021-11-18,all_gene,0.010598591656261518
confirmation,2021-11-19,all_gene,-0.0009007616457277858
confirmation,2021-11-22,all_gene,-0.0005998503390693543
confirmation,2021-11-23,all_gene,-0.004098839447128753
confirmation,2021-11-24,all_gene,0.00030005674882063954
confirmation,2021-11-26,all_gene,-0.0208007567987779
confirmation,2021-11-29,all_gene,0.010699394059004655
confirmation,2021-11-30,all_gene,-0.017700547462760043
confirmation,2021-11-01,random,0.005070289621189702
confirmation,2021-11-02,random,0.0005480411228270324
confirmation,2021-11-03,random,0.007548862787439187
confirmation,2021-11-04,random,-0.004746391804308425
confirmation,2021-11-05,random,0.006203504228021281
confirmation,2021-11-08,random,0.003890874642590155
confirmation,2021-11-09,random,-0.006199608674388087
confirmation,2021-11-10,random,-0.006509284401410773
confirmation,2021-11-11,random,0.0011341224129559173
confirmation,2021-11-12,random,0.0061694768815471705
confirmation,2021-11-15,random,-0.0015397828440645322
confirmation,2021-11-16,random,0.0020678255463310235
confirmation,2021-11-17,random,-0.00857260230467261
confirmation,2021-11-18,random,-0.004031881757054642
confirmation,2021-11-19,random,-0.008041934340492458
confirmation,2021-11-22,random,-0.0004568921498561639
confirmation,2021-11-23,random,0.0071695934577087105
confirmation,2021-11-24,random,0.0012831312278555832
confirmation,2021-11-26,random,-0.027682579015120376
confirmation,2021-11-29,random,0.004891837181474139
confirmation,2021-11-30,random,-0.02277297896735991
confirmation,2021-11-01,min_variance,0.008987346793336758
confirmation,2021-11-02,min_variance,0.003136464447048159
confirmation,2021-11-03,min_variance,0.009835752323829931
confirmation,2021-11-04,min_variance,0.0005566225954244455
confirmation,2021-11-05,min_variance,0.00012155483968300082
confirmation,2021-11-08,min_variance,-0.002774785715483726
confirmation,2021-11-09,min_variance,-0.005565957260620472
confirmation,2021-11-10,min_variance,-0.004207118315382209
confirmation,2021-11-11,min_variance,-0.0009644455632567483
confirmation,2021-11-12,min_variance,0.003519497677548798
confirmation,2021-11-15,min_variance,-0.0010968225604182794
confirmation,2021-11-16,min_variance,0.0036826778406909393
confirmation,2021-11-17,min_variance,-0.0013299172529367
confirmation,2021-11-18,min_variance,0.0003738030899351633
confirmation,2021-11-19,min_variance,-0.004289242879176769
confirmation,2021-11-22,min_variance,-0.0026597889985490644
confirmation,2021-11-23,min_variance,-0.0006125688820967259
confirmation,2021-11-24,min_variance,0.0008330546495125259
confirmation,2021-11-26,min_variance,-0.015581573401168098
confirmation,2021-11-29,min_variance,0.0035680144227546754
confirmation,2021-11-30,min_variance,-0.017950932092167658
confirmation,2021-11-01,equal_weight,0.006500000000000001
confirmation,2021-11-02,equal_weight,0.0024399999999999995
confirmation,2021-11-03,equal_weight,0.008119999999999999
confirmation,2021-11-04,equal_weight,0.0017800000000000003
confirmation,2021-11-05,equal_weight,0.00348
confirmation,2021-11-08,equal_weight,0.0003399999999999998
confirmation,2021-11-09,equal_weight,-0.00402
confirmation,2021-11-10,equal_weight,-0.00782
confirmation,2021-11-11,equal_weight,0.00076
confirmation,2021-11-12,equal_weight,0.0058200000000000005
confirmation,2021-11-15,equal_weight,-0.0005200000000000001
confirmation,2021-11-16,equal_weight,0.0036600000000000005
confirmation,2021-11-17,equal_weight,-0.0038400000000000005
confirmation,2021-11-18,equal_weight,0.0003399999999999998
confirmation,2021-11-19,equal_weight,-0.0041400000000000005
confirmation,2021-11-22,equal_weight,-0.00324
confirmation,2021-11-23,equal_weight,0.0011200000000000003
confirmation,2021-11-24,equal_weight,0.00196
confirmation,2021-11-26,equal_weight,-0.0211
confirmation,2021-11-29,equal_weight,0.00772
confirmation,2021-11-30,equal_weight,-0.01972
confirmation,2021-12-01,localized,-0.01551366319315404
confirmation,2021-12-02,localized,0.027814031721928152
confirmation,2021-12-03,localized,-0.013227170216891177
confirmation,2021-12-06,localized,0.01913247866564542
confirmation,2021-12-07,localized,0.01658046385094284
confirmation,2021-12-08,localized,0.0017177671001616366
confirmation,2021-12-09,localized,-0.005597793262176238
confirmation,2021-12-10,localized,0.002936716523758378
confirmation,2021-12-13,localized,-0.01312746795681592
confirmation,2021-12-14,localized,-7.067536871143814e-05
confirmation,2021-12-15,localized,0.007667734508854567
confirmation,2021-12-16,localized,0.002159097513752181
confirmation,2021-12-17,localized,-0.013050094275413964
confirmation,2021-12-20,localized,-0.016412954087503605
confirmation,2021-12-21,localized,0.02442994110146776
confirmation,2021-12-22,localized,0.00927522269443187
confirmation,2021-12-23,localized,0.007595052987935117
confirmation,2021-12-27,localized,0.00854842560107647
confirmation,2021-12-28,localized,-5.78674408669324e-05
confirmation,2021-12-29,localized,5.442179110238334e-05
confirmation,2021-12-30,localized,-0.0014475975766817858
confirmation,2021-12-31,localized,-0.001539765897709186
confirmation,2021-12-01,all_gene,-0.016999742143563108
confirmation,2021-12-02,all_gene,0.009704129703952903
confirmation,2021-12-03,all_gene,-0.010700522997714164
confirmation,2021-12-06,all_gene,0.011501725642141131
confirmation,2021-12-07,all_gene,0.01889944045592996
confirmation,2021-12-08,all_gene,0.00020036103424217398
confirmation,2021-12-09,all_gene,-0.012698356637247445
confirmation,2021-12-10,all_gene,0.0076988677316001085
confirmation,2021-12-13,all_gene,-0.013999710317857598
confirmation,2021-12-14,all_gene,-0.004099066027359871
confirmation,2021-12-15,all_gene,0.013598653537287151
confirmation,2021-12-16,all_gene,-0.016095729619929777
confirmation,2021-12-17,all_gene,-0.00580164959321422
confirmation,2021-12-20,all_gene,-0.013800573494684392
confirmation,2021-12-21,all_gene,0.015801923905370524
confirmation,2021-12-22,all_gene,0.01329906159709652
confirmation,2021-12-23,all_gene,0.010299364400568814
confirmation,2021-12-27,all_gene,0.009199827741392573
confirmation,2021-12-28,all_gene,0.003199249556158569
confirmation,2021-12-29,all_gene,0.0014996866571262877
confirmation,2021-12-30,all_gene,-0.002199815510760615
confirmation,2021-12-31,all_gene,-0.0008001592663389642
confirmation,2021-12-01,random,-0.016662140196217073
confirmation,2021-12-02,random,0.01572433324883318
confirmation,2021-12-03,random,-0.011714258444023427
confirmation,2021-12-06,random,0.011876909183588753
confirmation,2021-12-07,random,0.023250701485509423
confirmation,2021-12-08,random,0.004958117734243013
confirmation,2021-12-09,random,-0.010238651519445656
confirmation,2021-12-10,random,0.00856049377672609
confirmation,2021-12-13,random,-0.011507496075744701
confirmation,2021-12-14,random,-0.008833255909285156
confirmation,2021-12-15,random,0.01673725509047819
confirmation,2021-12-16,random,-0.01358751014375519
confirmation,2021-12-17,random,-0.006781445057175253
confirmation,2021-12-20,random,-0.012338452231139708
confirmation,2021-12-21,random,0.021883602246473677
confirmation,2021-12-22,random,0.009326643341867794
confirmation,2021-12-23,random,0.006740820614661319
confirmation,2021-12-27,random,0.013829937056239623
confirmation,2021-12-28,random,-0.0029254432363650016
confirmation,2021-12-29,random,0.0005195808593833071
confirmation,2021-12-30,random,-0.002426780914885266
confirmation,2021-12-31,random,-0.0033326104017812213
confirmation,2021-12-01,min_variance,-0.01027277709088428
confirmation,2021-12-02,min_variance,0.010485414132877062
confirmation,2021-12-03,min_variance,-0.00591534379959918
confirmation,2021-12-06,min_variance,0.008501396451936557
confirmation,2021-12-07,min_variance,0.018043318819947446
confirmation,2021-12-08,min_variance,0.004530172367938671
confirmation,2021-12-09,min_variance,-0.009254760237689993
confirmation,2021-12-10,min_variance,0.002254121682004579
confirmation,2021-12-13,min_variance,-0.00026458382085529746
confirmation,2021-12-14,min_variance,-0.004556518876309217
confirmation,2021-12-15,min_variance,0.017966271411730364
confirmation,2021-12-16,min_variance,-0.0032378912777469193
confirmation,2021-12-17,min_variance,-0.0036795854427888013
confirmation,2021-12-20,min_variance,-0.00992477698472743
confirmation,2021-12-21,min_variance,0.011952882131717201
confirmation,2021-12-22,min_variance,0.00971551146921158
confirmation,2021-12-23,min_variance,0.006608291656830733
confirmation,2021-12-27,min_variance,0.00736090278541425
confirmation,2021-12-28,min_variance,-0.0013328405653769888
confirmation,2021-12-29,min_variance,0.0030968716844518938
confirmation,2021-12-30,min_variance,-9.249436021205924e-06
confirmation,2021-12-31,min_variance,-0.0018590301358732617
confirmation,2021-12-01,equal_weight,-0.01346
confirmation,2021-12-02,equal_weight,0.015179999999999999
confirmation,2021-12-03,equal_weight,-0.009160000000000001
confirmation,2021-12-06,equal_weight,0.01166
confirmation,2021-12-07,equal_weight,0.019799999999999998
confirmation,2021-12-08,equal_weight,0.00406
confirmation,2021-12-09,equal_weight,-0.009219999999999999
confirmation,2021-12-10,equal_weight,0.00518
confirmation,2021-12-13,equal_weight,-0.007420000000000001
confirmation,2021-12-14,equal_weight,-0.00564
confirmation,2021-12-15,equal_weight,0.01548
confirmation,2021-12-16,equal_weight,-0.00704
confirmation,2021-12-17,equal_weight,-0.006680000000000002
confirmation,2021-12-20,equal_weight,-0.012020000000000001
confirmation,2021-12-21,equal_weight,0.018
confirmation,2021-12-22,equal_weight,0.00952
confirmation,2021-12-23,equal_weight,0.006920000000000001
confirmation,2021-12-27,equal_weight,0.010419999999999999
confirmation,2021-12-28,equal_weight,-0.00142
confirmation,2021-12-29,equal_weight,0.00158
confirmation,2021-12-30,equal_weight,-0.00142
confirmation,2021-12-31,equal_weight,-0.00214
confirmation,2022-01-03,localized,0.007734529935243393
confirmation,2022-01-04,localized,0.01327207543637643
confirmation,2022-01-05,localized,-0.015230269868173664
confirmation,2022-01-06,localized,0.0044670575755829224
confirmation,2022-01-07,localized,0.001885592484514808
confirmation,2022-01-10,localized,-0.005984388252286917
confirmation,2022-01-11,localized,0.011063493584064167
confirmation,2022-01-12,localized,0.0004107025646647146
confirmation,2022-01-13,localized,-0.005161787005602543
confirmation,2022-01-14,localized,-0.005482557294322735
confirmation,2022-01-18,localized,-0.021097652188649174
confirmation,2022-01-19,localized,-0.01251145345189097
confirmation,2022-01-20,localized,-0.006341250338712491
confirmation,2022-01-21,localized,-0.02395975032101482
confirmation,2022-01-24,localized,0.002431256393734941
confirmation,2022-01-25,localized,-0.005550819641731288
confirmation,2022-01-26,localized,-0.0016132879424617646
confirmation,2022-01-27,localized,-0.006453794315019351
confirmation,2022-01-28,localized,0.01991062571519059
confirmation,2022-01-31,localized,0.01625190317681966
confirmation,2022-01-03,all_gene,0.020391155725140598
confirmation,2022-01-04,all_gene,-0.00538751158536598
confirmation,2022-01-05,all_gene,-0.01969708236100322
confirmation,2022-01-06,all_gene,-0.0027951277997892723
confirmation,2022-01-07,all_gene,-0.010491639548858617
confirmation,2022-01-10,all_gene,-0.004201112032891554
confirmation,2022-01-11,all_gene,0.00800203691224804
confirmation,2022-01-12,all_gene,0.0030980249592666947
confirmation,2022-01-13,all_gene,-0.013394484433814375
confirmation,2022-01-14,all_gene,-0.0034017002428773694
confirmation,2022-01-18,all_gene,-0.017302709498759953
confirmation,2022-01-19,all_gene,-0.011700669205806072
confirmation,2022-01-20,all_gene,-0.017792154111346003
confirmation,2022-01-21,all_gene,-0.02320068323729682
confirmation,2022-01-24,all_gene,0.010694376885217932
confirmation,2022-01-25,all_gene,-0.01729213294916608
confirmation,2022-01-26,all_gene,-0.004897710374567748
confirmation,2022-01-27,all_gene,-0.013895149252519648
confirmation,2022-01-28,all_gene,0.019600468590304038
confirmation,2022-01-31,all_gene,0.028991440653559682
confirmation,2022-01-03,random,0.003970670035996332
confirmation,2022-01-04,random,0.00838833134207811
confirmation,2022-01-05,random,-0.013030775183600284
confirmation,2022-01-06,random,0.0021440992891802887
confirmation,2022-01-07,random,-0.0016933599429464709
confirmation,2022-01-10,random,-0.006166090072933283
confirmation,2022-01-11,random,0.010104440686388765
confirmation,2022-01-12,random,0.003916960675322113
confirmation,2022-01-13,random,-0.0069556747737615976
confirmation,2022-01-14,random,0.004485124243052148
confirmation,2022-01-18,random,-0.015538159223070957
confirmation,2022-01-19,random,-0.007655451674835675
confirmation,2022-01-20,random,-0.012282090125850818
confirmation,2022-01-21,random,-0.016397530852765865
confirmation,2022-01-24,random,0.004720732039788043
confirmation,2022-01-25,random,-0.005616071054212993
confirmation,2022-01-26,random,-0.0055522550453295525
confirmation,2022-01-27,random,-0.002461169689020489
confirmation,2022-01-28,random,0.012074038521650508
confirmation,2022-01-31,random,0.016790064970285765
confirmation,2022-01-03,min_variance,0.003059896027782437
confirmation,2022-01-04,min_variance,-0.004741290597589634
confirmation,2022-01-05,min_variance,-0.015398388815008868
confirmation,2022-01-06,min_variance,-0.0027503801019486567
confirmation,2022-01-07,min_variance,-0.0044741441135285175
confirmation,2022-01-10,min_variance,0.0007637189524968756
confirmation,2022-01-11,min_variance,0.006742317898040206
confirmation,2022-01-12,min_variance,-0.0032363764112486033
confirmation,2022-01-13,min_variance,-0.011722112389313548
confirmation,2022-01-14,min_variance,1.895547527520252e-05
confirmation,2022-01-18,min_variance,-0.017755267820399857
confirmation,2022-01-19,min_variance,-0.007949588438307991
confirmation,2022-01-20,min_variance,-0.010937517111569227
confirmation,2022-01-21,min_variance,-0.015113764532917507
confirmation,2022-01-24,min_variance,0.0027907873552466085
confirmation,2022-01-25,min_variance,-0.006839884817363213
confirmation,2022-01-26,min_variance,-0.006500149770406017
confirmation,2022-01-27,min_variance,-0.005904496334866331
confirmation,2022-01-28,min_variance,0.01794583473592007
confirmation,2022-01-31,min_variance,0.016942759843069338
confirmation,2022-01-03,equal_weight,0.0064
confirmation,2022-01-04,equal_weight,-0.0009399999999999999
confirmation,2022-01-05,equal_weight,-0.018660000000000003
confirmation,2022-01-06,equal_weight,-0.00031999999999999997
confirmation,2022-01-07,equal_weight,-0.0041400000000000005
confirmation,2022-01-10,equal_weight,-0.0015400000000000001
confirmation,2022-01-11,equal_weight,0.009340000000000001
confirmation,2022-01-12,equal_weight,0.00011999999999999977
confirmation,2022-01-13,equal_weight,-0.012540000000000003
confirmation,2022-01-14,equal_weight,0.00015999999999999977
confirmation,2022-01-18,equal_weight,-0.019200000000000002
confirmation,2022-01-19,equal_weight,-0.00956
confirmation,2022-01-20,equal_weight,-0.011200000000000002
confirmation,2022-01-21,equal_weight,-0.01914
confirmation,2022-01-24,equal_weight,0.0045000000000000005
confirmation,2022-01-25,equal_weight,-0.010740000000000001
confirmation,2022-01-26,equal_weight,-0.00412
confirmation,2022-01-27,equal_weight,-0.0067
confirmation,2022-01-28,equal_weight,0.02116
confirmation,2022-01-31,equal_weight,0.02024
confirmation,2022-02-01,localized,0.015201944226564918
confirmation,2022-02-02,localized,-0.0009070015357590771
confirmation,2022-02-03,localized,-0.014600556028652255
confirmation,2022-02-04,localized,0.006274735455655419
confirmation,2022-02-07,localized,0.0022318941905987806
confirmation,2022-02-08,localized,0.013756070052656633
confirmation,2022-02-09,localized,0.01167118091532277
confirmation,2022-02-10,localized,-0.013358251852179478
confirmation,2022-02-11,localized,-0.016542301493684648
confirmation,2022-02-14,localized,-0.006028930023041688
confirmation,2022-02-15,localized,0.018286876493132168
confirmation,2022-02-16,localized,0.0017538395234234527
confirmation,2022-02-17,localized,-0.022830939611777165
confirmation,2022-02-18,localized,-0.004482073184680859
confirmation,2022-02-22,localized,-0.009726148171050513
confirmation,2022-02-23,localized,-0.017675525222925953
confirmation,2022-02-24,localized,0.0016132886857261849
confirmation,2022-02-25,localized,0.028045577606520804
confirmation,2022-02-28,localized,-0.007797115272187012
confirmation,2022-02-01,all_gene,0.00512415304540338
confirmation,2022-02-02,all_gene,-0.00120037687454381
confirmation,2022-02-03,all_gene,-0.024574459902457508
confirmation,2022-02-04,all_gene,0.022958749611746175
confirmation,2022-02-07,all_gene,-0.0021885056707433626
confirmation,2022-02-08,all_gene,0.013701372825111148
confirmation,2022-02-09,all_gene,0.007111118688645445
confirmation,2022-02-10,all_gene,-0.015195030631124073
confirmation,2022-02-11,all_gene,-0.019393908276110303
confirmation,2022-02-14,all_gene,0.0013813949132306374
confirmation,2022-02-15,all_gene,0.015208760947497547
confirmation,2022-02-16,all_gene,0.0014007297990518257
confirmation,2022-02-17,all_gene,-0.015220290946315449
confirmation,2022-02-18,all_gene,-0.0057963119054819994
confirmation,2022-02-22,all_gene,-0.020971351741287066
confirmation,2022-02-23,all_gene,-0.025181605051746415
confirmation,2022-02-24,all_gene,0.015962570704630714
confirmation,2022-02-25,all_gene,0.022514255886677617
confirmation,2022-02-28,all_gene,0.003669254093401044
confirmation,2022-02-01,random,0.010252820818090314
confirmation,2022-02-02,random,0.006647847625373515
confirmation,2022-02-03,random,-0.016759049818086888
confirmation,2022-02-04,random,0.0010919511176713582
confirmation,2022-02-07,random,-0.0001456634134000488
confirmation,2022-02-08,random,0.004526287820356842
confirmation,2022-02-09,random,0.01359465501708877
confirmation,2022-02-10,random,-0.0156192267791684
confirmation,2022-02-11,random,-0.007925520140928167
confirmation,2022-02-14,random,-0.006680912933389872
confirmation,2022-02-15,random,0.010743135607847046
confirmation,2022-02-16,random,0.003002114957203978
confirmation,2022-02-17,random,-0.0138633310295336
confirmation,2022-02-18,random,-0.007181679336757467
confirmation,2022-02-22,random,-0.012283824966560785
confirmation,2022-02-23,random,-0.01363774048243057
confirmation,2022-02-24,random,0.010440377659437918
confirmation,2022-02-25,random,0.026026361235740234
confirmation,2022-02-28,random,0.005839435898185701
confirmation,2022-02-01,min_variance,0.007982288028907358
confirmation,2022-02-02,min_variance,0.004318584498993051
confirmation,2022-02-03,min_variance,-0.01167911810665696
confirmation,2022-02-04,min_variance,-0.00011331642785103544
confirmation,2022-02-07,min_variance,0.0012163347897944006
confirmation,2022-02-08,min_variance,0.0035259059087398028
confirmation,2022-02-09,min_variance,0.012644309443206788
confirmation,2022-02-10,min_variance,-0.014819970638244058
confirmation,2022-02-11,min_variance,-0.006663238588521279
confirmation,2022-02-14,min_variance,-0.01012795706861519
confirmation,2022-02-15,min_variance,0.014238554425455558
confirmation,2022-02-16,min_variance,0.0016313992859485758
confirmation,2022-02-17,min_variance,-0.0153603020674756
confirmation,2022-02-18,min_variance,-0.008316578996572909
confirmation,2022-02-22,min_variance,-0.007961332921511063
confirmation,2022-02-23,min_variance,-0.01009612212350119
confirmation,2022-02-24,min_variance,0.008981187002362792
confirmation,2022-02-25,min_variance,0.027851972004631076
confirmation,2022-02-28,min_variance,0.0005767542774771229
confirmation,2022-02-01,equal_weight,0.008620000000000001
confirmation,2022-02-02,equal_weight,0.0041
confirmation,2022-02-03,equal_weight,-0.020000000000000004
confirmation,2022-02-04,equal_weight,0.007039999999999999
confirmation,2022-02-07,equal_weight,-0.0010200000000000003
confirmation,2022-02-08,equal_weight,0.00876
confirmation,2022-02-09,equal_weight,0.01376
confirmation,2022-02-10,equal_weight,-0.0159
confirmation,2022-02-11,equal_weight,-0.01506
confirmation,2022-02-14,equal_weight,-0.005220000000000001
confirmation,2022-02-15,equal_weight,0.016739999999999998
confirmation,2022-02-16,equal_weight,0.0006999999999999999
confirmation,2022-02-17,equal_weight,-0.0198
confirmation,2022-02-18,equal_weight,-0.00782
confirmation,2022-02-22,equal_weight,-0.011160000000000002
confirmation,2022-02-23,equal_weight,-0.017
confirmation,2022-02-24,equal_weight,0.0141
confirmation,2022-02-25,equal_weight,0.02448
confirmation,2022-02-28,equal_weight,-5.9999999999999724e-05
confirmation,2022-03-01,localized,-0.027820308521701594
confirmation,2022-03-02,localized,0.022854944787758
confirmation,2022-03-03,localized,-0.0062378150697717126
confirmation,2022-03-04,localized,-0.014955439520968426
confirmation,2022-03-07,localized,-0.03849285797036436
confirmation,2022-03-08,localized,-0.001975987853196231
confirmation,2022-03-09,localized,0.032112076189234236
confirmation,2022-03-10,localized,-0.0020825339416146124
confirmation,2022-03-11,localized,-0.008638803052155397
confirmation,2022-03-14,localized,0.001690225270719788
confirmation,2022-03-15,localized,0.015846377388424645
confirmation,2022-03-16,localized,0.028826179008025372
confirmation,2022-03-17,localized,0.012295855576522604
confirmation,2022-03-18,localized,0.006027050384462496
confirmation,2022-03-21,localized,-0.0031858524101042404
confirmation,2022-03-22,localized,0.011920780342566936
confirmation,2022-03-23,localized,-0.01656784971133777
confirmation,2022-03-24,localized,0.010843291708751313
confirmation,2022-03-25,localized,0.006864956501535373
confirmation,2022-03-28,localized,0.00046886272988572945
confirmation,2022-03-29,localized,0.012485602968496223
confirmation,2022-03-30,localized,-0.007796492382444328
confirmation,2022-03-31,localized,-0.018484316109556635
confirmation,2022-03-01,all_gene,-0.009222170943747705
confirmation,2022-03-02,all_gene,0.016738527400064162
confirmation,2022-03-03,all_gene,-0.01216551129116372
confirmation,2022-03-04,all_gene,-0.008842653615756079
confirmation,2022-03-07,all_gene,-0.03552440405089519
confirmation,2022-03-08,all_gene,-0.006571173239435477
confirmation,2022-03-09,all_gene,0.020875914131670337
confirmation,2022-03-10,all_gene,0.005252848058274502
confirmation,2022-03-11,all_gene,-0.015755974854717185
confirmation,2022-03-14,all_gene,-0.0076397742445529285
confirmation,2022-03-15,all_gene,0.02733238364385881
confirmation,2022-03-16,all_gene,0.022842105747427833
confirmation,2022-03-17,all_gene,0.016274111322771147
confirmation,2022-03-18,all_gene,0.015144509584896817
confirmation,2022-03-21,all_gene,-0.005092094875787776
confirmation,2022-03-22,all_gene,0.017766085363488927
confirmation,2022-03-23,all_gene,-0.010839187618442471
confirmation,2022-03-24,all_gene,0.007222997590522392
confirmation,2022-03-25,all_gene,0.0015313480969138403
confirmation,2022-03-28,all_gene,0.01888834783592039
confirmation,2022-03-29,all_gene,0.012501195076931254
confirmation,2022-03-30,all_gene,-0.009789669085304091
confirmation,2022-03-31,all_gene,-0.015321005313386725
confirmation,2022-03-01,random,-0.011896448375098076
confirmation,2022-03-02,random,0.01885159994641664
confirmation,2022-03-03,random,-0.001738906987328213
confirmation,2022-03-04,random,-0.00022641651539910893
confirmation,2022-03-07,random,-0.01933442580276831
confirmation,2022-03-08,random,-0.004710283501218014
confirmation,2022-03-09,random,0.013163172142209374
confirmation,2022-03-10,random,0.001525376930060022
confirmation,2022-03-11,random,-0.011728863531702851
confirmation,2022-03-14,random,-0.010864641154470193
confirmation,2022-03-15,random,0.00997211185822467
confirmation,2022-03-16,random,0.01394201055538903
confirmation,2022-03-17,random,0.016511179802353868
confirmation,2022-03-18,random,0.007338767949165188
confirmation,2022-03-21,random,0.007757120406479179
confirmation,2022-03-22,random,0.006758266308341005
confirmation,2022-03-23,random,-0.004634192992508085
confirmation,2022-03-24,random,0.010835370230628114
confirmation,2022-03-25,random,0.00922457244940447
confirmation,2022-03-28,random,-0.0018357625294875203
confirmation,2022-03-29,random,0.009812082222471971
confirmation,2022-03-30,random,-0.0027681953492587866
confirmation,2022-03-31,random,-0.013247588114983087
confirmation,2022-03-01,min_variance,-0.007918232622691949
confirmation,2022-03-02,min_variance,0.01621601171736764
confirmation,2022-03-03,min_variance,0.0004067885755721595
confirmation,2022-03-04,min_variance,0.0029125442517704773
confirmation,2022-03-07,min_variance,-0.014048386693492499
confirmation,2022-03-08,min_variance,-0.010813084652022435
confirmation,2022-03-09,min_variance,0.013770713152843164
confirmation,2022-03-10,min_variance,0.0008094725847650944
confirmation,2022-03-11,min_variance,-0.009733855397695036
confirmation,2022-03-14,min_variance,-0.005158151719386704
confirmation,2022-03-15,min_variance,0.011616927136854973
confirmation,2022-03-16,min_variance,0.013288781583651755
confirmation,2022-03-17,min_variance,0.0184002163848978
confirmation,2022-03-18,min_variance,0.006236177521148957
confirmation,2022-03-21,min_variance,0.003153982880572295
confirmation,2022-03-22,min_variance,0.004120634465195732
confirmation,2022-03-23,min_variance,-0.009503243074977642
confirmation,2022-03-24,min_variance,0.009769807313581848
confirmation,2022-03-25,min_variance,0.006935527511674599
confirmation,2022-03-28,min_variance,0.0016511268343412894
confirmation,2022-03-29,min_variance,0.00915145516708921
confirmation,2022-03-30,min_variance,-0.0018070632059494747
confirmation,2022-03-31,min_variance,-0.010205322906402714
confirmation,2022-03-01,equal_weight,-0.013600000000000001
confirmation,2022-03-02,equal_weight,0.01798
confirmation,2022-03-03,equal_weight,-0.00598
confirmation,2022-03-04,equal_weight,-0.007020000000000001
confirmation,2022-03-07,equal_weight,-0.0273
confirmation,2022-03-08,equal_weight,-0.00696
confirmation,2022-03-09,equal_weight,0.023780000000000003
confirmation,2022-03-10,equal_weight,-0.00206
confirmation,2022-03-11,equal_weight,-0.012820000000000002
confirmation,2022-03-14,equal_weight,-0.0074
confirmation,2022-03-15,equal_weight,0.01896
confirmation,2022-03-16,equal_weight,0.022240000000000003
confirmation,2022-03-17,equal_weight,0.01534
confirmation,2022-03-18,equal_weight,0.0108
confirmation,2022-03-21,equal_weight,-0.00082
confirmation,2022-03-22,equal_weight,0.010740000000000001
confirmation,2022-03-23,equal_weight,-0.01202
confirmation,2022-03-24,equal_weight,0.01208
confirmation,2022-03-25,equal_weight,0.004240000000000001
confirmation,2022-03-28,equal_weight,0.006260000000000001
confirmation,2022-03-29,equal_weight,0.012320000000000003
confirmation,2022-03-30,equal_weight,-0.0063999999999999994
confirmation,2022-03-31,equal_weight,-0.01412
confirmation,2022-04-01,localized,-0.0003319785742946469
confirmation,2022-04-04,localized,-0.0006286577997906904
confirmation,2022-04-05,localized,-0.012084256487708007
confirmation,2022-04-06,localized,-0.011833439683836683
confirmation,2022-04-07,localized,-0.0020833481969537524
confirmation,2022-04-08,localized,0.0036512352588775644
confirmation,2022-04-11,localized,-0.006408964504640158
confirmation,2022-04-12,localized,-0.005843253622946693
confirmation,2022-04-13,localized,0.009160644199215499
confirmation,2022-04-14,localized,-0.0065707361390992544
confirmation,2022-04-18,localized,6.753225912802794e-05
confirmation,2022-04-19,localized,0.017078133958752087
confirmation,2022-04-20,localized,0.00015559208936238319
confirmation,2022-04-21,localized,-0.017386207755075656
confirmation,2022-04-22,localized,-0.02887294809324885
confirmation,2022-04-25,localized,0.00463289383831634
confirmation,2022-04-26,localized,-0.027239700554253427
confirmation,2022-04-27,localized,0.003912676188314125
confirmation,2022-04-28,localized,0.020019032736282763
confirmation,2022-04-29,localized,-0.031567568413676576
confirmation,2022-04-01,all_gene,0.005581895444386299
confirmation,2022-04-04,all_gene,0.015362732923127911
confirmation,2022-04-05,all_gene,-0.01648969136359403
confirmation,2022-04-06,all_gene,-0.011102451525979449
confirmation,2022-04-07,all_gene,0.006279938230050219
confirmation,2022-04-08,all_gene,-0.003982202823749709
confirmation,2022-04-11,all_gene,-0.014081341136795912
confirmation,2022-04-12,all_gene,0.0009833057835244455
confirmation,2022-04-13,all_gene,0.018877351284820126
confirmation,2022-04-14,all_gene,-0.01288561727451756
confirmation,2022-04-18,all_gene,0.00019947758744341218
confirmation,2022-04-19,all_gene,0.02358577513629523
confirmation,2022-04-20,all_gene,-0.005287856120625834
confirmation,2022-04-21,all_gene,-0.008819468922880774
confirmation,2022-04-22,all_gene,-0.02301398425788602
confirmation,2022-04-25,all_gene,0.00579843396616395
confirmation,2022-04-26,all_gene,-0.036679142545997086
confirmation,2022-04-27,all_gene,-0.0005897344120809102
confirmation,2022-04-28,all_gene,0.0186027655204042
confirmation,2022-04-29,all_gene,-0.04746380655556262
confirmation,2022-04-01,random,0.008037347869160971
confirmation,2022-04-04,random,-0.0005361653883546833
confirmation,2022-04-05,random,-0.010688543582350652
confirmation,2022-04-06,random,0.0011266353839091323
confirmation,2022-04-07,random,0.007057739696130258
confirmation,2022-04-08,random,0.004761205217008056
confirmation,2022-04-11,random,-0.014073720774958215
confirmation,2022-04-12,random,0.003165871878139531
confirmation,2022-04-13,random,0.010345106863786603
confirmation,2022-04-14,random,-0.0014835415212334229
confirmation,2022-04-18,random,-0.00029041826880905745
confirmation,2022-04-19,random,0.009767010150399647
confirmation,2022-04-20,random,0.006153124792773312
confirmation,2022-04-21,random,-0.017322163920952337
confirmation,2022-04-22,random,-0.025157211982809666
confirmation,2022-04-25,random,-0.006153927146030513
confirmation,2022-04-26,random,-0.017498964096320905
confirmation,2022-04-27,random,0.004141237837740489
confirmation,2022-04-28,random,0.018146757188250533
confirmation,2022-04-29,random,-0.027019126504458993
confirmation,2022-04-01,min_variance,0.01064639112482189
confirmation,2022-04-04,min_variance,-0.0030827010002752505
confirmation,2022-04-05,min_variance,-0.006816761090208448
confirmation,2022-04-06,min_variance,0.007009003334250843
confirmation,2022-04-07,min_variance,0.010526302333975593
confirmation,2022-04-08,min_variance,0.0038563986662996604
confirmation,2022-04-11,min_variance,-0.01686738387935507
confirmation,2022-04-12,min_variance,-0.0008129670918599674
confirmation,2022-04-13,min_variance,0.008364326181517908
confirmation,2022-04-14,min_variance,-0.002402519788320864
confirmation,2022-04-18,min_variance,-0.008453142577467486
confirmation,2022-04-19,min_variance,0.010035673818482096
confirmation,2022-04-20,min_variance,0.007352972818206839
confirmation,2022-04-21,min_variance,-0.01600738960570194
confirmation,2022-04-22,min_variance,-0.030381794940503297
confirmation,2022-04-25,min_variance,0.00193584357774274
confirmation,2022-04-26,min_variance,-0.017645583212504905
confirmation,2022-04-27,min_variance,0.000551896999174239
confirmation,2022-04-28,min_variance,0.012828114453519512
confirmation,2022-04-29,min_variance,-0.025037117787770357
confirmation,2022-04-01,equal_weight,0.005619999999999999
confirmation,2022-04-04,equal_weight,0.005620000000000001
confirmation,2022-04-05,equal_weight,-0.012560000000000002
confirmation,2022-04-06,equal_weight,-0.00664
confirmation,2022-04-07,equal_weight,0.005340000000000001
confirmation,2022-04-08,equal_weight,-0.0011200000000000003
confirmation,2022-04-11,equal_weight,-0.015040000000000001
confirmation,2022-04-12,equal_weight,-0.00234
confirmation,2022-04-13,equal_weight,0.01234
confirmation,2022-04-14,equal_weight,-0.00956
confirmation,2022-04-18,equal_weight,-0.0034000000000000007
confirmation,2022-04-19,equal_weight,0.01612
confirmation,2022-04-20,equal_weight,0.00013999999999999993
confirmation,2022-04-21,equal_weight,-0.0159
confirmation,2022-04-22,equal_weight,-0.028160000000000004
confirmation,2022-04-25,equal_weight,0.00566
confirmation,2022-04-26,equal_weight,-0.02702
confirmation,2022-04-27,equal_weight,0.0009600000000000001
confirmation,2022-04-28,equal_weight,0.0204
confirmation,2022-04-29,equal_weight,-0.03354
confirmation,2022-05-02,localized,0.006026796772492431
confirmation,2022-05-03,localized,0.004671897945046143
confirmation,2022-05-04,localized,0.029992116371661288
confirmation,2022-05-05,localized,-0.035988241573811613
confirmation,2022-05-06,localized,-0.00963407912342718
confirmation,2022-05-09,localized,-0.034007908997998985
confirmation,2022-05-10,localized,0.0006530571695810175
confirmation,2022-05-11,localized,-0.017102154514251997
confirmation,2022-05-12,localized,-0.003623062750031868
confirmation,2022-05-13,localized,0.024818697259029087
confirmation,2022-05-16,localized,-0.007751782486679395
confirmation,2022-05-17,localized,0.025645468375853325
confirmation,2022-05-18,localized,-0.03610893066724148
confirmation,2022-05-19,localized,-0.0031083215626949295
confirmation,2022-05-20,localized,0.001390112600442699
confirmation,2022-05-23,localized,0.02130659745075188
confirmation,2022-05-24,localized,-0.012782538742551933
confirmation,2022-05-25,localized,0.011464593874065326
confirmation,2022-05-26,localized,0.022539139079788044
confirmation,2022-05-27,localized,0.02424151294477031
confirmation,2022-05-31,localized,-0.006601111151253948
confirmation,2022-05-02,all_gene,0.005995416520956841
confirmation,2022-05-03,all_gene,0.0014024926015572
confirmation,2022-05-04,all_gene,0.02769982732612594
confirmation,2022-05-05,all_gene,-0.04499192756098671
confirmation,2022-05-06,all_gene,-0.008800404902418868
confirmation,2022-05-09,all_gene,-0.026802520688858602
confirmation,2022-05-10,all_gene,-0.0047001665373357735
confirmation,2022-05-11,all_gene,-0.024192476978536423
confirmation,2022-05-12,all_gene,0.0072933668707271335
confirmation,2022-05-13,all_gene,0.030094144061198137
confirmation,2022-05-16,all_gene,-0.011197580301036661
confirmation,2022-05-17,all_gene,0.010309339422502674
confirmation,2022-05-18,all_gene,-0.06378207977538196
confirmation,2022-05-19,all_gene,-0.0057978509227458
confirmation,2022-05-20,all_gene,-0.009593118153632198
confirmation,2022-05-23,all_gene,0.011806295926551318
confirmation,2022-05-24,all_gene,-0.01089867179552445
confirmation,2022-05-25,all_gene,0.01979509191208847
confirmation,2022-05-26,all_gene,0.03269419548669983
confirmation,2022-05-27,all_gene,0.025396593031929093
confirmation,2022-05-31,all_gene,0.0005959616082642052
confirmation,2022-05-02,random,0.0019979688960204463
confirmation,2022-05-03,random,0.0104341603877588
confirmation,2022-05-04,random,0.03020338232515917
confirmation,2022-05-05,random,-0.025330161143006964
confirmation,2022-05-06,random,0.001570972145753769
confirmation,2022-05-09,random,-0.0375473226679017
confirmation,2022-05-10,random,-0.0028646203996287424
confirmation,2022-05-11,random,-0.0035124537132821356
confirmation,2022-05-12,random,0.0026202484335331026
confirmation,2022-05-13,random,0.02135417525486731
confirmation,2022-05-16,random,0.0058064765231728875
confirmation,2022-05-17,random,0.01843069846767145
confirmation,2022-05-18,random,-0.031811048266689075
confirmation,2022-05-19,random,-0.0038374583873787877
confirmation,2022-05-20,random,-0.0028076972694502586
confirmation,2022-05-23,random,0.018209971291159435
confirmation,2022-05-24,random,0.0010106341777052436
confirmation,2022-05-25,random,0.010194166148591302
confirmation,2022-05-26,random,0.015383013015879103
confirmation,2022-05-27,random,0.020657847620269537
confirmation,2022-05-31,random,-0.01114967272850925
confirmation,2022-05-02,min_variance,0.0005667525762291596
confirmation,2022-05-03,min_variance,0.008052861962777921
confirmation,2022-05-04,min_variance,0.02586507322669917
confirmation,2022-05-05,min_variance,-0.023937557747215756
confirmation,2022-05-06,min_variance,-0.00283338029748037
confirmation,2022-05-09,min_variance,-0.03434018872113067
confirmation,2022-05-10,min_variance,0.0006258084610205085
confirmation,2022-05-11,min_variance,-0.006372484520516583
confirmation,2022-05-12,min_variance,0.00909072114507723
confirmation,2022-05-13,min_variance,0.01793153238657635
confirmation,2022-05-16,min_variance,0.007162442252784248
confirmation,2022-05-17,min_variance,0.018262442252784252
confirmation,2022-05-18,min_variance,-0.027606647881007855
confirmation,2022-05-19,min_variance,-0.002319321122655104
confirmation,2022-05-20,min_variance,0.0037424986097606924
confirmation,2022-05-23,min_variance,0.013916850691382631
confirmation,2022-05-24,min_variance,0.00039598309290706613
confirmation,2022-05-25,min_variance,0.006690419709993674
confirmation,2022-05-26,min_variance,0.01075997182151178
confirmation,2022-05-27,min_variance,0.01848176337543935
confirmation,2022-05-31,min_variance,-0.013050230988863001
confirmation,2022-05-02,equal_weight,0.00514
confirmation,2022-05-03,equal_weight,0.004920000000000001
confirmation,2022-05-04,equal_weight,0.02828
confirmation,2022-05-05,equal_weight,-0.03426
confirmation,2022-05-06,equal_weight,-0.00722
confirmation,2022-05-09,equal_weight,-0.03308
confirmation,2022-05-10,equal_weight,0.0009200000000000002
confirmation,2022-05-11,equal_weight,-0.01592
confirmation,2022-05-12,equal_weight,0.003780000000000001
confirmation,2022-05-13,equal_weight,0.024120000000000003
confirmation,2022-05-16,equal_weight,-0.00298
confirmation,2022-05-17,equal_weight,0.01964
confirmation,2022-05-18,equal_weight,-0.03896
confirmation,2022-05-19,equal_weight,-0.0034800000000000005
confirmation,2022-05-20,equal_weight,0.0002400000000000002
confirmation,2022-05-23,equal_weight,0.016120000000000002
confirmation,2022-05-24,equal_weight,-0.008400000000000001
confirmation,2022-05-25,equal_weight,0.011200000000000002
confirmation,2022-05-26,equal_weight,0.01992
confirmation,2022-05-27,equal_weight,0.023180000000000003
confirmation,2022-05-31,equal_weight,-0.007699999999999999
confirmation,2022-06-01,localized,-0.011483586378430546
confirmation,2022-06-02,localized,0.019846026355484332
confirmation,2022-06-03,localized,-0.015507704836336362
confirmation,2022-06-06,localized,0.005659139762637155
confirmation,2022-06-07,localized,0.0057595568512611005
confirmation,2022-06-08,localized,-0.013248373781314085
confirmation,2022-06-09,localized,-0.022303672766965665
confirmation,2022-06-10,localized,-0.030886479343521532
confirmation,2022-06-13,localized,-0.03776553235972958
confirmation,2022-06-14,localized,-0.003986403086542313
confirmation,2022-06-15,localized,0.014313575270241831
confirmation,2022-06-16,localized,-0.03332956630928743
confirmation,2022-06-17,localized,0.003966137845727431
confirmation,2022-06-21,localized,0.02246468888137039
confirmation,2022-06-22,localized,-0.0024484971755124795
confirmation,2022-06-23,localized,0.005336217295445639
confirmation,2022-06-24,localized,0.03294736344525993
confirmation,2022-06-27,localized,-0.002762831616869777
confirmation,2022-06-28,localized,-0.017351466373706582
confirmation,2022-06-29,localized,-0.003269483322912428
confirmation,2022-06-30,localized,-0.009006657378716363
confirmation,2022-06-01,all_gene,-0.009706174380340967
confirmation,2022-06-02,all_gene,0.02319219248954673
confirmation,2022-06-03,all_gene,-0.02208489707443498
confirmation,2022-06-06,all_gene,0.0076952950118293825
confirmation,2022-06-07,all_gene,-0.0003862858894110242
confirmation,2022-06-08,all_gene,-0.008711384125511376
confirmation,2022-06-09,all_gene,-0.01631449355309754
confirmation,2022-06-10,all_gene,-0.02601259040249083
confirmation,2022-06-13,all_gene,-0.03769920980244821
confirmation,2022-06-14,all_gene,-0.002603296894168319
confirmation,2022-06-15,all_gene,0.020286582456192068
confirmation,2022-06-16,all_gene,-0.03299982439472044
confirmation,2022-06-17,all_gene,0.005797389932886312
confirmation,2022-06-21,all_gene,0.027586900247734386
confirmation,2022-06-22,all_gene,-0.0023989402615243417
confirmation,2022-06-23,all_gene,0.016174259878631945
confirmation,2022-06-24,all_gene,0.029608590953054733
confirmation,2022-06-27,all_gene,-0.005394520528813985
confirmation,2022-06-28,all_gene,-0.029371694370401935
confirmation,2022-06-29,all_gene,0.0011899383055983042
confirmation,2022-06-30,all_gene,-0.010895690929667912
confirmation,2022-06-01,random,-0.001635984213720866
confirmation,2022-06-02,random,0.012957866543470295
confirmation,2022-06-03,random,-0.0034375198091801847
confirmation,2022-06-06,random,0.003138098129621644
confirmation,2022-06-07,random,0.01599491532271944
confirmation,2022-06-08,random,-0.011150569368329165
confirmation,2022-06-09,random,-0.022448966116280944
confirmation,2022-06-10,random,-0.02213119763628014
confirmation,2022-06-13,random,-0.04240974225348027
confirmation,2022-06-14,random,-0.007615954547736908
confirmation,2022-06-15,random,0.002087160507768444
confirmation,2022-06-16,random,-0.03722881647833247
confirmation,2022-06-17,random,-0.012795515787108636
confirmation,2022-06-21,random,0.026996550607649585
confirmation,2022-06-22,random,-0.00989949006959789
confirmation,2022-06-23,random,-0.0019198129347973848
confirmation,2022-06-24,random,0.02732296820594917
confirmation,2022-06-27,random,0.006788663954535015
confirmation,2022-06-28,random,-0.005783857849283496
confirmation,2022-06-29,random,-0.010177092643991352
confirmation,2022-06-30,random,-0.0048518056873659305
confirmation,2022-06-01,min_variance,-0.007281926386644553
confirmation,2022-06-02,min_variance,0.01009113958028617
confirmation,2022-06-03,min_variance,-0.0032988416248689294
confirmation,2022-06-06,min_variance,0.000166092593173896
confirmation,2022-06-07,min_variance,0.016889981205155096
confirmation,2022-06-08,min_variance,-0.008412335545107057
confirmation,2022-06-09,min_variance,-0.024457608070358225
confirmation,2022-06-10,min_variance,-0.02036994361546528
confirmation,2022-06-13,min_variance,-0.0376909516318371
confirmation,2022-06-14,min_variance,-0.008820037589689817
confirmation,2022-06-15,min_variance,0.006129085957852735
confirmation,2022-06-16,min_variance,-0.02815569790143083
confirmation,2022-06-17,min_variance,-0.0033418280842945373
confirmation,2022-06-21,min_variance,0.024927363737374423
confirmation,2022-06-22,min_variance,0.0016369759508845737
confirmation,2022-06-23,min_variance,0.00981327528735246
confirmation,2022-06-24,min_variance,0.024527363737374425
confirmation,2022-06-27,min_variance,0.004697307352839692
confirmation,2022-06-28,min_variance,-0.01221174101532323
confirmation,2022-06-29,min_variance,-0.0026319972378987103
confirmation,2022-06-30,min_variance,-0.004868785240334204
confirmation,2022-06-01,equal_weight,-0.0082
confirmation,2022-06-02,equal_weight,0.017880000000000004
confirmation,2022-06-03,equal_weight,-0.013300000000000001
confirmation,2022-06-06,equal_weight,0.0031999999999999997
confirmation,2022-06-07,equal_weight,0.010560000000000002
confirmation,2022-06-08,equal_weight,-0.009920000000000002
confirmation,2022-06-09,equal_weight,-0.02348
confirmation,2022-06-10,equal_weight,-0.027280000000000002
confirmation,2022-06-13,equal_weight,-0.03918
confirmation,2022-06-14,equal_weight,-0.0043
confirmation,2022-06-15,equal_weight,0.0134
confirmation,2022-06-16,equal_weight,-0.03246
confirmation,2022-06-17,equal_weight,0.0029199999999999994
confirmation,2022-06-21,equal_weight,0.024120000000000003
confirmation,2022-06-22,equal_weight,-0.00058
confirmation,2022-06-23,equal_weight,0.01088
confirmation,2022-06-24,equal_weight,0.029660000000000006
confirmation,2022-06-27,equal_weight,-0.00102
confirmation,2022-06-28,equal_weight,-0.019020000000000002
confirmation,2022-06-29,equal_weight,-0.00148
confirmation,2022-06-30,equal_weight,-0.008380000000000002
confirmation,2022-07-01,localized,0.01501378143144519
confirmation,2022-07-05,localized,0.004381158411454519
confirmation,2022-07-06,localized,-0.0011736807934833893
confirmation,2022-07-07,localized,0.016468135521615607
confirmation,2022-07-08,localized,-0.0006531782431540465
confirmation,2022-07-11,localized,-0.014024752438936642
confirmation,2022-07-12,localized,-0.004763533938614598
confirmation,2022-07-13,localized,-0.002483149627197624
confirmation,2022-07-14,localized,-0.005706569270749594
confirmation,2022-07-15,localized,0.021994024417753326
confirmation,2022-07-18,localized,-0.0024020944585344877
confirmation,2022-07-19,localized,0.027815140109786977
confirmation,2022-07-20,localized,0.007379810939836263
confirmation,2022-07-21,localized,0.011216162161306104
confirmation,2022-07-22,localized,-0.005672374386003563
confirmation,2022-07-25,localized,0.0011727970870754525
confirmation,2022-07-26,localized,-0.017475222338798693
confirmation,2022-07-27,localized,0.02232656565399819
confirmation,2022-07-28,localized,0.014565577266116701
confirmation,2022-07-29,localized,0.020506045749958065
confirmation,2022-07-01,all_gene,0.016686960585828813
confirmation,2022-07-05,all_gene,0.012834513449375645
confirmation,2022-07-06,all_gene,-0.000605985170499707
confirmation,2022-07-07,all_gene,0.01788619534820814
confirmation,2022-07-08,all_gene,0.0009870842378015324
confirmation,2022-07-11,all_gene,-0.01935601930147181
confirmation,2022-07-12,all_gene,-0.005194028854185804
confirmation,2022-07-13,all_gene,0.0037465428667843204
confirmation,2022-07-14,all_gene,0.0011409892823915884
confirmation,2022-07-15,all_gene,0.013774944129050185
confirmation,2022-07-18,all_gene,-0.0017057429043590697
confirmation,2022-07-19,all_gene,0.023833567444634628
confirmation,2022-07-20,all_gene,0.010670663319338837
confirmation,2022-07-21,all_gene,0.016953869726944504
confirmation,2022-07-22,all_gene,-0.004111275776720955
confirmation,2022-07-25,all_gene,-0.0042573344786631445
confirmation,2022-07-26,all_gene,-0.02444426536708568
confirmation,2022-07-27,all_gene,0.02745431452144902
confirmation,2022-07-28,all_gene,0.016879650274973537
confirmation,2022-07-29,all_gene,0.03011879264734211
confirmation,2022-07-01,random,0.012210152499203592
confirmation,2022-07-05,random,-0.01768967446300165
confirmation,2022-07-06,random,-0.0009347743905643981
confirmation,2022-07-07,random,0.017665559850358836
confirmation,2022-07-08,random,-0.003506212352239703
confirmation,2022-07-11,random,-0.006970999571104695
confirmation,2022-07-12,random,-0.006900267225317569
confirmation,2022-07-13,random,-0.0024385197695432044
confirmation,2022-07-14,random,-0.008135873557115682
confirmation,2022-07-15,random,0.01365969821015057
confirmation,2022-07-18,random,-0.0023921496497733897
confirmation,2022-07-19,random,0.027283314659003157
confirmation,2022-07-20,random,0.005016139634937861
confirmation,2022-07-21,random,0.0028341485866905307
confirmation,2022-07-22,random,-0.004679683581849782
confirmation,2022-07-25,random,0.01340191648747572
confirmation,2022-07-26,random,-0.0046831193828615
confirmation,2022-07-27,random,0.01609577309755958
confirmation,2022-07-28,random,0.014999379140243406
confirmation,2022-07-29,random,0.015500502656435529
confirmation,2022-07-01,min_variance,0.013190368319349825
confirmation,2022-07-05,min_variance,-0.008606379337830091
confirmation,2022-07-06,min_variance,0.0006186637892196611
confirmation,2022-07-07,min_variance,0.014145373571384304
confirmation,2022-07-08,min_variance,-0.001068893684633898
confirmation,2022-07-11,min_variance,-0.0071667672386905345
confirmation,2022-07-12,min_variance,-0.007840818963425972
confirmation,2022-07-13,min_variance,-0.0031062212630732205
confirmation,2022-07-14,min_variance,-0.006366465522618932
confirmation,2022-07-15,min_variance,0.015550833327557446
confirmation,2022-07-18,min_variance,-0.011977385034965217
confirmation,2022-07-19,min_variance,0.02224400863234102
confirmation,2022-07-20,min_variance,0.00043915230831108234
confirmation,2022-07-21,min_variance,0.005526249991336167
confirmation,2022-07-22,min_variance,-0.005466767238690535
confirmation,2022-07-25,min_variance,0.00905751438145914
confirmation,2022-07-26,min_variance,0.0007978735540566363
confirmation,2022-07-27,min_variance,0.01156267242156068
confirmation,2022-07-28,min_variance,0.007656149442415855
confirmation,2022-07-29,min_variance,0.004010172438888344
confirmation,2022-07-01,equal_weight,0.012679999999999999
confirmation,2022-07-05,equal_weight,0.001880000000000001
confirmation,2022-07-06,equal_weight,0.0009400000000000003
confirmation,2022-07-07,equal_weight,0.01656
confirmation,2022-07-08,equal_weight,-0.0007000000000000001
confirmation,2022-07-11,equal_weight,-0.01232
confirmation,2022-07-12,equal_weight,-0.00784
confirmation,2022-07-13,equal_weight,-0.0032400000000000003
confirmation,2022-07-14,equal_weight,-0.004700000000000001
confirmation,2022-07-15,equal_weight,0.01884
confirmation,2022-07-18,equal_weight,-0.0075
confirmation,2022-07-19,equal_weight,0.0264
confirmation,2022-07-20,equal_weight,0.006540000000000001
confirmation,2022-07-21,equal_weight,0.00918
confirmation,2022-07-22,equal_weight,-0.00896
confirmation,2022-07-25,equal_weight,0.002980000000000001
confirmation,2022-07-26,equal_weight,-0.010579999999999999
confirmation,2022-07-27,equal_weight,0.022560000000000004
confirmation,2022-07-28,equal_weight,0.01134
confirmation,2022-07-29,equal_weight,0.0131
confirmation,2022-08-01,localized,-0.004451792458166156
confirmation,2022-08-02,localized,-0.007196085319657654
confirmation,2022-08-03,localized,0.006732063502906917
confirmation,2022-08-04,localized,-0.004244245652892967
confirmation,2022-08-05,localized,0.004496016024767146
confirmation,2022-08-08,localized,0.0017204216044941698
confirmation,2022-08-09,localized,-0.0006098250020932348
confirmation,2022-08-10,localized,0.019771217653000696
confirmation,2022-08-11,localized,0.008213139375787382
confirmation,2022-08-12,localized,0.015882831584255686
confirmation,2022-08-15,localized,0.00026307013811997326
confirmation,2022-08-16,localized,0.003780756468617915
confirmation,2022-08-17,localized,-0.0067158410500701305
confirmation,2022-08-18,localized,0.006667982472121996
confirmation,2022-08-19,localized,-0.013083910493265202
confirmation,2022-08-22,localized,-0.017145154114556593
confirmation,2022-08-23,localized,0.002985431168666585
confirmation,2022-08-24,localized,0.005532804624726397
confirmation,2022-08-25,localized,0.013873543182340825
confirmation,2022-08-26,localized,-0.027992281170193936
confirmation,2022-08-29,localized,-0.0026671755942810817
confirmation,2022-08-30,localized,-0.01447793175022278
confirmation,2022-08-31,localized,-0.008145708557848123
confirmation,2022-08-01,all_gene,0.006750229666613494
confirmation,2022-08-02,all_gene,-0.006606662829412777
confirmation,2022-08-03,all_gene,0.017185616418972635
confirmation,2022-08-04,all_gene,0.0002017756529292544
confirmation,2022-08-05,all_gene,-0.009832012226262066
confirmation,2022-08-08,all_gene,0.0029901282796374194
confirmation,2022-08-09,all_gene,-0.010859530835818712
confirmation,2022-08-10,all_gene,0.021803106979101244
confirmation,2022-08-11,all_gene,-0.004255572256493338
confirmation,2022-08-12,all_gene,0.01848692594107434
confirmation,2022-08-15,all_gene,0.0073770572225388895
confirmation,2022-08-16,all_gene,0.01256609156505643
confirmation,2022-08-17,all_gene,-0.009200901392872662
confirmation,2022-08-18,all_gene,0.0006075983815821373
confirmation,2022-08-19,all_gene,-0.015605252898112798
confirmation,2022-08-22,all_gene,-0.022390934841648526
confirmation,2022-08-23,all_gene,0.0015783250898722212
confirmation,2022-08-24,all_gene,0.002907648911749582
confirmation,2022-08-25,all_gene,0.010618872625865661
confirmation,2022-08-26,all_gene,-0.032893691931537926
confirmation,2022-08-29,all_gene,-0.003810859854067745
confirmation,2022-08-30,all_gene,-0.011285587055937006
confirmation,2022-08-31,all_gene,-0.007598172721695662
confirmation,2022-08-01,random,-0.003959897377517382
confirmation,2022-08-02,random,-0.005747509124211026
confirmation,2022-08-03,random,0.0022110542167602778
confirmation,2022-08-04,random,-0.007615360771316417
confirmation,2022-08-05,random,0.003570437181986747
confirmation,2022-08-08,random,0.0029996192338581093
confirmation,2022-08-09,random,-0.0005490391089030728
confirmation,2022-08-10,random,0.017243075299638505
confirmation,2022-08-11,random,0.00808270631197021
confirmation,2022-08-12,random,0.015814895778757186
confirmation,2022-08-15,random,-0.0006191123544419771
confirmation,2022-08-16,random,0.002127544801943162
confirmation,2022-08-17,random,-0.005001839905554071
confirmation,2022-08-18,random,0.008616325789038641
confirmation,2022-08-19,random,-0.00894582032864703
confirmation,2022-08-22,random,-0.014316680061006405
confirmation,2022-08-23,random,0.0063212543994450605
confirmation,2022-08-24,random,0.006017658174381478
confirmation,2022-08-25,random,0.012496547676340872
confirmation,2022-08-26,random,-0.025486696171287803
confirmation,2022-08-29,random,-0.0007533285262833932
confirmation,2022-08-30,random,-0.018456962197904114
confirmation,2022-08-31,random,-0.008444290409523566
confirmation,2022-08-01,min_variance,-0.00602407542785601
confirmation,2022-08-02,min_variance,-0.0025361110735492936
confirmation,2022-08-03,min_variance,0.007949074161718316
confirmation,2022-08-04,min_variance,-0.005281057060681922
confirmation,2022-08-05,min_variance,0.003839351845591549
confirmation,2022-08-08,min_variance,0.004781944463225354
confirmation,2022-08-09,min_variance,-0.003875077209532868
confirmation,2022-08-10,min_variance,0.016204513884193663
confirmation,2022-08-11,min_variance,-0.0006770448694237185
confirmation,2022-08-12,min_variance,0.014358487639713613
confirmation,2022-08-15,min_variance,0.00202905096505282
confirmation,2022-08-16,min_variance,-0.0020144290551244153
confirmation,2022-08-17,min_variance,-0.0069830247205727725
confirmation,2022-08-18,min_variance,0.0021711418897511683
confirmation,2022-08-19,min_variance,-0.004135030816201875
confirmation,2022-08-22,min_variance,-0.013334837961397889
confirmation,2022-08-23,min_variance,-0.0013703704705352192
confirmation,2022-08-24,min_variance,0.005058487639713614
confirmation,2022-08-25,min_variance,0.01053267744670305
confirmation,2022-08-26,min_variance,-0.027027970707705403
confirmation,2022-08-29,min_variance,-0.005341319505482398
confirmation,2022-08-30,min_variance,-0.013192438198568067
confirmation,2022-08-31,min_variance,-0.006402353369498824
confirmation,2022-08-01,equal_weight,-0.00226
confirmation,2022-08-02,equal_weight,-0.00468
confirmation,2022-08-03,equal_weight,0.014360000000000001
confirmation,2022-08-04,equal_weight,-0.0015400000000000001
confirmation,2022-08-05,equal_weight,0.0002000000000000003
confirmation,2022-08-08,equal_weight,0.0016600000000000005
confirmation,2022-08-09,equal_weight,-0.00598
confirmation,2022-08-10,equal_weight,0.02142
confirmation,2022-08-11,equal_weight,-0.0006000000000000003
confirmation,2022-08-12,equal_weight,0.016760000000000004
confirmation,2022-08-15,equal_weight,0.00366
confirmation,2022-08-16,equal_weight,0.00222
confirmation,2022-08-17,equal_weight,-0.0086
confirmation,2022-08-18,equal_weight,0.0023400000000000005
confirmation,2022-08-19,equal_weight,-0.0122
confirmation,2022-08-22,equal_weight,-0.019260000000000003
confirmation,2022-08-23,equal_weight,-0.0010800000000000002
confirmation,2022-08-24,equal_weight,0.0042
confirmation,2022-08-25,equal_weight,0.013160000000000002
confirmation,2022-08-26,equal_weight,-0.031740000000000004
confirmation,2022-08-29,equal_weight,-0.00626
confirmation,2022-08-30,equal_weight,-0.01132
confirmation,2022-08-31,equal_weight,-0.0071
confirmation,2022-09-01,localized,-0.002990521445815524
confirmation,2022-09-02,localized,-0.004238724985031925
confirmation,2022-09-06,localized,-0.0042591189835101215
confirmation,2022-09-07,localized,0.015699680251531668
confirmation,2022-09-08,localized,0.00803948191444107
confirmation,2022-09-09,localized,0.014748301787890774
confirmation,2022-09-12,localized,0.010045387987465855
confirmation,2022-09-13,localized,-0.03505264354127762
confirmation,2022-09-14,localized,0.004144178728010854
confirmation,2022-09-15,localized,-0.009154400841331409
confirmation,2022-09-16,localized,-0.014015731431915167
confirmation,2022-09-19,localized,0.010021925328138497
confirmation,2022-09-20,localized,-0.01268135545051861
confirmation,2022-09-21,localized,-0.017189655813718095
confirmation,2022-09-22,localized,-0.013424796140316412
confirmation,2022-09-23,localized,-0.024618552596396184
confirmation,2022-09-26,localized,-0.015965317873070692
confirmation,2022-09-27,localized,-0.0019929334638890714
confirmation,2022-09-28,localized,0.024335357598486693
confirmation,2022-09-29,localized,-0.017570312582455068
confirmation,2022-09-30,localized,-0.012259768639280343
confirmation,2022-09-01,all_gene,0.006190378818484515
confirmation,2022-09-02,all_gene,-0.00979759058760519
confirmation,2022-09-06,all_gene,-0.003398932307870772
confirmation,2022-09-07,all_gene,0.02638805716926719
confirmation,2022-09-08,all_gene,0.005311086688331269
confirmation,2022-09-09,all_gene,0.01569539219776839
confirmation,2022-09-12,all_gene,0.010098591373263244
confirmation,2022-09-13,all_gene,-0.045187554886142726
confirmation,2022-09-14,all_gene,0.006787023323928607
confirmation,2022-09-15,all_gene,-0.007586672036964397
confirmation,2022-09-16,all_gene,-0.005013282780328785
confirmation,2022-09-19,all_gene,0.010999558777338776
confirmation,2022-09-20,all_gene,-0.013299069111747795
confirmation,2022-09-21,all_gene,-0.01470796310696744
confirmation,2022-09-22,all_gene,-0.015801843871020852
confirmation,2022-09-23,all_gene,-0.022391649737833346
confirmation,2022-09-26,all_gene,-0.0015194584729766405
confirmation,2022-09-27,all_gene,-0.0013008945742184808
confirmation,2022-09-28,all_gene,0.02359727283216754
confirmation,2022-09-29,all_gene,-0.02757958540642112
confirmation,2022-09-30,all_gene,-0.013794353032564745
confirmation,2022-09-01,random,-0.003776737046104289
confirmation,2022-09-02,random,-0.0026309812196760873
confirmation,2022-09-06,random,-0.005171631321661773
confirmation,2022-09-07,random,0.01482901663063583
confirmation,2022-09-08,random,0.0059361114949104225
confirmation,2022-09-09,random,0.01577119192220439
confirmation,2022-09-12,random,0.010028462021098826
confirmation,2022-09-13,random,-0.0336363610470342
confirmation,2022-09-14,random,0.008797335833907962
confirmation,2022-09-15,random,-0.01531916122530178
confirmation,2022-09-16,random,-0.012846808914885169
confirmation,2022-09-19,random,0.007567404060677307
confirmation,2022-09-20,random,-0.012631317654398892
confirmation,2022-09-21,random,-0.01522811623311226
confirmation,2022-09-22,random,-0.009049925225870618
confirmation,2022-09-23,random,-0.028298272442372242
confirmation,2022-09-26,random,-0.0160585678022874
confirmation,2022-09-27,random,-0.0016865193217521356
confirmation,2022-09-28,random,0.02655988323916854
confirmation,2022-09-29,random,-0.0196870741319508
confirmation,2022-09-30,random,-0.01398278340146255
confirmation,2022-09-01,min_variance,0.006932053737029844
confirmation,2022-09-02,min_variance,-0.008391421743119309
confirmation,2022-09-06,min_variance,-0.004105619006322829
confirmation,2022-09-07,min_variance,0.018434744421026564
confirmation,2022-09-08,min_variance,0.012855591073642498
confirmation,2022-09-09,min_variance,0.013189848235804595
confirmation,2022-09-12,min_variance,0.007157763570543003
confirmation,2022-09-13,min_variance,-0.03272138977684107
confirmation,2022-09-14,min_variance,0.008105619006322829
confirmation,2022-09-15,min_variance,-0.007385858602157146
confirmation,2022-09-16,min_variance,-0.008743865802132378
confirmation,2022-09-19,min_variance,-0.0008946246231093999
confirmation,2022-09-20,min_variance,-0.012135830669476814
confirmation,2022-09-21,min_variance,-0.016692507991569565
confirmation,2022-09-22,min_variance,-0.0019085782568806944
confirmation,2022-09-23,min_variance,-0.01793105428217201
confirmation,2022-09-26,min_variance,-0.01374894168423008
confirmation,2022-09-27,min_variance,-4.144967579964188e-05
confirmation,2022-09-28,min_variance,0.027276737221051332
confirmation,2022-09-29,min_variance,-0.015318730021076097
confirmation,2022-09-30,min_variance,-0.013823262778948674
confirmation,2022-09-01,equal_weight,0.0029400000000000008
confirmation,2022-09-02,equal_weight,-0.00936
confirmation,2022-09-06,equal_weight,-0.00444
confirmation,2022-09-07,equal_weight,0.01974
confirmation,2022-09-08,equal_weight,0.009240000000000002
confirmation,2022-09-09,equal_weight,0.015520000000000003
confirmation,2022-09-12,equal_weight,0.009640000000000001
confirmation,2022-09-13,equal_weight,-0.04012000000000001
confirmation,2022-09-14,equal_weight,0.005180000000000001
confirmation,2022-09-15,equal_weight,-0.00846
confirmation,2022-09-16,equal_weight,-0.00924
confirmation,2022-09-19,equal_weight,0.0058
confirmation,2022-09-20,equal_weight,-0.01184
confirmation,2022-09-21,equal_weight,-0.016720000000000002
confirmation,2022-09-22,equal_weight,-0.0097
confirmation,2022-09-23,equal_weight,-0.0185
confirmation,2022-09-26,equal_weight,-0.01046
confirmation,2022-09-27,equal_weight,-0.00045999999999999996
confirmation,2022-09-28,equal_weight,0.023180000000000003
confirmation,2022-09-29,equal_weight,-0.020020000000000003
confirmation,2022-09-30,equal_weight,-0.01378
confirmation,2022-10-03,localized,0.032762833809871626
confirmation,2022-10-04,localized,0.03542580494988473
confirmation,2022-10-05,localized,-0.0029145289059695563
confirmation,2022-10-06,localized,-0.008190938582684769
confirmation,2022-10-07,localized,-0.021213180968189457
confirmation,2022-10-10,localized,-0.006115223418512452
confirmation,2022-10-11,localized,-0.006583804272726827
confirmation,2022-10-12,localized,-0.004285156168541568
confirmation,2022-10-13,localized,0.029048246755891457
confirmation,2022-10-14,localized,-0.022037042342738872
confirmation,2022-10-17,localized,0.02223787574860915
confirmation,2022-10-18,localized,0.0146947874752593
confirmation,2022-10-19,localized,-0.00432700712856424
confirmation,2022-10-20,localized,-0.011296173526049665
confirmation,2022-10-21,localized,0.025061642792332924
confirmation,2022-10-24,localized,0.00790130244555347
confirmation,2022-10-25,localized,0.01474671259309536
confirmation,2022-10-26,localized,0.005117033272627998
confirmation,2022-10-27,localized,0.0036477345632487893
confirmation,2022-10-28,localized,0.020056093129084747
confirmation,2022-10-31,localized,-0.0035017078494584955
confirmation,2022-10-03,all_gene,0.00870720607458458
confirmation,2022-10-04,all_gene,0.02960334486004067
confirmation,2022-10-05,all_gene,-0.0060994253081118836
confirmation,2022-10-06,all_gene,-0.008800927203500848
confirmation,2022-10-07,all_gene,-0.02919772287255131
confirmation,2022-10-10,all_gene,-0.0012019968315954417
confirmation,2022-10-11,all_gene,-0.0006042502567990217
confirmation,2022-10-12,all_gene,0.0009990625328568585
confirmation,2022-10-13,all_gene,0.013307627622992514
confirmation,2022-10-14,all_gene,-0.03419168858748976
confirmation,2022-10-17,all_gene,0.031096923194957264
confirmation,2022-10-18,all_gene,0.01439973472187885
confirmation,2022-10-19,all_gene,-0.009800808671474684
confirmation,2022-10-20,all_gene,-0.01589862564582695
confirmation,2022-10-21,all_gene,0.02450035645666597
confirmation,2022-10-24,all_gene,0.010299834541510537
confirmation,2022-10-25,all_gene,0.020297985662763408
confirmation,2022-10-26,all_gene,-0.00369534888763663
confirmation,2022-10-27,all_gene,-0.0034968849020496104
confirmation,2022-10-28,all_gene,0.005507648578674783
confirmation,2022-10-31,all_gene,-0.00569962638896828
confirmation,2022-10-03,random,0.034433359749015964
confirmation,2022-10-04,random,0.03298652910512192
confirmation,2022-10-05,random,-0.0014173212482015566
confirmation,2022-10-06,random,-0.006671514627692482
confirmation,2022-10-07,random,-0.01924147428229981
confirmation,2022-10-10,random,-0.006112299457751539
confirmation,2022-10-11,random,-0.002120565168668563
confirmation,2022-10-12,random,-0.0063136642541851635
confirmation,2022-10-13,random,0.027067344283883982
confirmation,2022-10-14,random,-0.02572453771587929
confirmation,2022-10-17,random,0.020591910823115855
confirmation,2022-10-18,random,0.014223034663630839
confirmation,2022-10-19,random,-0.000853996636800008
confirmation,2022-10-20,random,-0.009860021130511301
confirmation,2022-10-21,random,0.02453765412563095
confirmation,2022-10-24,random,0.0073659841469091445
confirmation,2022-10-25,random,0.013492200967798441
confirmation,2022-10-26,random,0.005101586091252335
confirmation,2022-10-27,random,0.002733916275127241
confirmation,2022-10-28,random,0.017564341633782645
confirmation,2022-10-31,random,-0.002509105727119186
confirmation,2022-10-03,min_variance,0.02635171972941503
confirmation,2022-10-04,min_variance,0.028845131253307267
confirmation,2022-10-05,min_variance,-0.0007527771279410437
confirmation,2022-10-06,min_variance,-0.008930560104412696
confirmation,2022-10-07,min_variance,-0.020103822937316898
confirmation,2022-10-10,min_variance,-0.0056173599738968275
confirmation,2022-10-11,min_variance,0.004011468811950675
confirmation,2022-10-12,min_variance,-0.005052079921690479
confirmation,2022-10-13,min_variance,0.024922217023528353
confirmation,2022-10-14,min_variance,-0.01881457114889457
confirmation,2022-10-17,min_variance,0.019476388563970524
confirmation,2022-10-18,min_variance,0.009171171214152504
confirmation,2022-10-19,min_variance,-0.009519114686584458
confirmation,2022-10-20,min_variance,-0.00775207992169048
confirmation,2022-10-21,min_variance,0.022987497075734702
confirmation,2022-10-24,min_variance,0.011602091618751698
confirmation,2022-10-25,min_variance,0.011231594216727328
confirmation,2022-10-26,min_variance,0.010007645874633785
confirmation,2022-10-27,min_variance,-0.0016170230678327613
confirmation,2022-10-28,min_variance,0.018103125731066334
confirmation,2022-10-31,min_variance,-0.002850348603125283
confirmation,2022-10-03,equal_weight,0.024380000000000002
confirmation,2022-10-04,equal_weight,0.031880000000000006
confirmation,2022-10-05,equal_weight,-0.00228
confirmation,2022-10-06,equal_weight,-0.00872
confirmation,2022-10-07,equal_weight,-0.026400000000000003
confirmation,2022-10-10,equal_weight,-0.006520000000000001
confirmation,2022-10-11,equal_weight,-0.0037600000000000003
confirmation,2022-10-12,equal_weight,-0.0027600000000000007
confirmation,2022-10-13,equal_weight,0.02376
confirmation,2022-10-14,equal_weight,-0.02346
confirmation,2022-10-17,equal_weight,0.02572
confirmation,2022-10-18,equal_weight,0.01162
confirmation,2022-10-19,equal_weight,-0.00908
confirmation,2022-10-20,equal_weight,-0.008960000000000001
confirmation,2022-10-21,equal_weight,0.023340000000000007
confirmation,2022-10-24,equal_weight,0.010759999999999999
confirmation,2022-10-25,equal_weight,0.01632
confirmation,2022-10-26,equal_weight,-0.0013600000000000003
confirmation,2022-10-27,equal_weight,-0.0037800000000000004
confirmation,2022-10-28,equal_weight,0.020440000000000003
confirmation,2022-10-31,equal_weight,-0.00558
confirmation,2022-11-01,localized,0.0030090332634295776
confirmation,2022-11-02,localized,-0.019485562968707827
confirmation,2022-11-03,localized,0.001581998274971373
confirmation,2022-11-04,localized,0.01149557336727443
confirmation,2022-11-07,localized,0.00875038585592546
confirmation,2022-11-08,localized,0.00557496952322673
confirmation,2022-11-09,localized,-0.01964860014133362
confirmation,2022-11-10,localized,0.03727144699994048
confirmation,2022-11-11,localized,0.0031071964886606233
confirmation,2022-11-14,localized,-0.0029179707777369306
confirmation,2022-11-15,localized,0.006969951012817775
confirmation,2022-11-16,localized,-0.00798329390426568
confirmation,2022-11-17,localized,-0.002251038143039807
confirmation,2022-11-18,localized,0.006284545403443355
confirmation,2022-11-21,localized,-0.001211428371787535
confirmation,2022-11-22,localized,0.013868776921915654
confirmation,2022-11-23,localized,0.0018838109353366858
confirmation,2022-11-25,localized,0.0023502727353881822
confirmation,2022-11-28,localized,-0.01317854728364993
confirmation,2022-11-29,localized,0.00134104562919865
confirmation,2022-11-30,localized,0.02072306759812868
confirmation,2022-11-01,all_gene,-0.00948176600361161
confirmation,2022-11-02,all_gene,-0.028586958915555013
confirmation,2022-11-03,all_gene,-0.005105505406577946
confirmation,2022-11-04,all_gene,0.006413584994731381
confirmation,2022-11-07,all_gene,0.0006133454721454679
confirmation,2022-11-08,all_gene,-0.0007892723363354549
confirmation,2022-11-09,all_gene,-0.026188310284126732
confirmation,2022-11-10,all_gene,0.055193753412704064
confirmation,2022-11-11,all_gene,0.011890128299507688
confirmation,2022-11-14,all_gene,-0.01369668625448167
confirmation,2022-11-15,all_gene,0.013486052352710047
confirmation,2022-11-16,all_gene,-0.008398305717407345
confirmation,2022-11-17,all_gene,-0.0062004173355011535
confirmation,2022-11-18,all_gene,0.0034061335369348317
confirmation,2022-11-21,all_gene,-0.004896305684306363
confirmation,2022-11-22,all_gene,0.010600763119544459
confirmation,2022-11-23,all_gene,0.009592474539498238
confirmation,2022-11-25,all_gene,0.00090581131349161
confirmation,2022-11-28,all_gene,-0.0057171108458695845
confirmation,2022-11-29,all_gene,-0.004585028406773209
confirmation,2022-11-30,all_gene,0.02749464333081695
confirmation,2022-11-01,random,0.003761055205709019
confirmation,2022-11-02,random,-0.021682675483531345
confirmation,2022-11-03,random,0.006079525244417051
confirmation,2022-11-04,random,0.01485087891440082
confirmation,2022-11-07,random,0.007834237746733062
confirmation,2022-11-08,random,0.005587920114048642
confirmation,2022-11-09,random,-0.02521158405526537
confirmation,2022-11-10,random,0.042239844131616355
confirmation,2022-11-11,random,0.009308510473543703
confirmation,2022-11-14,random,-0.006743094996621841
confirmation,2022-11-15,random,0.009645810006252186
confirmation,2022-11-16,random,-0.010008907838485244
confirmation,2022-11-17,random,-0.003396533846245613
confirmation,2022-11-18,random,0.004657202822715797
confirmation,2022-11-21,random,-0.0026264864245459456
confirmation,2022-11-22,random,0.01680807430376347
confirmation,2022-11-23,random,0.0018175364853196822
confirmation,2022-11-25,random,0.0011531792210207757
confirmation,2022-11-28,random,-0.01719369192590786
confirmation,2022-11-29,random,0.002906827849350291
confirmation,2022-11-30,random,0.01967310593519135
confirmation,2022-11-01,min_variance,0.003318812243240715
confirmation,2022-11-02,min_variance,-0.018459700442846644
confirmation,2022-11-03,min_variance,0.00039916789679622395
confirmation,2022-11-04,min_variance,0.009939384243629213
confirmation,2022-11-07,min_variance,0.00886008875767507
confirmation,2022-11-08,min_variance,0.005399944526453084
confirmation,2022-11-09,min_variance,-0.01747910132853993
confirmation,2022-11-10,min_variance,0.03449930658066354
confirmation,2022-11-11,min_variance,0.00041901257086485985
confirmation,2022-11-14,min_variance,-0.0012394397171761285
confirmation,2022-11-15,min_variance,0.0059195950431075
confirmation,2022-11-16,min_variance,-0.007079656064009111
confirmation,2022-11-17,min_variance,-0.0017598391267139378
confirmation,2022-11-18,min_variance,0.006960255178315824
confirmation,2022-11-21,min_variance,-0.0005197892005217124
confirmation,2022-11-22,min_variance,0.012639467453949588
confirmation,2022-11-23,min_variance,0.0018400776629656868
confirmation,2022-11-25,min_variance,0.0029001941574142136
confirmation,2022-11-28,min_variance,-0.011199251107116608
confirmation,2022-11-29,min_variance,0.0006796838007825661
confirmation,2022-11-30,min_variance,0.02068023853625176
confirmation,2022-11-01,equal_weight,-0.0019399999999999999
confirmation,2022-11-02,equal_weight,-0.02448
confirmation,2022-11-03,equal_weight,-0.007060000000000001
confirmation,2022-11-04,equal_weight,0.01124
confirmation,2022-11-07,equal_weight,0.00816
confirmation,2022-11-08,equal_weight,0.00474
confirmation,2022-11-09,equal_weight,-0.02144
confirmation,2022-11-10,equal_weight,0.05138
confirmation,2022-11-11,equal_weight,0.00826
confirmation,2022-11-14,equal_weight,-0.008
confirmation,2022-11-15,equal_weight,0.009380000000000001
confirmation,2022-11-16,equal_weight,-0.009040000000000001
confirmation,2022-11-17,equal_weight,-0.0038399999999999997
confirmation,2022-11-18,equal_weight,0.004900000000000001
confirmation,2022-11-21,equal_weight,-0.00382
confirmation,2022-11-22,equal_weight,0.01312
confirmation,2022-11-23,equal_weight,0.00552
confirmation,2022-11-25,equal_weight,0.0009599999999999999
confirmation,2022-11-28,equal_weight,-0.013579999999999998
confirmation,2022-11-29,equal_weight,-0.0010000000000000007
confirmation,2022-11-30,equal_weight,0.02806000000000001
confirmation,2022-12-01,localized,0.0016132416125780884
confirmation,2022-12-02,localized,0.0038532205969923914
confirmation,2022-12-05,localized,-0.016302532510179834
confirmation,2022-12-06,localized,-0.01211764876511463
confirmation,2022-12-07,localized,0.002773147282948946
confirmation,2022-12-08,localized,0.006199292884517227
confirmation,2022-12-09,localized,-0.012763486201203381
confirmation,2022-12-12,localized,0.014656725664853648
confirmation,2022-12-13,localized,0.008897007081243115
confirmation,2022-12-14,localized,-0.0007380750243293573
confirmation,2022-12-15,localized,-0.018535955462587524
confirmation,2022-12-16,localized,-0.010651223219499826
confirmation,2022-12-19,localized,-0.005769783343255036
confirmation,2022-12-20,localized,0.0047139516331778115
confirmation,2022-12-21,localized,0.01625444008341667
confirmation,2022-12-22,localized,-0.008964854062722747
confirmation,2022-12-23,localized,0.005683909736955579
confirmation,2022-12-27,localized,-0.0006954142581674895
confirmation,2022-12-28,localized,-0.01140781315509322
confirmation,2022-12-29,localized,0.012937001506336856
confirmation,2022-12-30,localized,-0.0018460605403865134
confirmation,2022-12-01,all_gene,-0.0026093688211197125
confirmation,2022-12-02,all_gene,0.00028998954973204395
confirmation,2022-12-05,all_gene,-0.02409118109226507
confirmation,2022-12-06,all_gene,-0.013383516512171801
confirmation,2022-12-07,all_gene,-0.001408594764290608
confirmation,2022-12-08,all_gene,0.006988128414309033
confirmation,2022-12-09,all_gene,-0.008781759478728317
confirmation,2022-12-12,all_gene,0.0048440075962976545
confirmation,2022-12-13,all_gene,-0.0006943955962333702
confirmation,2022-12-14,all_gene,-0.0047131782405063615
confirmation,2022-12-15,all_gene,-0.018919691154072778
confirmation,2022-12-16,all_gene,-0.01208031791465361
confirmation,2022-12-19,all_gene,-0.009584405006043382
confirmation,2022-12-20,all_gene,-0.00705914807995199
confirmation,2022-12-21,all_gene,0.011519243566970814
confirmation,2022-12-22,all_gene,-0.017962760208635856
confirmation,2022-12-23,all_gene,0.006897151701429469
confirmation,2022-12-27,all_gene,-0.009757861149948381
confirmation,2022-12-28,all_gene,-0.010296756709195212
confirmation,2022-12-29,all_gene,0.01669676413576052
confirmation,2022-12-30,all_gene,-0.0033954032570841144
confirmation,2022-12-01,random,-0.0013687347655778079
confirmation,2022-12-02,random,0.00248494705389628
confirmation,2022-12-05,random,-0.018820558299465304
confirmation,2022-12-06,random,-0.012023294141186741
confirmation,2022-12-07,random,-0.0010173933776663215
confirmation,2022-12-08,random,0.003978689830725142
confirmation,2022-12-09,random,-0.011250591385320887
confirmation,2022-12-12,random,0.01708826718701215
confirmation,2022-12-13,random,0.00867877505751832
confirmation,2022-12-14,random,-0.00416913741664448
confirmation,2022-12-15,random,-0.017843781042850473
confirmation,2022-12-16,random,-0.009842085584519366
confirmation,2022-12-19,random,-0.005570390479410429
confirmation,2022-12-20,random,0.005265799262161574
confirmation,2022-12-21,random,0.01825557964014643
confirmation,2022-12-22,random,-0.014069988144543999
confirmation,2022-12-23,random,0.011565460904560964
confirmation,2022-12-27,random,0.0033881444284617848
confirmation,2022-12-28,random,-0.015033874827420862
confirmation,2022-12-29,random,0.012670419711842075
confirmation,2022-12-30,random,-0.002037233302643471
confirmation,2022-12-01,min_variance,0.002699107293594382
confirmation,2022-12-02,min_variance,0.004431458064079296
confirmation,2022-12-05,min_variance,-0.015423999168365211
confirmation,2022-12-06,min_variance,-0.011986915296523803
confirmation,2022-12-07,min_variance,0.004355120081809295
confirmation,2022-12-08,min_variance,0.007012136523523662
confirmation,2022-12-09,min_variance,-0.01335606826176183
confirmation,2022-12-12,min_variance,0.013379456400809718
confirmation,2022-12-13,min_variance,0.008627728616222253
confirmation,2022-12-14,min_variance,0.000669763994555351
confirmation,2022-12-15,min_variance,-0.018557627471031693
confirmation,2022-12-16,min_variance,-0.010995322372190421
confirmation,2022-12-19,min_variance,-0.0057476611860952116
confirmation,2022-12-20,min_variance,0.004257016441714366
confirmation,2022-12-21,min_variance,0.015325558377635072
confirmation,2022-12-22,min_variance,-0.006801896359905071
confirmation,2022-12-23,min_variance,0.0033212179004607043
confirmation,2022-12-27,min_variance,-0.0024111883435711267
confirmation,2022-12-28,min_variance,-0.009784134028619298
confirmation,2022-12-29,min_variance,0.012896881581460283
confirmation,2022-12-30,min_variance,-0.0018130847034761976
confirmation,2022-12-01,equal_weight,-2.0000000000000052e-05
confirmation,2022-12-02,equal_weight,0.0005200000000000001
confirmation,2022-12-05,equal_weight,-0.0195
confirmation,2022-12-06,equal_weight,-0.01374
confirmation,2022-12-07,equal_weight,-0.0008000000000000004
confirmation,2022-12-08,equal_weight,0.007220000000000001
confirmation,2022-12-09,equal_weight,-0.009059999999999999
confirmation,2022-12-12,equal_weight,0.013260000000000001
confirmation,2022-12-13,equal_weight,0.006140000000000001
confirmation,2022-12-14,equal_weight,-0.00422
confirmation,2022-12-15,equal_weight,-0.02302
confirmation,2022-12-16,equal_weight,-0.010300000000000002
confirmation,2022-12-19,equal_weight,-0.00862
confirmation,2022-12-20,equal_weight,0.0013200000000000002
confirmation,2022-12-21,equal_weight,0.015080000000000001
confirmation,2022-12-22,equal_weight,-0.013260000000000001
confirmation,2022-12-23,equal_weight,0.0053
confirmation,2022-12-27,equal_weight,-0.00438
confirmation,2022-12-28,equal_weight,-0.011500000000000002
confirmation,2022-12-29,equal_weight,0.01708
confirmation,2022-12-30,equal_weight,-0.00216
confirmation,2023-01-03,localized,-0.011147505680852848
confirmation,2023-01-04,localized,0.009088996896744049
confirmation,2023-01-05,localized,-0.004073657795338335
confirmation,2023-01-06,localized,0.022988770262875192
confirmation,2023-01-09,localized,-0.0011467473224506027
confirmation,2023-01-10,localized,0.006672983477926333
confirmation,2023-01-11,localized,0.007124734247395982
confirmation,2023-01-12,localized,0.00789165939213551
confirmation,2023-01-13,localized,0.0015360229684435029
confirmation,2023-01-17,localized,-0.0028404105727148914
confirmation,2023-01-18,localized,-0.018321021941128793
confirmation,2023-01-19,localized,-0.008693427992674987
confirmation,2023-01-20,localized,0.013974438207611625
confirmation,2023-01-23,localized,0.005574827978827577
confirmation,2023-01-24,localized,0.001820977092892109
confirmation,2023-01-25,localized,-0.0034492298733824972
confirmation,2023-01-26,localized,0.013418458179059189
confirmation,2023-01-27,localized,-0.0063366484813906455
confirmation,2023-01-30,localized,-0.011459567088997076
confirmation,2023-01-31,localized,0.014002010687812774
confirmation,2023-01-03,all_gene,-0.005428275031971234
confirmation,2023-01-04,all_gene,0.00866992644071868
confirmation,2023-01-05,all_gene,-0.010299913962640132
confirmation,2023-01-06,all_gene,0.025471255985078742
confirmation,2023-01-09,all_gene,9.960203256751025e-05
confirmation,2023-01-10,all_gene,0.008381455955355995
confirmation,2023-01-11,all_gene,0.017415465886217982
confirmation,2023-01-12,all_gene,-0.0017900150361462907
confirmation,2023-01-13,all_gene,0.006470027979143689
confirmation,2023-01-17,all_gene,-7.432842848754613e-05
confirmation,2023-01-18,all_gene,-0.01758706599428034
confirmation,2023-01-19,all_gene,-0.013828399885141708
confirmation,2023-01-20,all_gene,0.01839976695983803
confirmation,2023-01-23,all_gene,0.012561259252384976
confirmation,2023-01-24,all_gene,0.00010277677584285976
confirmation,2023-01-25,all_gene,0.00498847931154631
confirmation,2023-01-26,all_gene,0.012189894400200973
confirmation,2023-01-27,all_gene,0.015016903539652009
confirmation,2023-01-30,all_gene,-0.01126433893549244
confirmation,2023-01-31,all_gene,0.01917559125656712
confirmation,2023-01-03,random,-0.009221594051297426
confirmation,2023-01-04,random,0.009067211103070181
confirmation,2023-01-05,random,-0.0047317022299599035
confirmation,2023-01-06,random,0.022359323847709084
confirmation,2023-01-09,random,-0.0030317009204513154
confirmation,2023-01-10,random,0.007009642716647617
confirmation,2023-01-11,random,0.0071553789468010625
confirmation,2023-01-12,random,0.006728870587410937
confirmation,2023-01-13,random,0.0023908128345959405
confirmation,2023-01-17,random,-0.003028046222363539
confirmation,2023-01-18,random,-0.0177150056054311
confirmation,2023-01-19,random,-0.008289523692631222
confirmation,2023-01-20,random,0.013529119085747608
confirmation,2023-01-23,random,0.005688988498358079
confirmation,2023-01-24,random,0.0011133338873177828
confirmation,2023-01-25,random,-0.0024661255441299937
confirmation,2023-01-26,random,0.01195429622470075
confirmation,2023-01-27,random,-0.004853162521351192
confirmation,2023-01-30,random,-0.011468749852015113
confirmation,2023-01-31,random,0.014145936331061624
confirmation,2023-01-03,min_variance,-0.004556051635369496
confirmation,2023-01-04,min_variance,0.008437213683170958
confirmation,2023-01-05,min_variance,-0.005071310528048407
confirmation,2023-01-06,min_variance,0.017824061308599117
confirmation,2023-01-09,min_variance,-0.014766588176520368
confirmation,2023-01-10,min_variance,0.00825270368646293
confirmation,2023-01-11,min_variance,0.00286824078384268
confirmation,2023-01-12,min_variance,0.0036775442046354193
confirmation,2023-01-13,min_variance,0.005086800531340379
confirmation,2023-01-17,min_variance,-0.00474340026567019
confirmation,2023-01-18,min_variance,-0.014876764995062046
confirmation,2023-01-19,min_variance,-0.004223282099025738
confirmation,2023-01-20,min_variance,0.008396930255794275
confirmation,2023-01-23,min_variance,0.002884509996708029
confirmation,2023-01-24,min_variance,-0.00200462816335248
confirmation,2023-01-25,min_variance,-0.0009573789439031873
confirmation,2023-01-26,min_variance,0.005363612620490201
confirmation,2023-01-27,min_variance,-0.005265123945549175
confirmation,2023-01-30,min_variance,-0.011872089737621784
confirmation,2023-01-31,min_variance,0.012601558419146754
confirmation,2023-01-03,equal_weight,-0.0045000000000000005
confirmation,2023-01-04,equal_weight,0.008600000000000002
confirmation,2023-01-05,equal_weight,-0.00956
confirmation,2023-01-06,equal_weight,0.02178
confirmation,2023-01-09,equal_weight,-0.00276
confirmation,2023-01-10,equal_weight,0.00806
confirmation,2023-01-11,equal_weight,0.010860000000000002
confirmation,2023-01-12,equal_weight,0.00392
confirmation,2023-01-13,equal_weight,0.00494
confirmation,2023-01-17,equal_weight,-0.00234
confirmation,2023-01-18,equal_weight,-0.015540000000000002
confirmation,2023-01-19,equal_weight,-0.00808
confirmation,2023-01-20,equal_weight,0.01692
confirmation,2023-01-23,equal_weight,0.010419999999999999
confirmation,2023-01-24,equal_weight,-0.0011800000000000003
confirmation,2023-01-25,equal_weight,0.0005400000000000001
confirmation,2023-01-26,equal_weight,0.009640000000000003
confirmation,2023-01-27,equal_weight,0.0025199999999999997
confirmation,2023-01-30,equal_weight,-0.012660000000000001
confirmation,2023-01-31,equal_weight,0.015560000000000001
confirmation,2023-02-01,localized,0.0007670917496276799
confirmation,2023-02-02,localized,-0.004741175512385814
confirmation,2023-02-03,localized,-0.007191612715637708
confirmation,2023-02-06,localized,-0.004338761591577903
confirmation,2023-02-07,localized,0.010438932069577807
confirmation,2023-02-08,localized,-0.011172102874094885
confirmation,2023-02-09,localized,-0.010076619006260156
confirmation,2023-02-10,localized,0.01755326416626177
confirmation,2023-02-13,localized,0.005429513665528638
confirmation,2023-02-14,localized,0.00011778450289553635
confirmation,2023-02-15,localized,3.138621559761791e-05
confirmation,2023-02-16,localized,-0.010307299997981585
confirmation,2023-02-17,localized,-0.00535000970896341
confirmation,2023-02-21,localized,-0.01637841097439848
confirmation,2023-02-22,localized,-0.0010210452978593998
confirmation,2023-02-23,localized,0.005014194488753865
confirmation,2023-02-24,localized,-0.0038308570059068237
confirmation,2023-02-27,localized,0.0026528025125206432
confirmation,2023-02-28,localized,-0.006762757366896676
confirmation,2023-02-01,all_gene,0.015049119228480443
confirmation,2023-02-02,all_gene,0.018125607573287007
confirmation,2023-02-03,all_gene,-0.021588718572122124
confirmation,2023-02-06,all_gene,-0.0013332043781959292
confirmation,2023-02-07,all_gene,0.0003650125458321097
confirmation,2023-02-08,all_gene,-0.00802779886567968
confirmation,2023-02-09,all_gene,-0.003081377102966595
confirmation,2023-02-10,all_gene,-0.002659031162799717
confirmation,2023-02-13,all_gene,0.012420035973175205
confirmation,2023-02-14,all_gene,0.0032021282770235884
confirmation,2023-02-15,all_gene,0.009286701499213287
confirmation,2023-02-16,all_gene,-0.014140282124193226
confirmation,2023-02-17,all_gene,0.004956976484246256
confirmation,2023-02-21,all_gene,-0.024151502349995944
confirmation,2023-02-22,all_gene,0.0023326577738024047
confirmation,2023-02-23,all_gene,-0.0015402855503237939
confirmation,2023-02-24,all_gene,-0.01122650065581338
confirmation,2023-02-27,all_gene,0.0057895046217532175
confirmation,2023-02-28,all_gene,-0.0027164953331979894
confirmation,2023-02-01,random,0.0015723085862407848
confirmation,2023-02-02,random,-0.0035710628242317404
confirmation,2023-02-03,random,-0.006695653942804988
confirmation,2023-02-06,random,-0.004666285459181876
confirmation,2023-02-07,random,0.009797430303916336
confirmation,2023-02-08,random,-0.010670935351288977
confirmation,2023-02-09,random,-0.009743153442494032
confirmation,2023-02-10,random,0.01585018114701605
confirmation,2023-02-13,random,0.005878180261432936
confirmation,2023-02-14,random,-0.0004555784972458911
confirmation,2023-02-15,random,-0.0004268061210566043
confirmation,2023-02-16,random,-0.010416511780875668
confirmation,2023-02-17,random,-0.003225592637206241
confirmation,2023-02-21,random,-0.016440606720764844
confirmation,2023-02-22,random,-0.0010775254097754802
confirmation,2023-02-23,random,0.004484883024949922
confirmation,2023-02-24,random,-0.0052372086757070235
confirmation,2023-02-27,random,0.002028086988862707
confirmation,2023-02-28,random,-0.006463672824238246
confirmation,2023-02-01,min_variance,0.0039431817874481636
confirmation,2023-02-02,min_variance,-0.0006679575625216643
confirmation,2023-02-03,min_variance,-0.003983280008805656
confirmation,2023-02-06,min_variance,-0.005992204077139974
confirmation,2023-02-07,min_variance,0.007589408987319249
confirmation,2023-02-08,min_variance,-0.008795537965832843
confirmation,2023-02-09,min_variance,-0.008746236738288024
confirmation,2023-02-10,min_variance,0.010554302060584119
confirmation,2023-02-13,min_variance,0.007127580403311172
confirmation,2023-02-14,min_variance,-0.0029136555019375486
confirmation,2023-02-15,min_variance,-0.002842902849595151
confirmation,2023-02-16,min_variance,-0.010570752652342398
confirmation,2023-02-17,min_variance,0.004688600789011032
confirmation,2023-02-21,min_variance,-0.016164623673828805
confirmation,2023-02-22,min_variance,-0.001473817141599192
confirmation,2023-02-23,min_variance,0.0026632261289184405
confirmation,2023-02-24,min_variance,-0.010265751819303096
confirmation,2023-02-27,min_variance,-0.0006167199911943451
confirmation,2023-02-28,min_variance,-0.005613924901373621
confirmation,2023-02-01,equal_weight,0.009980000000000001
confirmation,2023-02-02,equal_weight,0.01104
confirmation,2023-02-03,equal_weight,-0.009800000000000001
confirmation,2023-02-06,equal_weight,-0.00604
confirmation,2023-02-07,equal_weight,0.01004
confirmation,2023-02-08,equal_weight,-0.01034
confirmation,2023-02-09,equal_weight,-0.008560000000000002
confirmation,2023-02-10,equal_weight,0.003520000000000001
confirmation,2023-02-13,equal_weight,0.01046
confirmation,2023-02-14,equal_weight,0.0003999999999999999
confirmation,2023-02-15,equal_weight,0.00364
confirmation,2023-02-16,equal_weight,-0.012580000000000001
confirmation,2023-02-17,equal_weight,-0.00034000000000000046
confirmation,2023-02-21,equal_weight,-0.02032
confirmation,2023-02-22,equal_weight,-0.00035999999999999997
confirmation,2023-02-23,equal_weight,0.0036200000000000004
confirmation,2023-02-24,equal_weight,-0.00996
confirmation,2023-02-27,equal_weight,0.00268
confirmation,2023-02-28,equal_weight,-0.0032
confirmation,2023-03-01,localized,0.005929138938831054
confirmation,2023-03-02,localized,0.011792513380740223
confirmation,2023-03-03,localized,0.013119132458900661
confirmation,2023-03-06,localized,-0.00492473362436858
confirmation,2023-03-07,localized,-0.015565386956669881
confirmation,2023-03-08,localized,0.0001822415389443256
confirmation,2023-03-09,localized,-0.01595716115889312
confirmation,2023-03-10,localized,-0.01793700523602778
confirmation,2023-03-13,localized,-0.006795175890797575
confirmation,2023-03-14,localized,0.012969360730269013
confirmation,2023-03-15,localized,-0.025448998311241453
confirmation,2023-03-16,localized,0.011689263580121746
confirmation,2023-03-17,localized,-0.015017416068095018
confirmation,2023-03-20,localized,0.01658009705448398
confirmation,2023-03-21,localized,0.011395797656908667
confirmation,2023-03-22,localized,-0.019844379367528683
confirmation,2023-03-23,localized,-0.0052039010805343565
confirmation,2023-03-24,localized,0.008393608101909205
confirmation,2023-03-27,localized,0.008744503731051984
confirmation,2023-03-28,localized,0.006547640815951962
confirmation,2023-03-29,localized,0.013483736339795773
confirmation,2023-03-30,localized,0.004331548800789316
confirmation,2023-03-31,localized,0.010556407191588377
confirmation,2023-03-01,all_gene,-0.010704740103961191
confirmation,2023-03-02,all_gene,0.0015442676553726424
confirmation,2023-03-03,all_gene,0.01320395315287335
confirmation,2023-03-06,all_gene,-0.004306174009881335
confirmation,2023-03-07,all_gene,-0.01236546821374455
confirmation,2023-03-08,all_gene,-0.0012484826263131237
confirmation,2023-03-09,all_gene,-0.019684278638761005
confirmation,2023-03-10,all_gene,-0.011512005672280357
confirmation,2023-03-13,all_gene,-0.002011582757911262
confirmation,2023-03-14,all_gene,0.013889596331389304
confirmation,2023-03-15,all_gene,-0.0025423106191003746
confirmation,2023-03-16,all_gene,0.012110207744673973
confirmation,2023-03-17,all_gene,-0.012703193153784233
confirmation,2023-03-20,all_gene,0.00799019921312995
confirmation,2023-03-21,all_gene,0.01706531580375984
confirmation,2023-03-22,all_gene,-0.017218509466185757
confirmation,2023-03-23,all_gene,-0.0025451316933940296
confirmation,2023-03-24,all_gene,0.004527816358126703
confirmation,2023-03-27,all_gene,0.006853174630392872
confirmation,2023-03-28,all_gene,-8.211059758764065e-05
confirmation,2023-03-29,all_gene,0.013630416193800402
confirmation,2023-03-30,all_gene,0.005520243339041398
confirmation,2023-03-31,all_gene,0.01850698175163952
confirmation,2023-03-01,random,0.004994709119331413
confirmation,2023-03-02,random,0.010422654827413218
confirmation,2023-03-03,random,0.013167774820736201
confirmation,2023-03-06,random,-0.004589910078328884
confirmation,2023-03-07,random,-0.015292956847690836
confirmation,2023-03-08,random,-0.0007890580135414745
confirmation,2023-03-09,random,-0.01538182843310667
confirmation,2023-03-10,random,-0.016642769928297222
confirmation,2023-03-13,random,-0.003863403246637416
confirmation,2023-03-14,random,0.012864312498270193
confirmation,2023-03-15,random,-0.021536203521404344
confirmation,2023-03-16,random,0.011096151095026072
confirmation,2023-03-17,random,-0.014786195403269305
confirmation,2023-03-20,random,0.015934039182525027
confirmation,2023-03-21,random,0.01033227966760196
confirmation,2023-03-22,random,-0.01947117548750788
confirmation,2023-03-23,random,-0.0039097571068096105
confirmation,2023-03-24,random,0.008831882463420655
confirmation,2023-03-27,random,0.00786459693711528
confirmation,2023-03-28,random,0.005102539643794149
confirmation,2023-03-29,random,0.012365563602458201
confirmation,2023-03-30,random,0.004105069029517311
confirmation,2023-03-31,random,0.010972326709506545
confirmation,2023-03-01,min_variance,0.0024599004732385027
confirmation,2023-03-02,min_variance,0.0058030431769684485
confirmation,2023-03-03,min_variance,0.013239257456697342
confirmation,2023-03-06,min_variance,-0.0034681679763292803
confirmation,2023-03-07,min_variance,-0.014455569074769964
confirmation,2023-03-08,min_variance,-0.004465124799360832
confirmation,2023-03-09,min_variance,-0.012914850866053238
confirmation,2023-03-10,min_variance,-0.012051186818711795
confirmation,2023-03-13,min_variance,0.006938344571293142
confirmation,2023-03-14,min_variance,0.01227334144486198
confirmation,2023-03-15,min_variance,-0.008262446641181389
confirmation,2023-03-16,min_variance,0.00860596468100723
confirmation,2023-03-17,min_variance,-0.014134083988164643
confirmation,2023-03-20,min_variance,0.014123737051099244
confirmation,2023-03-21,min_variance,0.005908216645501148
confirmation,2023-03-22,min_variance,-0.018268167976329283
confirmation,2023-03-23,min_variance,0.0006488131812882066
confirmation,2023-03-24,min_variance,0.010797748035506082
confirmation,2023-03-27,min_variance,0.004800791212474531
confirmation,2023-03-28,min_variance,0.000154899535225102
confirmation,2023-03-29,min_variance,0.00806895918880381
confirmation,2023-03-30,min_variance,0.0031466828897239564
confirmation,2023-03-31,min_variance,0.012031832023670724
confirmation,2023-03-01,equal_weight,-0.0029000000000000007
confirmation,2023-03-02,equal_weight,0.006000000000000001
confirmation,2023-03-03,equal_weight,0.015000000000000001
confirmation,2023-03-06,equal_weight,-0.00212
confirmation,2023-03-07,equal_weight,-0.01442
confirmation,2023-03-08,equal_weight,-0.0005200000000000003
confirmation,2023-03-09,equal_weight,-0.01872
confirmation,2023-03-10,equal_weight,-0.015280000000000002
confirmation,2023-03-13,equal_weight,-0.0022400000000000007
confirmation,2023-03-14,equal_weight,0.01564
confirmation,2023-03-15,equal_weight,-0.008640000000000002
confirmation,2023-03-16,equal_weight,0.014840000000000002
confirmation,2023-03-17,equal_weight,-0.013219999999999999
confirmation,2023-03-20,equal_weight,0.010260000000000002
confirmation,2023-03-21,equal_weight,0.01362
confirmation,2023-03-22,equal_weight,-0.01784
confirmation,2023-03-23,equal_weight,0.00042000000000000045
confirmation,2023-03-24,equal_weight,0.006039999999999999
confirmation,2023-03-27,equal_weight,0.00464
confirmation,2023-03-28,equal_weight,-0.0005799999999999998
confirmation,2023-03-29,equal_weight,0.012620000000000003
confirmation,2023-03-30,equal_weight,0.0044800000000000005
confirmation,2023-03-31,equal_weight,0.014700000000000001
confirmation,2023-04-03,localized,0.014280867133489647
confirmation,2023-04-04,localized,-0.01492737153946525
confirmation,2023-04-05,localized,0.0025218182619383576
confirmation,2023-04-06,localized,-0.004846495219358523
confirmation,2023-04-10,localized,0.007439285895223358
confirmation,2023-04-11,localized,0.006226723331063138
confirmation,2023-04-12,localized,0.00012818660174453974
confirmation,2023-04-13,localized,0.005212461908735796
confirmation,2023-04-14,localized,-0.0044705065347878355
confirmation,2023-04-17,localized,0.0006198732650455875
confirmation,2023-04-18,localized,0.0024000950036192474
confirmation,2023-04-19,localized,-0.0011871716347859938
confirmation,2023-04-20,localized,-0.0022147095882600774
confirmation,2023-04-21,localized,-0.0012430720292448386
confirmation,2023-04-24,localized,0.007168025529708587
confirmation,2023-04-25,localized,-0.014976522581198713
confirmation,2023-04-26,localized,-0.01540996697097633
confirmation,2023-04-27,localized,0.012797063393705664
confirmation,2023-04-28,localized,0.008569502753601839
confirmation,2023-04-03,all_gene,-0.0013055615077667317
confirmation,2023-04-04,all_gene,-0.006395911036245632
confirmation,2023-04-05,all_gene,-0.007846664260171806
confirmation,2023-04-06,all_gene,0.0009328389977423324
confirmation,2023-04-10,all_gene,0.004624834059682534
confirmation,2023-04-11,all_gene,0.0032215720020591972
confirmation,2023-04-12,all_gene,-0.009624695945032404
confirmation,2023-04-13,all_gene,0.013263906651512647
confirmation,2023-04-14,all_gene,-0.0008858246743038594
confirmation,2023-04-17,all_gene,0.006627376315410721
confirmation,2023-04-18,all_gene,0.0013294973787638194
confirmation,2023-04-19,all_gene,-0.0008726469415128969
confirmation,2023-04-20,all_gene,-0.006932221371990913
confirmation,2023-04-21,all_gene,0.004491974979390221
confirmation,2023-04-24,all_gene,0.0009481778654360639
confirmation,2023-04-25,all_gene,-0.014641588110184713
confirmation,2023-04-26,all_gene,-0.005849901383608023
confirmation,2023-04-27,all_gene,0.01966502724496883
confirmation,2023-04-28,all_gene,0.00376052302352511
confirmation,2023-04-03,random,0.013156973243354596
confirmation,2023-04-04,random,-0.01260076403513312
confirmation,2023-04-05,random,0.004061840101650236
confirmation,2023-04-06,random,-0.0032541136826573745
confirmation,2023-04-10,random,0.006017436355479744
confirmation,2023-04-11,random,0.00555420672101772
confirmation,2023-04-12,random,-0.00015571591686321497
confirmation,2023-04-13,random,0.00660138774983414
confirmation,2023-04-14,random,-0.004439248021017887
confirmation,2023-04-17,random,0.0009156722953214172
confirmation,2023-04-18,random,0.0009445399078843059
confirmation,2023-04-19,random,0.0006257952971211687
confirmation,2023-04-20,random,-0.0023036495988653406
confirmation,2023-04-21,random,0.00047175525480145297
confirmation,2023-04-24,random,0.006123061329147625
confirmation,2023-04-25,random,-0.013748456956643819
confirmation,2023-04-26,random,-0.01496151647115829
confirmation,2023-04-27,random,0.011324595550275693
confirmation,2023-04-28,random,0.008443130800319562
confirmation,2023-04-03,min_variance,0.009537789588901287
confirmation,2023-04-04,min_variance,-0.0035321113389735832
confirmation,2023-04-05,min_variance,0.011351809767625424
confirmation,2023-04-06,min_variance,0.002921896772419566
confirmation,2023-04-10,min_variance,0.0003325695868584893
confirmation,2023-04-11,min_variance,0.00310668792695998
confirmation,2023-04-12,min_variance,-0.0006299129952058595
confirmation,2023-04-13,min_variance,0.011739303961646875
confirmation,2023-04-14,min_variance,-0.004524553364072195
confirmation,2023-04-17,min_variance,0.0017825928107726924
confirmation,2023-04-18,min_variance,-0.005069216956852733
confirmation,2023-04-19,min_variance,0.008230829490975672
confirmation,2023-04-20,min_variance,-0.002275446635927806
confirmation,2023-04-21,min_variance,0.007250023223914203
confirmation,2023-04-24,min_variance,0.0022450753928370394
confirmation,2023-04-25,min_variance,-0.00856248258206435
confirmation,2023-04-26,min_variance,-0.013991067281443895
confirmation,2023-04-27,min_variance,0.004551763319797021
confirmation,2023-04-28,min_variance,0.008273660092216585
confirmation,2023-04-03,equal_weight,0.00452
confirmation,2023-04-04,equal_weight,-0.006999999999999999
confirmation,2023-04-05,equal_weight,-0.0008799999999999999
confirmation,2023-04-06,equal_weight,0.0025000000000000005
confirmation,2023-04-10,equal_weight,0.00262
confirmation,2023-04-11,equal_weight,0.0022400000000000002
confirmation,2023-04-12,equal_weight,-0.004379999999999999
confirmation,2023-04-13,equal_weight,0.01276
confirmation,2023-04-14,equal_weight,-0.0023000000000000004
confirmation,2023-04-17,equal_weight,0.0034800000000000005
confirmation,2023-04-18,equal_weight,-0.00014000000000000004
confirmation,2023-04-19,equal_weight,0.0011799999999999998
confirmation,2023-04-20,equal_weight,-0.00494
confirmation,2023-04-21,equal_weight,0.00228
confirmation,2023-04-24,equal_weight,0.0012000000000000003
confirmation,2023-04-25,equal_weight,-0.015160000000000002
confirmation,2023-04-26,equal_weight,-0.007160000000000001
confirmation,2023-04-27,equal_weight,0.015780000000000002
confirmation,2023-04-28,equal_weight,0.007640000000000001
confirmation,2023-05-01,localized,-0.0019595242784674637
confirmation,2023-05-02,localized,-0.018301342348212
confirmation,2023-05-03,localized,-0.00961413370516825
confirmation,2023-05-04,localized,-0.008465809794022032
confirmation,2023-05-05,localized,0.01825905101660117
confirmation,2023-05-08,localized,-0.002104903956034996
confirmation,2023-05-09,localized,-0.0033657277032828796
confirmation,2023-05-10,localized,-0.0018418321152605303
confirmation,2023-05-11,localized,-0.007372901909947382
confirmation,2023-05-12,localized,0.0012399166559077144
confirmation,2023-05-15,localized,0.003648146585055124
confirmation,2023-05-16,localized,-0.01766937354905308
confirmation,2023-05-17,localized,0.012516271936612769
confirmation,2023-05-18,localized,0.005418722631114015
confirmation,2023-05-19,localized,-0.001606435832822101
confirmation,2023-05-22,localized,-0.0032337457930465864
confirmation,2023-05-23,localized,-0.004482783518188991
confirmation,2023-05-24,localized,-0.0064085720259297535
confirmation,2023-05-25,localized,-0.0065909774060911456
confirmation,2023-05-26,localized,0.004036489017477019
confirmation,2023-05-30,localized,-0.007009897085484348
confirmation,2023-05-31,localized,-0.011014968826433436
confirmation,2023-05-01,all_gene,-0.0032530067524414626
confirmation,2023-05-02,all_gene,-0.009498561775770253
confirmation,2023-05-03,all_gene,-0.006711977757031637
confirmation,2023-05-04,all_gene,-0.008175689224690277
confirmation,2023-05-05,all_gene,0.01976031334215143
confirmation,2023-05-08,all_gene,0.0008064220522599881
confirmation,2023-05-09,all_gene,-0.0014258286457035467
confirmation,2023-05-10,all_gene,-1.645196880572814e-05
confirmation,2023-05-11,all_gene,0.0007404275007944971
confirmation,2023-05-12,all_gene,-0.003458416869177139
confirmation,2023-05-15,all_gene,0.003781356136843201
confirmation,2023-05-16,all_gene,-0.008326808076938854
confirmation,2023-05-17,all_gene,0.01660835088805221
confirmation,2023-05-18,all_gene,0.008049932792671225
confirmation,2023-05-19,all_gene,-0.005620899151277009
confirmation,2023-05-22,all_gene,-0.000777697989386869
confirmation,2023-05-23,all_gene,-0.009098349441412397
confirmation,2023-05-24,all_gene,-0.006951880068812023
confirmation,2023-05-25,all_gene,-0.0032143781407365547
confirmation,2023-05-26,all_gene,0.012250380063202835
confirmation,2023-05-30,all_gene,0.0011504054822401568
confirmation,2023-05-31,all_gene,-0.006652492916822966
confirmation,2023-05-01,random,0.00514811140754132
confirmation,2023-05-02,random,-0.009025942632141954
confirmation,2023-05-03,random,0.0007399210367312038
confirmation,2023-05-04,random,-0.007522496565156489
confirmation,2023-05-05,random,0.012557401916486195
confirmation,2023-05-08,random,-0.0011598184068803764
confirmation,2023-05-09,random,-0.004019140622522892
confirmation,2023-05-10,random,0.0035774651275432235
confirmation,2023-05-11,random,-0.0037060719497864054
confirmation,2023-05-12,random,-0.0023643949649372275
confirmation,2023-05-15,random,0.002945190941702506
confirmation,2023-05-16,random,-0.009937057391530588
confirmation,2023-05-17,random,0.0033902974798395266
confirmation,2023-05-18,random,0.0008701515493176624
confirmation,2023-05-19,random,0.0033757898728574796
confirmation,2023-05-22,random,0.0014183228561680586
confirmation,2023-05-23,random,-0.011913220412901495
confirmation,2023-05-24,random,-0.007679880809091764
confirmation,2023-05-25,random,-0.009190182861482701
confirmation,2023-05-26,random,0.0018653375391182356
confirmation,2023-05-30,random,-0.0045791224923999035
confirmation,2023-05-31,random,0.004262596769636721
confirmation,2023-05-01,min_variance,0.0061004796562648695
confirmation,2023-05-02,min_variance,-0.009536875261244167
confirmation,2023-05-03,min_variance,0.000760084151144272
confirmation,2023-05-04,min_variance,-0.007382128411328093
confirmation,2023-05-05,min_variance,0.011652466409207404
confirmation,2023-05-08,min_variance,-0.0018806081175223124
confirmation,2023-05-09,min_variance,-0.004018631735574797
confirmation,2023-05-10,min_variance,0.0030102701196430036
confirmation,2023-05-11,min_variance,-0.004785168998939654
confirmation,2023-05-12,min_variance,-0.0017342228835380332
confirmation,2023-05-15,min_variance,0.0024821284113280937
confirmation,2023-05-16,min_variance,-0.011771858291685092
confirmation,2023-05-17,min_variance,0.001960067878236307
confirmation,2023-05-18,min_variance,-0.00046920591397895577
confirmation,2023-05-19,min_variance,0.0042289018552178
confirmation,2023-05-22,min_variance,0.0005923985309710964
confirmation,2023-05-23,min_variance,-0.010927381561412021
confirmation,2023-05-24,min_variance,-0.007438023618052485
confirmation,2023-05-25,min_variance,-0.012150574178404159
confirmation,2023-05-26,min_variance,-0.00029239853097109525
confirmation,2023-05-30,min_variance,-0.006161976381947515
confirmation,2023-05-31,min_variance,0.004390506300167853
confirmation,2023-05-01,equal_weight,0.0002999999999999999
confirmation,2023-05-02,equal_weight,-0.011700000000000002
confirmation,2023-05-03,equal_weight,-0.00498
confirmation,2023-05-04,equal_weight,-0.00774
confirmation,2023-05-05,equal_weight,0.01788
confirmation,2023-05-08,equal_weight,0.00014
confirmation,2023-05-09,equal_weight,-0.00352
confirmation,2023-05-10,equal_weight,0.0029000000000000002
confirmation,2023-05-11,equal_weight,-0.00222
confirmation,2023-05-12,equal_weight,-0.00198
confirmation,2023-05-15,equal_weight,0.003980000000000001
confirmation,2023-05-16,equal_weight,-0.008940000000000002
confirmation,2023-05-17,equal_weight,0.011700000000000002
confirmation,2023-05-18,equal_weight,0.0074
confirmation,2023-05-19,equal_weight,-0.0017800000000000003
confirmation,2023-05-22,equal_weight,0.0005399999999999999
confirmation,2023-05-23,equal_weight,-0.00992
confirmation,2023-05-24,equal_weight,-0.007000000000000001
confirmation,2023-05-25,equal_weight,0.00014000000000000001
confirmation,2023-05-26,equal_weight,0.00984
confirmation,2023-05-30,equal_weight,-0.0015400000000000001
confirmation,2023-05-31,equal_weight,-0.00458
confirmation,2023-06-01,localized,0.007597202006667649
confirmation,2023-06-02,localized,0.029469027229876273
confirmation,2023-06-05,localized,-0.006609625921747977
confirmation,2023-06-06,localized,0.007888806091038078
confirmation,2023-06-07,localized,0.018763642246745205
confirmation,2023-06-08,localized,5.115221092001047e-05
confirmation,2023-06-09,localized,-0.005150202494047882
confirmation,2023-06-12,localized,0.000910042198074065
confirmation,2023-06-13,localized,0.007283459085029417
confirmation,2023-06-14,localized,-0.0041080617158337765
confirmation,2023-06-15,localized,0.010865935839810988
confirmation,2023-06-16,localized,0.0009374337231715539
confirmation,2023-06-20,localized,-0.013143902096629311
confirmation,2023-06-21,localized,0.006247072815726421
confirmation,2023-06-22,localized,-0.0077016917034948285
confirmation,2023-06-23,localized,-0.009678295373160894
confirmation,2023-06-26,localized,0.010006958947495316
confirmation,2023-06-27,localized,0.00923678680920595
confirmation,2023-06-28,localized,-0.0015262971148681944
confirmation,2023-06-29,localized,0.008754485394785365
confirmation,2023-06-30,localized,0.007544219007964811
confirmation,2023-06-01,all_gene,0.008192053211506154
confirmation,2023-06-02,all_gene,0.020649738505617493
confirmation,2023-06-05,all_gene,-0.001109315656000054
confirmation,2023-06-06,all_gene,0.006972630521501578
confirmation,2023-06-07,all_gene,-0.0022767253313320836
confirmation,2023-06-08,all_gene,0.010021690682963415
confirmation,2023-06-09,all_gene,0.001310500599904279
confirmation,2023-06-12,all_gene,0.009415718156519507
confirmation,2023-06-13,all_gene,0.009175392498599437
confirmation,2023-06-14,all_gene,-0.0026503515812698747
confirmation,2023-06-15,all_gene,0.009146395586940019
confirmation,2023-06-16,all_gene,-0.003025918296034381
confirmation,2023-06-20,all_gene,0.0007136362774301302
confirmation,2023-06-21,all_gene,-0.004689124611780063
confirmation,2023-06-22,all_gene,0.007433462530401398
confirmation,2023-06-23,all_gene,-0.008110306264520528
confirmation,2023-06-26,all_gene,-0.005425916143483712
confirmation,2023-06-27,all_gene,0.012707919860379882
confirmation,2023-06-28,all_gene,-0.0001243112392857775
confirmation,2023-06-29,all_gene,0.0037478894639125853
confirmation,2023-06-30,all_gene,0.011099972744085546
confirmation,2023-06-01,random,0.007359484634422155
confirmation,2023-06-02,random,0.012895950430694183
confirmation,2023-06-05,random,0.0010631129550218383
confirmation,2023-06-06,random,-0.0006712976283672987
confirmation,2023-06-07,random,-0.007461317314897882
confirmation,2023-06-08,random,0.007543003956053144
confirmation,2023-06-09,random,0.0007831794295375043
confirmation,2023-06-12,random,0.009231226057277685
confirmation,2023-06-13,random,0.007300215645679828
confirmation,2023-06-14,random,0.0012285728683834375
confirmation,2023-06-15,random,0.012917718712396577
confirmation,2023-06-16,random,-0.002607015260519248
confirmation,2023-06-20,random,-0.0023456792352895546
confirmation,2023-06-21,random,-0.006226013468443761
confirmation,2023-06-22,random,0.007085272183912271
confirmation,2023-06-23,random,-0.006789486113536932
confirmation,2023-06-26,random,-0.009211538151135255
confirmation,2023-06-27,random,0.007088712812923021
confirmation,2023-06-28,random,0.0005070700388735845
confirmation,2023-06-29,random,0.00291513021045392
confirmation,2023-06-30,random,0.01179658961322437
confirmation,2023-06-01,min_variance,0.004924066183590596
confirmation,2023-06-02,min_variance,0.01861703043080796
confirmation,2023-06-05,min_variance,0.0011826225757369027
confirmation,2023-06-06,min_variance,-0.0013509542320016203
confirmation,2023-06-07,min_variance,0.001470897670872924
confirmation,2023-06-08,min_variance,0.005155081717157936
confirmation,2023-06-09,min_variance,-0.0016678111660820144
confirmation,2023-06-12,min_variance,0.0030729796316037354
confirmation,2023-06-13,min_variance,0.007454561226975232
confirmation,2023-06-14,min_variance,-0.0019043009818838813
confirmation,2023-06-15,min_variance,0.012345612269752334
confirmation,2023-06-16,min_variance,0.0008681581595371493
confirmation,2023-06-20,min_variance,-0.003949045767998378
confirmation,2023-06-21,min_variance,-0.00043253582737312065
confirmation,2023-06-22,min_variance,0.0031284083422168053
confirmation,2023-06-23,min_variance,-0.006299653006544865
confirmation,2023-06-26,min_variance,-0.0046697196300852575
confirmation,2023-06-27,min_variance,0.0017583417186764142
confirmation,2023-06-28,min_variance,-0.0008271938651238325
confirmation,2023-06-29,min_variance,0.005113249939106781
confirmation,2023-06-30,min_variance,0.009177454110215184
confirmation,2023-06-01,equal_weight,0.00902
confirmation,2023-06-02,equal_weight,0.018940000000000002
confirmation,2023-06-05,equal_weight,-0.00206
confirmation,2023-06-06,equal_weight,0.00454
confirmation,2023-06-07,equal_weight,4.0000000000000105e-05
confirmation,2023-06-08,equal_weight,0.0057599999999999995
confirmation,2023-06-09,equal_weight,-0.00028000000000000003
confirmation,2023-06-12,equal_weight,0.00716
confirmation,2023-06-13,equal_weight,0.00772
confirmation,2023-06-14,equal_weight,-0.0016800000000000005
confirmation,2023-06-15,equal_weight,0.01186
confirmation,2023-06-16,equal_weight,-0.00272
confirmation,2023-06-20,equal_weight,-0.0045000000000000005
confirmation,2023-06-21,equal_weight,-0.0030400000000000006
confirmation,2023-06-22,equal_weight,0.0025399999999999997
confirmation,2023-06-23,equal_weight,-0.00778
confirmation,2023-06-26,equal_weight,-0.0031000000000000003
confirmation,2023-06-27,equal_weight,0.01
confirmation,2023-06-28,equal_weight,-0.00013999999999999993
confirmation,2023-06-29,equal_weight,0.005340000000000001
confirmation,2023-06-30,equal_weight,0.01056
confirmation,2023-07-03,localized,0.0035022399163041514
confirmation,2023-07-05,localized,-0.006897862276853158
confirmation,2023-07-06,localized,-0.013160720238956184
confirmation,2023-07-07,localized,0.004855820274753391
confirmation,2023-07-10,localized,0.005900733522420793
confirmation,2023-07-11,localized,0.012491727034813395
confirmation,2023-07-12,localized,0.0064922516543166105
confirmation,2023-07-13,localized,0.0023573369764818258
confirmation,2023-07-14,localized,-0.011145777603411105
confirmation,2023-07-17,localized,0.0012357205194898897
confirmation,2023-07-18,localized,0.004992734922653898
confirmation,2023-07-19,localized,0.0021679721858876397
confirmation,2023-07-20,localized,0.003996462589956785
confirmation,2023-07-21,localized,0.004576265758349659
confirmation,2023-07-24,localized,0.0060283894453558575
confirmation,2023-07-25,localized,0.0033870132868066517
confirmation,2023-07-26,localized,0.0008440996495959482
confirmation,2023-07-27,localized,-0.006072137486024965
confirmation,2023-07-28,localized,0.007360197700530868
confirmation,2023-07-31,localized,0.008474133779627345
confirmation,2023-07-03,all_gene,0.00939308909960397
confirmation,2023-07-05,all_gene,-0.0004935465011788676
confirmation,2023-07-06,all_gene,-0.011258924699947485
confirmation,2023-07-07,all_gene,-0.001558385004544284
confirmation,2023-07-10,all_gene,0.0013889772855505264
confirmation,2023-07-11,all_gene,0.007290389902806018
confirmation,2023-07-12,all_gene,0.006872047353435572
confirmation,2023-07-13,all_gene,0.007376591253323142
confirmation,2023-07-14,all_gene,0.0014628141858291288
confirmation,2023-07-17,all_gene,0.002582753148166851
confirmation,2023-07-18,all_gene,0.0027407822233591625
confirmation,2023-07-19,all_gene,0.007223016191894507
confirmation,2023-07-20,all_gene,-0.015654837659310597
confirmation,2023-07-21,all_gene,-0.001583337056961809
confirmation,2023-07-24,all_gene,0.005221718091305909
confirmation,2023-07-25,all_gene,-0.0022590036032984887
confirmation,2023-07-26,all_gene,0.0011114713569916447
confirmation,2023-07-27,all_gene,-0.009675941937303208
confirmation,2023-07-28,all_gene,0.01339883193901252
confirmation,2023-07-31,all_gene,0.0030832233195322617
confirmation,2023-07-03,random,0.001496927079760014
confirmation,2023-07-05,random,-0.0012810780097720087
confirmation,2023-07-06,random,-0.007927314597375012
confirmation,2023-07-07,random,-0.0023600032806387443
confirmation,2023-07-10,random,0.0014189501209237844
confirmation,2023-07-11,random,0.006859969099110564
confirmation,2023-07-12,random,0.00941064334077151
confirmation,2023-07-13,random,0.012297445132257353
confirmation,2023-07-14,random,-0.001338786640401144
confirmation,2023-07-17,random,0.005984835693029161
confirmation,2023-07-18,random,0.007328094906816998
confirmation,2023-07-19,random,0.0027925551923661746
confirmation,2023-07-20,random,-0.015148469829783484
confirmation,2023-07-21,random,-0.0014531800286301268
confirmation,2023-07-24,random,0.0030991023654631444
confirmation,2023-07-25,random,0.004087280211907379
confirmation,2023-07-26,random,-0.000860224597105395
confirmation,2023-07-27,random,-0.006444237896412628
confirmation,2023-07-28,random,0.01447755738306231
confirmation,2023-07-31,random,0.0021232154214959943
confirmation,2023-07-03,min_variance,-0.006250413137887356
confirmation,2023-07-05,min_variance,-0.0012458198097805666
confirmation,2023-07-06,min_variance,-0.010550099160340063
confirmation,2023-07-07,min_variance,-0.0071249941832837
confirmation,2023-07-10,min_variance,0.01001047563439302
confirmation,2023-07-11,min_variance,0.0010447288144538613
confirmation,2023-07-12,min_variance,0.002935554361086285
confirmation,2023-07-13,min_variance,0.001315252969690154
confirmation,2023-07-14,min_variance,0.003832887720628355
confirmation,2023-07-17,min_variance,-0.002847903353216729
confirmation,2023-07-18,min_variance,0.0036762966026376415
confirmation,2023-07-19,min_variance,0.0009309921027682161
confirmation,2023-07-20,min_variance,0.012860235589048233
confirmation,2023-07-21,min_variance,0.00693351386798104
confirmation,2023-07-24,min_variance,-0.0037424880055482975
confirmation,2023-07-25,min_variance,-0.0009159354586379961
confirmation,2023-07-26,min_variance,-0.0009559986762762105
confirmation,2023-07-27,min_variance,-0.005871322372906006
confirmation,2023-07-28,min_variance,0.0077123712085842774
confirmation,2023-07-31,min_variance,-0.004245161050869946
confirmation,2023-07-03,equal_weight,0.00164
confirmation,2023-07-05,equal_weight,-0.00276
confirmation,2023-07-06,equal_weight,-0.01018
confirmation,2023-07-07,equal_weight,-0.0013800000000000002
confirmation,2023-07-10,equal_weight,0.0052
confirmation,2023-07-11,equal_weight,0.00718
confirmation,2023-07-12,equal_weight,0.006320000000000001
confirmation,2023-07-13,equal_weight,0.00672
confirmation,2023-07-14,equal_weight,-0.0013799999999999997
confirmation,2023-07-17,equal_weight,0.0031000000000000003
confirmation,2023-07-18,equal_weight,0.00676
confirmation,2023-07-19,equal_weight,0.0030600000000000002
confirmation,2023-07-20,equal_weight,-0.0032400000000000007
confirmation,2023-07-21,equal_weight,0.00114
confirmation,2023-07-24,equal_weight,0.0027
confirmation,2023-07-25,equal_weight,0.0011799999999999996
confirmation,2023-07-26,equal_weight,0.0006200000000000001
confirmation,2023-07-27,equal_weight,-0.0075
confirmation,2023-07-28,equal_weight,0.010260000000000002
confirmation,2023-07-31,equal_weight,0.00214
confirmation,2023-08-01,localized,-0.0019781215019787487
confirmation,2023-08-02,localized,-0.011318551035251185
confirmation,2023-08-03,localized,-0.003293991899665341
confirmation,2023-08-04,localized,-0.0047081711583061734
confirmation,2023-08-07,localized,0.007078832727414895
confirmation,2023-08-08,localized,-0.0014022976640456445
confirmation,2023-08-09,localized,0.0024940424803671303
confirmation,2023-08-10,localized,-0.002918592747992123
confirmation,2023-08-11,localized,0.0035245569025564726
confirmation,2023-08-14,localized,-0.0021109032117417655
confirmation,2023-08-15,localized,-0.016076707622695693
confirmation,2023-08-16,localized,-0.005864476546537191
confirmation,2023-08-17,localized,-0.0004654179230834171
confirmation,2023-08-18,localized,0.004296207687833034
confirmation,2023-08-21,localized,-0.0025658341563746475
confirmation,2023-08-22,localized,-0.002189493425922353
confirmation,2023-08-23,localized,0.003079453016331751
confirmation,2023-08-24,localized,-0.00988413932883137
confirmation,2023-08-25,localized,0.008170805892073193
confirmation,2023-08-28,localized,0.006928266176260179
confirmation,2023-08-29,localized,0.00872589442511457
confirmation,2023-08-30,localized,0.0036670168480615567
confirmation,2023-08-31,localized,-0.0010345342207063004
confirmation,2023-08-01,all_gene,-0.007056935812389654
confirmation,2023-08-02,all_gene,-0.010231013083181653
confirmation,2023-08-03,all_gene,0.002653373584047149
confirmation,2023-08-04,all_gene,0.0035946831727667826
confirmation,2023-08-07,all_gene,0.009090466112534454
confirmation,2023-08-08,all_gene,-0.00786031969032297
confirmation,2023-08-09,all_gene,-0.006907712161984771
confirmation,2023-08-10,all_gene,0.001131307914037015
confirmation,2023-08-11,all_gene,0.00016013789092373136
confirmation,2023-08-14,all_gene,0.0009688034519950776
confirmation,2023-08-15,all_gene,-0.013479752704053697
confirmation,2023-08-16,all_gene,-0.008027443780781318
confirmation,2023-08-17,all_gene,-0.012767311814834481
confirmation,2023-08-18,all_gene,0.0010453114368220392
confirmation,2023-08-21,all_gene,0.004718014833413588
confirmation,2023-08-22,all_gene,-0.004381272043440323
confirmation,2023-08-23,all_gene,0.008626271759849966
confirmation,2023-08-24,all_gene,-0.013717758234521893
confirmation,2023-08-25,all_gene,0.007909432775845928
confirmation,2023-08-28,all_gene,0.004844720754054234
confirmation,2023-08-29,all_gene,0.015380925647020026
confirmation,2023-08-30,all_gene,0.002572428686441634
confirmation,2023-08-31,all_gene,0.0004623864394237864
confirmation,2023-08-01,random,-0.0022388545637438977
confirmation,2023-08-02,random,-0.019151060124978674
confirmation,2023-08-03,random,-0.002947982988299716
confirmation,2023-08-04,random,-0.008173547502511558
confirmation,2023-08-07,random,0.006160493079612855
confirmation,2023-08-08,random,-0.004180197293527033
confirmation,2023-08-09,random,-0.00953491048125678
confirmation,2023-08-10,random,0.0003984577999255311
confirmation,2023-08-11,random,-0.0030131019957264147
confirmation,2023-08-14,random,0.009747614636670652
confirmation,2023-08-15,random,-0.009776097713283655
confirmation,2023-08-16,random,-0.008760317771693896
confirmation,2023-08-17,random,-0.007855660461920138
confirmation,2023-08-18,random,-0.00016272102183058747
confirmation,2023-08-21,random,0.011168475547019408
confirmation,2023-08-22,random,-0.001675124552354646
confirmation,2023-08-23,random,0.013864487869099355
confirmation,2023-08-24,random,-0.017340208611165475
confirmation,2023-08-25,random,0.00734859147172296
confirmation,2023-08-28,random,0.007291065070377873
confirmation,2023-08-29,random,0.017778314498356568
confirmation,2023-08-30,random,0.005951804113105715
confirmation,2023-08-31,random,0.0010623066619333483
confirmation,2023-08-01,min_variance,-0.006255950261454787
confirmation,2023-08-02,min_variance,-0.00616354105228192
confirmation,2023-08-03,min_variance,-0.004585979489009833
confirmation,2023-08-04,min_variance,-0.0025486246476044074
confirmation,2023-08-07,min_variance,0.007363451237740414
confirmation,2023-08-08,min_variance,0.00900145461179105
confirmation,2023-08-09,min_variance,0.0011551465141204562
confirmation,2023-08-10,min_variance,-0.0020784111679079936
confirmation,2023-08-11,min_variance,0.005875004791383867
confirmation,2023-08-14,min_variance,0.0028939826046437468
confirmation,2023-08-15,min_variance,-0.004763484527965796
confirmation,2023-08-16,min_variance,-0.007909571901921066
confirmation,2023-08-17,min_variance,-0.005787401782953816
confirmation,2023-08-18,min_variance,0.0010445543087512562
confirmation,2023-08-21,min_variance,0.0013615808434672173
confirmation,2023-08-22,min_variance,-0.0018694597028258834
confirmation,2023-08-23,min_variance,0.0029256549489043446
confirmation,2023-08-24,min_variance,-0.00953951369135307
confirmation,2023-08-25,min_variance,0.008554886486955881
confirmation,2023-08-28,min_variance,0.0021112108510251007
confirmation,2023-08-29,min_variance,0.009027577645452853
confirmation,2023-08-30,min_variance,0.0011852149906854612
confirmation,2023-08-31,min_variance,-0.006756411261563811
confirmation,2023-08-01,equal_weight,-0.00422
confirmation,2023-08-02,equal_weight,-0.011760000000000001
confirmation,2023-08-03,equal_weight,-0.00178
confirmation,2023-08-04,equal_weight,-0.002980000000000001
confirmation,2023-08-07,equal_weight,0.00816
confirmation,2023-08-08,equal_weight,-0.00224
confirmation,2023-08-09,equal_weight,-0.00498
confirmation,2023-08-10,equal_weight,-0.0002999999999999999
confirmation,2023-08-11,equal_weight,0.0009800000000000002
confirmation,2023-08-14,equal_weight,0.00336
confirmation,2023-08-15,equal_weight,-0.011120000000000001
confirmation,2023-08-16,equal_weight,-0.007580000000000001
confirmation,2023-08-17,equal_weight,-0.0079
confirmation,2023-08-18,equal_weight,0.0011
confirmation,2023-08-21,equal_weight,0.0041600000000000005
confirmation,2023-08-22,equal_weight,-0.0031200000000000004
confirmation,2023-08-23,equal_weight,0.00834
confirmation,2023-08-24,equal_weight,-0.012320000000000001
confirmation,2023-08-25,equal_weight,0.0071400000000000005
confirmation,2023-08-28,equal_weight,0.0054600000000000004
confirmation,2023-08-29,equal_weight,0.01324
confirmation,2023-08-30,equal_weight,0.0032600000000000003
confirmation,2023-08-31,equal_weight,-0.0019400000000000003
confirmation,2023-09-01,localized,0.005768818416682527
confirmation,2023-09-05,localized,-0.009096392652916513
confirmation,2023-09-06,localized,-0.003549923423148003
confirmation,2023-09-07,localized,-0.0014393467715226335
confirmation,2023-09-08,localized,0.0016985855826941825
confirmation,2023-09-11,localized,0.0003981659128158803
confirmation,2023-09-12,localized,0.0009308832462564601
confirmation,2023-09-13,localized,-0.0011445017021356756
confirmation,2023-09-14,localized,0.011420834251953605
confirmation,2023-09-15,localized,-0.011184871320391905
confirmation,2023-09-18,localized,0.00016411181437577684
confirmation,2023-09-19,localized,-0.00582018132069539
confirmation,2023-09-20,localized,-0.005740545252873715
confirmation,2023-09-21,localized,-0.016383422718499536
confirmation,2023-09-22,localized,-0.002174049209822579
confirmation,2023-09-25,localized,0.005325810833333511
confirmation,2023-09-26,localized,-0.014082982149361706
confirmation,2023-09-27,localized,0.005241218420762774
confirmation,2023-09-28,localized,0.001775963939113626
confirmation,2023-09-29,localized,-0.004581230569621103
confirmation,2023-09-01,all_gene,0.00012026295615840727
confirmation,2023-09-05,all_gene,-0.007150231809597394
confirmation,2023-09-06,all_gene,-0.005204254940688652
confirmation,2023-09-07,all_gene,0.0016022067572838993
confirmation,2023-09-08,all_gene,0.0010059102732822795
confirmation,2023-09-11,all_gene,0.01242461026638772
confirmation,2023-09-12,all_gene,-0.0014131818603701275
confirmation,2023-09-13,all_gene,0.0012192465091017072
confirmation,2023-09-14,all_gene,0.009092229678912853
confirmation,2023-09-15,all_gene,-0.009941968828408462
confirmation,2023-09-18,all_gene,-0.003208742673552531
confirmation,2023-09-19,all_gene,-0.0036222041417634924
confirmation,2023-09-20,all_gene,-0.0051230476445595086
confirmation,2023-09-21,all_gene,-0.0184729250892282
confirmation,2023-09-22,all_gene,-0.005919440235338084
confirmation,2023-09-25,all_gene,0.003996431363118428
confirmation,2023-09-26,all_gene,-0.015283147280564912
confirmation,2023-09-27,all_gene,-0.0017596582272502372
confirmation,2023-09-28,all_gene,0.0077312770721219125
confirmation,2023-09-29,all_gene,-0.0027525107052607024
confirmation,2023-09-01,random,0.0010432213187772713
confirmation,2023-09-05,random,-0.0004271725237489205
confirmation,2023-09-06,random,-0.010049318967797552
confirmation,2023-09-07,random,-0.008537869543823691
confirmation,2023-09-08,random,0.0008971316913121701
confirmation,2023-09-11,random,0.007116629694446287
confirmation,2023-09-12,random,-0.012874402401328826
confirmation,2023-09-13,random,0.002479207918032215
confirmation,2023-09-14,random,0.008397447712175052
confirmation,2023-09-15,random,-0.014654152255433402
confirmation,2023-09-18,random,0.0015789292955484078
confirmation,2023-09-19,random,-0.0013308165606370774
confirmation,2023-09-20,random,-0.014392057860063884
confirmation,2023-09-21,random,-0.016822905690297835
confirmation,2023-09-22,random,0.00034470158490050096
confirmation,2023-09-25,random,0.00406644760282935
confirmation,2023-09-26,random,-0.01578926201069504
confirmation,2023-09-27,random,0.0028591019164635892
confirmation,2023-09-28,random,0.008229227117130146
confirmation,2023-09-29,random,0.0005806251879830909
confirmation,2023-09-01,min_variance,0.004317060112918771
confirmation,2023-09-05,min_variance,-0.011445844293524353
confirmation,2023-09-06,min_variance,-0.004276428005513785
confirmation,2023-09-07,min_variance,0.0015283269142696908
confirmation,2023-09-08,min_variance,0.0032244883116198425
confirmation,2023-09-11,min_variance,0.00765448676257441
confirmation,2023-09-12,min_variance,-0.0013462963392673229
confirmation,2023-09-13,min_variance,-0.0015636580508784977
confirmation,2023-09-14,min_variance,0.003171451482198105
confirmation,2023-09-15,min_variance,-0.011652146340238655
confirmation,2023-09-18,min_variance,-0.002735293083010573
confirmation,2023-09-19,min_variance,0.0005878561137930565
confirmation,2023-09-20,min_variance,-0.005046742255616093
confirmation,2023-09-21,min_variance,-0.014733006370915852
confirmation,2023-09-22,min_variance,-0.0035739054212694053
confirmation,2023-09-25,min_variance,0.0027569325179115723
confirmation,2023-09-26,min_variance,-0.007303408987003029
confirmation,2023-09-27,min_variance,-0.002478519630596884
confirmation,2023-09-28,min_variance,0.003481074838500605
confirmation,2023-09-29,min_variance,-0.0072886527847969345
confirmation,2023-09-01,equal_weight,0.0031600000000000005
confirmation,2023-09-05,equal_weight,-0.007240000000000001
confirmation,2023-09-06,equal_weight,-0.00566
confirmation,2023-09-07,equal_weight,-0.0016200000000000003
confirmation,2023-09-08,equal_weight,0.00176
confirmation,2023-09-11,equal_weight,0.00702
confirmation,2023-09-12,equal_weight,-0.00324
confirmation,2023-09-13,equal_weight,-1.9999999999999836e-05
confirmation,2023-09-14,equal_weight,0.007960000000000002
confirmation,2023-09-15,equal_weight,-0.01138
confirmation,2023-09-18,equal_weight,-0.00106
confirmation,2023-09-19,equal_weight,-0.0024400000000000003
confirmation,2023-09-20,equal_weight,-0.007340000000000001
confirmation,2023-09-21,equal_weight,-0.016479999999999998
confirmation,2023-09-22,equal_weight,-0.0031000000000000003
confirmation,2023-09-25,equal_weight,0.00398
confirmation,2023-09-26,equal_weight,-0.01314
confirmation,2023-09-27,equal_weight,0.0006600000000000002
confirmation,2023-09-28,equal_weight,0.00568
confirmation,2023-09-29,equal_weight,-0.0037800000000000004
confirmation,2023-10-02,localized,-0.014823349293748062
confirmation,2023-10-03,localized,-0.006438336253542926
confirmation,2023-10-04,localized,-0.0025726360722484088
confirmation,2023-10-05,localized,-0.007469044989580633
confirmation,2023-10-06,localized,0.0070931854189286185
confirmation,2023-10-09,localized,0.014616569801736935
confirmation,2023-10-10,localized,0.007621424049285555
confirmation,2023-10-11,localized,0.0007430636021687819
confirmation,2023-10-12,localized,-0.008436368136482188
confirmation,2023-10-13,localized,0.002664734354900408
confirmation,2023-10-16,localized,0.010530898006179581
confirmation,2023-10-17,localized,0.005372965466647878
confirmation,2023-10-18,localized,-0.009228870265881066
confirmation,2023-10-19,localized,-0.010338603238669716
confirmation,2023-10-20,localized,-0.01169747101315857
confirmation,2023-10-23,localized,-0.007841131955751339
confirmation,2023-10-24,localized,0.00647087841567983
confirmation,2023-10-25,localized,-0.006908516709135073
confirmation,2023-10-26,localized,-0.0031527342814016784
confirmation,2023-10-27,localized,-0.01067431167511618
confirmation,2023-10-30,localized,0.008157418713981556
confirmation,2023-10-31,localized,0.0057600199418069015
confirmation,2023-10-02,all_gene,-0.0059672922870609895
confirmation,2023-10-03,all_gene,-0.01692904477553318
confirmation,2023-10-04,all_gene,0.009188762879548406
confirmation,2023-10-05,all_gene,-0.0006996752810428789
confirmation,2023-10-06,all_gene,0.008956543846419888
confirmation,2023-10-09,all_gene,0.002192026720681627
confirmation,2023-10-10,all_gene,0.00817839353988486
confirmation,2023-10-11,all_gene,0.001550405877343313
confirmation,2023-10-12,all_gene,-0.00994081886530259
confirmation,2023-10-13,all_gene,-0.00319662190472521
confirmation,2023-10-16,all_gene,0.012429421527660692
confirmation,2023-10-17,all_gene,0.0048640639472089285
confirmation,2023-10-18,all_gene,-0.01829600164325426
confirmation,2023-10-19,all_gene,-0.01059522639493851
confirmation,2023-10-20,all_gene,-0.01280140121548811
confirmation,2023-10-23,all_gene,-0.004227186148882071
confirmation,2023-10-24,all_gene,0.006365244106274879
confirmation,2023-10-25,all_gene,-0.008625048038597193
confirmation,2023-10-26,all_gene,-0.004901219630450334
confirmation,2023-10-27,all_gene,-0.008592213448048044
confirmation,2023-10-30,all_gene,0.014877129786288407
confirmation,2023-10-31,all_gene,0.007920920581622668
confirmation,2023-10-02,random,0.007462907595145195
confirmation,2023-10-03,random,-0.016654745461641376
confirmation,2023-10-04,random,0.011258958588285857
confirmation,2023-10-05,random,-3.7112747061072122e-06
confirmation,2023-10-06,random,0.017328623705464934
confirmation,2023-10-09,random,0.006371225608597785
confirmation,2023-10-10,random,0.004081768396208382
confirmation,2023-10-11,random,0.007511230341218545
confirmation,2023-10-12,random,-0.005517054927067473
confirmation,2023-10-13,random,-0.01165003933129774
confirmation,2023-10-16,random,0.011586127982565617
confirmation,2023-10-17,random,-0.0025954355691728596
confirmation,2023-10-18,random,-0.014631808709952959
confirmation,2023-10-19,random,-0.006234993209933554
confirmation,2023-10-20,random,-0.015329573109622465
confirmation,2023-10-23,random,0.0021201261197014757
confirmation,2023-10-24,random,0.008514445881610221
confirmation,2023-10-25,random,-0.02349977338831193
confirmation,2023-10-26,random,-0.01816285921738148
confirmation,2023-10-27,random,0.0009692106757797554
confirmation,2023-10-30,random,0.011892762619284701
confirmation,2023-10-31,random,0.006434691261459892
confirmation,2023-10-02,min_variance,-0.005922024471517351
confirmation,2023-10-03,min_variance,-0.010431396903489317
confirmation,2023-10-04,min_variance,0.0025313882646152827
confirmation,2023-10-05,min_variance,0.004421025269780291
confirmation,2023-10-06,min_variance,0.009496056406812371
confirmation,2023-10-09,min_variance,0.004281722179470743
confirmation,2023-10-10,min_variance,0.007402909603485756
confirmation,2023-10-11,min_variance,-0.004570702763256772
confirmation,2023-10-12,min_variance,-0.01119450964300069
confirmation,2023-10-13,min_variance,0.003050777726016827
confirmation,2023-10-16,min_variance,0.009441010433702872
confirmation,2023-10-17,min_variance,0.0005438539917419243
confirmation,2023-10-18,min_variance,-0.009841773029353155
confirmation,2023-10-19,min_variance,-0.01243380676519823
confirmation,2023-10-20,min_variance,-0.004485981738341439
confirmation,2023-10-23,min_variance,-0.006857372462275702
confirmation,2023-10-24,min_variance,0.0073642917537437335
confirmation,2023-10-25,min_variance,-0.010784825723229443
confirmation,2023-10-26,min_variance,-0.010246887195290879
confirmation,2023-10-27,min_variance,-0.016634499168682593
confirmation,2023-10-30,min_variance,0.007256763480681992
confirmation,2023-10-31,min_variance,0.004073721458515569
confirmation,2023-10-02,equal_weight,-0.004239999999999999
confirmation,2023-10-03,equal_weight,-0.0133
confirmation,2023-10-04,equal_weight,0.0060999999999999995
confirmation,2023-10-05,equal_weight,-0.0014600000000000001
confirmation,2023-10-06,equal_weight,0.01024
confirmation,2023-10-09,equal_weight,0.006300000000000002
confirmation,2023-10-10,equal_weight,0.00708
confirmation,2023-10-11,equal_weight,0.0013200000000000002
confirmation,2023-10-12,equal_weight,-0.00896
confirmation,2023-10-13,equal_weight,-0.00268
confirmation,2023-10-16,equal_weight,0.01128
confirmation,2023-10-17,equal_weight,0.0021
confirmation,2023-10-18,equal_weight,-0.013400000000000002
confirmation,2023-10-19,equal_weight,-0.010360000000000001
confirmation,2023-10-20,equal_weight,-0.01118
confirmation,2023-10-23,equal_weight,-0.00392
confirmation,2023-10-24,equal_weight,0.007380000000000001
confirmation,2023-10-25,equal_weight,-0.01262
confirmation,2023-10-26,equal_weight,-0.009260000000000001
confirmation,2023-10-27,equal_weight,-0.007659999999999999
confirmation,2023-10-30,equal_weight,0.010780000000000001
confirmation,2023-10-31,equal_weight,0.00606
confirmation,2023-11-01,localized,0.004590767159613688
confirmation,2023-11-02,localized,0.02295645670611011
confirmation,2023-11-03,localized,0.004938694630394854
confirmation,2023-11-06,localized,-0.0051278285993824274
confirmation,2023-11-07,localized,-0.006707802374733829
confirmation,2023-11-08,localized,-0.004012057176974809
confirmation,2023-11-09,localized,-0.006234369956423895
confirmation,2023-11-10,localized,0.011523758904746054
confirmation,2023-11-13,localized,0.0009337988189001539
confirmation,2023-11-14,localized,0.022712028046476047
confirmation,2023-11-15,localized,0.0015130750141846938
confirmation,2023-11-16,localized,-0.007142194156204412
confirmation,2023-11-17,localized,0.006389966600528745
confirmation,2023-11-20,localized,0.0019377698773500195
confirmation,2023-11-21,localized,-0.001321620379886409
confirmation,2023-11-22,localized,0.0031330325647040097
confirmation,2023-11-24,localized,0.0038182561868251807
confirmation,2023-11-27,localized,-0.0017002685193057536
confirmation,2023-11-28,localized,0.00018207197270126772
confirmation,2023-11-29,localized,-0.002038249901785404
confirmation,2023-11-30,localized,0.007004925364244843
confirmation,2023-11-01,all_gene,0.007113706957682885
confirmation,2023-11-02,all_gene,0.021418998219450088
confirmation,2023-11-03,all_gene,0.011666139777637606
confirmation,2023-11-06,all_gene,-0.001137343389730879
confirmation,2023-11-07,all_gene,0.003851152809345183
confirmation,2023-11-08,all_gene,-0.0024983963049732293
confirmation,2023-11-09,all_gene,-0.009715966193451367
confirmation,2023-11-10,all_gene,0.01250771025778831
confirmation,2023-11-13,all_gene,0.0014717191764052554
confirmation,2023-11-14,all_gene,0.024998645487196988
confirmation,2023-11-15,all_gene,0.0033455740252970653
confirmation,2023-11-16,all_gene,-0.007473916714056545
confirmation,2023-11-17,all_gene,0.005672204398441164
confirmation,2023-11-20,all_gene,0.004254811102730483
confirmation,2023-11-21,all_gene,-0.001054546411745422
confirmation,2023-11-22,all_gene,0.004936445564789893
confirmation,2023-11-24,all_gene,0.0032092800255170842
confirmation,2023-11-27,all_gene,-0.0015205714234801614
confirmation,2023-11-28,all_gene,0.0014057678337698778
confirmation,2023-11-29,all_gene,-0.0009863526215445671
confirmation,2023-11-30,all_gene,0.005431513923687987
confirmation,2023-11-01,random,0.014253691790325932
confirmation,2023-11-02,random,0.017132479140071887
confirmation,2023-11-03,random,0.01278742778872409
confirmation,2023-11-06,random,0.0031322076367577005
confirmation,2023-11-07,random,0.008871470327868055
confirmation,2023-11-08,random,0.002697468558742612
confirmation,2023-11-09,random,-0.006768991311835048
confirmation,2023-11-10,random,0.020040554065638688
confirmation,2023-11-13,random,-0.0027525608941394975
confirmation,2023-11-14,random,0.021118453488363102
confirmation,2023-11-15,random,0.0016486639039214933
confirmation,2023-11-16,random,0.0030622529898895984
confirmation,2023-11-17,random,-0.0005725122794561657
confirmation,2023-11-20,random,0.01177406441450298
confirmation,2023-11-21,random,-0.003973686358349511
confirmation,2023-11-22,random,0.00439241955727217
confirmation,2023-11-24,random,-0.0017168789430490692
confirmation,2023-11-27,random,-0.0011956260381141197
confirmation,2023-11-28,random,0.002321043563216681
confirmation,2023-11-29,random,7.449835912160335e-06
confirmation,2023-11-30,random,-0.0007403477250254526
confirmation,2023-11-01,min_variance,0.006041531275299745
confirmation,2023-11-02,min_variance,0.018236950493683457
confirmation,2023-11-03,min_variance,0.007647921657834352
confirmation,2023-11-06,min_variance,0.0026742446861799845
confirmation,2023-11-07,min_variance,-0.0004965339608643226
confirmation,2023-11-08,min_variance,-0.0022971118871442766
confirmation,2023-11-09,min_variance,-0.02308389526600262
confirmation,2023-11-10,min_variance,0.006684643805376586
confirmation,2023-11-13,min_variance,0.006592355737812213
confirmation,2023-11-14,min_variance,0.01523541610539699
confirmation,2023-11-15,min_variance,3.5939078161425516e-05
confirmation,2023-11-16,min_variance,-0.0006042447780878092
confirmation,2023-11-17,min_variance,0.003921528713460972
confirmation,2023-11-20,min_variance,0.005794949224044721
confirmation,2023-11-21,min_variance,-0.0013605511103783477
confirmation,2023-11-22,min_variance,0.0042164447972646985
confirmation,2023-11-24,min_variance,0.005399440946331736
confirmation,2023-11-27,min_variance,-0.005411187908771935
confirmation,2023-11-28,min_variance,-0.003763564513106551
confirmation,2023-11-29,min_variance,0.003020146179079397
confirmation,2023-11-30,min_variance,0.00919943367524023
confirmation,2023-11-01,equal_weight,0.00786
confirmation,2023-11-02,equal_weight,0.02004
confirmation,2023-11-03,equal_weight,0.009940000000000001
confirmation,2023-11-06,equal_weight,-9.999999999999994e-05
confirmation,2023-11-07,equal_weight,0.0016000000000000007
confirmation,2023-11-08,equal_weight,-0.00136
confirmation,2023-11-09,equal_weight,-0.01132
confirmation,2023-11-10,equal_weight,0.012540000000000003
confirmation,2023-11-13,equal_weight,0.0015
confirmation,2023-11-14,equal_weight,0.02118
confirmation,2023-11-15,equal_weight,0.00182
confirmation,2023-11-16,equal_weight,-0.00248
confirmation,2023-11-17,equal_weight,0.0038799999999999998
confirmation,2023-11-20,equal_weight,0.00596
confirmation,2023-11-21,equal_weight,-0.00186
confirmation,2023-11-22,equal_weight,0.0043
confirmation,2023-11-24,equal_weight,0.0027199999999999998
confirmation,2023-11-27,equal_weight,-0.00266
confirmation,2023-11-28,equal_weight,-0.0002000000000000001
confirmation,2023-11-29,equal_weight,0.00048000000000000007
confirmation,2023-11-30,equal_weight,0.00564
confirmation,2023-12-01,localized,0.010791498820036303
confirmation,2023-12-04,localized,-0.0016911034163832135
confirmation,2023-12-05,localized,-0.011163566808076376
confirmation,2023-12-06,localized,-0.001366000061058296
confirmation,2023-12-07,localized,0.002370453726093802
confirmation,2023-12-08,localized,0.0033171278844462294
confirmation,2023-12-11,localized,0.005412767120835941
confirmation,2023-12-12,localized,-0.0028228324348310804
confirmation,2023-12-13,localized,0.019270318097645095
confirmation,2023-12-14,localized,0.011885505646257616
confirmation,2023-12-15,localized,-0.0035153600625189396
confirmation,2023-12-18,localized,0.0038249244705658905
confirmation,2023-12-19,localized,0.009816585940762406
confirmation,2023-12-20,localized,-0.015379249920654228
confirmation,2023-12-21,localized,0.009117790307950584
confirmation,2023-12-22,localized,0.0012183713037577366
confirmation,2023-12-26,localized,0.007311890459127649
confirmation,2023-12-27,localized,-6.478763687948543e-05
confirmation,2023-12-28,localized,-0.003448870830357592
confirmation,2023-12-29,localized,-0.0031755904004729537
confirmation,2023-12-01,all_gene,0.010996916786591355
confirmation,2023-12-04,all_gene,-0.0015446864469268915
confirmation,2023-12-05,all_gene,-0.001529360202697919
confirmation,2023-12-06,all_gene,-0.002330409967555941
confirmation,2023-12-07,all_gene,0.006247146023994944
confirmation,2023-12-08,all_gene,0.002032342427993493
confirmation,2023-12-11,all_gene,0.004777173205526439
confirmation,2023-12-12,all_gene,0.003355189783777199
confirmation,2023-12-13,all_gene,0.016441469125523973
confirmation,2023-12-14,all_gene,0.006373397808824921
confirmation,2023-12-15,all_gene,0.000409342695763698
confirmation,2023-12-18,all_gene,0.006409435635254596
confirmation,2023-12-19,all_gene,0.006994112510664672
confirmation,2023-12-20,all_gene,-0.017261072124310644
confirmation,2023-12-21,all_gene,0.011875512005620682
confirmation,2023-12-22,all_gene,0.0015110266739166863
confirmation,2023-12-26,all_gene,0.0048610628863670555
confirmation,2023-12-27,all_gene,0.003680929112058248
confirmation,2023-12-28,all_gene,-0.001620261862211711
confirmation,2023-12-29,all_gene,-0.004569366732873038
confirmation,2023-12-01,random,0.00481410816695969
confirmation,2023-12-04,random,-0.009254858620985006
confirmation,2023-12-05,random,0.00308646502586974
confirmation,2023-12-06,random,-0.00632524980410892
confirmation,2023-12-07,random,0.013190924061488791
confirmation,2023-12-08,random,0.005644803023836675
confirmation,2023-12-11,random,0.0017962627842775293
confirmation,2023-12-12,random,0.004763059980806246
confirmation,2023-12-13,random,0.012304928519715128
confirmation,2023-12-14,random,0.0008527006095710771
confirmation,2023-12-15,random,0.0032170245479112773
confirmation,2023-12-18,random,0.005675732467321504
confirmation,2023-12-19,random,0.005692608438213331
confirmation,2023-12-20,random,-0.013441388045431218
confirmation,2023-12-21,random,0.011365103708094338
confirmation,2023-12-22,random,0.0013258896490587614
confirmation,2023-12-26,random,0.004131362006785091
confirmation,2023-12-27,random,0.0006380185540960591
confirmation,2023-12-28,random,0.0009253031400097962
confirmation,2023-12-29,random,-0.0043590585587076755
confirmation,2023-12-01,min_variance,0.008612163430617516
confirmation,2023-12-04,min_variance,0.00297236988640515
confirmation,2023-12-05,min_variance,-0.004866045761261584
confirmation,2023-12-06,min_variance,0.0005109156356844996
confirmation,2023-12-07,min_variance,0.0019083502291157718
confirmation,2023-12-08,min_variance,0.002514803669542007
confirmation,2023-12-11,min_variance,0.0037637689956737134
confirmation,2023-12-12,min_variance,0.0035410429932870406
confirmation,2023-12-13,min_variance,0.020278806186591624
confirmation,2023-12-14,min_variance,0.0034575621195794617
confirmation,2023-12-15,min_variance,-0.00542392262534652
confirmation,2023-12-18,min_variance,0.002827685233199805
confirmation,2023-12-19,min_variance,0.009771121264401305
confirmation,2023-12-20,min_variance,-0.01677609451489324
confirmation,2023-12-21,min_variance,0.012262484347750126
confirmation,2023-12-22,min_variance,0.006160099486790576
confirmation,2023-12-26,min_variance,0.005286590240868766
confirmation,2023-12-27,min_variance,0.004433551469269202
confirmation,2023-12-28,min_variance,-0.0002660767307873736
confirmation,2023-12-29,min_variance,-0.0024105658419820097
confirmation,2023-12-01,equal_weight,0.00918
confirmation,2023-12-04,equal_weight,-0.0017000000000000001
confirmation,2023-12-05,equal_weight,-0.00362
confirmation,2023-12-06,equal_weight,-0.00226
confirmation,2023-12-07,equal_weight,0.00592
confirmation,2023-12-08,equal_weight,0.0038200000000000005
confirmation,2023-12-11,equal_weight,0.0041800000000000006
confirmation,2023-12-12,equal_weight,0.0031199999999999995
confirmation,2023-12-13,equal_weight,0.01728
confirmation,2023-12-14,equal_weight,0.0058000000000000005
confirmation,2023-12-15,equal_weight,-0.00206
confirmation,2023-12-18,equal_weight,0.004
confirmation,2023-12-19,equal_weight,0.00822
confirmation,2023-12-20,equal_weight,-0.015960000000000002
confirmation,2023-12-21,equal_weight,0.0112
confirmation,2023-12-22,equal_weight,0.0030600000000000002
confirmation,2023-12-26,equal_weight,0.0052
confirmation,2023-12-27,equal_weight,0.00248
confirmation,2023-12-28,equal_weight,-0.00031999999999999997
confirmation,2023-12-29,equal_weight,-0.0036400000000000004
confirmation,2024-01-02,localized,0.00014960810583126546
confirmation,2024-01-03,localized,-0.0074328341421721345
confirmation,2024-01-04,localized,-0.006329063358508094
confirmation,2024-01-05,localized,0.0013517859485652286
confirmation,2024-01-08,localized,0.004330037102078611
confirmation,2024-01-09,localized,-0.006388565740206062
confirmation,2024-01-10,localized,-0.00039108806737400096
confirmation,2024-01-11,localized,-0.003124446264883158
confirmation,2024-01-12,localized,0.0019084779915978292
confirmation,2024-01-16,localized,-0.011506417288015753
confirmation,2024-01-17,localized,-0.008006497223148406
confirmation,2024-01-18,localized,0.004237799072310561
confirmation,2024-01-19,localized,0.00482045309764049
confirmation,2024-01-22,localized,0.002459379071366359
confirmation,2024-01-23,localized,0.0028105631910622843
confirmation,2024-01-24,localized,-0.0022819188481661774
confirmation,2024-01-25,localized,0.010876083914532242
confirmation,2024-01-26,localized,0.002681956559970846
confirmation,2024-01-29,localized,0.005686774602549174
confirmation,2024-01-30,localized,0.004047162856087601
confirmation,2024-01-31,localized,-0.013400340862018566
confirmation,2024-01-02,all_gene,-0.0018237093560701466
confirmation,2024-01-03,all_gene,-0.015114218599441568
confirmation,2024-01-04,all_gene,-0.00613599087552888
confirmation,2024-01-05,all_gene,0.0006701602913902604
confirmation,2024-01-08,all_gene,0.01292364346247521
confirmation,2024-01-09,all_gene,-0.0008784078654478519
confirmation,2024-01-10,all_gene,0.0052788091878730615
confirmation,2024-01-11,all_gene,-0.0017404838994029977
confirmation,2024-01-12,all_gene,-0.004799547060647394
confirmation,2024-01-16,all_gene,-0.003400056391970819
confirmation,2024-01-17,all_gene,-0.006527676756692762
confirmation,2024-01-18,all_gene,0.004710469063174795
confirmation,2024-01-19,all_gene,0.005327377595496351
confirmation,2024-01-22,all_gene,-0.001223536395625523
confirmation,2024-01-23,all_gene,0.0011446627446078778
confirmation,2024-01-24,all_gene,-0.00458998624379928
confirmation,2024-01-25,all_gene,-0.003536076408064295
confirmation,2024-01-26,all_gene,0.004472245346069705
confirmation,2024-01-29,all_gene,0.009887356656685017
confirmation,2024-01-30,all_gene,0.0009123532362774434
confirmation,2024-01-31,all_gene,-0.014482332805950161
confirmation,2024-01-02,random,-0.016488655715728665
confirmation,2024-01-03,random,-0.009895375903465608
confirmation,2024-01-04,random,-0.004824814437818945
confirmation,2024-01-05,random,0.0015438778322265831
confirmation,2024-01-08,random,0.02268949573606276
confirmation,2024-01-09,random,0.00105667070484595
confirmation,2024-01-10,random,0.008624626654394077
confirmation,2024-01-11,random,0.0007675044610514464
confirmation,2024-01-12,random,0.002452015834955638
confirmation,2024-01-16,random,-0.00046974372826488194
confirmation,2024-01-17,random,-0.005942226467556438
confirmation,2024-01-18,random,0.01487650389383928
confirmation,2024-01-19,random,0.01814506019103862
confirmation,2024-01-22,random,0.004318901850381021
confirmation,2024-01-23,random,0.004364785944443554
confirmation,2024-01-24,random,0.002453480018920088
confirmation,2024-01-25,random,0.004750481193467692
confirmation,2024-01-26,random,-0.003638364026982551
confirmation,2024-01-29,random,0.010485189124667501
confirmation,2024-01-30,random,-0.005191569781265532
confirmation,2024-01-31,random,-0.02322994955080849
confirmation,2024-01-02,min_variance,0.008378667607001771
confirmation,2024-01-03,min_variance,-0.0042376222582130516
confirmation,2024-01-04,min_variance,-8.811464263381772e-05
confirmation,2024-01-05,min_variance,0.0015392663718311356
confirmation,2024-01-08,min_variance,0.010872664733212302
confirmation,2024-01-09,min_variance,-0.001648328108209765
confirmation,2024-01-10,min_variance,0.0032352465188446727
confirmation,2024-01-11,min_variance,-0.0031937299343175987
confirmation,2024-01-12,min_variance,0.0018610630053151585
confirmation,2024-01-16,min_variance,-0.008211639412192662
confirmation,2024-01-17,min_variance,-0.005543238848022268
confirmation,2024-01-18,min_variance,0.0025421392837865716
confirmation,2024-01-19,min_variance,0.004688550140438273
confirmation,2024-01-22,min_variance,0.002666859898827657
confirmation,2024-01-23,min_variance,0.0005779301987594758
confirmation,2024-01-24,min_variance,-0.006819900868766693
confirmation,2024-01-25,min_variance,0.005665423702328103
confirmation,2024-01-26,min_variance,0.002515063783032489
confirmation,2024-01-29,min_variance,0.007988463826583046
confirmation,2024-01-30,min_variance,-0.0005682615569212272
confirmation,2024-01-31,min_variance,-0.00668499022397562
confirmation,2024-01-02,equal_weight,-0.001299999999999999
confirmation,2024-01-03,equal_weight,-0.00872
confirmation,2024-01-04,equal_weight,-0.0023800000000000006
confirmation,2024-01-05,equal_weight,0.0017000000000000001
confirmation,2024-01-08,equal_weight,0.012360000000000001
confirmation,2024-01-09,equal_weight,-0.0024600000000000004
confirmation,2024-01-10,equal_weight,0.004019999999999999
confirmation,2024-01-11,equal_weight,-0.00202
confirmation,2024-01-12,equal_weight,-3.999999999999978e-05
confirmation,2024-01-16,equal_weight,-0.00622
confirmation,2024-01-17,equal_weight,-0.00572
confirmation,2024-01-18,equal_weight,0.0061200000000000004
confirmation,2024-01-19,equal_weight,0.008820000000000001
confirmation,2024-01-22,equal_weight,0.00338
confirmation,2024-01-23,equal_weight,0.00162
confirmation,2024-01-24,equal_weight,-0.00202
confirmation,2024-01-25,equal_weight,0.004960000000000001
confirmation,2024-01-26,equal_weight,0.0015999999999999999
confirmation,2024-01-29,equal_weight,0.00804
confirmation,2024-01-30,equal_weight,0.00027999999999999965
confirmation,2024-01-31,equal_weight,-0.01352
confirmation,2024-02-01,localized,0.012420490254692636
confirmation,2024-02-02,localized,0.0012380025878032715
confirmation,2024-02-05,localized,-0.008540749470471535
confirmation,2024-02-06,localized,0.0039463419893866454
confirmation,2024-02-07,localized,0.00515868218311713
confirmation,2024-02-08,localized,0.00288152551704301
confirmation,2024-02-09,localized,0.0012709715224434438
confirmation,2024-02-12,localized,0.0062515478812867975
confirmation,2024-02-13,localized,-0.015171145290699144
confirmation,2024-02-14,localized,0.006643712658446402
confirmation,2024-02-15,localized,0.013771354310827568
confirmation,2024-02-16,localized,-0.0009628224847372842
confirmation,2024-02-20,localized,-0.006032035080331869
confirmation,2024-02-21,localized,0.008914609824829047
confirmation,2024-02-22,localized,0.007407088948801583
confirmation,2024-02-23,localized,0.0015671746092270177
confirmation,2024-02-26,localized,-0.0012258952113080167
confirmation,2024-02-27,localized,0.002870767319046079
confirmation,2024-02-28,localized,0.0009458325235835237
confirmation,2024-02-29,localized,0.0045042924972518075
confirmation,2024-02-01,all_gene,0.018955814962507984
confirmation,2024-02-02,all_gene,0.015478131402121146
confirmation,2024-02-05,all_gene,-0.011975621460706048
confirmation,2024-02-06,all_gene,0.0037066792907045707
confirmation,2024-02-07,all_gene,0.006748602817580175
confirmation,2024-02-08,all_gene,0.002221233395215798
confirmation,2024-02-09,all_gene,0.006214809347479107
confirmation,2024-02-12,all_gene,0.0007765297557445543
confirmation,2024-02-13,all_gene,-0.016782824336577885
confirmation,2024-02-14,all_gene,0.008940197731190227
confirmation,2024-02-15,all_gene,0.009842246345415865
confirmation,2024-02-16,all_gene,-0.001831466254706381
confirmation,2024-02-20,all_gene,-0.0032319982609106995
confirmation,2024-02-21,all_gene,0.002936046419590237
confirmation,2024-02-22,all_gene,0.01454476293182845
confirmation,2024-02-23,all_gene,0.0018001407189174462
confirmation,2024-02-26,all_gene,0.0025425688552831015
confirmation,2024-02-27,all_gene,0.00201491033730893
confirmation,2024-02-28,all_gene,0.0018932713236667785
confirmation,2024-02-29,all_gene,0.0054077609906928665
confirmation,2024-02-01,random,0.013769998578495084
confirmation,2024-02-02,random,0.016494423868220132
confirmation,2024-02-05,random,-0.0005499941718127316
confirmation,2024-02-06,random,-0.0001368550405995508
confirmation,2024-02-07,random,0.010874706738505305
confirmation,2024-02-08,random,0.0026579909010388727
confirmation,2024-02-09,random,0.010863355438495778
confirmation,2024-02-12,random,-0.003549572384885959
confirmation,2024-02-13,random,-0.016245855857391068
confirmation,2024-02-14,random,0.012903623702700972
confirmation,2024-02-15,random,1.0853438048170883e-05
confirmation,2024-02-16,random,-0.009136498606765327
confirmation,2024-02-20,random,-0.0089923403352637
confirmation,2024-02-21,random,-0.004507661342129622
confirmation,2024-02-22,random,0.030239592448510155
confirmation,2024-02-23,random,-0.0014789425138053787
confirmation,2024-02-26,random,-0.0034247779269466786
confirmation,2024-02-27,random,0.002999749064623923
confirmation,2024-02-28,random,-0.004810074222128233
confirmation,2024-02-29,random,0.009049237783575826
confirmation,2024-02-01,min_variance,0.015162167803209392
confirmation,2024-02-02,min_variance,0.0003566566958204555
confirmation,2024-02-05,min_variance,0.0005742401552225977
confirmation,2024-02-06,min_variance,0.007628619779726526
confirmation,2024-02-07,min_variance,0.002867126284297464
confirmation,2024-02-08,min_variance,0.0014305733288207825
confirmation,2024-02-09,min_variance,0.0024891411309327224
confirmation,2024-02-12,min_variance,0.0037630343014500504
confirmation,2024-02-13,min_variance,-0.014083858228643862
confirmation,2024-02-14,min_variance,0.00838101972707743
confirmation,2024-02-15,min_variance,0.01040337793059704
confirmation,2024-02-16,min_variance,0.0017380795513112436
confirmation,2024-02-20,min_variance,-0.006015221915184953
confirmation,2024-02-21,min_variance,0.0031230808874009135
confirmation,2024-02-22,min_variance,0.012740278757276605
confirmation,2024-02-23,min_variance,0.0030819010952760667
confirmation,2024-02-26,min_variance,-0.001497250326810882
confirmation,2024-02-27,min_variance,0.002807489882654984
confirmation,2024-02-28,min_variance,-0.0029020621815780854
confirmation,2024-02-29,min_variance,-0.0028742390255212546
confirmation,2024-02-01,equal_weight,0.013000000000000001
confirmation,2024-02-02,equal_weight,0.006620000000000001
confirmation,2024-02-05,equal_weight,-0.00408
confirmation,2024-02-06,equal_weight,0.0046
confirmation,2024-02-07,equal_weight,0.00606
confirmation,2024-02-08,equal_weight,0.0019200000000000003
confirmation,2024-02-09,equal_weight,0.0047
confirmation,2024-02-12,equal_weight,0.0024200000000000003
confirmation,2024-02-13,equal_weight,-0.01526
confirmation,2024-02-14,equal_weight,0.01022
confirmation,2024-02-15,equal_weight,0.00944
confirmation,2024-02-16,equal_weight,-0.00252
confirmation,2024-02-20,equal_weight,-0.006240000000000001
confirmation,2024-02-21,equal_weight,0.0021000000000000007
confirmation,2024-02-22,equal_weight,0.016100000000000003
confirmation,2024-02-23,equal_weight,0.0014800000000000002
confirmation,2024-02-26,equal_weight,-0.00184
confirmation,2024-02-27,equal_weight,0.00276
confirmation,2024-02-28,equal_weight,-0.00172
confirmation,2024-02-29,equal_weight,0.0030399999999999997
confirmation,2024-03-01,localized,0.00507593012623893
confirmation,2024-03-04,localized,-0.0014180534358061256
confirmation,2024-03-05,localized,-0.003692749062284475
confirmation,2024-03-06,localized,0.004995575777257615
confirmation,2024-03-07,localized,0.009142372526108741
confirmation,2024-03-08,localized,-0.003022192925603543
confirmation,2024-03-11,localized,0.0007595245624696879
confirmation,2024-03-12,localized,0.0018825404976470952
confirmation,2024-03-13,localized,0.0049765316008723295
confirmation,2024-03-14,localized,-0.002415668083043697
confirmation,2024-03-15,localized,0.0008266434705182727
confirmation,2024-03-18,localized,0.0031576877355218953
confirmation,2024-03-19,localized,0.007724005920005838
confirmation,2024-03-20,localized,0.0073746737502494095
confirmation,2024-03-21,localized,0.006213995559355562
confirmation,2024-03-22,localized,-0.004196010787409196
confirmation,2024-03-25,localized,0.0003241546842703022
confirmation,2024-03-26,localized,-0.004030919020155985
confirmation,2024-03-27,localized,0.014954274165688685
confirmation,2024-03-28,localized,0.004362889913105316
confirmation,2024-03-01,all_gene,0.0031888545622556805
confirmation,2024-03-04,all_gene,-0.006068888481149724
confirmation,2024-03-05,all_gene,-0.00743242490599114
confirmation,2024-03-06,all_gene,0.0003803714129892474
confirmation,2024-03-07,all_gene,0.007178370705656893
confirmation,2024-03-08,all_gene,-0.006873068407456461
confirmation,2024-03-11,all_gene,-0.0026576450466442056
confirmation,2024-03-12,all_gene,0.009373647096232491
confirmation,2024-03-13,all_gene,-7.36122580815394e-06
confirmation,2024-03-14,all_gene,-0.0039802361612793
confirmation,2024-03-15,all_gene,-0.005848540886321797
confirmation,2024-03-18,all_gene,0.0063280469163997785
confirmation,2024-03-19,all_gene,0.006087449570831143
confirmation,2024-03-20,all_gene,0.011516994966737212
confirmation,2024-03-21,all_gene,0.004005221046512199
confirmation,2024-03-22,all_gene,-0.005933969850917766
confirmation,2024-03-25,all_gene,-0.0020376231226295013
confirmation,2024-03-26,all_gene,0.00012102623568001546
confirmation,2024-03-27,all_gene,0.011046190220245472
confirmation,2024-03-28,all_gene,-2.3973358465492474e-05
confirmation,2024-03-01,random,0.011601394658908868
confirmation,2024-03-04,random,-0.0022046372645335315
confirmation,2024-03-05,random,-0.016457975021953314
confirmation,2024-03-06,random,0.006707289729105628
confirmation,2024-03-07,random,0.015375195668182677
confirmation,2024-03-08,random,-0.010746744837801735
confirmation,2024-03-11,random,-0.0025580328353924818
confirmation,2024-03-12,random,0.017367631135515166
confirmation,2024-03-13,random,-0.005319466841320828
confirmation,2024-03-14,random,-0.0020821444565747825
confirmation,2024-03-15,random,-0.010404607640480451
confirmation,2024-03-18,random,0.008581767926373156
confirmation,2024-03-19,random,0.004587623076635843
confirmation,2024-03-20,random,0.01112665582544722
confirmation,2024-03-21,random,0.002289241971380055
confirmation,2024-03-22,random,0.002479317888975983
confirmation,2024-03-25,random,-0.003912867426786379
confirmation,2024-03-26,random,-0.004480922292965786
confirmation,2024-03-27,random,0.004344010564786517
confirmation,2024-03-28,random,-0.000791635374481775
confirmation,2024-03-01,min_variance,0.010321042252846434
confirmation,2024-03-04,min_variance,-0.0024304989098557356
confirmation,2024-03-05,min_variance,-0.007376699493846379
confirmation,2024-03-06,min_variance,0.006170294768695489
confirmation,2024-03-07,min_variance,0.005695600977415821
confirmation,2024-03-08,min_variance,-0.003672118516329596
confirmation,2024-03-11,min_variance,-0.0038434199434771717
confirmation,2024-03-12,min_variance,0.005795093054458286
confirmation,2024-03-13,min_variance,-0.0009694296753389614
confirmation,2024-03-14,min_variance,-0.004835796611658941
confirmation,2024-03-15,min_variance,-0.0029972336505937848
confirmation,2024-03-18,min_variance,0.0021950443635018043
confirmation,2024-03-19,min_variance,0.006857036708496798
confirmation,2024-03-20,min_variance,0.003693239672139928
confirmation,2024-03-21,min_variance,0.0027284326994326245
confirmation,2024-03-22,min_variance,-0.002754095533077674
confirmation,2024-03-25,min_variance,0.0002904117455064611
confirmation,2024-03-26,min_variance,0.00029423123579375187
confirmation,2024-03-27,min_variance,0.01382578383140396
confirmation,2024-03-28,min_variance,0.0021336160203828986
confirmation,2024-03-01,equal_weight,0.007220000000000001
confirmation,2024-03-04,equal_weight,-0.0018800000000000002
confirmation,2024-03-05,equal_weight,-0.00804
confirmation,2024-03-06,equal_weight,0.005180000000000001
confirmation,2024-03-07,equal_weight,0.008100000000000001
confirmation,2024-03-08,equal_weight,-0.00458
confirmation,2024-03-11,equal_weight,-0.0019600000000000004
confirmation,2024-03-12,equal_weight,0.00774
confirmation,2024-03-13,equal_weight,7.999999999999999e-05
confirmation,2024-03-14,equal_weight,-0.00446
confirmation,2024-03-15,equal_weight,-0.00376
confirmation,2024-03-18,equal_weight,0.00414
confirmation,2024-03-19,equal_weight,0.00622
confirmation,2024-03-20,equal_weight,0.0086
confirmation,2024-03-21,equal_weight,0.0044
confirmation,2024-03-22,equal_weight,-0.0034000000000000002
confirmation,2024-03-25,equal_weight,-0.00144
confirmation,2024-03-26,equal_weight,-0.0012600000000000003
confirmation,2024-03-27,equal_weight,0.011380000000000001
confirmation,2024-03-28,equal_weight,0.00196
confirmation,2024-04-01,localized,-0.009605556622573041
confirmation,2024-04-02,localized,-0.010746112508994595
confirmation,2024-04-03,localized,-0.0008052040178509471
confirmation,2024-04-04,localized,-0.013209380701078757
confirmation,2024-04-05,localized,0.009252947180261324
confirmation,2024-04-08,localized,-0.0021427271839272294
confirmation,2024-04-09,localized,0.0022317825637222202
confirmation,2024-04-10,localized,-0.00961212921437847
confirmation,2024-04-11,localized,-0.00030113721460512944
confirmation,2024-04-12,localized,-0.015738631859310286
confirmation,2024-04-15,localized,-0.006909275808949105
confirmation,2024-04-16,localized,-0.004546015277724426
confirmation,2024-04-17,localized,-0.004223022646762502
confirmation,2024-04-18,localized,-0.004446333084084783
confirmation,2024-04-19,localized,-0.0011835283346774473
confirmation,2024-04-22,localized,0.007205559923374675
confirmation,2024-04-23,localized,0.010978262997238824
confirmation,2024-04-24,localized,-0.001447397079837275
confirmation,2024-04-25,localized,-0.007896187567197724
confirmation,2024-04-26,localized,0.0030465630959530415
confirmation,2024-04-29,localized,0.008658108846510967
confirmation,2024-04-30,localized,-0.003252586724699079
confirmation,2024-04-01,all_gene,-0.0055669451114328935
confirmation,2024-04-02,all_gene,-0.011231368704211897
confirmation,2024-04-03,all_gene,-0.00010539953479341848
confirmation,2024-04-04,all_gene,-0.009194514230123905
confirmation,2024-04-05,all_gene,0.007157464669889322
confirmation,2024-04-08,all_gene,0.004028284968243045
confirmation,2024-04-09,all_gene,0.0029138774026230083
confirmation,2024-04-10,all_gene,-0.009446195306263819
confirmation,2024-04-11,all_gene,0.002519639614992396
confirmation,2024-04-12,all_gene,-0.013148733713616525
confirmation,2024-04-15,all_gene,-0.011825180532217136
confirmation,2024-04-16,all_gene,-0.0028229238368556826
confirmation,2024-04-17,all_gene,-0.0032912804188819393
confirmation,2024-04-18,all_gene,-0.0035652685119695496
confirmation,2024-04-19,all_gene,-0.002082248486310043
confirmation,2024-04-22,all_gene,0.006908753613967787
confirmation,2024-04-23,all_gene,0.008077441025163697
confirmation,2024-04-24,all_gene,0.00509060270382242
confirmation,2024-04-25,all_gene,-0.0021286475846413406
confirmation,2024-04-26,all_gene,0.007890648498072047
confirmation,2024-04-29,all_gene,0.012838879941200582
confirmation,2024-04-30,all_gene,-0.02003334244215748
confirmation,2024-04-01,random,0.0016693145385471093
confirmation,2024-04-02,random,-0.007888989291498534
confirmation,2024-04-03,random,0.0017416618782908951
confirmation,2024-04-04,random,-0.014582913499922348
confirmation,2024-04-05,random,0.012512753350557992
confirmation,2024-04-08,random,-0.0009794077938684853
confirmation,2024-04-09,random,0.002767137632374749
confirmation,2024-04-10,random,-0.007915770053087617
confirmation,2024-04-11,random,0.015856143717486986
confirmation,2024-04-12,random,-0.01585432544428474
confirmation,2024-04-15,random,-0.017752848027651397
confirmation,2024-04-16,random,-0.0004997839800853603
confirmation,2024-04-17,random,-0.010561180499194687
confirmation,2024-04-18,random,-0.00447558399180275
confirmation,2024-04-19,random,-0.020046589623019338
confirmation,2024-04-22,random,0.010202797865331138
confirmation,2024-04-23,random,0.017022417556014746
confirmation,2024-04-24,random,0.0007060316455987456
confirmation,2024-04-25,random,-0.00773672952963746
confirmation,2024-04-26,random,0.02057927652823039
confirmation,2024-04-29,random,0.0005789925966444669
confirmation,2024-04-30,random,-0.018758073992333632
confirmation,2024-04-01,min_variance,-0.006237676745278062
confirmation,2024-04-02,min_variance,-0.007516519691440187
confirmation,2024-04-03,min_variance,8.100986383236542e-05
confirmation,2024-04-04,min_variance,-0.011205313373950193
confirmation,2024-04-05,min_variance,0.009434141800235548
confirmation,2024-04-08,min_variance,-0.0017435431969152892
confirmation,2024-04-09,min_variance,0.002067103896204641
confirmation,2024-04-10,min_variance,-0.008878993320022776
confirmation,2024-04-11,min_variance,0.000802780341822759
confirmation,2024-04-12,min_variance,-0.01513469497779987
confirmation,2024-04-15,min_variance,-0.007619212925537757
confirmation,2024-04-16,min_variance,-0.00426865584942677
confirmation,2024-04-17,min_variance,-0.003843311927645649
confirmation,2024-04-18,min_variance,-0.0033633899343449318
confirmation,2024-04-19,min_variance,-0.0005985884243436357
confirmation,2024-04-22,min_variance,0.007181976023877899
confirmation,2024-04-23,min_variance,0.01003920319119578
confirmation,2024-04-24,min_variance,-0.0006975226894265157
confirmation,2024-04-25,min_variance,-0.005608602184407416
confirmation,2024-04-26,min_variance,0.003088704904480887
confirmation,2024-04-29,min_variance,0.008179789233587201
confirmation,2024-04-30,min_variance,-0.008210711578039674
confirmation,2024-04-01,equal_weight,-0.00424
confirmation,2024-04-02,equal_weight,-0.00812
confirmation,2024-04-03,equal_weight,0.0013200000000000002
confirmation,2024-04-04,equal_weight,-0.01106
confirmation,2024-04-05,equal_weight,0.009920000000000002
confirmation,2024-04-08,equal_weight,0.00015999999999999988
confirmation,2024-04-09,equal_weight,0.0015
confirmation,2024-04-10,equal_weight,-0.00992
confirmation,2024-04-11,equal_weight,0.0037400000000000003
confirmation,2024-04-12,equal_weight,-0.014700000000000003
confirmation,2024-04-15,equal_weight,-0.010120000000000002
confirmation,2024-04-16,equal_weight,-0.0030600000000000002
confirmation,2024-04-17,equal_weight,-0.00442
confirmation,2024-04-18,equal_weight,-0.00228
confirmation,2024-04-19,equal_weight,-0.00322
confirmation,2024-04-22,equal_weight,0.00808
confirmation,2024-04-23,equal_weight,0.011040000000000001
confirmation,2024-04-24,equal_weight,0.00010000000000000005
confirmation,2024-04-25,equal_weight,-0.0041800000000000006
confirmation,2024-04-26,equal_weight,0.006440000000000001
confirmation,2024-04-29,equal_weight,0.00578
confirmation,2024-04-30,equal_weight,-0.013999999999999999
confirmation,2024-05-01,localized,0.0035745751622628164
confirmation,2024-05-02,localized,0.0024472510806286102
confirmation,2024-05-03,localized,0.004858008730190697
confirmation,2024-05-06,localized,0.006282055830787358
confirmation,2024-05-07,localized,0.0058058288770928435
confirmation,2024-05-08,localized,-0.0058925936624442815
confirmation,2024-05-09,localized,0.0069167007713772394
confirmation,2024-05-10,localized,-0.0030701790533096524
confirmation,2024-05-13,localized,0.0005217165968631605
confirmation,2024-05-14,localized,0.004332637246536095
confirmation,2024-05-15,localized,0.014396646897192163
confirmation,2024-05-16,localized,-0.002478730430913162
confirmation,2024-05-17,localized,0.0002548773382396326
confirmation,2024-05-20,localized,0.0002759342908189376
confirmation,2024-05-21,localized,0.0016540891101022696
confirmation,2024-05-22,localized,0.0011504838360810528
confirmation,2024-05-23,localized,-0.011339527165098185
confirmation,2024-05-24,localized,0.0013232543834268838
confirmation,2024-05-28,localized,-0.008129878888845433
confirmation,2024-05-29,localized,-0.0044221018034611035
confirmation,2024-05-30,localized,0.005199357500404093
confirmation,2024-05-31,localized,0.007962555263849825
confirmation,2024-05-01,all_gene,-0.0015453225950924844
confirmation,2024-05-02,all_gene,0.011974481863727418
confirmation,2024-05-03,all_gene,0.006010232723731358
confirmation,2024-05-06,all_gene,0.008832608916697501
confirmation,2024-05-07,all_gene,0.0012347282870287342
confirmation,2024-05-08,all_gene,-0.002548712532363837
confirmation,2024-05-09,all_gene,0.00868127057775997
confirmation,2024-05-10,all_gene,-0.00033842401047223325
confirmation,2024-05-13,all_gene,-0.0018662817208689015
confirmation,2024-05-14,all_gene,0.003857951970978667
confirmation,2024-05-15,all_gene,0.001652695587909797
confirmation,2024-05-16,all_gene,-0.00017483152140582874
confirmation,2024-05-17,all_gene,0.0030503817959003166
confirmation,2024-05-20,all_gene,-0.006596978009674211
confirmation,2024-05-21,all_gene,0.0038494641539717636
confirmation,2024-05-22,all_gene,-0.005631575231609369
confirmation,2024-05-23,all_gene,-0.012818653758924933
confirmation,2024-05-24,all_gene,0.0063577806594618215
confirmation,2024-05-28,all_gene,-0.005629974557821445
confirmation,2024-05-29,all_gene,-0.00740925559297366
confirmation,2024-05-30,all_gene,0.003727170436496655
confirmation,2024-05-31,all_gene,0.008183176435751376
confirmation,2024-05-01,random,-0.004673803085720814
confirmation,2024-05-02,random,0.012828843785064754
confirmation,2024-05-03,random,0.019697447936045127
confirmation,2024-05-06,random,0.01292125101150523
confirmation,2024-05-07,random,-0.0018489574287439687
confirmation,2024-05-08,random,-0.00029422805324971806
confirmation,2024-05-09,random,0.001727525936409264
confirmation,2024-05-10,random,0.0023712217860842578
confirmation,2024-05-13,random,0.002286109670084012
confirmation,2024-05-14,random,0.007834851491165975
confirmation,2024-05-15,random,0.016870571440037518
confirmation,2024-05-16,random,-0.0019932317047150145
confirmation,2024-05-17,random,-0.0008597849085341095
confirmation,2024-05-20,random,0.00712044364746069
confirmation,2024-05-21,random,0.0013452827817358555
confirmation,2024-05-22,random,-0.001107618004499552
confirmation,2024-05-23,random,-0.0027654905369506257
confirmation,2024-05-24,random,0.009569531307964388
confirmation,2024-05-28,random,0.006477464009352443
confirmation,2024-05-29,random,-0.004949993498187321
confirmation,2024-05-30,random,-0.016321769916382154
confirmation,2024-05-31,random,0.0025351528215305733
confirmation,2024-05-01,min_variance,0.00024935899321670873
confirmation,2024-05-02,min_variance,0.00485165768772842
confirmation,2024-05-03,min_variance,0.005482879815865825
confirmation,2024-05-06,min_variance,0.0070479740383487845
confirmation,2024-05-07,min_variance,0.005114691133606977
confirmation,2024-05-08,min_variance,-0.003263213574863161
confirmation,2024-05-09,min_variance,0.008116426470216246
confirmation,2024-05-10,min_variance,-0.0023136636151365807
confirmation,2024-05-13,min_variance,-0.0007668976086134135
confirmation,2024-05-14,min_variance,0.004028097672504616
confirmation,2024-05-15,min_variance,0.0114842709414538
confirmation,2024-05-16,min_variance,-0.00294205164746951
confirmation,2024-05-17,min_variance,0.0016347656837183528
confirmation,2024-05-20,min_variance,0.0006669729407868686
confirmation,2024-05-21,min_variance,0.0012609139004586016
confirmation,2024-05-22,min_variance,-0.002209720091475322
confirmation,2024-05-23,min_variance,-0.011809188102655646
confirmation,2024-05-24,min_variance,0.00289728803052074
confirmation,2024-05-28,min_variance,-0.005851547169369902
confirmation,2024-05-29,min_variance,-0.007878336751528997
confirmation,2024-05-30,min_variance,0.005619431564711655
confirmation,2024-05-31,min_variance,0.010554635621690378
confirmation,2024-05-01,equal_weight,-0.00128
confirmation,2024-05-02,equal_weight,0.008520000000000002
confirmation,2024-05-03,equal_weight,0.008620000000000001
confirmation,2024-05-06,equal_weight,0.009420000000000001
confirmation,2024-05-07,equal_weight,0.00244
confirmation,2024-05-08,equal_weight,-0.0015400000000000001
confirmation,2024-05-09,equal_weight,0.00698
confirmation,2024-05-10,equal_weight,-0.00011999999999999999
confirmation,2024-05-13,equal_weight,-0.00086
confirmation,2024-05-14,equal_weight,0.00476
confirmation,2024-05-15,equal_weight,0.010000000000000002
confirmation,2024-05-16,equal_weight,-0.00232
confirmation,2024-05-17,equal_weight,0.0019200000000000003
confirmation,2024-05-20,equal_weight,-0.0002599999999999998
confirmation,2024-05-21,equal_weight,0.0019000000000000002
confirmation,2024-05-22,equal_weight,-0.00356
confirmation,2024-05-23,equal_weight,-0.010400000000000001
confirmation,2024-05-24,equal_weight,0.00564
confirmation,2024-05-28,equal_weight,-0.00332
confirmation,2024-05-29,equal_weight,-0.00808
confirmation,2024-05-30,equal_weight,0.0007400000000000004
confirmation,2024-05-31,equal_weight,0.00902
confirmation,2024-06-03,localized,9.074375552067966e-05
confirmation,2024-06-04,localized,0.0010013080760332995
confirmation,2024-06-05,localized,0.006575734622910807
confirmation,2024-06-06,localized,0.005866305681299927
confirmation,2024-06-07,localized,-0.005615398392580145
confirmation,2024-06-10,localized,0.0022288770160872845
confirmation,2024-06-11,localized,-0.0008551109198118735
confirmation,2024-06-12,localized,0.004029400004399375
confirmation,2024-06-13,localized,-0.001845027924207902
confirmation,2024-06-14,localized,-0.004860544696781892
confirmation,2024-06-17,localized,0.012284060908258652
confirmation,2024-06-18,localized,-0.0011987951829699583
confirmation,2024-06-20,localized,0.00025842837994568396
confirmation,2024-06-21,localized,0.005633865646081075
confirmation,2024-06-24,localized,-0.0009800636147069637
confirmation,2024-06-25,localized,-0.0036212603672458074
confirmation,2024-06-26,localized,0.012063453577933893
confirmation,2024-06-27,localized,0.0030511642648479863
confirmation,2024-06-28,localized,-0.006765769776391309
confirmation,2024-06-03,all_gene,-0.0030641574008436973
confirmation,2024-06-04,all_gene,-0.0021426048371519495
confirmation,2024-06-05,all_gene,0.005698604766102207
confirmation,2024-06-06,all_gene,0.002445946140217382
confirmation,2024-06-07,all_gene,-0.0038207416479578084
confirmation,2024-06-10,all_gene,0.0016422308843811136
confirmation,2024-06-11,all_gene,-0.005100437391603
confirmation,2024-06-12,all_gene,0.004314155991922525
confirmation,2024-06-13,all_gene,-0.0032648795951756805
confirmation,2024-06-14,all_gene,-0.004387175802972654
confirmation,2024-06-17,all_gene,0.010522089930835577
confirmation,2024-06-18,all_gene,0.0010848607433863147
confirmation,2024-06-20,all_gene,0.0025241982776973175
confirmation,2024-06-21,all_gene,0.0021952738360159086
confirmation,2024-06-24,all_gene,0.0032005313774258032
confirmation,2024-06-25,all_gene,-0.005969098104009647
confirmation,2024-06-26,all_gene,0.004942489171872717
confirmation,2024-06-27,all_gene,0.0014265234257857867
confirmation,2024-06-28,all_gene,-0.00015695558523977013
confirmation,2024-06-03,random,0.005886074843005684
confirmation,2024-06-04,random,0.0023718586416102746
confirmation,2024-06-05,random,0.01943149812581386
confirmation,2024-06-06,random,-0.001589175924738511
confirmation,2024-06-07,random,-0.0010997241704786556
confirmation,2024-06-10,random,0.0027092515813007907
confirmation,2024-06-11,random,0.009776010336793138
confirmation,2024-06-12,random,0.016256452826522824
confirmation,2024-06-13,random,0.003950623242071702
confirmation,2024-06-14,random,0.0022873266723953036
confirmation,2024-06-17,random,0.008852401701888803
confirmation,2024-06-18,random,0.002270100096249124
confirmation,2024-06-20,random,-0.008753004254593424
confirmation,2024-06-21,random,-0.002501297728556244
confirmation,2024-06-24,random,-0.010461801416480445
confirmation,2024-06-25,random,0.01241945250092017
confirmation,2024-06-26,random,0.0029798313116928847
confirmation,2024-06-27,random,0.0021953310110148115
confirmation,2024-06-28,random,-0.005909366590522453
confirmation,2024-06-03,min_variance,6.002364480064694e-05
confirmation,2024-06-04,min_variance,-0.0009440585575961169
confirmation,2024-06-05,min_variance,0.0072211614682825866
confirmation,2024-06-06,min_variance,0.00046807185768041353
confirmation,2024-06-07,min_variance,-0.0009255597621263015
confirmation,2024-06-10,min_variance,0.00462676516399396
confirmation,2024-06-11,min_variance,-0.0018042345626633613
confirmation,2024-06-12,min_variance,0.0019288756774729552
confirmation,2024-06-13,min_variance,-0.0009237934416472
confirmation,2024-06-14,min_variance,-0.00464167397352706
confirmation,2024-06-17,min_variance,0.0031864719009796596
confirmation,2024-06-18,min_variance,0.0025221371155885273
confirmation,2024-06-20,min_variance,0.0026964301580971422
confirmation,2024-06-21,min_variance,0.0009068689059809542
confirmation,2024-06-24,min_variance,0.0055875666733170935
confirmation,2024-06-25,min_variance,-0.001831630347985432
confirmation,2024-06-26,min_variance,-0.0017016341257152451
confirmation,2024-06-27,min_variance,0.0009468926348820229
confirmation,2024-06-28,min_variance,-0.00519288853847053
confirmation,2024-06-03,equal_weight,-0.00038
confirmation,2024-06-04,equal_weight,-0.001
confirmation,2024-06-05,equal_weight,0.00906
confirmation,2024-06-06,equal_weight,0.0004600000000000002
confirmation,2024-06-07,equal_weight,-0.00204
confirmation,2024-06-10,equal_weight,0.0032400000000000003
confirmation,2024-06-11,equal_weight,-0.0008000000000000004
confirmation,2024-06-12,equal_weight,0.005620000000000001
confirmation,2024-06-13,equal_weight,-0.00086
confirmation,2024-06-14,equal_weight,-0.0033
confirmation,2024-06-17,equal_weight,0.0068200000000000005
confirmation,2024-06-18,equal_weight,0.00214
confirmation,2024-06-20,equal_weight,0.00044000000000000007
confirmation,2024-06-21,equal_weight,0.00029999999999999987
confirmation,2024-06-24,equal_weight,0.00186
confirmation,2024-06-25,equal_weight,-0.0006399999999999999
confirmation,2024-06-26,equal_weight,0.00114
confirmation,2024-06-27,equal_weight,0.00128
confirmation,2024-06-28,equal_weight,-0.003280000000000001
confirmation,2024-07-01,localized,0.0031868385235253815
confirmation,2024-07-02,localized,0.013594770393686981
confirmation,2024-07-03,localized,0.002398817923975619
confirmation,2024-07-05,localized,0.00960046760226618
confirmation,2024-07-08,localized,-0.0005244328811784909
confirmation,2024-07-09,localized,6.414284717761252e-05
confirmation,2024-07-10,localized,0.005991432014643985
confirmation,2024-07-11,localized,-0.008659639507162786
confirmation,2024-07-12,localized,0.0069445033420311875
confirmation,2024-07-15,localized,-0.002551161792321081
confirmation,2024-07-16,localized,0.012850116384946753
confirmation,2024-07-17,localized,-0.008685963743955472
confirmation,2024-07-18,localized,-0.01057027302987917
confirmation,2024-07-19,localized,-0.007970772212905005
confirmation,2024-07-22,localized,0.007084451069261737
confirmation,2024-07-23,localized,-7.591731987320201e-05
confirmation,2024-07-24,localized,-0.026203851483302093
confirmation,2024-07-25,localized,0.00016126753440914466
confirmation,2024-07-26,localized,0.010687558826537966
confirmation,2024-07-29,localized,0.006790256623431749
confirmation,2024-07-30,localized,-0.0032761676328491754
confirmation,2024-07-31,localized,0.014425861843706415
confirmation,2024-07-01,all_gene,-0.0024685385141695075
confirmation,2024-07-02,all_gene,0.009692921377371036
confirmation,2024-07-03,all_gene,0.0007512849701650736
confirmation,2024-07-05,all_gene,0.0002725254673428242
confirmation,2024-07-08,all_gene,-0.0006999762331458207
confirmation,2024-07-09,all_gene,0.002523789868891781
confirmation,2024-07-10,all_gene,0.006628304384937382
confirmation,2024-07-11,all_gene,0.006075188295318522
confirmation,2024-07-12,all_gene,0.0055310924271839285
confirmation,2024-07-15,all_gene,0.008630835932847612
confirmation,2024-07-16,all_gene,0.018814456723964305
confirmation,2024-07-17,all_gene,-0.0020915548102590866
confirmation,2024-07-18,all_gene,-0.011828504805326658
confirmation,2024-07-19,all_gene,-0.006457366926604494
confirmation,2024-07-22,all_gene,0.007187579229474774
confirmation,2024-07-23,all_gene,-0.00032031340250179613
confirmation,2024-07-24,all_gene,-0.017179870452408968
confirmation,2024-07-25,all_gene,0.0026093985665413062
confirmation,2024-07-26,all_gene,0.014078279273899121
confirmation,2024-07-29,all_gene,0.00022259132660639217
confirmation,2024-07-30,all_gene,0.0058195001732782815
confirmation,2024-07-31,all_gene,0.004151879996647456
confirmation,2024-07-01,random,0.007640819982758139
confirmation,2024-07-02,random,0.005437001063478078
confirmation,2024-07-03,random,0.009397633994752397
confirmation,2024-07-05,random,0.008888558188058402
confirmation,2024-07-08,random,0.002432083314468474
confirmation,2024-07-09,random,-0.0008602797438099229
confirmation,2024-07-10,random,0.012511095514123566
confirmation,2024-07-11,random,-0.01776281332789768
confirmation,2024-07-12,random,0.005995354234821554
confirmation,2024-07-15,random,0.0036279174783117873
confirmation,2024-07-16,random,0.0007165775185474258
confirmation,2024-07-17,random,-0.026789080672377244
confirmation,2024-07-18,random,-0.006047999688190826
confirmation,2024-07-19,random,-0.008030992853793573
confirmation,2024-07-22,random,0.01515261918210087
confirmation,2024-07-23,random,0.00014876610946774557
confirmation,2024-07-24,random,-0.03488415436945602
confirmation,2024-07-25,random,-0.008234045647610998
confirmation,2024-07-26,random,0.010917935948218004
confirmation,2024-07-29,random,-0.0002110452700038716
confirmation,2024-07-30,random,-0.01243880637119166
confirmation,2024-07-31,random,0.026807889248784984
confirmation,2024-07-01,min_variance,-0.0019331129452628622
confirmation,2024-07-02,min_variance,0.00019873708837864408
confirmation,2024-07-03,min_variance,-0.00010052850672511836
confirmation,2024-07-05,min_variance,0.0038068725690424037
confirmation,2024-07-08,min_variance,0.0008713885252528722
confirmation,2024-07-09,min_variance,0.0008411164731750988
confirmation,2024-07-10,min_variance,0.009173777479917915
confirmation,2024-07-11,min_variance,0.006270210730086696
confirmation,2024-07-12,min_variance,0.006417872799580787
confirmation,2024-07-15,min_variance,-0.000327057886840727
confirmation,2024-07-16,min_variance,0.010541927984922076
confirmation,2024-07-17,min_variance,-0.006067512114505794
confirmation,2024-07-18,min_variance,-0.014714777491162496
confirmation,2024-07-19,min_variance,-0.0016108354633920222
confirmation,2024-07-22,min_variance,0.007870131519524204
confirmation,2024-07-23,min_variance,-0.0011007241376262877
confirmation,2024-07-24,min_variance,-0.007635340453372451
confirmation,2024-07-25,min_variance,-0.0009354133514202201
confirmation,2024-07-26,min_variance,0.007080275224830609
confirmation,2024-07-29,min_variance,-0.0006356089521339586
confirmation,2024-07-30,min_variance,-0.004095647444577804
confirmation,2024-07-31,min_variance,0.006416433845594472
confirmation,2024-07-01,equal_weight,0.00018000000000000026
confirmation,2024-07-02,equal_weight,0.0048400000000000006
confirmation,2024-07-03,equal_weight,0.0022600000000000003
confirmation,2024-07-05,equal_weight,0.00414
confirmation,2024-07-08,equal_weight,0.0006599999999999999
confirmation,2024-07-09,equal_weight,0.0008000000000000004
confirmation,2024-07-10,equal_weight,0.0089
confirmation,2024-07-11,equal_weight,0.00042000000000000067
confirmation,2024-07-12,equal_weight,0.0061400000000000005
confirmation,2024-07-15,equal_weight,0.0027
confirmation,2024-07-16,equal_weight,0.01108
confirmation,2024-07-17,equal_weight,-0.00926
confirmation,2024-07-18,equal_weight,-0.01176
confirmation,2024-07-19,equal_weight,-0.00478
confirmation,2024-07-22,equal_weight,0.009040000000000001
confirmation,2024-07-23,equal_weight,-0.00062
confirmation,2024-07-24,equal_weight,-0.01698
confirmation,2024-07-25,equal_weight,-0.0011799999999999998
confirmation,2024-07-26,equal_weight,0.010060000000000001
confirmation,2024-07-29,equal_weight,0.00022000000000000003
confirmation,2024-07-30,equal_weight,-0.00294
confirmation,2024-07-31,equal_weight,0.010499999999999999
confirmation,2024-08-01,localized,-0.02358650349098774
confirmation,2024-08-02,localized,-0.01987827528044045
confirmation,2024-08-05,localized,-0.0363383843839033
confirmation,2024-08-06,localized,0.010780421357300222
confirmation,2024-08-07,localized,-0.01119373476874466
confirmation,2024-08-08,localized,0.0307664461489786
confirmation,2024-08-09,localized,0.0068979918767789646
confirmation,2024-08-12,localized,0.00404577561636672
confirmation,2024-08-13,localized,0.025226123004748705
confirmation,2024-08-14,localized,0.0020976548803415588
confirmation,2024-08-15,localized,0.02116534496684504
confirmation,2024-08-16,localized,0.0026875563903011744
confirmation,2024-08-19,localized,0.01366829115225148
confirmation,2024-08-20,localized,-0.0025696037019112172
confirmation,2024-08-21,localized,0.0047160542280364195
confirmation,2024-08-22,localized,-0.017421609984015495
confirmation,2024-08-23,localized,0.014763012188571411
confirmation,2024-08-26,localized,-0.007660290976436919
confirmation,2024-08-27,localized,0.003371883205747641
confirmation,2024-08-28,localized,-0.011248942072230497
confirmation,2024-08-29,localized,-0.0042643585802409865
confirmation,2024-08-30,localized,0.009510401999642662
confirmation,2024-08-01,all_gene,-0.01693370550025665
confirmation,2024-08-02,all_gene,-0.024155813596564848
confirmation,2024-08-05,all_gene,-0.02741814496539058
confirmation,2024-08-06,all_gene,0.012893100781670134
confirmation,2024-08-07,all_gene,-0.00530412170922531
confirmation,2024-08-08,all_gene,0.017842965678015188
confirmation,2024-08-09,all_gene,0.0018222723474717534
confirmation,2024-08-12,all_gene,-0.004259683388834936
confirmation,2024-08-13,all_gene,0.011796369102831154
confirmation,2024-08-14,all_gene,0.007683845440052037
confirmation,2024-08-15,all_gene,0.013517608783735514
confirmation,2024-08-16,all_gene,0.0042076056422812435
confirmation,2024-08-19,all_gene,0.007953254497305036
confirmation,2024-08-20,all_gene,-0.0035737120676298875
confirmation,2024-08-21,all_gene,0.003482248521797836
confirmation,2024-08-22,all_gene,-0.0008253622988435241
confirmation,2024-08-23,all_gene,0.013936190638844534
confirmation,2024-08-26,all_gene,-1.5735884588968872e-05
confirmation,2024-08-27,all_gene,0.0017217776529973056
confirmation,2024-08-28,all_gene,-0.000982226676322101
confirmation,2024-08-29,all_gene,0.005904799720935158
confirmation,2024-08-30,all_gene,0.009936644736568337
confirmation,2024-08-01,random,-0.020511757399096154
confirmation,2024-08-02,random,-0.020140391633944522
confirmation,2024-08-05,random,-0.034706361574021655
confirmation,2024-08-06,random,0.01038312558325346
confirmation,2024-08-07,random,-0.010539414143039258
confirmation,2024-08-08,random,0.029129918830881934
confirmation,2024-08-09,random,0.006420623769050541
confirmation,2024-08-12,random,0.002890979426626231
confirmation,2024-08-13,random,0.02333741996766981
confirmation,2024-08-14,random,0.0020363770342993405
confirmation,2024-08-15,random,0.02083136925066007
confirmation,2024-08-16,random,0.002504225739504491
confirmation,2024-08-19,random,0.012740714244069922
confirmation,2024-08-20,random,-0.0024497761214494766
confirmation,2024-08-21,random,0.0051629176950055075
confirmation,2024-08-22,random,-0.015780736404094414
confirmation,2024-08-23,random,0.014236613188394222
confirmation,2024-08-26,random,-0.006603167700332869
confirmation,2024-08-27,random,0.0025271330589681923
confirmation,2024-08-28,random,-0.010255173587040325
confirmation,2024-08-29,random,-0.0031907575351242615
confirmation,2024-08-30,random,0.009848024580800025
confirmation,2024-08-01,min_variance,-0.0034595795069019453
confirmation,2024-08-02,min_variance,-0.015463524915269897
confirmation,2024-08-05,min_variance,-0.024977211663334314
confirmation,2024-08-06,min_variance,0.008126431581127858
confirmation,2024-08-07,min_variance,-0.007220409774973827
confirmation,2024-08-08,min_variance,0.025180772606776633
confirmation,2024-08-09,min_variance,0.004899716998128273
confirmation,2024-08-12,min_variance,-0.003034735621187281
confirmation,2024-08-13,min_variance,0.011197649476727373
confirmation,2024-08-14,min_variance,0.0026587435650566953
confirmation,2024-08-15,min_variance,0.013018335010707429
confirmation,2024-08-16,min_variance,0.0003116224040329296
confirmation,2024-08-19,min_variance,0.007966365708932603
confirmation,2024-08-20,min_variance,-0.003036755069374373
confirmation,2024-08-21,min_variance,0.005888112369171336
confirmation,2024-08-22,min_variance,-0.0037176594555860102
confirmation,2024-08-23,min_variance,0.009548243501988803
confirmation,2024-08-26,min_variance,-7.813798574283224e-05
confirmation,2024-08-27,min_variance,-0.0018161133287071297
confirmation,2024-08-28,min_variance,-0.0031915614206278037
confirmation,2024-08-29,min_variance,0.0036971543702011517
confirmation,2024-08-30,min_variance,0.00886962976321871
confirmation,2024-08-01,equal_weight,-0.0112
confirmation,2024-08-02,equal_weight,-0.019920000000000004
confirmation,2024-08-05,equal_weight,-0.027720000000000005
confirmation,2024-08-06,equal_weight,0.00948
confirmation,2024-08-07,equal_weight,-0.00748
confirmation,2024-08-08,equal_weight,0.023140000000000004
confirmation,2024-08-09,equal_weight,0.00432
confirmation,2024-08-12,equal_weight,-0.0021000000000000003
confirmation,2024-08-13,equal_weight,0.01444
confirmation,2024-08-14,equal_weight,0.0031200000000000004
confirmation,2024-08-15,equal_weight,0.01664
confirmation,2024-08-16,equal_weight,0.0018400000000000003
confirmation,2024-08-19,equal_weight,0.00888
confirmation,2024-08-20,equal_weight,-0.00266
confirmation,2024-08-21,equal_weight,0.00584
confirmation,2024-08-22,equal_weight,-0.006740000000000001
confirmation,2024-08-23,equal_weight,0.0119
confirmation,2024-08-26,equal_weight,-0.00168
confirmation,2024-08-27,equal_weight,-0.00035999999999999997
confirmation,2024-08-28,equal_weight,-0.00482
confirmation,2024-08-29,equal_weight,0.00232
confirmation,2024-08-30,equal_weight,0.01014
confirmation,2024-09-03,localized,-0.037107113312300835
confirmation,2024-09-04,localized,-0.003786292767581445
confirmation,2024-09-05,localized,0.0011128854057290926
confirmation,2024-09-06,localized,-0.023791787506039164
confirmation,2024-09-09,localized,0.011289156402411855
confirmation,2024-09-10,localized,0.009959100204655845
confirmation,2024-09-11,localized,0.024842905566930945
confirmation,2024-09-12,localized,0.010864127054341378
confirmation,2024-09-13,localized,0.005788042907780021
confirmation,2024-09-16,localized,-0.0038313545349045633
confirmation,2024-09-17,localized,-5.0192255598032726e-05
confirmation,2024-09-18,localized,-0.0029938351778439286
confirmation,2024-09-19,localized,0.026859948169446705
confirmation,2024-09-20,localized,-0.0027017284487599
confirmation,2024-09-23,localized,-0.0010265319566874812
confirmation,2024-09-24,localized,0.006145892456333522
confirmation,2024-09-25,localized,0.001927226747674135
confirmation,2024-09-26,localized,0.007451949016797679
confirmation,2024-09-27,localized,-0.004987861285743721
confirmation,2024-09-30,localized,0.006205380305226055
confirmation,2024-09-03,all_gene,-0.012550213346571389
confirmation,2024-09-04,all_gene,9.346276465690253e-06
confirmation,2024-09-05,all_gene,-0.008798160614167284
confirmation,2024-09-06,all_gene,-0.0148573040263521
confirmation,2024-09-09,all_gene,0.01121696594155479
confirmation,2024-09-10,all_gene,-0.004335525109706787
confirmation,2024-09-11,all_gene,-0.0013882234425729749
confirmation,2024-09-12,all_gene,0.004785426800455387
confirmation,2024-09-13,all_gene,0.00938299163253533
confirmation,2024-09-16,all_gene,0.008589969701885193
confirmation,2024-09-17,all_gene,0.004203409839917867
confirmation,2024-09-18,all_gene,-0.0012280800462479108
confirmation,2024-09-19,all_gene,0.01369059698164323
confirmation,2024-09-20,all_gene,-0.005089427960028417
confirmation,2024-09-23,all_gene,0.0019304317964872245
confirmation,2024-09-24,all_gene,-0.0011268783647232171
confirmation,2024-09-25,all_gene,-0.005740931099449197
confirmation,2024-09-26,all_gene,0.004951982589960152
confirmation,2024-09-27,all_gene,0.003103443025644569
confirmation,2024-09-30,all_gene,0.0022877317939751845
confirmation,2024-09-03,random,-0.019889014440345763
confirmation,2024-09-04,random,-0.0014499397693661907
confirmation,2024-09-05,random,-0.0059967249633377465
confirmation,2024-09-06,random,-0.016428188710193487
confirmation,2024-09-09,random,0.010982513135020867
confirmation,2024-09-10,random,0.0014395144843374732
confirmation,2024-09-11,random,0.007073897915810618
confirmation,2024-09-12,random,0.006832801521199093
confirmation,2024-09-13,random,0.0074794558213097245
confirmation,2024-09-16,random,0.004344123139131621
confirmation,2024-09-17,random,0.0011162982592772864
confirmation,2024-09-18,random,-0.0019347031871865608
confirmation,2024-09-19,random,0.016404240593989147
confirmation,2024-09-20,random,-0.0037949581404381843
confirmation,2024-09-23,random,0.00032862232212409984
confirmation,2024-09-24,random,0.00106589164840019
confirmation,2024-09-25,random,-0.003910007829813817
confirmation,2024-09-26,random,0.004838879757386991
confirmation,2024-09-27,random,-0.0002179125049299967
confirmation,2024-09-30,random,0.004122727068637909
confirmation,2024-09-03,min_variance,-0.015170030478478546
confirmation,2024-09-04,min_variance,-0.0020344374209527306
confirmation,2024-09-05,min_variance,-0.007981954304725657
confirmation,2024-09-06,min_variance,-0.01035483774474945
confirmation,2024-09-09,min_variance,0.009496574882983206
confirmation,2024-09-10,min_variance,0.00104165831745706
confirmation,2024-09-11,min_variance,0.0020730549045131614
confirmation,2024-09-12,min_variance,0.005986935321878127
confirmation,2024-09-13,min_variance,0.007223048228938467
confirmation,2024-09-16,min_variance,0.006228411387668697
confirmation,2024-09-17,min_variance,-0.0008360185389126079
confirmation,2024-09-18,min_variance,-0.0024449583712556227
confirmation,2024-09-19,min_variance,0.009661509035969228
confirmation,2024-09-20,min_variance,-0.0004145732468556375
confirmation,2024-09-23,min_variance,0.002537316794424238
confirmation,2024-09-24,min_variance,0.00038267875905160327
confirmation,2024-09-25,min_variance,-0.007402695377438383
confirmation,2024-09-26,min_variance,0.0014111348100022778
confirmation,2024-09-27,min_variance,0.0019948215690623636
confirmation,2024-09-30,min_variance,0.004174457299768967
confirmation,2024-09-03,equal_weight,-0.01734
confirmation,2024-09-04,equal_weight,-0.00156
confirmation,2024-09-05,equal_weight,-0.00434
confirmation,2024-09-06,equal_weight,-0.015320000000000002
confirmation,2024-09-09,equal_weight,0.01086
confirmation,2024-09-10,equal_weight,0.00294
confirmation,2024-09-11,equal_weight,0.00634
confirmation,2024-09-12,equal_weight,0.007379999999999999
confirmation,2024-09-13,equal_weight,0.007319999999999999
confirmation,2024-09-16,equal_weight,0.0035600000000000002
confirmation,2024-09-17,equal_weight,0.0004200000000000001
confirmation,2024-09-18,equal_weight,-0.0021799999999999996
confirmation,2024-09-19,equal_weight,0.014240000000000003
confirmation,2024-09-20,equal_weight,-0.00192
confirmation,2024-09-23,equal_weight,0.0029600000000000004
confirmation,2024-09-24,equal_weight,0.0014199999999999998
confirmation,2024-09-25,equal_weight,-0.00456
confirmation,2024-09-26,equal_weight,0.003
confirmation,2024-09-27,equal_weight,0.00038000000000000013
confirmation,2024-09-30,equal_weight,0.00352
confirmation,2024-10-01,localized,-0.018709409048419914
confirmation,2024-10-02,localized,0.0034656503717603424
confirmation,2024-10-03,localized,0.0039069491544393
confirmation,2024-10-04,localized,0.010853911896123634
confirmation,2024-10-07,localized,-0.009174097672853253
confirmation,2024-10-08,localized,0.01713560122290358
confirmation,2024-10-09,localized,0.00680945239408934
confirmation,2024-10-10,localized,-0.00013764665804456166
confirmation,2024-10-11,localized,0.003156065047351872
confirmation,2024-10-14,localized,0.010951408384575806
confirmation,2024-10-15,localized,-0.011633278499849785
confirmation,2024-10-16,localized,0.002311761645530212
confirmation,2024-10-17,localized,0.001958818097815895
confirmation,2024-10-18,localized,0.0043112525123634345
confirmation,2024-10-21,localized,0.0055750038962878315
confirmation,2024-10-22,localized,0.0007049267708916986
confirmation,2024-10-23,localized,-0.015627054684231777
confirmation,2024-10-24,localized,0.0019515843293958005
confirmation,2024-10-25,localized,0.005217191555587041
confirmation,2024-10-28,localized,0.0018214351230790428
confirmation,2024-10-29,localized,0.010729409532898256
confirmation,2024-10-30,localized,-0.006297976214833601
confirmation,2024-10-31,localized,-0.028981915815597073
confirmation,2024-10-01,all_gene,-0.0070810632516994385
confirmation,2024-10-02,all_gene,-0.0001282408078061769
confirmation,2024-10-03,all_gene,-0.004699398795019477
confirmation,2024-10-04,all_gene,0.013485540183402034
confirmation,2024-10-07,all_gene,-0.00971058833857301
confirmation,2024-10-08,all_gene,0.004473743776219209
confirmation,2024-10-09,all_gene,0.0093487000835618
confirmation,2024-10-10,all_gene,-0.0023192463789718392
confirmation,2024-10-11,all_gene,0.017625871114969674
confirmation,2024-10-14,all_gene,0.006143888747435111
confirmation,2024-10-15,all_gene,-0.0033990114146656317
confirmation,2024-10-16,all_gene,0.0125348653832991
confirmation,2024-10-17,all_gene,-0.0017951983594268685
confirmation,2024-10-18,all_gene,0.0032128322891206516
confirmation,2024-10-21,all_gene,-0.009167951136656883
confirmation,2024-10-22,all_gene,-0.003131058367380954
confirmation,2024-10-23,all_gene,-0.004202591310426434
confirmation,2024-10-24,all_gene,0.00040614591526190816
confirmation,2024-10-25,all_gene,-0.007755729834805551
confirmation,2024-10-28,all_gene,0.009478158177120265
confirmation,2024-10-29,all_gene,-0.003122431110154313
confirmation,2024-10-30,all_gene,0.002627836468156177
confirmation,2024-10-31,all_gene,-0.011601601698370958
confirmation,2024-10-01,random,-0.014483608703041656
confirmation,2024-10-02,random,0.0016426703066931912
confirmation,2024-10-03,random,0.0006498847147581545
confirmation,2024-10-04,random,0.010741716258179766
confirmation,2024-10-07,random,-0.009499161930056009
confirmation,2024-10-08,random,0.013057700344845201
confirmation,2024-10-09,random,0.00695462170603067
confirmation,2024-10-10,random,-0.0010515129112556281
confirmation,2024-10-11,random,0.0053582297190061965
confirmation,2024-10-14,random,0.008986011531077684
confirmation,2024-10-15,random,-0.008984560819226385
confirmation,2024-10-16,random,0.0038294621207929105
confirmation,2024-10-17,random,0.0007672296108429864
confirmation,2024-10-18,random,0.004056027843943629
confirmation,2024-10-21,random,0.0012671352468303634
confirmation,2024-10-22,random,-4.9746868885963e-05
confirmation,2024-10-23,random,-0.012546459846520343
confirmation,2024-10-24,random,0.002866090402205824
confirmation,2024-10-25,random,0.0022392012842976316
confirmation,2024-10-28,random,0.0028954141266981873
confirmation,2024-10-29,random,0.006079722115645111
confirmation,2024-10-30,random,-0.004663324856999908
confirmation,2024-10-31,random,-0.0231634774295494
confirmation,2024-10-01,min_variance,-0.0005166932617518994
confirmation,2024-10-02,min_variance,-0.0011046545748246662
confirmation,2024-10-03,min_variance,-0.006190681714676967
confirmation,2024-10-04,min_variance,0.006054853504941525
confirmation,2024-10-07,min_variance,-0.006559039593077451
confirmation,2024-10-08,min_variance,0.0010145977966999592
confirmation,2024-10-09,min_variance,0.0062246624923588305
confirmation,2024-10-10,min_variance,-0.0037852571873647862
confirmation,2024-10-11,min_variance,0.009538005159486137
confirmation,2024-10-14,min_variance,0.004287681666855634
confirmation,2024-10-15,min_variance,-0.0060319928975298845
confirmation,2024-10-16,min_variance,0.005101716808260156
confirmation,2024-10-17,min_variance,-0.002429345177172022
confirmation,2024-10-18,min_variance,0.0036850126882645223
confirmation,2024-10-21,min_variance,-0.008766583414810533
confirmation,2024-10-22,min_variance,-0.0018339496370534535
confirmation,2024-10-23,min_variance,-0.004079534224893718
confirmation,2024-10-24,min_variance,-0.0004935314757587724
confirmation,2024-10-25,min_variance,-0.004967800595753539
confirmation,2024-10-28,min_variance,0.0035697337931254337
confirmation,2024-10-29,min_variance,-0.00469647221487299
confirmation,2024-10-30,min_variance,-0.004199060742704095
confirmation,2024-10-31,min_variance,-0.008243627848316695
confirmation,2024-10-01,equal_weight,-0.0059
confirmation,2024-10-02,equal_weight,-0.0009000000000000001
confirmation,2024-10-03,equal_weight,-0.00444
confirmation,2024-10-04,equal_weight,0.009420000000000001
confirmation,2024-10-07,equal_weight,-0.00906
confirmation,2024-10-08,equal_weight,0.005980000000000001
confirmation,2024-10-09,equal_weight,0.00696
confirmation,2024-10-10,equal_weight,-0.0027
confirmation,2024-10-11,equal_weight,0.008719999999999999
confirmation,2024-10-14,equal_weight,0.0058
confirmation,2024-10-15,equal_weight,-0.00548
confirmation,2024-10-16,equal_weight,0.0057
confirmation,2024-10-17,equal_weight,-0.00128
confirmation,2024-10-18,equal_weight,0.0037400000000000003
confirmation,2024-10-21,equal_weight,-0.005720000000000001
confirmation,2024-10-22,equal_weight,-0.00122
confirmation,2024-10-23,equal_weight,-0.00728
confirmation,2024-10-24,equal_weight,0.0028399999999999996
confirmation,2024-10-25,equal_weight,-0.00266
confirmation,2024-10-28,equal_weight,0.0042
confirmation,2024-10-29,equal_weight,-0.0012800000000000003
confirmation,2024-10-30,equal_weight,-0.0029000000000000002
confirmation,2024-10-31,equal_weight,-0.01354
confirmation,2024-11-01,localized,0.005485694109479429
confirmation,2024-11-04,localized,-0.002518451273242273
confirmation,2024-11-05,localized,0.014153521753395473
confirmation,2024-11-06,localized,0.026116586446437825
confirmation,2024-11-07,localized,0.01801631303856835
confirmation,2024-11-08,localized,-0.002313735993296721
confirmation,2024-11-11,localized,-0.003325220587744775
confirmation,2024-11-12,localized,0.0033746323101653958
confirmation,2024-11-13,localized,-0.004298142262238238
confirmation,2024-11-14,localized,-0.0038825473916684287
confirmation,2024-11-15,localized,-0.02280480494932
confirmation,2024-11-18,localized,0.0035780437396387144
confirmation,2024-11-19,localized,0.01212360673481868
confirmation,2024-11-20,localized,-0.0006411213594439814
confirmation,2024-11-21,localized,0.0025372222851511696
confirmation,2024-11-22,localized,-0.0005648238322676049
confirmation,2024-11-25,localized,-4.2083547586944264e-05
confirmation,2024-11-26,localized,0.00670876239066802
confirmation,2024-11-27,localized,-0.00851257564225603
confirmation,2024-11-29,localized,0.007856917286900125
confirmation,2024-11-01,all_gene,0.0018610013264141363
confirmation,2024-11-04,all_gene,-0.004884906012443587
confirmation,2024-11-05,all_gene,0.013111952602323592
confirmation,2024-11-06,all_gene,0.05563743590150948
confirmation,2024-11-07,all_gene,-0.01020158186946912
confirmation,2024-11-08,all_gene,0.007524470032115805
confirmation,2024-11-11,all_gene,0.014179114258055623
confirmation,2024-11-12,all_gene,-0.006003151176233857
confirmation,2024-11-13,all_gene,-0.0017469196392265775
confirmation,2024-11-14,all_gene,-0.005345312277602258
confirmation,2024-11-15,all_gene,-7.085493673251441e-05
confirmation,2024-11-18,all_gene,0.002926015869506519
confirmation,2024-11-19,all_gene,-0.0027562695790413817
confirmation,2024-11-20,all_gene,0.0012739984284648245
confirmation,2024-11-21,all_gene,0.011357833147608427
confirmation,2024-11-22,all_gene,0.010809868593873367
confirmation,2024-11-25,all_gene,0.009694789117276831
confirmation,2024-11-26,all_gene,-0.00045937798610903396
confirmation,2024-11-27,all_gene,0.0008729459208381254
confirmation,2024-11-29,all_gene,0.0015379941933467188
confirmation,2024-11-01,random,0.003455468104060032
confirmation,2024-11-04,random,-0.0036759599635204404
confirmation,2024-11-05,random,0.013362840913902921
confirmation,2024-11-06,random,0.03842818311247487
confirmation,2024-11-07,random,0.004116537878091932
confirmation,2024-11-08,random,0.0031365289879419994
confirmation,2024-11-11,random,0.004877647171465672
confirmation,2024-11-12,random,-0.002083329819721621
confirmation,2024-11-13,random,-0.0028455540490581635
confirmation,2024-11-14,random,-0.005285642865332301
confirmation,2024-11-15,random,-0.012006515697195887
confirmation,2024-11-18,random,0.003230842361796613
confirmation,2024-11-19,random,0.004521205581968544
confirmation,2024-11-20,random,0.0006345293494338323
confirmation,2024-11-21,random,0.006977380638195607
confirmation,2024-11-22,random,0.005207406830373925
confirmation,2024-11-25,random,0.00497583390481693
confirmation,2024-11-26,random,0.003416116935881674
confirmation,2024-11-27,random,-0.0034680260280790824
confirmation,2024-11-29,random,0.004638644177712449
confirmation,2024-11-01,min_variance,0.0016282714059422292
confirmation,2024-11-04,min_variance,-0.0012557013544336078
confirmation,2024-11-05,min_variance,0.010263505606579007
confirmation,2024-11-06,min_variance,0.010680315372024166
confirmation,2024-11-07,min_variance,0.0034896105453455653
confirmation,2024-11-08,min_variance,0.00973555316541527
confirmation,2024-11-11,min_variance,2.853293156315339e-05
confirmation,2024-11-12,min_variance,-0.012349104608726817
confirmation,2024-11-13,min_variance,-1.4563993577387671e-05
confirmation,2024-11-14,min_variance,-0.011048414842148614
confirmation,2024-11-15,min_variance,-0.012953161299749874
confirmation,2024-11-18,min_variance,0.004084860842764461
confirmation,2024-11-19,min_variance,0.0006019060894133591
confirmation,2024-11-20,min_variance,0.005250432289502174
confirmation,2024-11-21,min_variance,0.010336813228181852
confirmation,2024-11-22,min_variance,0.006719716129151914
confirmation,2024-11-25,min_variance,0.004492903821093447
confirmation,2024-11-26,min_variance,0.004808618601258632
confirmation,2024-11-27,min_variance,0.000652843842803492
confirmation,2024-11-29,min_variance,0.0036970283447213302
confirmation,2024-11-01,equal_weight,0.00446
confirmation,2024-11-04,equal_weight,-0.00236
confirmation,2024-11-05,equal_weight,0.01234
confirmation,2024-11-06,equal_weight,0.024760000000000004
confirmation,2024-11-07,equal_weight,0.004400000000000001
confirmation,2024-11-08,equal_weight,0.007220000000000001
confirmation,2024-11-11,equal_weight,0.00362
confirmation,2024-11-12,equal_weight,-0.0071
confirmation,2024-11-13,equal_weight,-3.999999999999994e-05
confirmation,2024-11-14,equal_weight,-0.0089
confirmation,2024-11-15,equal_weight,-0.012480000000000002
confirmation,2024-11-18,equal_weight,0.004280000000000001
confirmation,2024-11-19,equal_weight,0.00296
confirmation,2024-11-20,equal_weight,0.0019999999999999996
confirmation,2024-11-21,equal_weight,0.007960000000000002
confirmation,2024-11-22,equal_weight,0.006920000000000001
confirmation,2024-11-25,equal_weight,0.00524
confirmation,2024-11-26,equal_weight,0.0045000000000000005
confirmation,2024-11-27,equal_weight,-0.0018400000000000005
confirmation,2024-11-29,equal_weight,0.0048200000000000005
confirmation,2024-12-02,localized,0.009665487594229416
confirmation,2024-12-03,localized,0.006859834211741843
confirmation,2024-12-04,localized,0.016344714315832738
confirmation,2024-12-05,localized,-0.0036369839846269714
confirmation,2024-12-06,localized,0.0053607124360176926
confirmation,2024-12-09,localized,-0.007379534704189015
confirmation,2024-12-10,localized,-0.005251369392274813
confirmation,2024-12-11,localized,0.017464383478507296
confirmation,2024-12-12,localized,-0.005202339995440847
confirmation,2024-12-13,localized,0.0010097927930845403
confirmation,2024-12-16,localized,0.010898833206818125
confirmation,2024-12-17,localized,-0.0057569204664155715
confirmation,2024-12-18,localized,-0.03164186166074648
confirmation,2024-12-19,localized,0.0005755408892115077
confirmation,2024-12-20,localized,0.013913474757372913
confirmation,2024-12-23,localized,0.010929683781721083
confirmation,2024-12-24,localized,0.010170361558010271
confirmation,2024-12-26,localized,0.00037361190292299563
confirmation,2024-12-27,localized,-0.013907725887793243
confirmation,2024-12-30,localized,-0.01092139732810722
confirmation,2024-12-31,localized,-0.009279891589430964
confirmation,2024-12-02,all_gene,-0.006881666215957723
confirmation,2024-12-03,all_gene,-0.006287376215729387
confirmation,2024-12-04,all_gene,-0.000983971556511433
confirmation,2024-12-05,all_gene,-0.004980916254369503
confirmation,2024-12-06,all_gene,-0.0004735775346773812
confirmation,2024-12-09,all_gene,-0.010988214230211237
confirmation,2024-12-10,all_gene,-0.002192513603233965
confirmation,2024-12-11,all_gene,0.0004207647819696732
confirmation,2024-12-12,all_gene,-0.006697963750097267
confirmation,2024-12-13,all_gene,-0.003788915040845596
confirmation,2024-12-16,all_gene,-0.0014783725553965616
confirmation,2024-12-17,all_gene,-0.009082738736900159
confirmation,2024-12-18,all_gene,-0.030812587609383223
confirmation,2024-12-19,all_gene,0.0007931581727732247
confirmation,2024-12-20,all_gene,0.013677496332433299
confirmation,2024-12-23,all_gene,0.002196796143151887
confirmation,2024-12-24,all_gene,0.010917354820576819
confirmation,2024-12-26,all_gene,0.0024892624377716274
confirmation,2024-12-27,all_gene,-0.009010729101111312
confirmation,2024-12-30,all_gene,-0.008909220320109254
confirmation,2024-12-31,all_gene,-0.0006100400577738451
confirmation,2024-12-02,random,-0.0050823208686869015
confirmation,2024-12-03,random,-0.004825199269802498
confirmation,2024-12-04,random,0.0004216104620823341
confirmation,2024-12-05,random,-0.004235586290617305
confirmation,2024-12-06,random,6.159207118280001e-05
confirmation,2024-12-09,random,-0.009746353963645066
confirmation,2024-12-10,random,-0.0025986289243735018
confirmation,2024-12-11,random,0.002217628647517293
confirmation,2024-12-12,random,-0.006572261064693124
confirmation,2024-12-13,random,-0.0029309597941059515
confirmation,2024-12-16,random,-0.0005069306841092246
confirmation,2024-12-17,random,-0.00788588681741674
confirmation,2024-12-18,random,-0.030812278112691147
confirmation,2024-12-19,random,5.6482222295696776e-05
confirmation,2024-12-20,random,0.012577649790304717
confirmation,2024-12-23,random,0.002995411403096741
confirmation,2024-12-24,random,0.010834838910477016
confirmation,2024-12-26,random,0.0018114989164414255
confirmation,2024-12-27,random,-0.009310687669670779
confirmation,2024-12-30,random,-0.009204020848624499
confirmation,2024-12-31,random,-0.001079940270181148
confirmation,2024-12-02,min_variance,-0.002296104648717354
confirmation,2024-12-03,min_variance,-0.0040291851422745535
confirmation,2024-12-04,min_variance,-0.0011874469563653027
confirmation,2024-12-05,min_variance,-0.003564584092352054
confirmation,2024-12-06,min_variance,-0.0014300239659411009
confirmation,2024-12-09,min_variance,-0.004856492015068187
confirmation,2024-12-10,min_variance,-0.0046107831257627945
confirmation,2024-12-11,min_variance,-0.001192591338449168
confirmation,2024-12-12,min_variance,-0.007573890475183109
confirmation,2024-12-13,min_variance,-0.0016005821769454745
confirmation,2024-12-16,min_variance,-0.004479587856513491
confirmation,2024-12-17,min_variance,-0.00155427507417926
confirmation,2024-12-18,min_variance,-0.027513954711296758
confirmation,2024-12-19,min_variance,-0.0043878679347137866
confirmation,2024-12-20,min_variance,0.009175686437723552
confirmation,2024-12-23,min_variance,0.005949718377450806
confirmation,2024-12-24,min_variance,0.007071506025081494
confirmation,2024-12-26,min_variance,0.0006948779650471782
confirmation,2024-12-27,min_variance,-0.007155893400504486
confirmation,2024-12-30,min_variance,-0.010422214416642648
confirmation,2024-12-31,min_variance,0.0024519061406407757
confirmation,2024-12-02,equal_weight,0.0004800000000000002
confirmation,2024-12-03,equal_weight,-0.0014800000000000002
confirmation,2024-12-04,equal_weight,0.003920000000000001
confirmation,2024-12-05,equal_weight,-0.0024200000000000003
confirmation,2024-12-06,equal_weight,0.0027400000000000007
confirmation,2024-12-09,equal_weight,-0.0064600000000000005
confirmation,2024-12-10,equal_weight,-0.0032199999999999998
confirmation,2024-12-11,equal_weight,0.0048600000000000015
confirmation,2024-12-12,equal_weight,-0.006640000000000001
confirmation,2024-12-13,equal_weight,-0.00086
confirmation,2024-12-16,equal_weight,0.0016000000000000003
confirmation,2024-12-17,equal_weight,-0.00338
confirmation,2024-12-18,equal_weight,-0.030580000000000003
confirmation,2024-12-19,equal_weight,-0.0022
confirmation,2024-12-20,equal_weight,0.00976
confirmation,2024-12-23,equal_weight,0.0054600000000000004
confirmation,2024-12-24,equal_weight,0.010539999999999999
confirmation,2024-12-26,equal_weight,0.00034
confirmation,2024-12-27,equal_weight,-0.01014
confirmation,2024-12-30,equal_weight,-0.0109
confirmation,2024-12-31,equal_weight,-0.0018800000000000006
later_vintage,2025-01-02,localized,-0.0022922715083646167
later_vintage,2025-01-03,localized,0.012277156052139962
later_vintage,2025-01-06,localized,0.0013977746741252464
later_vintage,2025-01-07,localized,-0.007640895716924459
later_vintage,2025-01-08,localized,0.0013991966480552654
later_vintage,2025-01-10,localized,-0.012871468156419884
later_vintage,2025-01-13,localized,0.005558051769064419
later_vintage,2025-01-14,localized,0.006178079701937209
later_vintage,2025-01-15,localized,0.01687360111731491
later_vintage,2025-01-16,localized,0.0031115605213996073
later_vintage,2025-01-17,localized,0.009335484916143555
later_vintage,2025-01-21,localized,0.009931902048445717
later_vintage,2025-01-22,localized,-0.0009153001861841052
later_vintage,2025-01-23,localized,0.004883277839885875
later_vintage,2025-01-24,localized,-0.002445872625679528
later_vintage,2025-01-27,localized,-0.00923452476711216
later_vintage,2025-01-28,localized,0.001721329608950296
later_vintage,2025-01-29,localized,-0.0027743121042799216
later_vintage,2025-01-30,localized,0.008528624208559843
later_vintage,2025-01-31,localized,-0.007731745251359057
later_vintage,2025-01-02,all_gene,-0.0013628268696017538
later_vintage,2025-01-03,all_gene,0.01366942688923278
later_vintage,2025-01-06,all_gene,0.006110890973642285
later_vintage,2025-01-07,all_gene,-0.011368560730221883
later_vintage,2025-01-08,all_gene,0.0011932219048722153
later_vintage,2025-01-10,all_gene,-0.014028538338479174
later_vintage,2025-01-13,all_gene,0.0006683861702814283
later_vintage,2025-01-14,all_gene,-0.0011881085155350595
later_vintage,2025-01-15,all_gene,0.018437346853827537
later_vintage,2025-01-16,all_gene,-0.0020401657926766236
later_vintage,2025-01-17,all_gene,0.008810961871426697
later_vintage,2025-01-21,all_gene,0.010200830726675632
later_vintage,2025-01-22,all_gene,0.006394252204855343
later_vintage,2025-01-23,all_gene,0.005294784146110764
later_vintage,2025-01-24,all_gene,-0.002493415642722849
later_vintage,2025-01-27,all_gene,-0.014657977103221623
later_vintage,2025-01-28,all_gene,0.010613171964094751
later_vintage,2025-01-29,all_gene,-0.004369049116246054
later_vintage,2025-01-30,all_gene,0.005704620630948755
later_vintage,2025-01-31,all_gene,-0.004602706962864448
later_vintage,2025-01-02,random,-7.887612081280667e-05
later_vintage,2025-01-03,random,0.01427364877126433
later_vintage,2025-01-06,random,0.01107929112527887
later_vintage,2025-01-07,random,-0.01642212732004705
later_vintage,2025-01-08,random,-2.997110276409872e-05
later_vintage,2025-01-10,random,-0.017060696697346524
later_vintage,2025-01-13,random,-0.0033666437426046665
later_vintage,2025-01-14,random,-0.0005703505582259598
later_vintage,2025-01-15,random,0.020256668982308126
later_vintage,2025-01-16,random,-0.0062213818130956505
later_vintage,2025-01-17,random,0.011663624300217118
later_vintage,2025-01-21,random,0.008140349622338368
later_vintage,2025-01-22,random,0.013505594439878888
later_vintage,2025-01-23,random,0.0036015515298860666
later_vintage,2025-01-24,random,-0.004275616601827796
later_vintage,2025-01-27,random,-0.03327613003771783
later_vintage,2025-01-28,random,0.021973795073151385
later_vintage,2025-01-29,random,-0.0066484979716102425
later_vintage,2025-01-30,random,0.002618597815031199
later_vintage,2025-01-31,random,-0.00450860029676657
later_vintage,2025-01-02,min_variance,-0.0002115003418206028
later_vintage,2025-01-03,min_variance,0.00898950269398326
later_vintage,2025-01-06,min_variance,-0.0034438425190859785
later_vintage,2025-01-07,min_variance,0.001873408616997208
later_vintage,2025-01-08,min_variance,0.0019615160999125985
later_vintage,2025-01-10,min_variance,-0.0076352523215879355
later_vintage,2025-01-13,min_variance,0.008783168214594824
later_vintage,2025-01-14,min_variance,-0.0014780223281171468
later_vintage,2025-01-15,min_variance,0.010388128242013189
later_vintage,2025-01-16,min_variance,0.010554758929965746
later_vintage,2025-01-17,min_variance,0.0004192172277132114
later_vintage,2025-01-21,min_variance,0.013408453056093837
later_vintage,2025-01-22,min_variance,-0.00554859774044883
later_vintage,2025-01-23,min_variance,0.008768768239722871
later_vintage,2025-01-24,min_variance,-0.0010985291697467251
later_vintage,2025-01-27,min_variance,0.004121876896692228
later_vintage,2025-01-28,min_variance,-0.006685168115701328
later_vintage,2025-01-29,min_variance,-0.0011520049021123055
later_vintage,2025-01-30,min_variance,0.011683154626887824
later_vintage,2025-01-31,min_variance,-0.00891187817430302
later_vintage,2025-01-02,equal_weight,-0.0015400000000000004
later_vintage,2025-01-03,equal_weight,0.0122
later_vintage,2025-01-06,equal_weight,0.0018800000000000004
later_vintage,2025-01-07,equal_weight,-0.00658
later_vintage,2025-01-08,equal_weight,0.0019200000000000003
later_vintage,2025-01-10,equal_weight,-0.012640000000000002
later_vintage,2025-01-13,equal_weight,0.00442
later_vintage,2025-01-14,equal_weight,0.0006999999999999997
later_vintage,2025-01-15,equal_weight,0.0167
later_vintage,2025-01-16,equal_weight,0.0023400000000000005
later_vintage,2025-01-17,equal_weight,0.006500000000000001
later_vintage,2025-01-21,equal_weight,0.011340000000000001
later_vintage,2025-01-22,equal_weight,0.0008400000000000003
later_vintage,2025-01-23,equal_weight,0.0066
later_vintage,2025-01-24,equal_weight,-0.00152
later_vintage,2025-01-27,equal_weight,-0.0036600000000000014
later_vintage,2025-01-28,equal_weight,0.002300000000000001
later_vintage,2025-01-29,equal_weight,-0.0026200000000000004
later_vintage,2025-01-30,equal_weight,0.00822
later_vintage,2025-01-31,equal_weight,-0.005880000000000001
later_vintage,2025-02-03,localized,-0.006471356356458836
later_vintage,2025-02-04,localized,0.006274450625331095
later_vintage,2025-02-05,localized,0.002471122503191635
later_vintage,2025-02-06,localized,0.001181251359533915
later_vintage,2025-02-07,localized,-0.009208787589573853
later_vintage,2025-02-10,localized,0.007914334910425098
later_vintage,2025-02-11,localized,0.0005313852370402714
later_vintage,2025-02-12,localized,-0.006267329660190778
later_vintage,2025-02-13,localized,0.009623003010001546
later_vintage,2025-02-14,localized,-0.0015172386204288441
later_vintage,2025-02-18,localized,0.005292250616183557
later_vintage,2025-02-19,localized,0.0010446659121804993
later_vintage,2025-02-20,localized,-0.005874305274825379
later_vintage,2025-02-21,localized,-0.017453444267391427
later_vintage,2025-02-24,localized,-0.004186931723617997
later_vintage,2025-02-25,localized,-0.0033475164439678864
later_vintage,2025-02-26,localized,-0.0014052405903123536
later_vintage,2025-02-27,localized,-0.011886269754397202
later_vintage,2025-02-28,localized,0.015283956786342782
later_vintage,2025-02-03,all_gene,-0.007950402047255294
later_vintage,2025-02-04,all_gene,0.008580565846704595
later_vintage,2025-02-05,all_gene,0.0012467123599850943
later_vintage,2025-02-06,all_gene,0.0030891800003219603
later_vintage,2025-02-07,all_gene,-0.012857106164271692
later_vintage,2025-02-10,all_gene,0.007016630403333318
later_vintage,2025-02-11,all_gene,-0.0023698764334646543
later_vintage,2025-02-12,all_gene,-0.002651233205422004
later_vintage,2025-02-13,all_gene,0.012390658562786159
later_vintage,2025-02-14,all_gene,-0.001425899646178193
later_vintage,2025-02-18,all_gene,0.0009911806558634355
later_vintage,2025-02-19,all_gene,0.0019098903913890271
later_vintage,2025-02-20,all_gene,-0.006907840681710071
later_vintage,2025-02-21,all_gene,-0.017452259174452717
later_vintage,2025-02-24,all_gene,-0.005847432400530253
later_vintage,2025-02-25,all_gene,-0.004137213955912125
later_vintage,2025-02-26,all_gene,-0.0022555573351894557
later_vintage,2025-02-27,all_gene,-0.015971681081908898
later_vintage,2025-02-28,all_gene,0.01582793891523395
later_vintage,2025-02-03,random,-0.007376925950630564
later_vintage,2025-02-04,random,0.0055746014364082075
later_vintage,2025-02-05,random,0.0009543825792709733
later_vintage,2025-02-06,random,0.00445677434008606
later_vintage,2025-02-07,random,-0.01191092771586528
later_vintage,2025-02-10,random,0.0030736250102411196
later_vintage,2025-02-11,random,-0.002343899870283044
later_vintage,2025-02-12,random,-0.0033341154332471442
later_vintage,2025-02-13,random,0.011588575745864336
later_vintage,2025-02-14,random,-0.001437857015799791
later_vintage,2025-02-18,random,0.0006970268292919846
later_vintage,2025-02-19,random,0.000608419962860792
later_vintage,2025-02-20,random,-0.011661326222571298
later_vintage,2025-02-21,random,-0.0182199955865593
later_vintage,2025-02-24,random,-0.003382502633824349
later_vintage,2025-02-25,random,-0.00036018886803445454
later_vintage,2025-02-26,random,-0.004494369033135175
later_vintage,2025-02-27,random,-0.007273081024256967
later_vintage,2025-02-28,random,0.017024518391283446
later_vintage,2025-02-03,min_variance,-0.0008854433994499062
later_vintage,2025-02-04,min_variance,0.003350618261077192
later_vintage,2025-02-05,min_variance,0.007812561850442825
later_vintage,2025-02-06,min_variance,-0.005176224183701999
later_vintage,2025-02-07,min_variance,-0.007082475201113171
later_vintage,2025-02-10,min_variance,0.006211443763560696
later_vintage,2025-02-11,min_variance,0.0009531992233342509
later_vintage,2025-02-12,min_variance,-0.005248505172081966
later_vintage,2025-02-13,min_variance,0.007050625629265843
later_vintage,2025-02-14,min_variance,-0.007441139615876724
later_vintage,2025-02-18,min_variance,0.008542453777041409
later_vintage,2025-02-19,min_variance,0.006106723392410746
later_vintage,2025-02-20,min_variance,0.0015625020012526932
later_vintage,2025-02-21,min_variance,-0.008843253243586854
later_vintage,2025-02-24,min_variance,0.0012295411100667957
later_vintage,2025-02-25,min_variance,0.0003632861149060705
later_vintage,2025-02-26,min_variance,-0.0024197620524708035
later_vintage,2025-02-27,min_variance,-0.00788711980139353
later_vintage,2025-02-28,min_variance,0.012541542727457007
later_vintage,2025-02-03,equal_weight,-0.00532
later_vintage,2025-02-04,equal_weight,0.00588
later_vintage,2025-02-05,equal_weight,0.004880000000000001
later_vintage,2025-02-06,equal_weight,0.00074
later_vintage,2025-02-07,equal_weight,-0.009380000000000001
later_vintage,2025-02-10,equal_weight,0.00538
later_vintage,2025-02-11,equal_weight,-0.0009600000000000001
later_vintage,2025-02-12,equal_weight,-0.00332
later_vintage,2025-02-13,equal_weight,0.010020000000000001
later_vintage,2025-02-14,equal_weight,-0.00262
later_vintage,2025-02-18,equal_weight,0.0039000000000000007
later_vintage,2025-02-19,equal_weight,0.00282
later_vintage,2025-02-20,equal_weight,-0.00466
later_vintage,2025-02-21,equal_weight,-0.015160000000000002
later_vintage,2025-02-24,equal_weight,-0.00268
later_vintage,2025-02-25,equal_weight,-0.00242
later_vintage,2025-02-26,equal_weight,-0.0016400000000000002
later_vintage,2025-02-27,equal_weight,-0.011640000000000001
later_vintage,2025-02-28,equal_weight,0.015160000000000002
later_vintage,2025-03-03,localized,-0.01666157751173444
later_vintage,2025-03-04,localized,-0.01974050161562194
later_vintage,2025-03-05,localized,0.011051365592262528
later_vintage,2025-03-06,localized,-0.019253269394301668
later_vintage,2025-03-07,localized,0.00018132408890369545
later_vintage,2025-03-10,localized,-0.028946958903040977
later_vintage,2025-03-11,localized,-0.0056988725437711425
later_vintage,2025-03-12,localized,0.004323026383139245
later_vintage,2025-03-13,localized,-0.01370245077856717
later_vintage,2025-03-14,localized,0.02299733417814028
later_vintage,2025-03-17,localized,0.009779536708606134
later_vintage,2025-03-18,localized,-0.009015723291709897
later_vintage,2025-03-19,localized,0.012577596156672524
later_vintage,2025-03-20,localized,-0.0012029586609839105
later_vintage,2025-03-21,localized,0.00020118197450060753
later_vintage,2025-03-24,localized,0.021318238545925322
later_vintage,2025-03-25,localized,0.0031903991255529843
later_vintage,2025-03-26,localized,-0.008663614125643449
later_vintage,2025-03-27,localized,-0.0030182991109614166
later_vintage,2025-03-28,localized,-0.02176418947509471
later_vintage,2025-03-31,localized,0.006259637518342383
later_vintage,2025-03-03,all_gene,-0.01767377468145689
later_vintage,2025-03-04,all_gene,-0.014501078024201123
later_vintage,2025-03-05,all_gene,0.012482851032726092
later_vintage,2025-03-06,all_gene,-0.01886853436666958
later_vintage,2025-03-07,all_gene,0.0003366209441854364
later_vintage,2025-03-10,all_gene,-0.029032517119811682
later_vintage,2025-03-11,all_gene,-0.004860898028227028
later_vintage,2025-03-12,all_gene,0.002630606845073608
later_vintage,2025-03-13,all_gene,-0.01737868977517899
later_vintage,2025-03-14,all_gene,0.018940543914096886
later_vintage,2025-03-17,all_gene,0.005262066329227663
later_vintage,2025-03-18,all_gene,-0.013967370349969251
later_vintage,2025-03-19,all_gene,0.01219092910193308
later_vintage,2025-03-20,all_gene,-0.002734761711297319
later_vintage,2025-03-21,all_gene,0.0033014616622117593
later_vintage,2025-03-24,all_gene,0.025496585519156942
later_vintage,2025-03-25,all_gene,0.0022173104696482067
later_vintage,2025-03-26,all_gene,-0.009876522060585601
later_vintage,2025-03-27,all_gene,3.017486226352165e-05
later_vintage,2025-03-28,all_gene,-0.021266768771091404
later_vintage,2025-03-31,all_gene,0.004357595653206894
later_vintage,2025-03-03,random,-0.01631782853803085
later_vintage,2025-03-04,random,-0.019108232929304036
later_vintage,2025-03-05,random,0.01097778439326541
later_vintage,2025-03-06,random,-0.018838616196472625
later_vintage,2025-03-07,random,0.0006864043233728028
later_vintage,2025-03-10,random,-0.028233522721173403
later_vintage,2025-03-11,random,-0.006022282194241302
later_vintage,2025-03-12,random,0.00415328647615808
later_vintage,2025-03-13,random,-0.013293290096815267
later_vintage,2025-03-14,random,0.02274453204765137
later_vintage,2025-03-17,random,0.00997319586507819
later_vintage,2025-03-18,random,-0.008653991346016816
later_vintage,2025-03-19,random,0.0123286400694326
later_vintage,2025-03-20,random,-0.0011896079004063578
later_vintage,2025-03-21,random,-0.00013131856481759987
later_vintage,2025-03-24,random,0.02042842751385964
later_vintage,2025-03-25,random,0.002512861576504172
later_vintage,2025-03-26,random,-0.008819444796406973
later_vintage,2025-03-27,random,-0.003205506996664304
later_vintage,2025-03-28,random,-0.02103453451203983
later_vintage,2025-03-31,random,0.0061953661132570295
later_vintage,2025-03-03,min_variance,-0.009925812615613492
later_vintage,2025-03-04,min_variance,-0.013404274760564732
later_vintage,2025-03-05,min_variance,0.00897566268906666
later_vintage,2025-03-06,min_variance,-0.00871648256303128
later_vintage,2025-03-07,min_variance,0.005523102711991923
later_vintage,2025-03-10,min_variance,-0.010540610149167462
later_vintage,2025-03-11,min_variance,-0.009980995266802538
later_vintage,2025-03-12,min_variance,-0.0043560250030545405
later_vintage,2025-03-13,min_variance,-0.008241375198981419
later_vintage,2025-03-14,min_variance,0.014131950910526304
later_vintage,2025-03-17,min_variance,0.01066368721866455
later_vintage,2025-03-18,min_variance,-0.005213399742965724
later_vintage,2025-03-19,min_variance,0.008582969409953626
later_vintage,2025-03-20,min_variance,-0.0017496916759424043
later_vintage,2025-03-21,min_variance,-0.005040565423683472
later_vintage,2025-03-24,min_variance,0.013111349559266704
later_vintage,2025-03-25,min_variance,-0.007307799280432751
later_vintage,2025-03-26,min_variance,-0.0035595523520401094
later_vintage,2025-03-27,min_variance,-0.0008288876425332487
later_vintage,2025-03-28,min_variance,-0.008400180598221098
later_vintage,2025-03-31,min_variance,0.006598826100307601
later_vintage,2025-03-03,equal_weight,-0.014680000000000002
later_vintage,2025-03-04,equal_weight,-0.014360000000000001
later_vintage,2025-03-05,equal_weight,0.01086
later_vintage,2025-03-06,equal_weight,-0.015460000000000002
later_vintage,2025-03-07,equal_weight,0.0032
later_vintage,2025-03-10,equal_weight,-0.02264
later_vintage,2025-03-11,equal_weight,-0.007300000000000001
later_vintage,2025-03-12,equal_weight,0.0012799999999999999
later_vintage,2025-03-13,equal_weight,-0.012660000000000001
later_vintage,2025-03-14,equal_weight,0.018820000000000003
later_vintage,2025-03-17,equal_weight,0.00876
later_vintage,2025-03-18,equal_weight,-0.00902
later_vintage,2025-03-19,equal_weight,0.01084
later_vintage,2025-03-20,equal_weight,-0.0019
later_vintage,2025-03-21,equal_weight,-0.0008200000000000001
later_vintage,2025-03-24,equal_weight,0.0184
later_vintage,2025-03-25,equal_weight,-0.00146
later_vintage,2025-03-26,equal_weight,-0.00838
later_vintage,2025-03-27,equal_weight,-0.002
later_vintage,2025-03-28,equal_weight,-0.01646
later_vintage,2025-03-31,equal_weight,0.0054
later_vintage,2025-04-01,localized,0.0039233168164490035
later_vintage,2025-04-02,localized,0.011600128497890275
later_vintage,2025-04-03,localized,-0.04635607999403659
later_vintage,2025-04-04,localized,-0.05633795759654641
later_vintage,2025-04-07,localized,-0.004263676540364984
later_vintage,2025-04-08,localized,-0.011981248299338321
later_vintage,2025-04-09,localized,0.0841038095910327
later_vintage,2025-04-10,localized,-0.026738059018710306
later_vintage,2025-04-11,localized,0.013605121847711668
later_vintage,2025-04-14,localized,0.00779886708794514
later_vintage,2025-04-15,localized,-0.001273067471936871
later_vintage,2025-04-16,localized,-0.01720347142923949
later_vintage,2025-04-17,localized,0.0008838708569733661
later_vintage,2025-04-21,localized,-0.022108462546368307
later_vintage,2025-04-22,localized,0.02926081109737937
later_vintage,2025-04-23,localized,0.014032474618152761
later_vintage,2025-04-24,localized,0.014953028696780155
later_vintage,2025-04-25,localized,0.0017521592358137315
later_vintage,2025-04-28,localized,0.0014991719887385807
later_vintage,2025-04-29,localized,0.006847653356909423
later_vintage,2025-04-30,localized,-0.00044002582836442125
later_vintage,2025-04-01,all_gene,0.00503940776877383
later_vintage,2025-04-02,all_gene,0.010967220065265914
later_vintage,2025-04-03,all_gene,-0.04533164585017571
later_vintage,2025-04-04,all_gene,-0.05357432575867515
later_vintage,2025-04-07,all_gene,-0.003888892356284512
later_vintage,2025-04-08,all_gene,-0.017351301189192293
later_vintage,2025-04-09,all_gene,0.09102132084021561
later_vintage,2025-04-10,all_gene,-0.029893204140326094
later_vintage,2025-04-11,all_gene,0.015146509501596246
later_vintage,2025-04-14,all_gene,0.007554785055474394
later_vintage,2025-04-15,all_gene,-0.003569420672625837
later_vintage,2025-04-16,all_gene,-0.021126768289542897
later_vintage,2025-04-17,all_gene,0.005116694483125521
later_vintage,2025-04-21,all_gene,-0.02260434475855535
later_vintage,2025-04-22,all_gene,0.026453019925740007
later_vintage,2025-04-23,all_gene,0.016313240367982547
later_vintage,2025-04-24,all_gene,0.017683908558147027
later_vintage,2025-04-25,all_gene,0.007287749963755247
later_vintage,2025-04-28,all_gene,0.0002599963400243574
later_vintage,2025-04-29,all_gene,0.006501928903644639
later_vintage,2025-04-30,all_gene,-0.0007219510589567644
later_vintage,2025-04-01,random,0.0033113869196529505
later_vintage,2025-04-02,random,0.00952325608416252
later_vintage,2025-04-03,random,-0.05057160700301212
later_vintage,2025-04-04,random,-0.05978900291221079
later_vintage,2025-04-07,random,-0.002340320734214244
later_vintage,2025-04-08,random,-0.012037081985763328
later_vintage,2025-04-09,random,0.0908273463129229
later_vintage,2025-04-10,random,-0.03140682596657144
later_vintage,2025-04-11,random,0.01572570357368521
later_vintage,2025-04-14,random,0.00816074430510461
later_vintage,2025-04-15,random,0.00035848450134475505
later_vintage,2025-04-16,random,-0.01936357661803563
later_vintage,2025-04-17,random,-0.001197403292705454
later_vintage,2025-04-21,random,-0.023117924729486122
later_vintage,2025-04-22,random,0.0285188606242123
later_vintage,2025-04-23,random,0.016151688494502593
later_vintage,2025-04-24,random,0.01883771178276584
later_vintage,2025-04-25,random,0.002280754500190932
later_vintage,2025-04-28,random,0.00163642151626258
later_vintage,2025-04-29,random,0.006554492901817043
later_vintage,2025-04-30,random,0.0009171966762420389
later_vintage,2025-04-01,min_variance,-0.007052588216522091
later_vintage,2025-04-02,min_variance,0.007212030741948156
later_vintage,2025-04-03,min_variance,-0.03551494039175683
later_vintage,2025-04-04,min_variance,-0.06104721788269431
later_vintage,2025-04-07,min_variance,-0.008141058902503792
later_vintage,2025-04-08,min_variance,-0.018143260014573698
later_vintage,2025-04-09,min_variance,0.06138269811891458
later_vintage,2025-04-10,min_variance,-0.03449271284026143
later_vintage,2025-04-11,min_variance,0.017801860861143208
later_vintage,2025-04-14,min_variance,0.01338895977416542
later_vintage,2025-04-15,min_variance,-0.003993271813718012
later_vintage,2025-04-16,min_variance,-0.010701902112039897
later_vintage,2025-04-17,min_variance,0.02001572136901737
later_vintage,2025-04-21,min_variance,-0.019901055804529957
later_vintage,2025-04-22,min_variance,0.019894257478251697
later_vintage,2025-04-23,min_variance,0.007058030730797862
later_vintage,2025-04-24,min_variance,0.016230297632658215
later_vintage,2025-04-25,min_variance,0.0036509162160843957
later_vintage,2025-04-28,min_variance,0.004444559815913789
later_vintage,2025-04-29,min_variance,0.005740085786659951
later_vintage,2025-04-30,min_variance,0.0009160483054927123
later_vintage,2025-04-01,equal_weight,0.00048000000000000007
later_vintage,2025-04-02,equal_weight,0.008740000000000001
later_vintage,2025-04-03,equal_weight,-0.044460000000000006
later_vintage,2025-04-04,equal_weight,-0.0584
later_vintage,2025-04-07,equal_weight,-0.00436
later_vintage,2025-04-08,equal_weight,-0.01664
later_vintage,2025-04-09,equal_weight,0.08338000000000001
later_vintage,2025-04-10,equal_weight,-0.0333
later_vintage,2025-04-11,equal_weight,0.016860000000000003
later_vintage,2025-04-14,equal_weight,0.009740000000000002
later_vintage,2025-04-15,equal_weight,-0.0024200000000000003
later_vintage,2025-04-16,equal_weight,-0.018060000000000003
later_vintage,2025-04-17,equal_weight,0.0082
later_vintage,2025-04-21,equal_weight,-0.02214
later_vintage,2025-04-22,equal_weight,0.0244
later_vintage,2025-04-23,equal_weight,0.013920000000000002
later_vintage,2025-04-24,equal_weight,0.01874
later_vintage,2025-04-25,equal_weight,0.00532
later_vintage,2025-04-28,equal_weight,0.00196
later_vintage,2025-04-29,equal_weight,0.0061600000000000005
later_vintage,2025-04-30,equal_weight,0.0006000000000000005
later_vintage,2025-05-01,localized,0.0013436811936356702
later_vintage,2025-05-02,localized,0.017009970014109217
later_vintage,2025-05-05,localized,-0.006230809968963051
later_vintage,2025-05-06,localized,-0.006047518748327294
later_vintage,2025-05-07,localized,0.006937041723811663
later_vintage,2025-05-08,localized,0.0073834164217367266
later_vintage,2025-05-09,localized,0.0009070540174297189
later_vintage,2025-05-12,localized,0.027818480605873195
later_vintage,2025-05-13,localized,0.002348879088864841
later_vintage,2025-05-14,localized,-0.0007139954717978623
later_vintage,2025-05-15,localized,0.0025966773310837545
later_vintage,2025-05-16,localized,0.009844322198537755
later_vintage,2025-05-19,localized,0.00065816450936226
later_vintage,2025-05-20,localized,-0.0037679073470430965
later_vintage,2025-05-21,localized,-0.01925762072244337
later_vintage,2025-05-22,localized,-0.0004131591076949918
later_vintage,2025-05-23,localized,-0.004116598414885916
later_vintage,2025-05-27,localized,0.01992228610566739
later_vintage,2025-05-28,localized,-0.007439736440678848
later_vintage,2025-05-29,localized,0.0018950263731307964
later_vintage,2025-05-30,localized,0.0012822168658230546
later_vintage,2025-05-01,all_gene,0.0005268811503180517
later_vintage,2025-05-02,all_gene,0.016384194981881463
later_vintage,2025-05-05,all_gene,-0.006242669055254089
later_vintage,2025-05-06,all_gene,-0.008007712062654252
later_vintage,2025-05-07,all_gene,0.006437978920218952
later_vintage,2025-05-08,all_gene,0.006473944672245348
later_vintage,2025-05-09,all_gene,-0.00011418409662269593
later_vintage,2025-05-12,all_gene,0.02963087104600292
later_vintage,2025-05-13,all_gene,0.002707344489543445
later_vintage,2025-05-14,all_gene,-0.0013442607512129446
later_vintage,2025-05-15,all_gene,0.003618169103858087
later_vintage,2025-05-16,all_gene,0.009789820284545704
later_vintage,2025-05-19,all_gene,0.0007525974749802363
later_vintage,2025-05-20,all_gene,-0.003344578650475486
later_vintage,2025-05-21,all_gene,-0.018657330384220534
later_vintage,2025-05-22,all_gene,-0.00040078562197309116
later_vintage,2025-05-23,all_gene,-0.004595558427909878
later_vintage,2025-05-27,all_gene,0.020020101614623687
later_vintage,2025-05-28,all_gene,-0.00707210693322842
later_vintage,2025-05-29,all_gene,0.0025915346122648906
later_vintage,2025-05-30,all_gene,0.0009116601062643609
later_vintage,2025-05-01,random,0.00022230764086398578
later_vintage,2025-05-02,random,0.01496058198392574
later_vintage,2025-05-05,random,-0.006538700352214275
later_vintage,2025-05-06,random,-0.007220297000309756
later_vintage,2025-05-07,random,0.006936555779564757
later_vintage,2025-05-08,random,0.006539762391055079
later_vintage,2025-05-09,random,0.0008600703149768081
later_vintage,2025-05-12,random,0.029759894972804617
later_vintage,2025-05-13,random,0.002556398596421813
later_vintage,2025-05-14,random,-0.0009778582828099157
later_vintage,2025-05-15,random,0.0036504573818504915
later_vintage,2025-05-16,random,0.009992892203070595
later_vintage,2025-05-19,random,0.00028611324791272366
later_vintage,2025-05-20,random,-0.0030875278031895414
later_vintage,2025-05-21,random,-0.01835598406919124
later_vintage,2025-05-22,random,-5.3844085768078344e-05
later_vintage,2025-05-23,random,-0.004278218479387875
later_vintage,2025-05-27,random,0.02018849956373663
later_vintage,2025-05-28,random,-0.007592283166501569
later_vintage,2025-05-29,random,0.0023045526447238417
later_vintage,2025-05-30,random,0.0007978030036723913
later_vintage,2025-05-01,min_variance,-0.01671559998691849
later_vintage,2025-05-02,min_variance,0.01627510670759824
later_vintage,2025-05-05,min_variance,-0.0066687447932199505
later_vintage,2025-05-06,min_variance,-0.019920876495105603
later_vintage,2025-05-07,min_variance,0.005141628229472255
later_vintage,2025-05-08,min_variance,-0.000707537253070412
later_vintage,2025-05-09,min_variance,-0.005962735549726607
later_vintage,2025-05-12,min_variance,0.025919266512040504
later_vintage,2025-05-13,min_variance,-0.007137032302474962
later_vintage,2025-05-14,min_variance,-0.015695949031781033
later_vintage,2025-05-15,min_variance,0.016571321396775678
later_vintage,2025-05-16,min_variance,0.013005719354151913
later_vintage,2025-05-19,min_variance,0.0024060933419791392
later_vintage,2025-05-20,min_variance,0.0002682069870968036
later_vintage,2025-05-21,min_variance,-0.019699559795324915
later_vintage,2025-05-22,min_variance,-0.004650868027055308
later_vintage,2025-05-23,min_variance,-0.00014737962954920777
later_vintage,2025-05-27,min_variance,0.015099077477066862
later_vintage,2025-05-28,min_variance,-0.00813349052975843
later_vintage,2025-05-29,min_variance,0.007402409870257061
later_vintage,2025-05-30,min_variance,0.0006025230996651519
later_vintage,2025-05-01,equal_weight,-0.000700000000000001
later_vintage,2025-05-02,equal_weight,0.01568
later_vintage,2025-05-05,equal_weight,-0.006540000000000001
later_vintage,2025-05-06,equal_weight,-0.01042
later_vintage,2025-05-07,equal_weight,0.00492
later_vintage,2025-05-08,equal_weight,0.00538
later_vintage,2025-05-09,equal_weight,-0.0015799999999999998
later_vintage,2025-05-12,equal_weight,0.03046
later_vintage,2025-05-13,equal_weight,0.00284
later_vintage,2025-05-14,equal_weight,-0.00396
later_vintage,2025-05-15,equal_weight,0.00702
later_vintage,2025-05-16,equal_weight,0.00944
later_vintage,2025-05-19,equal_weight,0.00078
later_vintage,2025-05-20,equal_weight,-0.0025
later_vintage,2025-05-21,equal_weight,-0.0181
later_vintage,2025-05-22,equal_weight,-0.0013800000000000002
later_vintage,2025-05-23,equal_weight,-0.0041
later_vintage,2025-05-27,equal_weight,0.01904
later_vintage,2025-05-28,equal_weight,-0.007060000000000001
later_vintage,2025-05-29,equal_weight,0.00428
later_vintage,2025-05-30,equal_weight,0.00034
later_vintage,2025-06-02,localized,0.0009865992659207983
later_vintage,2025-06-03,localized,0.003333640017005832
later_vintage,2025-06-04,localized,-0.003371292498791698
later_vintage,2025-06-05,localized,-0.0083796358921613
later_vintage,2025-06-06,localized,0.011142704460408161
later_vintage,2025-06-09,localized,0.0006438099289440345
later_vintage,2025-06-10,localized,0.003239842440466924
later_vintage,2025-06-11,localized,-0.0038990925284657523
later_vintage,2025-06-12,localized,-0.0004245605767841163
later_vintage,2025-06-13,localized,-0.01334795014917396
later_vintage,2025-06-16,localized,0.009153664168104987
later_vintage,2025-06-17,localized,-0.009108941686587324
later_vintage,2025-06-18,localized,0.0007899758764962155
later_vintage,2025-06-20,localized,0.0015027215553338042
later_vintage,2025-06-23,localized,0.01377391691868201
later_vintage,2025-06-24,localized,0.010485081048823366
later_vintage,2025-06-25,localized,-0.008577756248871915
later_vintage,2025-06-26,localized,0.00916874889963116
later_vintage,2025-06-27,localized,0.007707557023252343
later_vintage,2025-06-30,localized,0.0026772022287069267
later_vintage,2025-06-02,all_gene,0.001687371517907771
later_vintage,2025-06-03,all_gene,0.003793723467806446
later_vintage,2025-06-04,all_gene,-0.0029785450728094277
later_vintage,2025-06-05,all_gene,-0.010567780804040403
later_vintage,2025-06-06,all_gene,0.010876868117722082
later_vintage,2025-06-09,all_gene,0.0023773764713092733
later_vintage,2025-06-10,all_gene,0.004863470647476531
later_vintage,2025-06-11,all_gene,-0.004913291641833895
later_vintage,2025-06-12,all_gene,-5.53365715358681e-05
later_vintage,2025-06-13,all_gene,-0.011105308462867588
later_vintage,2025-06-16,all_gene,0.008832988773263809
later_vintage,2025-06-17,all_gene,-0.009832638669918844
later_vintage,2025-06-18,all_gene,0.0004343272454735515
later_vintage,2025-06-20,all_gene,0.0003200084829609809
later_vintage,2025-06-23,all_gene,0.013338915179179806
later_vintage,2025-06-24,all_gene,0.009255688034991381
later_vintage,2025-06-25,all_gene,-0.007857179144108859
later_vintage,2025-06-26,all_gene,0.008184683140766019
later_vintage,2025-06-27,all_gene,0.008048389199593494
later_vintage,2025-06-30,all_gene,0.0014970970477573022
later_vintage,2025-06-02,random,0.0017323055957038068
later_vintage,2025-06-03,random,0.003464248401119142
later_vintage,2025-06-04,random,-0.003949318073703578
later_vintage,2025-06-05,random,-0.014184717682643374
later_vintage,2025-06-06,random,0.01058028866839696
later_vintage,2025-06-09,random,0.00446414476510585
later_vintage,2025-06-10,random,0.006562548062586761
later_vintage,2025-06-11,random,-0.006055006951193695
later_vintage,2025-06-12,random,-0.0006094104149520687
later_vintage,2025-06-13,random,-0.00812912782561595
later_vintage,2025-06-16,random,0.0075337875562799415
later_vintage,2025-06-17,random,-0.010701726445548282
later_vintage,2025-06-18,random,-0.00019912406692458083
later_vintage,2025-06-20,random,7.419019857242605e-05
later_vintage,2025-06-23,random,0.013340732089797596
later_vintage,2025-06-24,random,0.006565208095259839
later_vintage,2025-06-25,random,-0.009696562653377514
later_vintage,2025-06-26,random,0.007019058178463052
later_vintage,2025-06-27,random,0.009156066374627556
later_vintage,2025-06-30,random,-0.0010851099705395813
later_vintage,2025-06-02,min_variance,0.0026463597919427232
later_vintage,2025-06-03,min_variance,0.005517784425143731
later_vintage,2025-06-04,min_variance,-0.0023781445662726945
later_vintage,2025-06-05,min_variance,-0.002014789712463681
later_vintage,2025-06-06,min_variance,0.009808352114365287
later_vintage,2025-06-09,min_variance,0.00028211068374747565
later_vintage,2025-06-10,min_variance,0.009088999123418935
later_vintage,2025-06-11,min_variance,-0.0005128032175001522
later_vintage,2025-06-12,min_variance,0.003874651333015042
later_vintage,2025-06-13,min_variance,-0.003964264431095249
later_vintage,2025-06-16,min_variance,0.0008635317236144437
later_vintage,2025-06-17,min_variance,-0.010954288585884089
later_vintage,2025-06-18,min_variance,-0.002004716155389222
later_vintage,2025-06-20,min_variance,-0.0014356305728024416
later_vintage,2025-06-23,min_variance,0.002664560138713728
later_vintage,2025-06-24,min_variance,0.007635011369150489
later_vintage,2025-06-25,min_variance,-0.0036526770614746865
later_vintage,2025-06-26,min_variance,0.006373387192544475
later_vintage,2025-06-27,min_variance,0.0009845581714722094
later_vintage,2025-06-30,min_variance,0.002406164344910714
later_vintage,2025-06-02,equal_weight,0.0030600000000000002
later_vintage,2025-06-03,equal_weight,0.005620000000000001
later_vintage,2025-06-04,equal_weight,-0.0014399999999999999
later_vintage,2025-06-05,equal_weight,-0.00502
later_vintage,2025-06-06,equal_weight,0.010520000000000002
later_vintage,2025-06-09,equal_weight,0.0010400000000000001
later_vintage,2025-06-10,equal_weight,0.006280000000000001
later_vintage,2025-06-11,equal_weight,-0.0025800000000000003
later_vintage,2025-06-12,equal_weight,0.00268
later_vintage,2025-06-13,equal_weight,-0.00906
later_vintage,2025-06-16,equal_weight,0.00676
later_vintage,2025-06-17,equal_weight,-0.009620000000000002
later_vintage,2025-06-18,equal_weight,-0.00032
later_vintage,2025-06-20,equal_weight,-0.0012200000000000002
later_vintage,2025-06-23,equal_weight,0.0082
later_vintage,2025-06-24,equal_weight,0.009980000000000001
later_vintage,2025-06-25,equal_weight,-0.0031999999999999997
later_vintage,2025-06-26,equal_weight,0.008
later_vintage,2025-06-27,equal_weight,0.0043
later_vintage,2025-06-30,equal_weight,0.0034600000000000004
later_vintage,2025-07-01,localized,0.00539904058450339
later_vintage,2025-07-02,localized,0.0007007434626283794
later_vintage,2025-07-03,localized,0.008023291113656688
later_vintage,2025-07-07,localized,-0.00854016302385371
later_vintage,2025-07-08,localized,-0.00604982905446352
later_vintage,2025-07-09,localized,0.0031219619412207905
later_vintage,2025-07-10,localized,0.005196669549096647
later_vintage,2025-07-11,localized,-0.0049833459220658466
later_vintage,2025-07-14,localized,0.004778568823443186
later_vintage,2025-07-15,localized,-0.013728494578756918
later_vintage,2025-07-16,localized,0.003843742145792594
later_vintage,2025-07-17,localized,0.006430335246072179
later_vintage,2025-07-18,localized,0.0004375483760870151
later_vintage,2025-07-21,localized,1.4496114609259276e-05
later_vintage,2025-07-22,localized,0.004903072564129141
later_vintage,2025-07-23,localized,0.00565401046648122
later_vintage,2025-07-24,localized,-0.006403201381236291
later_vintage,2025-07-25,localized,0.0068833372555199045
later_vintage,2025-07-28,localized,-0.0025231865751272537
later_vintage,2025-07-29,localized,-0.005198531256895322
later_vintage,2025-07-30,localized,-0.004122137542166417
later_vintage,2025-07-31,localized,-0.00582059051230971
later_vintage,2025-07-01,all_gene,0.005012273030994932
later_vintage,2025-07-02,all_gene,0.001027686549301416
later_vintage,2025-07-03,all_gene,0.007855856834101253
later_vintage,2025-07-07,all_gene,-0.008541685081388521
later_vintage,2025-07-08,all_gene,-0.005420078528457273
later_vintage,2025-07-09,all_gene,0.0034946901238868924
later_vintage,2025-07-10,all_gene,0.005150760648472963
later_vintage,2025-07-11,all_gene,-0.005108356653324782
later_vintage,2025-07-14,all_gene,0.00462624762679908
later_vintage,2025-07-15,all_gene,-0.013488082480143437
later_vintage,2025-07-16,all_gene,0.004132317331724147
later_vintage,2025-07-17,all_gene,0.00593547578982941
later_vintage,2025-07-18,all_gene,0.000295954846171541
later_vintage,2025-07-21,all_gene,-0.00014624063480285737
later_vintage,2025-07-22,all_gene,0.005039265502487761
later_vintage,2025-07-23,all_gene,0.00611327630326554
later_vintage,2025-07-24,all_gene,-0.006016216977270452
later_vintage,2025-07-25,all_gene,0.006666704908982979
later_vintage,2025-07-28,all_gene,-0.002548940604531263
later_vintage,2025-07-29,all_gene,-0.005121054391448681
later_vintage,2025-07-30,all_gene,-0.00392797184353227
later_vintage,2025-07-31,all_gene,-0.006140212188527853
later_vintage,2025-07-01,random,0.0016109996742123972
later_vintage,2025-07-02,random,0.0022794907608733005
later_vintage,2025-07-03,random,0.009435313528603034
later_vintage,2025-07-07,random,-0.00842074471221434
later_vintage,2025-07-08,random,-0.0032606022072768272
later_vintage,2025-07-09,random,0.004892963035728091
later_vintage,2025-07-10,random,0.003574673945513805
later_vintage,2025-07-11,random,-0.006564378162329417
later_vintage,2025-07-14,random,0.003795027043729037
later_vintage,2025-07-15,random,-0.009887465968649227
later_vintage,2025-07-16,random,0.004716349556290855
later_vintage,2025-07-17,random,0.007709681396543593
later_vintage,2025-07-18,random,-0.0015051484403552588
later_vintage,2025-07-21,random,-0.0005802961229029653
later_vintage,2025-07-22,random,0.002514546609318993
later_vintage,2025-07-23,random,0.007042920638513379
later_vintage,2025-07-24,random,-0.0015908787523291638
later_vintage,2025-07-25,random,0.0059151647715612425
later_vintage,2025-07-28,random,-0.0018961218999920166
later_vintage,2025-07-29,random,-0.005750438861545263
later_vintage,2025-07-30,random,-0.0019527158434780884
later_vintage,2025-07-31,random,-0.004765212305349122
later_vintage,2025-07-01,min_variance,0.0065049004437336445
later_vintage,2025-07-02,min_variance,0.005261237817952899
later_vintage,2025-07-03,min_variance,0.00339724565698169
later_vintage,2025-07-07,min_variance,-0.007738080584624114
later_vintage,2025-07-08,min_variance,0.00439470358423277
later_vintage,2025-07-09,min_variance,0.007388611622855507
later_vintage,2025-07-10,min_variance,0.006826660696017266
later_vintage,2025-07-11,min_variance,-0.006153286804504098
later_vintage,2025-07-14,min_variance,0.0018641925928311715
later_vintage,2025-07-15,min_variance,-0.014279237238144815
later_vintage,2025-07-16,min_variance,0.007339210183334085
later_vintage,2025-07-17,min_variance,-0.0016430706710584804
later_vintage,2025-07-18,min_variance,-0.0013195860188338294
later_vintage,2025-07-21,min_variance,-0.004837456317108251
later_vintage,2025-07-22,min_variance,0.010124970564343338
later_vintage,2025-07-23,min_variance,0.0130019713474449
later_vintage,2025-07-24,min_variance,-0.0022413622963303416
later_vintage,2025-07-25,min_variance,0.0037517693809230577
later_vintage,2025-07-28,min_variance,-0.004373787305269718
later_vintage,2025-07-29,min_variance,-0.00302750457963379
later_vintage,2025-07-30,min_variance,-0.003529582536178788
later_vintage,2025-07-31,min_variance,-0.012608879950739522
later_vintage,2025-07-01,equal_weight,0.00272
later_vintage,2025-07-02,equal_weight,0.00462
later_vintage,2025-07-03,equal_weight,0.006880000000000001
later_vintage,2025-07-07,equal_weight,-0.0082
later_vintage,2025-07-08,equal_weight,-0.0002400000000000002
later_vintage,2025-07-09,equal_weight,0.0061600000000000005
later_vintage,2025-07-10,equal_weight,0.00448
later_vintage,2025-07-11,equal_weight,-0.004880000000000001
later_vintage,2025-07-14,equal_weight,0.00272
later_vintage,2025-07-15,equal_weight,-0.009760000000000001
later_vintage,2025-07-16,equal_weight,0.0050799999999999994
later_vintage,2025-07-17,equal_weight,0.0033400000000000005
later_vintage,2025-07-18,equal_weight,-0.0002000000000000001
later_vintage,2025-07-21,equal_weight,-0.0010400000000000001
later_vintage,2025-07-22,equal_weight,0.0048000000000000004
later_vintage,2025-07-23,equal_weight,0.009060000000000002
later_vintage,2025-07-24,equal_weight,-0.00238
later_vintage,2025-07-25,equal_weight,0.004580000000000001
later_vintage,2025-07-28,equal_weight,-0.00162
later_vintage,2025-07-29,equal_weight,-0.0036600000000000005
later_vintage,2025-07-30,equal_weight,-0.0024400000000000003
later_vintage,2025-07-31,equal_weight,-0.0069
later_vintage,2025-08-01,localized,-0.020200011787680945
later_vintage,2025-08-04,localized,0.0094560799855006
later_vintage,2025-08-05,localized,-0.00031207230310441883
later_vintage,2025-08-06,localized,0.010957626758998845
later_vintage,2025-08-07,localized,-0.0028992130970182874
later_vintage,2025-08-08,localized,0.0062208813645750856
later_vintage,2025-08-11,localized,-5.5334179014841995e-06
later_vintage,2025-08-12,localized,0.01191759995785392
later_vintage,2025-08-13,localized,0.006826839461733047
later_vintage,2025-08-14,localized,0.0013585094678833876
later_vintage,2025-08-15,localized,-0.0036302799809673726
later_vintage,2025-08-18,localized,0.0022123935674680717
later_vintage,2025-08-19,localized,-6.145531584858603e-05
later_vintage,2025-08-20,localized,-0.0013937449357870062
later_vintage,2025-08-21,localized,-0.005125713300430602
later_vintage,2025-08-22,localized,0.019785792009003794
later_vintage,2025-08-25,localized,-0.006204284496013305
later_vintage,2025-08-26,localized,0.0044165767981005286
later_vintage,2025-08-27,localized,0.001215120988626716
later_vintage,2025-08-28,localized,0.001120020033449785
later_vintage,2025-08-29,localized,-0.001956950748142496
later_vintage,2025-08-01,all_gene,-0.02154390421837085
later_vintage,2025-08-04,all_gene,0.008409994003483006
later_vintage,2025-08-05,all_gene,5.9593326321155193e-05
later_vintage,2025-08-06,all_gene,0.015355991546220818
later_vintage,2025-08-07,all_gene,-0.00015304531037350195
later_vintage,2025-08-08,all_gene,0.004959467705332883
later_vintage,2025-08-11,all_gene,0.0006376141057026967
later_vintage,2025-08-12,all_gene,0.008896768766801953
later_vintage,2025-08-13,all_gene,0.006506181349627903
later_vintage,2025-08-14,all_gene,0.0008305972005262163
later_vintage,2025-08-15,all_gene,-0.00266578437383342
later_vintage,2025-08-18,all_gene,0.002227315337072971
later_vintage,2025-08-19,all_gene,-0.0007643926308667272
later_vintage,2025-08-20,all_gene,-0.0028406123976791316
later_vintage,2025-08-21,all_gene,-0.007296332894134799
later_vintage,2025-08-22,all_gene,0.019405342465450226
later_vintage,2025-08-25,all_gene,-0.005987086026450903
later_vintage,2025-08-26,all_gene,0.00317899720773119
later_vintage,2025-08-27,all_gene,0.0014950244658363762
later_vintage,2025-08-28,all_gene,0.0006764561672748886
later_vintage,2025-08-29,all_gene,-0.004129411628520484
later_vintage,2025-08-01,random,-0.019715359261045
later_vintage,2025-08-04,random,0.018732013710560585
later_vintage,2025-08-05,random,-0.005614412407160717
later_vintage,2025-08-06,random,0.010194642173640134
later_vintage,2025-08-07,random,-0.00021538820318883344
later_vintage,2025-08-08,random,0.008462587130772886
later_vintage,2025-08-11,random,-0.00278760444227405
later_vintage,2025-08-12,random,0.013260978917448745
later_vintage,2025-08-13,random,0.0016124455143228466
later_vintage,2025-08-14,random,-0.00037465607743499105
later_vintage,2025-08-15,random,-0.0020677750532113364
later_vintage,2025-08-18,random,0.00035471799789122077
later_vintage,2025-08-19,random,-0.011517305898082577
later_vintage,2025-08-20,random,-0.004655101621426483
later_vintage,2025-08-21,random,-0.004078534049118497
later_vintage,2025-08-22,random,0.01686675261444365
later_vintage,2025-08-25,random,-0.003154874068088887
later_vintage,2025-08-26,random,0.003942049606133411
later_vintage,2025-08-27,random,0.0029536807873521815
later_vintage,2025-08-28,random,0.0056480159589144905
later_vintage,2025-08-29,random,-0.0092858864991296
later_vintage,2025-08-01,min_variance,-0.0017879786615946033
later_vintage,2025-08-04,min_variance,0.011357499497674376
later_vintage,2025-08-05,min_variance,-0.003276156383440715
later_vintage,2025-08-06,min_variance,-0.0078766236836167
later_vintage,2025-08-07,min_variance,-0.005969343193464642
later_vintage,2025-08-08,min_variance,0.0030518011247792362
later_vintage,2025-08-11,min_variance,-0.0012806836389176203
later_vintage,2025-08-12,min_variance,0.008810521837990184
later_vintage,2025-08-13,min_variance,0.012314180058146865
later_vintage,2025-08-14,min_variance,-0.0016744488173844074
later_vintage,2025-08-15,min_variance,0.0008935500757218257
later_vintage,2025-08-18,min_variance,-0.0014651036395532321
later_vintage,2025-08-19,min_variance,0.003370427389673696
later_vintage,2025-08-20,min_variance,0.0037085405630179332
later_vintage,2025-08-21,min_variance,-0.0010268365470639247
later_vintage,2025-08-22,min_variance,0.012928862707152832
later_vintage,2025-08-25,min_variance,-0.010165805092817927
later_vintage,2025-08-26,min_variance,0.007711460894702038
later_vintage,2025-08-27,min_variance,0.0019671799559043473
later_vintage,2025-08-28,min_variance,-0.001811228833995657
later_vintage,2025-08-29,min_variance,-0.0010316573765861946
later_vintage,2025-08-01,equal_weight,-0.01238
later_vintage,2025-08-04,equal_weight,0.012920000000000001
later_vintage,2025-08-05,equal_weight,-0.0030600000000000002
later_vintage,2025-08-06,equal_weight,0.0033000000000000004
later_vintage,2025-08-07,equal_weight,-0.00338
later_vintage,2025-08-08,equal_weight,0.00558
later_vintage,2025-08-11,equal_weight,-0.0012600000000000003
later_vintage,2025-08-12,equal_weight,0.0109
later_vintage,2025-08-13,equal_weight,0.00756
later_vintage,2025-08-14,equal_weight,-0.0002799999999999999
later_vintage,2025-08-15,equal_weight,-0.00118
later_vintage,2025-08-18,equal_weight,0.00017999999999999988
later_vintage,2025-08-19,equal_weight,-0.0020200000000000005
later_vintage,2025-08-20,equal_weight,-0.00031999999999999986
later_vintage,2025-08-21,equal_weight,-0.0032600000000000003
later_vintage,2025-08-22,equal_weight,0.0161
later_vintage,2025-08-25,equal_weight,-0.00698
later_vintage,2025-08-26,equal_weight,0.0056
later_vintage,2025-08-27,equal_weight,0.002
later_vintage,2025-08-28,equal_weight,0.0012000000000000001
later_vintage,2025-08-29,equal_weight,-0.00374
later_vintage,2025-09-02,localized,-0.006260623045600097
later_vintage,2025-09-03,localized,0.0005354114038865943
later_vintage,2025-09-04,localized,0.012972448387697113
later_vintage,2025-09-05,localized,-0.006754305605368118
later_vintage,2025-09-08,localized,0.0028888246524038127
later_vintage,2025-09-09,localized,0.0018894851004758188
later_vintage,2025-09-10,localized,-0.006870188229706647
later_vintage,2025-09-11,localized,0.014645363818008513
later_vintage,2025-09-12,localized,-0.002494238600720222
later_vintage,2025-09-15,localized,0.0015779896041783672
later_vintage,2025-09-16,localized,0.0007951521858433604
later_vintage,2025-09-17,localized,0.0037198122402464623
later_vintage,2025-09-18,localized,-0.00012811429187069572
later_vintage,2025-09-19,localized,0.0014373481997076401
later_vintage,2025-09-22,localized,-0.001702437338843973
later_vintage,2025-09-23,localized,-0.004885044177373185
later_vintage,2025-09-24,localized,-0.00018156554428986216
later_vintage,2025-09-25,localized,-0.007312629632057103
later_vintage,2025-09-26,localized,0.00828376790767182
later_vintage,2025-09-29,localized,0.0036523665370359806
later_vintage,2025-09-30,localized,-0.0034145721891796614
later_vintage,2025-09-02,all_gene,-0.006055920784896613
later_vintage,2025-09-03,all_gene,0.002800854625709853
later_vintage,2025-09-04,all_gene,0.01443993994377389
later_vintage,2025-09-05,all_gene,-0.002058503065023201
later_vintage,2025-09-08,all_gene,0.003271008394968948
later_vintage,2025-09-09,all_gene,0.0015861876636160872
later_vintage,2025-09-10,all_gene,-0.008144027627478607
later_vintage,2025-09-11,all_gene,0.013674386597012297
later_vintage,2025-09-12,all_gene,0.0009082236131757904
later_vintage,2025-09-15,all_gene,0.004439785914404298
later_vintage,2025-09-16,all_gene,0.003425181782460399
later_vintage,2025-09-17,all_gene,0.0009669740679667393
later_vintage,2025-09-18,all_gene,-0.0015955735263101453
later_vintage,2025-09-19,all_gene,0.0017240658193614635
later_vintage,2025-09-22,all_gene,-0.0015251843495665874
later_vintage,2025-09-23,all_gene,-0.006900587611556408
later_vintage,2025-09-24,all_gene,0.0020010681172583705
later_vintage,2025-09-25,all_gene,-0.009683365898418872
later_vintage,2025-09-26,all_gene,0.008963781525531516
later_vintage,2025-09-29,all_gene,0.0034858173254235236
later_vintage,2025-09-30,all_gene,-0.0018125199859867686
later_vintage,2025-09-02,random,-0.0068429889425318845
later_vintage,2025-09-03,random,0.00896662603991013
later_vintage,2025-09-04,random,0.008207324628775629
later_vintage,2025-09-05,random,-0.00034475246769699185
later_vintage,2025-09-08,random,0.004172199065481341
later_vintage,2025-09-09,random,0.0030178131120244785
later_vintage,2025-09-10,random,0.006830329716159444
later_vintage,2025-09-11,random,0.006473685511517518
later_vintage,2025-09-12,random,0.000438692064109322
later_vintage,2025-09-15,random,0.007957343298878409
later_vintage,2025-09-16,random,-0.0014516732760353952
later_vintage,2025-09-17,random,-0.00295493092073434
later_vintage,2025-09-18,random,0.007915531704504528
later_vintage,2025-09-19,random,0.006454489354030839
later_vintage,2025-09-22,random,0.006641877466828139
later_vintage,2025-09-23,random,-0.008624991647417464
later_vintage,2025-09-24,random,-0.004263420599663914
later_vintage,2025-09-25,random,-0.005193668025088344
later_vintage,2025-09-26,random,0.004427831117841209
later_vintage,2025-09-29,random,0.0032375005214856792
later_vintage,2025-09-30,random,0.004203460244198721
later_vintage,2025-09-02,min_variance,-0.0005619868744108042
later_vintage,2025-09-03,min_variance,-0.004983304514985427
later_vintage,2025-09-04,min_variance,0.007214385749923781
later_vintage,2025-09-05,min_variance,0.00038752532003323223
later_vintage,2025-09-08,min_variance,-0.0025331280257417437
later_vintage,2025-09-09,min_variance,0.0005768226234387117
later_vintage,2025-09-10,min_variance,-0.0013663971126985708
later_vintage,2025-09-11,min_variance,0.012603032895577975
later_vintage,2025-09-12,min_variance,-0.006724083335649335
later_vintage,2025-09-15,min_variance,-0.0022575815433908963
later_vintage,2025-09-16,min_variance,0.0022660758110351733
later_vintage,2025-09-17,min_variance,0.0015493451037289258
later_vintage,2025-09-18,min_variance,0.005172103417953976
later_vintage,2025-09-19,min_variance,-0.003017685546730715
later_vintage,2025-09-22,min_variance,0.0016584843608041617
later_vintage,2025-09-23,min_variance,0.0009078069129710002
later_vintage,2025-09-24,min_variance,-0.0018674728478801988
later_vintage,2025-09-25,min_variance,-0.009824062758717562
later_vintage,2025-09-26,min_variance,0.01111067380966764
later_vintage,2025-09-29,min_variance,0.001005500723347916
later_vintage,2025-09-30,min_variance,0.010705487648825403
later_vintage,2025-09-02,equal_weight,-0.00394
later_vintage,2025-09-03,equal_weight,0.0006400000000000002
later_vintage,2025-09-04,equal_weight,0.009080000000000001
later_vintage,2025-09-05,equal_weight,-0.00184
later_vintage,2025-09-08,equal_weight,0.0009399999999999999
later_vintage,2025-09-09,equal_weight,0.00168
later_vintage,2025-09-10,equal_weight,-0.0005400000000000005
later_vintage,2025-09-11,equal_weight,0.0114
later_vintage,2025-09-12,equal_weight,-0.0035000000000000005
later_vintage,2025-09-15,equal_weight,0.0017399999999999998
later_vintage,2025-09-16,equal_weight,0.00074
later_vintage,2025-09-17,equal_weight,0.0008600000000000001
later_vintage,2025-09-18,equal_weight,0.004520000000000001
later_vintage,2025-09-19,equal_weight,0.0009999999999999998
later_vintage,2025-09-22,equal_weight,0.0021800000000000005
later_vintage,2025-09-23,equal_weight,-0.003500000000000001
later_vintage,2025-09-24,equal_weight,-0.0021400000000000004
later_vintage,2025-09-25,equal_weight,-0.0077800000000000005
later_vintage,2025-09-26,equal_weight,0.00836
later_vintage,2025-09-29,equal_weight,0.0024200000000000003
later_vintage,2025-09-30,equal_weight,0.004919999999999999
later_vintage,2025-10-01,localized,-0.0035182263384371387
later_vintage,2025-10-02,localized,-0.002099808342357957
later_vintage,2025-10-03,localized,0.0016096997278850825
later_vintage,2025-10-06,localized,0.0024336775413154187
later_vintage,2025-10-07,localized,-0.004159258432335162
later_vintage,2025-10-08,localized,0.0018879491272629917
later_vintage,2025-10-09,localized,-0.0032030903061810116
later_vintage,2025-10-10,localized,-0.02270208331476241
later_vintage,2025-10-13,localized,0.012958249960310277
later_vintage,2025-10-14,localized,0.00900411413492044
later_vintage,2025-10-15,localized,0.00019525484497092305
later_vintage,2025-10-16,localized,-0.016458752066137436
later_vintage,2025-10-17,localized,0.006480645577947388
later_vintage,2025-10-20,localized,0.011207707838726554
later_vintage,2025-10-21,localized,0.003066392723948987
later_vintage,2025-10-22,localized,-0.008472981758033531
later_vintage,2025-10-23,localized,0.003349959167943708
later_vintage,2025-10-24,localized,0.0035254458582402426
later_vintage,2025-10-27,localized,0.005948961420264382
later_vintage,2025-10-28,localized,-0.0029926933213880592
later_vintage,2025-10-29,localized,-0.01175097423095752
later_vintage,2025-10-30,localized,-0.008096032856858892
later_vintage,2025-10-31,localized,0.011457464567910483
later_vintage,2025-10-01,all_gene,0.0013823572550291912
later_vintage,2025-10-02,all_gene,-0.002103168671352291
later_vintage,2025-10-03,all_gene,-0.002230869877181471
later_vintage,2025-10-06,all_gene,0.004266308972740809
later_vintage,2025-10-07,all_gene,-0.0056129976305445885
later_vintage,2025-10-08,all_gene,0.005110305144074336
later_vintage,2025-10-09,all_gene,-0.0015632679279011575
later_vintage,2025-10-10,all_gene,-0.02559566658728236
later_vintage,2025-10-13,all_gene,0.01611327730217324
later_vintage,2025-10-14,all_gene,0.002736338359237026
later_vintage,2025-10-15,all_gene,0.0031792933113227112
later_vintage,2025-10-16,all_gene,-0.009051810824406512
later_vintage,2025-10-17,all_gene,0.005642902433774604
later_vintage,2025-10-20,all_gene,0.009662581681550564
later_vintage,2025-10-21,all_gene,0.0032982903946075647
later_vintage,2025-10-22,all_gene,-0.006876305785450064
later_vintage,2025-10-23,all_gene,0.005699630674413411
later_vintage,2025-10-24,all_gene,0.0037051694294767197
later_vintage,2025-10-27,all_gene,0.010443375006513116
later_vintage,2025-10-28,all_gene,0.0014404913836145964
later_vintage,2025-10-29,all_gene,-0.00518272007994653
later_vintage,2025-10-30,all_gene,-0.013656624481829768
later_vintage,2025-10-31,all_gene,0.01357528582513922
later_vintage,2025-10-01,random,0.004510749908529375
later_vintage,2025-10-02,random,0.0021872117401508686
later_vintage,2025-10-03,random,-0.0014252814315564486
later_vintage,2025-10-06,random,0.004981029219961641
later_vintage,2025-10-07,random,-0.005804786565576082
later_vintage,2025-10-08,random,0.008861741143285126
later_vintage,2025-10-09,random,-0.001177730158043953
later_vintage,2025-10-10,random,-0.030600728928971886
later_vintage,2025-10-13,random,0.019119308077537953
later_vintage,2025-10-14,random,-0.004996846723453341
later_vintage,2025-10-15,random,0.006038371253039686
later_vintage,2025-10-16,random,-0.004105324176399044
later_vintage,2025-10-17,random,0.003824774241569146
later_vintage,2025-10-20,random,0.011169583444450334
later_vintage,2025-10-21,random,-0.0007530999795456492
later_vintage,2025-10-22,random,-0.006643024047757406
later_vintage,2025-10-23,random,0.006840928677825175
later_vintage,2025-10-24,random,0.010657007036695254
later_vintage,2025-10-27,random,0.01532647921781339
later_vintage,2025-10-28,random,0.0058908138953094775
later_vintage,2025-10-29,random,0.0019407401566744241
later_vintage,2025-10-30,random,-0.013133911945050657
later_vintage,2025-10-31,random,0.0034923688852269794
later_vintage,2025-10-01,min_variance,0.012837147286096232
later_vintage,2025-10-02,min_variance,-0.0011258469439539424
later_vintage,2025-10-03,min_variance,0.005019746922119772
later_vintage,2025-10-06,min_variance,0.0011650981631342477
later_vintage,2025-10-07,min_variance,-0.0021123911710359796
later_vintage,2025-10-08,min_variance,0.0036701896234376326
later_vintage,2025-10-09,min_variance,-0.0053664525818061136
later_vintage,2025-10-10,min_variance,-0.019630443212171063
later_vintage,2025-10-13,min_variance,0.00810547826217818
later_vintage,2025-10-14,min_variance,0.005332864505174697
later_vintage,2025-10-15,min_variance,0.003954621164894259
later_vintage,2025-10-16,min_variance,-0.005638744383028893
later_vintage,2025-10-17,min_variance,0.0031001868687642645
later_vintage,2025-10-20,min_variance,0.010132231953622218
later_vintage,2025-10-21,min_variance,0.0003099075884442644
later_vintage,2025-10-22,min_variance,-0.0012634010096997865
later_vintage,2025-10-23,min_variance,0.00794664166576092
later_vintage,2025-10-24,min_variance,0.0011097810208745324
later_vintage,2025-10-27,min_variance,0.006105093164640718
later_vintage,2025-10-28,min_variance,-0.00686751746774432
later_vintage,2025-10-29,min_variance,-0.0015732639629194068
later_vintage,2025-10-30,min_variance,-0.0030626478557582437
later_vintage,2025-10-31,min_variance,0.0034641487688130647
later_vintage,2025-10-01,equal_weight,0.006240000000000001
later_vintage,2025-10-02,equal_weight,-0.00046
later_vintage,2025-10-03,equal_weight,0.00234
later_vintage,2025-10-06,equal_weight,0.00246
later_vintage,2025-10-07,equal_weight,-0.0036800000000000005
later_vintage,2025-10-08,equal_weight,0.004640000000000001
later_vintage,2025-10-09,equal_weight,-0.00336
later_vintage,2025-10-10,equal_weight,-0.02356
later_vintage,2025-10-13,equal_weight,0.01238
later_vintage,2025-10-14,equal_weight,0.0032600000000000007
later_vintage,2025-10-15,equal_weight,0.0035600000000000007
later_vintage,2025-10-16,equal_weight,-0.00816
later_vintage,2025-10-17,equal_weight,0.0043
later_vintage,2025-10-20,equal_weight,0.010799999999999999
later_vintage,2025-10-21,equal_weight,0.00064
later_vintage,2025-10-22,equal_weight,-0.00466
later_vintage,2025-10-23,equal_weight,0.006100000000000001
later_vintage,2025-10-24,equal_weight,0.004580000000000001
later_vintage,2025-10-27,equal_weight,0.00876
later_vintage,2025-10-28,equal_weight,-0.00206
later_vintage,2025-10-29,equal_weight,-0.0036200000000000004
later_vintage,2025-10-30,equal_weight,-0.007039999999999999
later_vintage,2025-10-31,equal_weight,0.005599999999999999
later_vintage,2025-11-03,localized,0.0026833100998807395
later_vintage,2025-11-04,localized,-0.004229913114977666
later_vintage,2025-11-05,localized,0.005463374612331052
later_vintage,2025-11-06,localized,-0.01095063424006276
later_vintage,2025-11-07,localized,0.0065563700683607855
later_vintage,2025-11-10,localized,0.006740291834703125
later_vintage,2025-11-11,localized,0.004680958762084479
later_vintage,2025-11-12,localized,0.0023673661091617015
later_vintage,2025-11-13,localized,-0.016239352659607374
later_vintage,2025-11-14,localized,-0.006864354594713832
later_vintage,2025-11-17,localized,-0.013787617155434525
later_vintage,2025-11-18,localized,-0.00663571670958885
later_vintage,2025-11-19,localized,0.0004401888068142014
later_vintage,2025-11-20,localized,-0.010433232653840873
later_vintage,2025-11-21,localized,0.014034817545043175
later_vintage,2025-11-24,localized,0.007773094241456063
later_vintage,2025-11-25,localized,0.015513644921399337
later_vintage,2025-11-26,localized,0.008059969342321793
later_vintage,2025-11-28,localized,0.006977740824022541
later_vintage,2025-11-03,all_gene,0.004678090366970986
later_vintage,2025-11-04,all_gene,-0.013262447899935357
later_vintage,2025-11-05,all_gene,0.005075804404087048
later_vintage,2025-11-06,all_gene,-0.015574210061093993
later_vintage,2025-11-07,all_gene,0.0008755785082494713
later_vintage,2025-11-10,all_gene,0.01574885233797417
later_vintage,2025-11-11,all_gene,0.0008961238045978513
later_vintage,2025-11-12,all_gene,-0.002457519455861352
later_vintage,2025-11-13,all_gene,-0.0195593457477576
later_vintage,2025-11-14,all_gene,-0.0009250694739608891
later_vintage,2025-11-17,all_gene,-0.009106487369350309
later_vintage,2025-11-18,all_gene,-0.011301055145829663
later_vintage,2025-11-19,all_gene,0.0033335074983072903
later_vintage,2025-11-20,all_gene,-0.014329832371003989
later_vintage,2025-11-21,all_gene,0.010005138080578041
later_vintage,2025-11-24,all_gene,0.016711078684812076
later_vintage,2025-11-25,all_gene,0.011820166812946445
later_vintage,2025-11-26,all_gene,0.007388466537124307
later_vintage,2025-11-28,all_gene,0.006555130678309417
later_vintage,2025-11-03,random,0.0022098482132324767
later_vintage,2025-11-04,random,-0.01564262069079533
later_vintage,2025-11-05,random,0.003838988035280123
later_vintage,2025-11-06,random,-0.014924230594933604
later_vintage,2025-11-07,random,-0.0012610983658576306
later_vintage,2025-11-10,random,0.01960992414807643
later_vintage,2025-11-11,random,-0.00026101668908998905
later_vintage,2025-11-12,random,-0.0007319830836108679
later_vintage,2025-11-13,random,-0.02019301961929129
later_vintage,2025-11-14,random,0.00130751142960408
later_vintage,2025-11-17,random,-0.009595542069034962
later_vintage,2025-11-18,random,-0.010016726396425936
later_vintage,2025-11-19,random,0.005544281652498524
later_vintage,2025-11-20,random,-0.01778995671610937
later_vintage,2025-11-21,random,0.008739715958063317
later_vintage,2025-11-24,random,0.02108876113995529
later_vintage,2025-11-25,random,0.009055137484278351
later_vintage,2025-11-26,random,0.006978333448211334
later_vintage,2025-11-28,random,0.005468380961862638
later_vintage,2025-11-03,min_variance,0.0008631421137829907
later_vintage,2025-11-04,min_variance,-0.005957219505381209
later_vintage,2025-11-05,min_variance,0.006219248276506349
later_vintage,2025-11-06,min_variance,-0.0019157702304876448
later_vintage,2025-11-07,min_variance,0.004411698029939901
later_vintage,2025-11-10,min_variance,0.009240582539315237
later_vintage,2025-11-11,min_variance,0.011384273112777916
later_vintage,2025-11-12,min_variance,0.0030986085642823722
later_vintage,2025-11-13,min_variance,-0.008596012825331043
later_vintage,2025-11-14,min_variance,-0.0004529826975850622
later_vintage,2025-11-17,min_variance,-0.004921163999708029
later_vintage,2025-11-18,min_variance,-6.980908078582301e-05
later_vintage,2025-11-19,min_variance,-0.0005744436722297406
later_vintage,2025-11-20,min_variance,-0.01041242310284815
later_vintage,2025-11-21,min_variance,0.01479663433898134
later_vintage,2025-11-24,min_variance,0.00732516695386555
later_vintage,2025-11-25,min_variance,0.014248614558754459
later_vintage,2025-11-26,min_variance,0.004660674398822074
later_vintage,2025-11-28,min_variance,0.002561379901697367
later_vintage,2025-11-03,equal_weight,0.0017800000000000003
later_vintage,2025-11-04,equal_weight,-0.008100000000000001
later_vintage,2025-11-05,equal_weight,0.00534
later_vintage,2025-11-06,equal_weight,-0.00812
later_vintage,2025-11-07,equal_weight,0.0032400000000000007
later_vintage,2025-11-10,equal_weight,0.011640000000000001
later_vintage,2025-11-11,equal_weight,0.00644
later_vintage,2025-11-12,equal_weight,0.0020399999999999997
later_vintage,2025-11-13,equal_weight,-0.01396
later_vintage,2025-11-14,equal_weight,-0.0018
later_vintage,2025-11-17,equal_weight,-0.008660000000000001
later_vintage,2025-11-18,equal_weight,-0.00466
later_vintage,2025-11-19,equal_weight,0.0015400000000000006
later_vintage,2025-11-20,equal_weight,-0.012520000000000002
later_vintage,2025-11-21,equal_weight,0.012980000000000002
later_vintage,2025-11-24,equal_weight,0.011500000000000002
later_vintage,2025-11-25,equal_weight,0.013280000000000002
later_vintage,2025-11-26,equal_weight,0.00616
later_vintage,2025-11-28,equal_weight,0.00446
later_vintage,2025-12-01,localized,-0.0041827388526024245
later_vintage,2025-12-02,localized,-0.0002986396948640721
later_vintage,2025-12-03,localized,0.009605953171503012
later_vintage,2025-12-04,localized,-0.0008842193310704435
later_vintage,2025-12-05,localized,0.0007413831614818568
later_vintage,2025-12-08,localized,-0.007795290317406981
later_vintage,2025-12-09,localized,-0.0006971019176738795
later_vintage,2025-12-10,localized,0.010729069231495246
later_vintage,2025-12-11,localized,0.010982789318520902
later_vintage,2025-12-12,localized,0.00021434926550586276
later_vintage,2025-12-15,localized,0.0010490970741926968
later_vintage,2025-12-16,localized,-0.003345374668432548
later_vintage,2025-12-17,localized,-0.0046433125418088445
later_vintage,2025-12-18,localized,0.004591240402842622
later_vintage,2025-12-19,localized,0.0017487569165365736
later_vintage,2025-12-22,localized,0.006814313234838439
later_vintage,2025-12-23,localized,-0.00026483988727256624
later_vintage,2025-12-24,localized,0.004051944650010392
later_vintage,2025-12-26,localized,-0.0012519810164314852
later_vintage,2025-12-29,localized,-0.0058357694372782876
later_vintage,2025-12-30,localized,-0.003003707928716199
later_vintage,2025-12-31,localized,-0.0077000206474235125
later_vintage,2025-12-01,all_gene,-0.004146778113688186
later_vintage,2025-12-02,all_gene,0.004236996228205243
later_vintage,2025-12-03,all_gene,0.0024055327986012617
later_vintage,2025-12-04,all_gene,0.0026218497576319722
later_vintage,2025-12-05,all_gene,0.003837320888150929
later_vintage,2025-12-08,all_gene,-0.0009864162233348252
later_vintage,2025-12-09,all_gene,0.000458437425383468
later_vintage,2025-12-10,all_gene,0.004818746196851682
later_vintage,2025-12-11,all_gene,-0.0013119261856480388
later_vintage,2025-12-12,all_gene,-0.01590715224003362
later_vintage,2025-12-15,all_gene,-0.005328929189660904
later_vintage,2025-12-16,all_gene,5.71718628612195e-05
later_vintage,2025-12-17,all_gene,-0.015392454618865408
later_vintage,2025-12-18,all_gene,0.010860187040866071
later_vintage,2025-12-19,all_gene,0.011767715865211824
later_vintage,2025-12-22,all_gene,0.0063612971698817685
later_vintage,2025-12-23,all_gene,0.005390025279393707
later_vintage,2025-12-24,all_gene,0.002610369630518161
later_vintage,2025-12-26,all_gene,-7.762984722975238e-06
later_vintage,2025-12-29,all_gene,-0.0040556947006295556
later_vintage,2025-12-30,all_gene,-0.00163794285254465
later_vintage,2025-12-31,all_gene,-0.007669838263456677
later_vintage,2025-12-01,random,-0.0047997923417871045
later_vintage,2025-12-02,random,0.004902248931561931
later_vintage,2025-12-03,random,0.001070923991884432
later_vintage,2025-12-04,random,0.0032727103528187996
later_vintage,2025-12-05,random,0.004056446272487931
later_vintage,2025-12-08,random,0.0003380290822945179
later_vintage,2025-12-09,random,-2.762469782180779e-06
later_vintage,2025-12-10,random,0.0038500611243476534
later_vintage,2025-12-11,random,-0.003255266073154364
later_vintage,2025-12-12,random,-0.01900789259106593
later_vintage,2025-12-15,random,-0.006050857986491745
later_vintage,2025-12-16,random,6.693623175012297e-05
later_vintage,2025-12-17,random,-0.0171029095679059
later_vintage,2025-12-18,random,0.01134978913643661
later_vintage,2025-12-19,random,0.014374920479549932
later_vintage,2025-12-22,random,0.006678271027266924
later_vintage,2025-12-23,random,0.0063512910723622215
later_vintage,2025-12-24,random,0.0024108693792539463
later_vintage,2025-12-26,random,0.00033201827697718354
later_vintage,2025-12-29,random,-0.003478942517837991
later_vintage,2025-12-30,random,-0.0013260841942616581
later_vintage,2025-12-31,random,-0.0075424050888717314
later_vintage,2025-12-01,min_variance,-0.010221009751032812
later_vintage,2025-12-02,min_variance,-0.003480215297919285
later_vintage,2025-12-03,min_variance,0.007188902094930259
later_vintage,2025-12-04,min_variance,-0.0011558676775813618
later_vintage,2025-12-05,min_variance,-0.0036773756574061695
later_vintage,2025-12-08,min_variance,-0.009996213227730404
later_vintage,2025-12-09,min_variance,-0.00448040787638531
later_vintage,2025-12-10,min_variance,0.011456283373212802
later_vintage,2025-12-11,min_variance,0.006911262666662646
later_vintage,2025-12-12,min_variance,-0.001692294375794595
later_vintage,2025-12-15,min_variance,0.005571502435210041
later_vintage,2025-12-16,min_variance,-0.009569040946929579
later_vintage,2025-12-17,min_variance,-0.0036884585824256983
later_vintage,2025-12-18,min_variance,0.002714590946377469
later_vintage,2025-12-19,min_variance,0.005848939950538419
later_vintage,2025-12-22,min_variance,0.008704383568666547
later_vintage,2025-12-23,min_variance,-0.000615963888762031
later_vintage,2025-12-24,min_variance,0.00408443235381808
later_vintage,2025-12-26,min_variance,-0.0013180764043868353
later_vintage,2025-12-29,min_variance,-0.0015089818870952384
later_vintage,2025-12-30,min_variance,-0.0017163044975958973
later_vintage,2025-12-31,min_variance,-0.006447782149968455
later_vintage,2025-12-01,equal_weight,-0.006840000000000001
later_vintage,2025-12-02,equal_weight,-0.00047999999999999996
later_vintage,2025-12-03,equal_weight,0.00638
later_vintage,2025-12-04,equal_weight,-0.00016000000000000004
later_vintage,2025-12-05,equal_weight,-0.00019999999999999993
later_vintage,2025-12-08,equal_weight,-0.0068000000000000005
later_vintage,2025-12-09,equal_weight,-0.00226
later_vintage,2025-12-10,equal_weight,0.00928
later_vintage,2025-12-11,equal_weight,0.005640000000000001
later_vintage,2025-12-12,equal_weight,-0.005060000000000001
later_vintage,2025-12-15,equal_weight,0.00142
later_vintage,2025-12-16,equal_weight,-0.00498
later_vintage,2025-12-17,equal_weight,-0.00738
later_vintage,2025-12-18,equal_weight,0.00556
later_vintage,2025-12-19,equal_weight,0.006660000000000001
later_vintage,2025-12-22,equal_weight,0.0074600000000000005
later_vintage,2025-12-23,equal_weight,0.0010800000000000002
later_vintage,2025-12-24,equal_weight,0.0037199999999999998
later_vintage,2025-12-26,equal_weight,-0.0008799999999999999
later_vintage,2025-12-29,equal_weight,-0.0035399999999999997
later_vintage,2025-12-30,equal_weight,-0.00214
later_vintage,2025-12-31,equal_weight,-0.0071
later_vintage,2026-01-02,localized,0.00032728938548897015
later_vintage,2026-01-05,localized,0.01660858618692191
later_vintage,2026-01-06,localized,0.008083158064961647
later_vintage,2026-01-07,localized,-0.009364176699084343
later_vintage,2026-01-08,localized,0.011263148681524053
later_vintage,2026-01-09,localized,0.004724850359257211
later_vintage,2026-01-12,localized,-0.0004431221221072512
later_vintage,2026-01-13,localized,-0.00676389644029096
later_vintage,2026-01-14,localized,-0.0036792644324592427
later_vintage,2026-01-15,localized,0.005989906620676024
later_vintage,2026-01-16,localized,-0.0008775118340860605
later_vintage,2026-01-20,localized,-0.019048812049919754
later_vintage,2026-01-21,localized,0.010956591770439502
later_vintage,2026-01-22,localized,0.00519283984933157
later_vintage,2026-01-23,localized,-0.003904283490319168
later_vintage,2026-01-26,localized,0.0004322373675352336
later_vintage,2026-01-27,localized,-0.003983766068937213
later_vintage,2026-01-28,localized,-0.003226232940224714
later_vintage,2026-01-29,localized,0.002076968128247227
later_vintage,2026-01-30,localized,-0.0026488444291729108
later_vintage,2026-01-02,all_gene,0.0006325145960966571
later_vintage,2026-01-05,all_gene,0.0038475854710181947
later_vintage,2026-01-06,all_gene,0.004468515307752149
later_vintage,2026-01-07,all_gene,0.00039770915742116963
later_vintage,2026-01-08,all_gene,-0.006333582613382555
later_vintage,2026-01-09,all_gene,0.007638624395861624
later_vintage,2026-01-12,all_gene,0.002802069467280669
later_vintage,2026-01-13,all_gene,-0.0011021969152772053
later_vintage,2026-01-14,all_gene,-0.009413049238569296
later_vintage,2026-01-15,all_gene,0.0019318121705395718
later_vintage,2026-01-16,all_gene,-0.0015643997813587736
later_vintage,2026-01-20,all_gene,-0.024700765440072388
later_vintage,2026-01-21,all_gene,0.010985730151543084
later_vintage,2026-01-22,all_gene,0.009072567039505538
later_vintage,2026-01-23,all_gene,0.0013841545617123848
later_vintage,2026-01-26,all_gene,0.007629095735076625
later_vintage,2026-01-27,all_gene,0.006785880418221775
later_vintage,2026-01-28,all_gene,0.00182605923998696
later_vintage,2026-01-29,all_gene,-0.006643490521611483
later_vintage,2026-01-30,all_gene,-0.008885940673754254
later_vintage,2026-01-02,random,0.00040822292779759637
later_vintage,2026-01-05,random,-0.0009123512407589556
later_vintage,2026-01-06,random,0.011442409241623418
later_vintage,2026-01-07,random,0.007319612592329614
later_vintage,2026-01-08,random,-0.0074446029838144
later_vintage,2026-01-09,random,0.0012018758669661218
later_vintage,2026-01-12,random,0.0012763717887132747
later_vintage,2026-01-13,random,-0.0022635832529379835
later_vintage,2026-01-14,random,-0.0021231300969360724
later_vintage,2026-01-15,random,-0.003130642016535234
later_vintage,2026-01-16,random,-0.0027830794422804223
later_vintage,2026-01-20,random,-0.014068387567835836
later_vintage,2026-01-21,random,0.013585127972116334
later_vintage,2026-01-22,random,0.005780741656011716
later_vintage,2026-01-23,random,-0.002989929970947017
later_vintage,2026-01-26,random,0.005389313145453144
later_vintage,2026-01-27,random,0.0022311308294697867
later_vintage,2026-01-28,random,-0.0040948357565564275
later_vintage,2026-01-29,random,-0.0034536478336197876
later_vintage,2026-01-30,random,-0.001957279840719717
later_vintage,2026-01-02,min_variance,0.010098595768140432
later_vintage,2026-01-05,min_variance,0.004335999490759336
later_vintage,2026-01-06,min_variance,0.011295040985406268
later_vintage,2026-01-07,min_variance,-0.0021944272425921734
later_vintage,2026-01-08,min_variance,0.004809433767953444
later_vintage,2026-01-09,min_variance,0.00632127095897888
later_vintage,2026-01-12,min_variance,0.0032106746521958426
later_vintage,2026-01-13,min_variance,0.002314335064786651
later_vintage,2026-01-14,min_variance,0.005387501662226084
later_vintage,2026-01-15,min_variance,0.00012253282805311171
later_vintage,2026-01-16,min_variance,-0.00035138531530352717
later_vintage,2026-01-20,min_variance,-0.009173418134025755
later_vintage,2026-01-21,min_variance,0.016418504812855752
later_vintage,2026-01-22,min_variance,-0.000643761619832578
later_vintage,2026-01-23,min_variance,-0.0034048383044457706
later_vintage,2026-01-26,min_variance,0.0006838568001963867
later_vintage,2026-01-27,min_variance,0.0048690648809569985
later_vintage,2026-01-28,min_variance,-0.00588967196557888
later_vintage,2026-01-29,min_variance,0.003205459418996115
later_vintage,2026-01-30,min_variance,0.00173936422420694
later_vintage,2026-01-02,equal_weight,0.0043
later_vintage,2026-01-05,equal_weight,0.00744
later_vintage,2026-01-06,equal_weight,0.008960000000000001
later_vintage,2026-01-07,equal_weight,-0.00288
later_vintage,2026-01-08,equal_weight,0.00332
later_vintage,2026-01-09,equal_weight,0.0056
later_vintage,2026-01-12,equal_weight,0.00184
later_vintage,2026-01-13,equal_weight,-0.0015800000000000002
later_vintage,2026-01-14,equal_weight,-0.0011199999999999995
later_vintage,2026-01-15,equal_weight,0.00194
later_vintage,2026-01-16,equal_weight,-0.001
later_vintage,2026-01-20,equal_weight,-0.0158
later_vintage,2026-01-21,equal_weight,0.01338
later_vintage,2026-01-22,equal_weight,0.00374
later_vintage,2026-01-23,equal_weight,-0.0025199999999999997
later_vintage,2026-01-26,equal_weight,0.0024600000000000004
later_vintage,2026-01-27,equal_weight,0.0023199999999999996
later_vintage,2026-01-28,equal_weight,-0.00336
later_vintage,2026-01-29,equal_weight,0.00017999999999999982
later_vintage,2026-01-30,equal_weight,-0.0020800000000000007
later_vintage,2026-02-02,localized,0.00983189201327912
later_vintage,2026-02-03,localized,-0.002084850131708306
later_vintage,2026-02-04,localized,0.0011000047462391494
later_vintage,2026-02-05,localized,-0.011740089781005943
later_vintage,2026-02-06,localized,0.01319771760955865
later_vintage,2026-02-09,localized,-0.0025157137532160418
later_vintage,2026-02-10,localized,-0.0031100434656214926
later_vintage,2026-02-11,localized,-0.005165990144471963
later_vintage,2026-02-12,localized,-0.015301699908302067
later_vintage,2026-02-13,localized,0.003611881996606915
later_vintage,2026-02-17,localized,-0.00037517274385295016
later_vintage,2026-02-18,localized,0.006134250220811601
later_vintage,2026-02-19,localized,-0.005388342803912216
later_vintage,2026-02-20,localized,0.006974055345485102
later_vintage,2026-02-23,localized,-0.020820930464886735
later_vintage,2026-02-24,localized,0.008765641748503526
later_vintage,2026-02-25,localized,0.007596554347982733
later_vintage,2026-02-26,localized,0.005705868170788482
later_vintage,2026-02-27,localized,-0.004361555587511582
later_vintage,2026-02-02,all_gene,0.003969573469148297
later_vintage,2026-02-03,all_gene,-0.016538586563253976
later_vintage,2026-02-04,all_gene,-0.014220514343617579
later_vintage,2026-02-05,all_gene,-0.015185330635335439
later_vintage,2026-02-06,all_gene,0.025244322455970407
later_vintage,2026-02-09,all_gene,0.012937039277886368
later_vintage,2026-02-10,all_gene,-0.0051636431431248695
later_vintage,2026-02-11,all_gene,-0.003082942648365597
later_vintage,2026-02-12,all_gene,-0.02200385182185971
later_vintage,2026-02-13,all_gene,-0.0038629488983644
later_vintage,2026-02-17,all_gene,0.0010821518852687515
later_vintage,2026-02-18,all_gene,0.00788677096117332
later_vintage,2026-02-19,all_gene,-0.002513921500602806
later_vintage,2026-02-20,all_gene,0.007839671765306106
later_vintage,2026-02-23,all_gene,-0.012333229376077053
later_vintage,2026-02-24,all_gene,0.010000836403878015
later_vintage,2026-02-25,all_gene,0.013003146126415866
later_vintage,2026-02-26,all_gene,-0.0115026323119107
later_vintage,2026-02-27,all_gene,-0.011786991563762637
later_vintage,2026-02-02,random,0.0027321389521423106
later_vintage,2026-02-03,random,-0.01014764046934254
later_vintage,2026-02-04,random,-0.008351720412682036
later_vintage,2026-02-05,random,-0.0135728723630676
later_vintage,2026-02-06,random,0.02572782167225959
later_vintage,2026-02-09,random,0.00978269228644745
later_vintage,2026-02-10,random,-0.003429233047795324
later_vintage,2026-02-11,random,0.0012274201711384813
later_vintage,2026-02-12,random,-0.017226116667065423
later_vintage,2026-02-13,random,0.00050599226916051
later_vintage,2026-02-17,random,0.0009100080282587841
later_vintage,2026-02-18,random,0.006256124532427665
later_vintage,2026-02-19,random,-0.000555395183180839
later_vintage,2026-02-20,random,0.005720130609138771
later_vintage,2026-02-23,random,-0.007067988207274091
later_vintage,2026-02-24,random,0.008072156237567869
later_vintage,2026-02-25,random,0.008554995425763436
later_vintage,2026-02-26,random,-0.009708327759628222
later_vintage,2026-02-27,random,-0.005874086377175404
later_vintage,2026-02-02,min_variance,0.004459237482796173
later_vintage,2026-02-03,min_variance,0.003872067301281469
later_vintage,2026-02-04,min_variance,0.006658536052235654
later_vintage,2026-02-05,min_variance,-0.010899264585623068
later_vintage,2026-02-06,min_variance,0.02023241502083428
later_vintage,2026-02-09,min_variance,-0.0021310941476729373
later_vintage,2026-02-10,min_variance,-0.0006574085047742376
later_vintage,2026-02-11,min_variance,0.00895627614169801
later_vintage,2026-02-12,min_variance,-0.004227497848181268
later_vintage,2026-02-13,min_variance,0.009658122602054143
later_vintage,2026-02-17,min_variance,-0.0007729984142439733
later_vintage,2026-02-18,min_variance,0.002131451071424799
later_vintage,2026-02-19,min_variance,0.0012146213109629031
later_vintage,2026-02-20,min_variance,0.0010479159004623032
later_vintage,2026-02-23,min_variance,0.0038325061737854477
later_vintage,2026-02-24,min_variance,0.004170086484384225
later_vintage,2026-02-25,min_variance,-0.0024255925019250487
later_vintage,2026-02-26,min_variance,-0.0037549475106403263
later_vintage,2026-02-27,min_variance,0.010092566056111987
later_vintage,2026-02-02,equal_weight,0.0061400000000000005
later_vintage,2026-02-03,equal_weight,-0.0029
later_vintage,2026-02-04,equal_weight,0.0005199999999999998
later_vintage,2026-02-05,equal_weight,-0.01216
later_vintage,2026-02-06,equal_weight,0.019340000000000003
later_vintage,2026-02-09,equal_weight,0.0010200000000000005
later_vintage,2026-02-10,equal_weight,-0.00252
later_vintage,2026-02-11,equal_weight,0.0016599999999999996
later_vintage,2026-02-12,equal_weight,-0.011720000000000001
later_vintage,2026-02-13,equal_weight,0.00472
later_vintage,2026-02-17,equal_weight,-5.999999999999994e-05
later_vintage,2026-02-18,equal_weight,0.00468
later_vintage,2026-02-19,equal_weight,-0.0017800000000000001
later_vintage,2026-02-20,equal_weight,0.00434
later_vintage,2026-02-23,equal_weight,-0.0074600000000000005
later_vintage,2026-02-24,equal_weight,0.00676
later_vintage,2026-02-25,equal_weight,0.00428
later_vintage,2026-02-26,equal_weight,-0.0024
later_vintage,2026-02-27,equal_weight,0.0006200000000000003
later_vintage,2026-03-02,localized,-0.004384905673060353
later_vintage,2026-03-03,localized,-0.006889232260096981
later_vintage,2026-03-04,localized,0.008386272663837575
later_vintage,2026-03-05,localized,-0.009069848992718267
later_vintage,2026-03-06,localized,-0.014324355985847123
later_vintage,2026-03-09,localized,0.00024231560576255264
later_vintage,2026-03-10,localized,-0.004076233815669073
later_vintage,2026-03-11,localized,-0.00566387694500862
later_vintage,2026-03-12,localized,-0.015691345420849108
later_vintage,2026-03-13,localized,-0.0013719043619653975
later_vintage,2026-03-16,localized,0.008025894618119762
later_vintage,2026-03-17,localized,0.005205235807081885
later_vintage,2026-03-18,localized,-0.01681542473377518
later_vintage,2026-03-19,localized,-0.005012698765361979
later_vintage,2026-03-20,localized,-0.009589427188500442
later_vintage,2026-03-23,localized,0.014071468996562198
later_vintage,2026-03-24,localized,-0.00013400168127575984
later_vintage,2026-03-25,localized,0.006353511586092029
later_vintage,2026-03-26,localized,-0.010250935244574426
later_vintage,2026-03-27,localized,-0.018160823721324906
later_vintage,2026-03-30,localized,0.0035842680550332087
later_vintage,2026-03-31,localized,0.023788536720976666
later_vintage,2026-03-02,all_gene,0.005502560954528994
later_vintage,2026-03-03,all_gene,-0.009150730455348291
later_vintage,2026-03-04,all_gene,0.009642030572106304
later_vintage,2026-03-05,all_gene,-0.0010011857421388015
later_vintage,2026-03-06,all_gene,-0.014554541132014764
later_vintage,2026-03-09,all_gene,0.013432087416809792
later_vintage,2026-03-10,all_gene,-0.0009831928021040884
later_vintage,2026-03-11,all_gene,0.0019611315555819095
later_vintage,2026-03-12,all_gene,-0.016719636199907607
later_vintage,2026-03-13,all_gene,-0.010092256547607006
later_vintage,2026-03-16,all_gene,0.011728359316382804
later_vintage,2026-03-17,all_gene,0.003353928932940518
later_vintage,2026-03-18,all_gene,-0.012349902512719953
later_vintage,2026-03-19,all_gene,-0.0014033367472264925
later_vintage,2026-03-20,all_gene,-0.019143219595320216
later_vintage,2026-03-23,all_gene,0.012974331581161536
later_vintage,2026-03-24,all_gene,-0.008670694200806328
later_vintage,2026-03-25,all_gene,0.005556447769218261
later_vintage,2026-03-26,all_gene,-0.023987977915906507
later_vintage,2026-03-27,all_gene,-0.019879372199555084
later_vintage,2026-03-30,all_gene,-0.008627033763865716
later_vintage,2026-03-31,all_gene,0.03740089370491046
later_vintage,2026-03-02,random,0.003895282228266082
later_vintage,2026-03-03,random,-0.014799441205392465
later_vintage,2026-03-04,random,0.004624824015425974
later_vintage,2026-03-05,random,-0.011673181141135944
later_vintage,2026-03-06,random,-0.012158993385881271
later_vintage,2026-03-09,random,0.00569500497609442
later_vintage,2026-03-10,random,-0.00407341631218549
later_vintage,2026-03-11,random,0.001260499886576651
later_vintage,2026-03-12,random,-0.012704288680462231
later_vintage,2026-03-13,random,-0.0018579385430930212
later_vintage,2026-03-16,random,0.008588391642154747
later_vintage,2026-03-17,random,0.0037563221479616563
later_vintage,2026-03-18,random,-0.010311744457445132
later_vintage,2026-03-19,random,-0.000772414914111233
later_vintage,2026-03-20,random,-0.014518534605260595
later_vintage,2026-03-23,random,0.011532147021665039
later_vintage,2026-03-24,random,0.005995754952934293
later_vintage,2026-03-25,random,0.004291745876306874
later_vintage,2026-03-26,random,-0.012358682128280219
later_vintage,2026-03-27,random,-0.007677082040075649
later_vintage,2026-03-30,random,-0.0075204797051376115
later_vintage,2026-03-31,random,0.020689283118318923
later_vintage,2026-03-02,min_variance,-0.0022328431329547353
later_vintage,2026-03-03,min_variance,-0.01428895357213551
later_vintage,2026-03-04,min_variance,0.004713601626498675
later_vintage,2026-03-05,min_variance,-0.016171933961649905
later_vintage,2026-03-06,min_variance,-0.00878250473843087
later_vintage,2026-03-09,min_variance,0.007302367870586743
later_vintage,2026-03-10,min_variance,-0.0032700520111470423
later_vintage,2026-03-11,min_variance,-0.0006143295079742617
later_vintage,2026-03-12,min_variance,-0.013436872403016619
later_vintage,2026-03-13,min_variance,-0.0014200452903908843
later_vintage,2026-03-16,min_variance,0.007794471616255325
later_vintage,2026-03-17,min_variance,-0.001767733604092138
later_vintage,2026-03-18,min_variance,-0.014512015166144792
later_vintage,2026-03-19,min_variance,-0.002150114741608685
later_vintage,2026-03-20,min_variance,-0.014088883499978461
later_vintage,2026-03-23,min_variance,0.009443194463294969
later_vintage,2026-03-24,min_variance,0.0036769908301609957
later_vintage,2026-03-25,min_variance,0.009068459347018247
later_vintage,2026-03-26,min_variance,-0.008753158962214205
later_vintage,2026-03-27,min_variance,-0.00960654341304485
later_vintage,2026-03-30,min_variance,-0.0032690307780719515
later_vintage,2026-03-31,min_variance,0.019524777859052406
later_vintage,2026-03-02,equal_weight,-0.0011600000000000004
later_vintage,2026-03-03,equal_weight,-0.01066
later_vintage,2026-03-04,equal_weight,0.0069
later_vintage,2026-03-05,equal_weight,-0.01048
later_vintage,2026-03-06,equal_weight,-0.01178
later_vintage,2026-03-09,equal_weight,0.0067800000000000004
later_vintage,2026-03-10,equal_weight,-0.00302
later_vintage,2026-03-11,equal_weight,-0.0016600000000000002
later_vintage,2026-03-12,equal_weight,-0.0152
later_vintage,2026-03-13,equal_weight,-0.0035800000000000003
later_vintage,2026-03-16,equal_weight,0.00886
later_vintage,2026-03-17,equal_weight,0.00128
later_vintage,2026-03-18,equal_weight,-0.01468
later_vintage,2026-03-19,equal_weight,-0.0027800000000000004
later_vintage,2026-03-20,equal_weight,-0.01372
later_vintage,2026-03-23,equal_weight,0.01142
later_vintage,2026-03-24,equal_weight,-0.0007999999999999999
later_vintage,2026-03-25,equal_weight,0.007540000000000001
later_vintage,2026-03-26,equal_weight,-0.012659999999999998
later_vintage,2026-03-27,equal_weight,-0.015080000000000003
later_vintage,2026-03-30,equal_weight,-0.0021999999999999997
later_vintage,2026-03-31,equal_weight,0.025400000000000002
later_vintage,2026-04-01,localized,0.008549466440246239
later_vintage,2026-04-02,localized,0.0008103100434732351
later_vintage,2026-04-06,localized,0.0051886877286854965
later_vintage,2026-04-07,localized,-0.0015611867502251676
later_vintage,2026-04-08,localized,0.02592341214982115
later_vintage,2026-04-09,localized,0.009105878102996111
later_vintage,2026-04-10,localized,0.0016600478805673458
later_vintage,2026-04-13,localized,0.010242447841658106
later_vintage,2026-04-14,localized,0.017088330367863815
later_vintage,2026-04-15,localized,0.01366072227343634
later_vintage,2026-04-16,localized,0.0043613055136988875
later_vintage,2026-04-17,localized,0.015801105863022604
later_vintage,2026-04-20,localized,-0.002065908501408573
later_vintage,2026-04-21,localized,-0.004543205843935408
later_vintage,2026-04-22,localized,0.01327727353957446
later_vintage,2026-04-23,localized,-0.007496631389242492
later_vintage,2026-04-24,localized,0.013041967119752713
later_vintage,2026-04-27,localized,-0.000276990548956872
later_vintage,2026-04-28,localized,-0.0066204189571793205
later_vintage,2026-04-29,localized,0.00012476310164329056
later_vintage,2026-04-30,localized,0.00970180150770052
later_vintage,2026-04-01,all_gene,0.006231803688215055
later_vintage,2026-04-02,all_gene,0.0013114685591201671
later_vintage,2026-04-06,all_gene,0.004478407781459755
later_vintage,2026-04-07,all_gene,0.0017194959432666728
later_vintage,2026-04-08,all_gene,0.023796364388859247
later_vintage,2026-04-09,all_gene,0.0044379535276077185
later_vintage,2026-04-10,all_gene,-0.0006174258163768963
later_vintage,2026-04-13,all_gene,0.010480819309454905
later_vintage,2026-04-14,all_gene,0.011153611216292424
later_vintage,2026-04-15,all_gene,0.006652397745266946
later_vintage,2026-04-16,all_gene,0.0038431809984339547
later_vintage,2026-04-17,all_gene,0.011130827268550605
later_vintage,2026-04-20,all_gene,-0.0012849283106778936
later_vintage,2026-04-21,all_gene,-0.006351839668093041
later_vintage,2026-04-22,all_gene,0.01083021570117839
later_vintage,2026-04-23,all_gene,-0.0034871459958051776
later_vintage,2026-04-24,all_gene,0.008351434919442527
later_vintage,2026-04-27,all_gene,0.001421149418298304
later_vintage,2026-04-28,all_gene,-0.005853059827457688
later_vintage,2026-04-29,all_gene,-0.0007325284521931237
later_vintage,2026-04-30,all_gene,0.012200473123050051
later_vintage,2026-04-01,random,0.002034522604361487
later_vintage,2026-04-02,random,-0.0006527729403658486
later_vintage,2026-04-06,random,0.004809379842090869
later_vintage,2026-04-07,random,0.0012741684733711216
later_vintage,2026-04-08,random,0.021103639443887615
later_vintage,2026-04-09,random,0.00478493901839513
later_vintage,2026-04-10,random,-0.003809218745682867
later_vintage,2026-04-13,random,0.006875396415571223
later_vintage,2026-04-14,random,0.0032316361344665702
later_vintage,2026-04-15,random,-0.0038775350777425195
later_vintage,2026-04-16,random,0.002102586320313002
later_vintage,2026-04-17,random,0.005871812965541423
later_vintage,2026-04-20,random,-0.0006874853102926205
later_vintage,2026-04-21,random,-0.007420939432178596
later_vintage,2026-04-22,random,0.004429242036103336
later_vintage,2026-04-23,random,0.004255575167434699
later_vintage,2026-04-24,random,0.0008388459092107009
later_vintage,2026-04-27,random,8.19704869775722e-05
later_vintage,2026-04-28,random,-0.0027878603453896102
later_vintage,2026-04-29,random,-0.0008943786011926878
later_vintage,2026-04-30,random,0.016580705504591717
later_vintage,2026-04-01,min_variance,0.0037219532118619803
later_vintage,2026-04-02,min_variance,-0.0056444222392544275
later_vintage,2026-04-06,min_variance,0.0023267598723695844
later_vintage,2026-04-07,min_variance,-0.0028640911934201896
later_vintage,2026-04-08,min_variance,0.020677530174795587
later_vintage,2026-04-09,min_variance,0.00692279571151682
later_vintage,2026-04-10,min_variance,-0.007046711454846748
later_vintage,2026-04-13,min_variance,0.002760014559637249
later_vintage,2026-04-14,min_variance,0.005067153080744058
later_vintage,2026-04-15,min_variance,-0.005704406982192375
later_vintage,2026-04-16,min_variance,-0.0017515526939451476
later_vintage,2026-04-17,min_variance,0.009907689713040036
later_vintage,2026-04-20,min_variance,-0.00469286775368074
later_vintage,2026-04-21,min_variance,-0.009677855922850965
later_vintage,2026-04-22,min_variance,0.004412927325929069
later_vintage,2026-04-23,min_variance,0.004289242643928028
later_vintage,2026-04-24,min_variance,-0.004639342889508033
later_vintage,2026-04-27,min_variance,-0.005109859682897133
later_vintage,2026-04-28,min_variance,-0.002082928361535282
later_vintage,2026-04-29,min_variance,-0.0037065252678719104
later_vintage,2026-04-30,min_variance,0.021762608928355742
later_vintage,2026-04-01,equal_weight,0.005580000000000001
later_vintage,2026-04-02,equal_weight,-0.0015400000000000001
later_vintage,2026-04-06,equal_weight,0.00374
later_vintage,2026-04-07,equal_weight,-0.0013200000000000002
later_vintage,2026-04-08,equal_weight,0.023520000000000003
later_vintage,2026-04-09,equal_weight,0.00622
later_vintage,2026-04-10,equal_weight,-0.00468
later_vintage,2026-04-13,equal_weight,0.00782
later_vintage,2026-04-14,equal_weight,0.008799999999999999
later_vintage,2026-04-15,equal_weight,0.0023200000000000004
later_vintage,2026-04-16,equal_weight,0.00021999999999999985
later_vintage,2026-04-17,equal_weight,0.011760000000000003
later_vintage,2026-04-20,equal_weight,-0.0025599999999999998
later_vintage,2026-04-21,equal_weight,-0.007720000000000001
later_vintage,2026-04-22,equal_weight,0.00618
later_vintage,2026-04-23,equal_weight,-0.0013400000000000003
later_vintage,2026-04-24,equal_weight,0.0006200000000000003
later_vintage,2026-04-27,equal_weight,-0.0015400000000000001
later_vintage,2026-04-28,equal_weight,-0.0034800000000000005
later_vintage,2026-04-29,equal_weight,-0.0025599999999999998
later_vintage,2026-04-30,equal_weight,0.015619999999999998
later_vintage,2026-05-01,localized,0.007242224432011174
later_vintage,2026-05-04,localized,-0.002659705020185472
later_vintage,2026-05-05,localized,0.00850229092289237
later_vintage,2026-05-06,localized,0.015265142633710965
later_vintage,2026-05-07,localized,-0.00021464371851087182
later_vintage,2026-05-08,localized,0.011608803437067446
later_vintage,2026-05-11,localized,-0.0015307414444541226
later_vintage,2026-05-12,localized,-0.005177104749920907
later_vintage,2026-05-13,localized,0.01013563072719777
later_vintage,2026-05-14,localized,0.008578205015726528
later_vintage,2026-05-15,localized,-0.014170631385706425
later_vintage,2026-05-18,localized,-0.0020726683307299037
later_vintage,2026-05-19,localized,-0.0081390777340782
later_vintage,2026-05-20,localized,0.012765989002842855
later_vintage,2026-05-21,localized,-0.00047983820105896143
later_vintage,2026-05-22,localized,0.0029989965026674162
later_vintage,2026-05-26,localized,0.006336537677761956
later_vintage,2026-05-27,localized,0.00409087523727162
later_vintage,2026-05-28,localized,0.008413077183498471
later_vintage,2026-05-29,localized,0.0013391260910165894
later_vintage,2026-05-01,all_gene,0.00501609532207637
later_vintage,2026-05-04,all_gene,-0.0029162312815578487
later_vintage,2026-05-05,all_gene,0.011030446428354698
later_vintage,2026-05-06,all_gene,0.016758135223911248
later_vintage,2026-05-07,all_gene,-0.00361120842489531
later_vintage,2026-05-08,all_gene,0.011279612047881318
later_vintage,2026-05-11,all_gene,0.0034615382382583945
later_vintage,2026-05-12,all_gene,-0.005006784291415978
later_vintage,2026-05-13,all_gene,0.00809897578252383
later_vintage,2026-05-14,all_gene,0.010378490998687305
later_vintage,2026-05-15,all_gene,-0.013760921117629667
later_vintage,2026-05-18,all_gene,-0.002952955669234899
later_vintage,2026-05-19,all_gene,-0.0069437977259575595
later_vintage,2026-05-20,all_gene,0.012139204974101652
later_vintage,2026-05-21,all_gene,0.0010152654935258383
later_vintage,2026-05-22,all_gene,0.00508303301569363
later_vintage,2026-05-26,all_gene,0.01011729418499511
later_vintage,2026-05-27,all_gene,-0.0016462888036602448
later_vintage,2026-05-28,all_gene,0.00868123406101739
later_vintage,2026-05-29,all_gene,0.005299363373684793
later_vintage,2026-05-01,random,0.0015031800826208516
later_vintage,2026-05-04,random,-0.0025872953144549533
later_vintage,2026-05-05,random,0.0105844352189866
later_vintage,2026-05-06,random,0.013308625927431232
later_vintage,2026-05-07,random,-0.00691869009724463
later_vintage,2026-05-08,random,0.007382361102490923
later_vintage,2026-05-11,random,0.004874283806855744
later_vintage,2026-05-12,random,-0.0026122008256958557
later_vintage,2026-05-13,random,0.006349312903803651
later_vintage,2026-05-14,random,0.00808407489480799
later_vintage,2026-05-15,random,-0.01366294283914354
later_vintage,2026-05-18,random,-0.0018403832365054729
later_vintage,2026-05-19,random,-0.004405144341011226
later_vintage,2026-05-20,random,0.0105898665049125
later_vintage,2026-05-21,random,0.001394848930976754
later_vintage,2026-05-22,random,0.006265434732972596
later_vintage,2026-05-26,random,0.007868606983498111
later_vintage,2026-05-27,random,-0.0017487396206191288
later_vintage,2026-05-28,random,0.007219899002599028
later_vintage,2026-05-29,random,0.0014824923506588526
later_vintage,2026-05-01,min_variance,-0.004160100892037211
later_vintage,2026-05-04,min_variance,-0.0032690924297504396
later_vintage,2026-05-05,min_variance,0.008101638450740594
later_vintage,2026-05-06,min_variance,0.006491144111031112
later_vintage,2026-05-07,min_variance,-0.011218921629697804
later_vintage,2026-05-08,min_variance,2.403698166930841e-06
later_vintage,2026-05-11,min_variance,0.004568730679826478
later_vintage,2026-05-12,min_variance,0.001751592357033456
later_vintage,2026-05-13,min_variance,0.0019122177933642215
later_vintage,2026-05-14,min_variance,0.0031658544218175436
later_vintage,2026-05-15,min_variance,-0.012750100099680417
later_vintage,2026-05-18,min_variance,0.0018414263563095272
later_vintage,2026-05-19,min_variance,-0.0021711690188128425
later_vintage,2026-05-20,min_variance,0.008438166942273222
later_vintage,2026-05-21,min_variance,0.00130363412168533
later_vintage,2026-05-22,min_variance,0.006876165277138383
later_vintage,2026-05-26,min_variance,0.002251961654105843
later_vintage,2026-05-27,min_variance,0.0001919164693132993
later_vintage,2026-05-28,min_variance,0.0029391089548261363
later_vintage,2026-05-29,min_variance,-0.006355674116691972
later_vintage,2026-05-01,equal_weight,-0.00043999999999999985
later_vintage,2026-05-04,equal_weight,-0.0037200000000000006
later_vintage,2026-05-05,equal_weight,0.006860000000000001
later_vintage,2026-05-06,equal_weight,0.0097
later_vintage,2026-05-07,equal_weight,-0.006900000000000001
later_vintage,2026-05-08,equal_weight,0.0018999999999999998
later_vintage,2026-05-11,equal_weight,0.0004800000000000002
later_vintage,2026-05-12,equal_weight,0.00218
later_vintage,2026-05-13,equal_weight,0.00396
later_vintage,2026-05-14,equal_weight,0.00436
later_vintage,2026-05-15,equal_weight,-0.012320000000000001
later_vintage,2026-05-18,equal_weight,0.0014000000000000002
later_vintage,2026-05-19,equal_weight,-0.0038599999999999997
later_vintage,2026-05-20,equal_weight,0.009840000000000002
later_vintage,2026-05-21,equal_weight,0.0017599999999999998
later_vintage,2026-05-22,equal_weight,0.00544
later_vintage,2026-05-26,equal_weight,0.00258
later_vintage,2026-05-27,equal_weight,0.00134
later_vintage,2026-05-28,equal_weight,0.005
later_vintage,2026-05-29,equal_weight,-0.0032800000000000004
later_vintage,2026-06-01,localized,0.0012514305339858972
later_vintage,2026-06-02,localized,-1.834820118719936e-05
later_vintage,2026-06-03,localized,-0.009261310528846703
later_vintage,2026-06-04,localized,-0.0010682294432488128
later_vintage,2026-06-05,localized,-0.033074323112384986
later_vintage,2026-06-08,localized,0.0058156012521961955
later_vintage,2026-06-09,localized,-0.0068409675097798614
later_vintage,2026-06-10,localized,-0.01660587081903347
later_vintage,2026-06-11,localized,0.017766791286931486
later_vintage,2026-06-12,localized,0.002452715359183656
later_vintage,2026-06-15,localized,0.020804231987301636
later_vintage,2026-06-16,localized,-0.00936971411646754
later_vintage,2026-06-17,localized,-0.017034604398417162
later_vintage,2026-06-18,localized,0.01671498685048363
later_vintage,2026-06-22,localized,-0.011961840089375573
later_vintage,2026-06-23,localized,-0.01540873148385002
later_vintage,2026-06-24,localized,-0.0008303022714731112
later_vintage,2026-06-25,localized,-0.009263006540019629
later_vintage,2026-06-26,localized,0.0025883460584429302
later_vintage,2026-06-29,localized,0.015930345845150323
later_vintage,2026-06-30,localized,0.009740865595500301
later_vintage,2026-06-01,all_gene,0.010399875334709187
later_vintage,2026-06-02,all_gene,0.005216681474933517
later_vintage,2026-06-03,all_gene,-0.01024417664816299
later_vintage,2026-06-04,all_gene,-0.0007390596238988892
later_vintage,2026-06-05,all_gene,-0.03871607303008067
later_vintage,2026-06-08,all_gene,0.006037710096505494
later_vintage,2026-06-09,all_gene,-0.008316334665154307
later_vintage,2026-06-10,all_gene,-0.019375375703696934
later_vintage,2026-06-11,all_gene,0.020355239664017734
later_vintage,2026-06-12,all_gene,0.0037510952194532254
later_vintage,2026-06-15,all_gene,0.02274339175325665
later_vintage,2026-06-16,all_gene,-0.01132967593108281
later_vintage,2026-06-17,all_gene,-0.010153114285390692
later_vintage,2026-06-18,all_gene,0.017028363523477294
later_vintage,2026-06-22,all_gene,-0.005587184002212057
later_vintage,2026-06-23,all_gene,-0.020813731453927235
later_vintage,2026-06-24,all_gene,-0.003033013522081213
later_vintage,2026-06-25,all_gene,-0.0007570626260955688
later_vintage,2026-06-26,all_gene,-0.005264915219776289
later_vintage,2026-06-29,all_gene,0.015207154750277752
later_vintage,2026-06-30,all_gene,0.014647182998108138
later_vintage,2026-06-01,random,0.0033347417706717473
later_vintage,2026-06-02,random,0.006269219943128607
later_vintage,2026-06-03,random,-0.005335914510175158
later_vintage,2026-06-04,random,0.00381222849768226
later_vintage,2026-06-05,random,-0.028994106720696487
later_vintage,2026-06-08,random,0.004699025149471309
later_vintage,2026-06-09,random,-0.0026114671692576055
later_vintage,2026-06-10,random,-0.01647184887156332
later_vintage,2026-06-11,random,0.02035356177742912
later_vintage,2026-06-12,random,0.004138089902470152
later_vintage,2026-06-15,random,0.015056926584307219
later_vintage,2026-06-16,random,-0.007341869507722626
later_vintage,2026-06-17,random,-0.008115702662648935
later_vintage,2026-06-18,random,0.011622482310469693
later_vintage,2026-06-22,random,-0.0010265866784580214
later_vintage,2026-06-23,random,-0.015108913427522725
later_vintage,2026-06-24,random,-0.0003183778181704817
later_vintage,2026-06-25,random,0.005917648416881401
later_vintage,2026-06-26,random,-0.003091321312392807
later_vintage,2026-06-29,random,0.0132540559328417
later_vintage,2026-06-30,random,0.010113340454638731
later_vintage,2026-06-01,min_variance,-0.008932544759303726
later_vintage,2026-06-02,min_variance,0.00439797880762244
later_vintage,2026-06-03,min_variance,0.00045579034748876755
later_vintage,2026-06-04,min_variance,0.011475944530545725
later_vintage,2026-06-05,min_variance,-0.012330674722249165
later_vintage,2026-06-08,min_variance,0.0020105287825536704
later_vintage,2026-06-09,min_variance,0.006104655702503821
later_vintage,2026-06-10,min_variance,-0.0114591025576512
later_vintage,2026-06-11,min_variance,0.01855137693517987
later_vintage,2026-06-12,min_variance,0.004683448420103815
later_vintage,2026-06-15,min_variance,0.004072878529005117
later_vintage,2026-06-16,min_variance,-0.0003158415291874307
later_vintage,2026-06-17,min_variance,-0.008472859690562665
later_vintage,2026-06-18,min_variance,0.0033454242931366795
later_vintage,2026-06-22,min_variance,0.0026893935406605376
later_vintage,2026-06-23,min_variance,-0.004446130845076918
later_vintage,2026-06-24,min_variance,0.003932724000056874
later_vintage,2026-06-25,min_variance,0.010196092952718958
later_vintage,2026-06-26,min_variance,0.0040614279144243785
later_vintage,2026-06-29,min_variance,0.009732785009057235
later_vintage,2026-06-30,min_variance,0.0012046994865862466
later_vintage,2026-06-01,equal_weight,-0.00538
later_vintage,2026-06-02,equal_weight,0.0005799999999999996
later_vintage,2026-06-03,equal_weight,-0.0032400000000000003
later_vintage,2026-06-04,equal_weight,0.011160000000000002
later_vintage,2026-06-05,equal_weight,-0.015280000000000002
later_vintage,2026-06-08,equal_weight,0.0017199999999999997
later_vintage,2026-06-09,equal_weight,0.00348
later_vintage,2026-06-10,equal_weight,-0.01278
later_vintage,2026-06-11,equal_weight,0.017079999999999998
later_vintage,2026-06-12,equal_weight,0.00434
later_vintage,2026-06-15,equal_weight,0.00822
later_vintage,2026-06-16,equal_weight,-0.0016200000000000003
later_vintage,2026-06-17,equal_weight,-0.011380000000000001
later_vintage,2026-06-18,equal_weight,0.005280000000000001
later_vintage,2026-06-22,equal_weight,-0.00086
later_vintage,2026-06-23,equal_weight,-0.00526
later_vintage,2026-06-24,equal_weight,0.0026
later_vintage,2026-06-25,equal_weight,0.0032
later_vintage,2026-06-26,equal_weight,0.006940000000000001
later_vintage,2026-06-29,equal_weight,0.009800000000000001
later_vintage,2026-06-30,equal_weight,0.0015400000000000001
