window,mean,se,n_months_rows
in_sample,0.6700566750802431,0.03590551429660705,74388
post_sample,0.4244610425873859,0.070998102968717,11580
post_pub,0.3334284304273598,0.04366116652111223,50370
