window,count,median,mean,min,max
in_sample,59164,2675.0,2616.357430194037,8,7322
post_pub,34740,3040.5,3111.5880829015546,882,7055
post_sample,8016,3392.5,3443.5088572854293,786,6772
